entity_id,fiscal_period_id,fiscal_year,fiscal_period,period_end_date,metric,value,currency,value_usd,source,load_timestamp
AAPL-US,AAPL-US_FY2021_A,2021,FY,2021-09-30,FF_SALES,294254.26,USD,294254.26,FDB_FF,2026-03-04T23:00:00Z
AAPL-US,AAPL-US_FY2021_Q1,2021,Q1,2020-12-31,FF_SALES,67542.06,USD,67542.06,FDB_FF,2026-03-04T23:00:00Z
AAPL-US,AAPL-US_FY2021_Q2,2021,Q2,2021-03-31,FF_SALES,66003.64,USD,66003.64,FDB_FF,2026-03-04T23:00:00Z
AAPL-US,AAPL-US_FY2021_Q3,2021,Q3,2021-06-30,FF_SALES,81241.54,USD,81241.54,FDB_FF,2026-03-04T23:00:00Z
AAPL-US,AAPL-US_FY2021_Q4,2021,Q4,2021-09-30,FF_SALES,79467.01,USD,79467.01,FDB_FF,2026-03-04T23:00:00Z
AAPL-US,AAPL-US_FY2022_A,2022,FY,2022-09-30,FF_SALES,332047.07,USD,332047.07,FDB_FF,2026-03-04T23:00:00Z
AAPL-US,AAPL-US_FY2022_Q1,2022,Q1,2021-12-31,FF_SALES,79129.67,USD,79129.67,FDB_FF,2026-03-04T23:00:00Z
AAPL-US,AAPL-US_FY2022_Q2,2022,Q2,2022-03-31,FF_SALES,91831.09,USD,91831.09,FDB_FF,2026-03-04T23:00:00Z
AAPL-US,AAPL-US_FY2022_Q3,2022,Q3,2022-06-30,FF_SALES,76963.05,USD,76963.05,FDB_FF,2026-03-04T23:00:00Z
AAPL-US,AAPL-US_FY2022_Q4,2022,Q4,2022-09-30,FF_SALES,84123.26,USD,84123.26,FDB_FF,2026-03-04T23:00:00Z
AAPL-US,AAPL-US_FY2023_A,2023,FY,2023-09-30,FF_SALES,349005.07,USD,349005.07,FDB_FF,2026-03-04T23:00:00Z
AAPL-US,AAPL-US_FY2023_Q1,2023,Q1,2022-12-31,FF_SALES,75080.29,USD,75080.29,FDB_FF,2026-03-04T23:00:00Z
AAPL-US,AAPL-US_FY2023_Q2,2023,Q2,2023-03-31,FF_SALES,81463.82,USD,81463.82,FDB_FF,2026-03-04T23:00:00Z
AAPL-US,AAPL-US_FY2023_Q3,2023,Q3,2023-06-30,FF_SALES,98174.47,USD,98174.47,FDB_FF,2026-03-04T23:00:00Z
AAPL-US,AAPL-US_FY2023_Q4,2023,Q4,2023-09-30,FF_SALES,94286.48,USD,94286.48,FDB_FF,2026-03-04T23:00:00Z
AAPL-US,AAPL-US_FY2024_A,2024,FY,2024-09-30,FF_SALES,346941.79,USD,346941.79,FDB_FF,2026-03-04T23:00:00Z
AAPL-US,AAPL-US_FY2024_Q1,2024,Q1,2023-12-31,FF_SALES,87976.03,USD,87976.03,FDB_FF,2026-03-04T23:00:00Z
AAPL-US,AAPL-US_FY2024_Q2,2024,Q2,2024-03-31,FF_SALES,95456.61,USD,95456.61,FDB_FF,2026-03-04T23:00:00Z
AAPL-US,AAPL-US_FY2024_Q3,2024,Q3,2024-06-30,FF_SALES,68175.23,USD,68175.23,FDB_FF,2026-03-04T23:00:00Z
AAPL-US,AAPL-US_FY2024_Q4,2024,Q4,2024-09-30,FF_SALES,95333.92,USD,95333.92,FDB_FF,2026-03-04T23:00:00Z
AAPL-US,AAPL-US_FY2025_A,2025,FY,2025-09-30,FF_SALES,378037.45,USD,378037.45,FDB_FF,2026-03-04T23:00:00Z
AAPL-US,AAPL-US_FY2025_Q1,2025,Q1,2024-12-31,FF_SALES,90372.23,USD,90372.23,FDB_FF,2026-03-04T23:00:00Z
AAPL-US,AAPL-US_FY2025_Q2,2025,Q2,2025-03-31,FF_SALES,83237.02,USD,83237.02,FDB_FF,2026-03-04T23:00:00Z
AAPL-US,AAPL-US_FY2025_Q3,2025,Q3,2025-06-30,FF_SALES,114197.15,USD,114197.15,FDB_FF,2026-03-04T23:00:00Z
AAPL-US,AAPL-US_FY2025_Q4,2025,Q4,2025-09-30,FF_SALES,90231.05,USD,90231.05,FDB_FF,2026-03-04T23:00:00Z
MSFT-US,MSFT-US_FY2021_A,2021,FY,2021-06-30,FF_SALES,186212.23,USD,186212.23,FDB_FF,2026-03-04T23:00:00Z
MSFT-US,MSFT-US_FY2021_Q1,2021,Q1,2020-09-30,FF_SALES,48255.77,USD,48255.77,FDB_FF,2026-03-04T23:00:00Z
MSFT-US,MSFT-US_FY2021_Q2,2021,Q2,2020-12-31,FF_SALES,44124.69,USD,44124.69,FDB_FF,2026-03-04T23:00:00Z
MSFT-US,MSFT-US_FY2021_Q3,2021,Q3,2021-03-31,FF_SALES,47571.7,USD,47571.7,FDB_FF,2026-03-04T23:00:00Z
MSFT-US,MSFT-US_FY2021_Q4,2021,Q4,2021-06-30,FF_SALES,46260.08,USD,46260.08,FDB_FF,2026-03-04T23:00:00Z
MSFT-US,MSFT-US_FY2022_A,2022,FY,2022-06-30,FF_SALES,196872.07,USD,196872.07,FDB_FF,2026-03-04T23:00:00Z
MSFT-US,MSFT-US_FY2022_Q1,2022,Q1,2021-09-30,FF_SALES,54534.45,USD,54534.45,FDB_FF,2026-03-04T23:00:00Z
MSFT-US,MSFT-US_FY2022_Q2,2022,Q2,2021-12-31,FF_SALES,43628.32,USD,43628.32,FDB_FF,2026-03-04T23:00:00Z
MSFT-US,MSFT-US_FY2022_Q3,2022,Q3,2022-03-31,FF_SALES,46810.87,USD,46810.87,FDB_FF,2026-03-04T23:00:00Z
MSFT-US,MSFT-US_FY2022_Q4,2022,Q4,2022-06-30,FF_SALES,51898.42,USD,51898.42,FDB_FF,2026-03-04T23:00:00Z
MSFT-US,MSFT-US_FY2023_A,2023,FY,2023-06-30,FF_SALES,211382.31,USD,211382.31,FDB_FF,2026-03-04T23:00:00Z
MSFT-US,MSFT-US_FY2023_Q1,2023,Q1,2022-09-30,FF_SALES,59366.69,USD,59366.69,FDB_FF,2026-03-04T23:00:00Z
MSFT-US,MSFT-US_FY2023_Q2,2023,Q2,2022-12-31,FF_SALES,53467.69,USD,53467.69,FDB_FF,2026-03-04T23:00:00Z
MSFT-US,MSFT-US_FY2023_Q3,2023,Q3,2023-03-31,FF_SALES,56106.89,USD,56106.89,FDB_FF,2026-03-04T23:00:00Z
MSFT-US,MSFT-US_FY2023_Q4,2023,Q4,2023-06-30,FF_SALES,42441.04,USD,42441.04,FDB_FF,2026-03-04T23:00:00Z
MSFT-US,MSFT-US_FY2024_A,2024,FY,2024-06-30,FF_SALES,210447.93,USD,210447.93,FDB_FF,2026-03-04T23:00:00Z
MSFT-US,MSFT-US_FY2024_Q1,2024,Q1,2023-09-30,FF_SALES,55360.05,USD,55360.05,FDB_FF,2026-03-04T23:00:00Z
MSFT-US,MSFT-US_FY2024_Q2,2024,Q2,2023-12-31,FF_SALES,50291.77,USD,50291.77,FDB_FF,2026-03-04T23:00:00Z
MSFT-US,MSFT-US_FY2024_Q3,2024,Q3,2024-03-31,FF_SALES,53991.47,USD,53991.47,FDB_FF,2026-03-04T23:00:00Z
MSFT-US,MSFT-US_FY2024_Q4,2024,Q4,2024-06-30,FF_SALES,50804.64,USD,50804.64,FDB_FF,2026-03-04T23:00:00Z
MSFT-US,MSFT-US_FY2025_A,2025,FY,2025-06-30,FF_SALES,211625.33,USD,211625.33,FDB_FF,2026-03-04T23:00:00Z
MSFT-US,MSFT-US_FY2025_Q1,2025,Q1,2024-09-30,FF_SALES,58221.89,USD,58221.89,FDB_FF,2026-03-04T23:00:00Z
MSFT-US,MSFT-US_FY2025_Q2,2025,Q2,2024-12-31,FF_SALES,52238.8,USD,52238.8,FDB_FF,2026-03-04T23:00:00Z
MSFT-US,MSFT-US_FY2025_Q3,2025,Q3,2025-03-31,FF_SALES,52356.95,USD,52356.95,FDB_FF,2026-03-04T23:00:00Z
MSFT-US,MSFT-US_FY2025_Q4,2025,Q4,2025-06-30,FF_SALES,48807.69,USD,48807.69,FDB_FF,2026-03-04T23:00:00Z
GOOGL-US,GOOGL-US_FY2021_A,2021,FY,2021-12-31,FF_SALES,295298.1,USD,295298.1,FDB_FF,2026-03-04T23:00:00Z
GOOGL-US,GOOGL-US_FY2021_Q1,2021,Q1,2021-03-31,FF_SALES,76984.01,USD,76984.01,FDB_FF,2026-03-04T23:00:00Z
GOOGL-US,GOOGL-US_FY2021_Q2,2021,Q2,2021-06-30,FF_SALES,75852.97,USD,75852.97,FDB_FF,2026-03-04T23:00:00Z
GOOGL-US,GOOGL-US_FY2021_Q3,2021,Q3,2021-09-30,FF_SALES,63119.61,USD,63119.61,FDB_FF,2026-03-04T23:00:00Z
GOOGL-US,GOOGL-US_FY2021_Q4,2021,Q4,2021-12-31,FF_SALES,79341.51,USD,79341.51,FDB_FF,2026-03-04T23:00:00Z
GOOGL-US,GOOGL-US_FY2022_A,2022,FY,2022-12-31,FF_SALES,290183.68,USD,290183.68,FDB_FF,2026-03-04T23:00:00Z
GOOGL-US,GOOGL-US_FY2022_Q1,2022,Q1,2022-03-31,FF_SALES,65349.6,USD,65349.6,FDB_FF,2026-03-04T23:00:00Z
GOOGL-US,GOOGL-US_FY2022_Q2,2022,Q2,2022-06-30,FF_SALES,82104.56,USD,82104.56,FDB_FF,2026-03-04T23:00:00Z
GOOGL-US,GOOGL-US_FY2022_Q3,2022,Q3,2022-09-30,FF_SALES,72505.21,USD,72505.21,FDB_FF,2026-03-04T23:00:00Z
GOOGL-US,GOOGL-US_FY2022_Q4,2022,Q4,2022-12-31,FF_SALES,70224.32,USD,70224.32,FDB_FF,2026-03-04T23:00:00Z
GOOGL-US,GOOGL-US_FY2023_A,2023,FY,2023-12-31,FF_SALES,315407.27,USD,315407.27,FDB_FF,2026-03-04T23:00:00Z
GOOGL-US,GOOGL-US_FY2023_Q1,2023,Q1,2023-03-31,FF_SALES,90754.67,USD,90754.67,FDB_FF,2026-03-04T23:00:00Z
GOOGL-US,GOOGL-US_FY2023_Q2,2023,Q2,2023-06-30,FF_SALES,88620.5,USD,88620.5,FDB_FF,2026-03-04T23:00:00Z
GOOGL-US,GOOGL-US_FY2023_Q3,2023,Q3,2023-09-30,FF_SALES,71159.71,USD,71159.71,FDB_FF,2026-03-04T23:00:00Z
GOOGL-US,GOOGL-US_FY2023_Q4,2023,Q4,2023-12-31,FF_SALES,64872.39,USD,64872.39,FDB_FF,2026-03-04T23:00:00Z
GOOGL-US,GOOGL-US_FY2024_A,2024,FY,2024-12-31,FF_SALES,319536.15,USD,319536.15,FDB_FF,2026-03-04T23:00:00Z
GOOGL-US,GOOGL-US_FY2024_Q1,2024,Q1,2024-03-31,FF_SALES,70365.62,USD,70365.62,FDB_FF,2026-03-04T23:00:00Z
GOOGL-US,GOOGL-US_FY2024_Q2,2024,Q2,2024-06-30,FF_SALES,68604.47,USD,68604.47,FDB_FF,2026-03-04T23:00:00Z
GOOGL-US,GOOGL-US_FY2024_Q3,2024,Q3,2024-09-30,FF_SALES,91315.39,USD,91315.39,FDB_FF,2026-03-04T23:00:00Z
GOOGL-US,GOOGL-US_FY2024_Q4,2024,Q4,2024-12-31,FF_SALES,89250.66,USD,89250.66,FDB_FF,2026-03-04T23:00:00Z
GOOGL-US,GOOGL-US_FY2025_A,2025,FY,2025-12-31,FF_SALES,323669.53,USD,323669.53,FDB_FF,2026-03-04T23:00:00Z
GOOGL-US,GOOGL-US_FY2025_Q1,2025,Q1,2025-03-31,FF_SALES,82448.76,USD,82448.76,FDB_FF,2026-03-04T23:00:00Z
GOOGL-US,GOOGL-US_FY2025_Q2,2025,Q2,2025-06-30,FF_SALES,74382.01,USD,74382.01,FDB_FF,2026-03-04T23:00:00Z
GOOGL-US,GOOGL-US_FY2025_Q3,2025,Q3,2025-09-30,FF_SALES,90493.83,USD,90493.83,FDB_FF,2026-03-04T23:00:00Z
GOOGL-US,GOOGL-US_FY2025_Q4,2025,Q4,2025-12-31,FF_SALES,76344.93,USD,76344.93,FDB_FF,2026-03-04T23:00:00Z
AMZN-US,AMZN-US_FY2021_A,2021,FY,2021-12-31,FF_SALES,494232.51,USD,494232.51,FDB_FF,2026-03-04T23:00:00Z
AMZN-US,AMZN-US_FY2021_Q1,2021,Q1,2021-03-31,FF_SALES,122826.29,USD,122826.29,FDB_FF,2026-03-04T23:00:00Z
AMZN-US,AMZN-US_FY2021_Q2,2021,Q2,2021-06-30,FF_SALES,108506.13,USD,108506.13,FDB_FF,2026-03-04T23:00:00Z
AMZN-US,AMZN-US_FY2021_Q3,2021,Q3,2021-09-30,FF_SALES,123939.66,USD,123939.66,FDB_FF,2026-03-04T23:00:00Z
AMZN-US,AMZN-US_FY2021_Q4,2021,Q4,2021-12-31,FF_SALES,138960.43,USD,138960.43,FDB_FF,2026-03-04T23:00:00Z
AMZN-US,AMZN-US_FY2022_A,2022,FY,2022-12-31,FF_SALES,509000.23,USD,509000.23,FDB_FF,2026-03-04T23:00:00Z
AMZN-US,AMZN-US_FY2022_Q1,2022,Q1,2022-03-31,FF_SALES,115065.8,USD,115065.8,FDB_FF,2026-03-04T23:00:00Z
AMZN-US,AMZN-US_FY2022_Q2,2022,Q2,2022-06-30,FF_SALES,155414.24,USD,155414.24,FDB_FF,2026-03-04T23:00:00Z
AMZN-US,AMZN-US_FY2022_Q3,2022,Q3,2022-09-30,FF_SALES,130112.17,USD,130112.17,FDB_FF,2026-03-04T23:00:00Z
AMZN-US,AMZN-US_FY2022_Q4,2022,Q4,2022-12-31,FF_SALES,108408.02,USD,108408.02,FDB_FF,2026-03-04T23:00:00Z
AMZN-US,AMZN-US_FY2023_A,2023,FY,2023-12-31,FF_SALES,488346.67,USD,488346.67,FDB_FF,2026-03-04T23:00:00Z
AMZN-US,AMZN-US_FY2023_Q1,2023,Q1,2023-03-31,FF_SALES,103527.84,USD,103527.84,FDB_FF,2026-03-04T23:00:00Z
AMZN-US,AMZN-US_FY2023_Q2,2023,Q2,2023-06-30,FF_SALES,128937.93,USD,128937.93,FDB_FF,2026-03-04T23:00:00Z
AMZN-US,AMZN-US_FY2023_Q3,2023,Q3,2023-09-30,FF_SALES,137017.07,USD,137017.07,FDB_FF,2026-03-04T23:00:00Z
AMZN-US,AMZN-US_FY2023_Q4,2023,Q4,2023-12-31,FF_SALES,118863.83,USD,118863.83,FDB_FF,2026-03-04T23:00:00Z
AMZN-US,AMZN-US_FY2024_A,2024,FY,2024-12-31,FF_SALES,470134.04,USD,470134.04,FDB_FF,2026-03-04T23:00:00Z
AMZN-US,AMZN-US_FY2024_Q1,2024,Q1,2024-03-31,FF_SALES,102931.34,USD,102931.34,FDB_FF,2026-03-04T23:00:00Z
AMZN-US,AMZN-US_FY2024_Q2,2024,Q2,2024-06-30,FF_SALES,129489.55,USD,129489.55,FDB_FF,2026-03-04T23:00:00Z
AMZN-US,AMZN-US_FY2024_Q3,2024,Q3,2024-09-30,FF_SALES,109305.94,USD,109305.94,FDB_FF,2026-03-04T23:00:00Z
AMZN-US,AMZN-US_FY2024_Q4,2024,Q4,2024-12-31,FF_SALES,128407.21,USD,128407.21,FDB_FF,2026-03-04T23:00:00Z
AMZN-US,AMZN-US_FY2025_A,2025,FY,2025-12-31,FF_SALES,527563.71,USD,527563.71,FDB_FF,2026-03-04T23:00:00Z
AMZN-US,AMZN-US_FY2025_Q1,2025,Q1,2025-03-31,FF_SALES,106642.23,USD,106642.23,FDB_FF,2026-03-04T23:00:00Z
AMZN-US,AMZN-US_FY2025_Q2,2025,Q2,2025-06-30,FF_SALES,144243.88,USD,144243.88,FDB_FF,2026-03-04T23:00:00Z
AMZN-US,AMZN-US_FY2025_Q3,2025,Q3,2025-09-30,FF_SALES,142175.62,USD,142175.62,FDB_FF,2026-03-04T23:00:00Z
AMZN-US,AMZN-US_FY2025_Q4,2025,Q4,2025-12-31,FF_SALES,134501.97,USD,134501.97,FDB_FF,2026-03-04T23:00:00Z
META-US,META-US_FY2021_A,2021,FY,2021-12-31,FF_SALES,134089.78,USD,134089.78,FDB_FF,2026-03-04T23:00:00Z
META-US,META-US_FY2021_Q1,2021,Q1,2021-03-31,FF_SALES,28445.01,USD,28445.01,FDB_FF,2026-03-04T23:00:00Z
META-US,META-US_FY2021_Q2,2021,Q2,2021-06-30,FF_SALES,32799.06,USD,32799.06,FDB_FF,2026-03-04T23:00:00Z
META-US,META-US_FY2021_Q3,2021,Q3,2021-09-30,FF_SALES,33054.45,USD,33054.45,FDB_FF,2026-03-04T23:00:00Z
META-US,META-US_FY2021_Q4,2021,Q4,2021-12-31,FF_SALES,39791.26,USD,39791.26,FDB_FF,2026-03-04T23:00:00Z
META-US,META-US_FY2022_A,2022,FY,2022-12-31,FF_SALES,150873.88,USD,150873.88,FDB_FF,2026-03-04T23:00:00Z
META-US,META-US_FY2022_Q1,2022,Q1,2022-03-31,FF_SALES,34650.17,USD,34650.17,FDB_FF,2026-03-04T23:00:00Z
META-US,META-US_FY2022_Q2,2022,Q2,2022-06-30,FF_SALES,38281.42,USD,38281.42,FDB_FF,2026-03-04T23:00:00Z
META-US,META-US_FY2022_Q3,2022,Q3,2022-09-30,FF_SALES,33352.93,USD,33352.93,FDB_FF,2026-03-04T23:00:00Z
META-US,META-US_FY2022_Q4,2022,Q4,2022-12-31,FF_SALES,44589.36,USD,44589.36,FDB_FF,2026-03-04T23:00:00Z
META-US,META-US_FY2023_A,2023,FY,2023-12-31,FF_SALES,169597.89,USD,169597.89,FDB_FF,2026-03-04T23:00:00Z
META-US,META-US_FY2023_Q1,2023,Q1,2023-03-31,FF_SALES,40190.04,USD,40190.04,FDB_FF,2026-03-04T23:00:00Z
META-US,META-US_FY2023_Q2,2023,Q2,2023-06-30,FF_SALES,46144.02,USD,46144.02,FDB_FF,2026-03-04T23:00:00Z
META-US,META-US_FY2023_Q3,2023,Q3,2023-09-30,FF_SALES,45619.81,USD,45619.81,FDB_FF,2026-03-04T23:00:00Z
META-US,META-US_FY2023_Q4,2023,Q4,2023-12-31,FF_SALES,37644.02,USD,37644.02,FDB_FF,2026-03-04T23:00:00Z
META-US,META-US_FY2024_A,2024,FY,2024-12-31,FF_SALES,186982.04,USD,186982.04,FDB_FF,2026-03-04T23:00:00Z
META-US,META-US_FY2024_Q1,2024,Q1,2024-03-31,FF_SALES,48210.13,USD,48210.13,FDB_FF,2026-03-04T23:00:00Z
META-US,META-US_FY2024_Q2,2024,Q2,2024-06-30,FF_SALES,52752.25,USD,52752.25,FDB_FF,2026-03-04T23:00:00Z
META-US,META-US_FY2024_Q3,2024,Q3,2024-09-30,FF_SALES,48038.79,USD,48038.79,FDB_FF,2026-03-04T23:00:00Z
META-US,META-US_FY2024_Q4,2024,Q4,2024-12-31,FF_SALES,37980.87,USD,37980.87,FDB_FF,2026-03-04T23:00:00Z
META-US,META-US_FY2025_A,2025,FY,2025-12-31,FF_SALES,189755.21,USD,189755.21,FDB_FF,2026-03-04T23:00:00Z
META-US,META-US_FY2025_Q1,2025,Q1,2025-03-31,FF_SALES,35951.55,USD,35951.55,FDB_FF,2026-03-04T23:00:00Z
META-US,META-US_FY2025_Q2,2025,Q2,2025-06-30,FF_SALES,52145.01,USD,52145.01,FDB_FF,2026-03-04T23:00:00Z
META-US,META-US_FY2025_Q3,2025,Q3,2025-09-30,FF_SALES,51248.18,USD,51248.18,FDB_FF,2026-03-04T23:00:00Z
META-US,META-US_FY2025_Q4,2025,Q4,2025-12-31,FF_SALES,50410.47,USD,50410.47,FDB_FF,2026-03-04T23:00:00Z
NVDA-US,NVDA-US_FY2021_A,2021,FY,2021-01-31,FF_SALES,98628.66,USD,98628.66,FDB_FF,2026-03-04T23:00:00Z
NVDA-US,NVDA-US_FY2021_Q1,2021,Q1,2020-04-30,FF_SALES,27302.59,USD,27302.59,FDB_FF,2026-03-04T23:00:00Z
NVDA-US,NVDA-US_FY2021_Q2,2021,Q2,2020-07-31,FF_SALES,27956.6,USD,27956.6,FDB_FF,2026-03-04T23:00:00Z
NVDA-US,NVDA-US_FY2021_Q3,2021,Q3,2020-10-31,FF_SALES,19785.81,USD,19785.81,FDB_FF,2026-03-04T23:00:00Z
NVDA-US,NVDA-US_FY2021_Q4,2021,Q4,2021-01-31,FF_SALES,23583.66,USD,23583.66,FDB_FF,2026-03-04T23:00:00Z
NVDA-US,NVDA-US_FY2022_A,2022,FY,2022-01-31,FF_SALES,95062.49,USD,95062.49,FDB_FF,2026-03-04T23:00:00Z
NVDA-US,NVDA-US_FY2022_Q1,2022,Q1,2021-04-30,FF_SALES,25905.91,USD,25905.91,FDB_FF,2026-03-04T23:00:00Z
NVDA-US,NVDA-US_FY2022_Q2,2022,Q2,2021-07-31,FF_SALES,25955.01,USD,25955.01,FDB_FF,2026-03-04T23:00:00Z
NVDA-US,NVDA-US_FY2022_Q3,2022,Q3,2021-10-31,FF_SALES,19973.15,USD,19973.15,FDB_FF,2026-03-04T23:00:00Z
NVDA-US,NVDA-US_FY2022_Q4,2022,Q4,2022-01-31,FF_SALES,23228.42,USD,23228.42,FDB_FF,2026-03-04T23:00:00Z
NVDA-US,NVDA-US_FY2023_A,2023,FY,2023-01-31,FF_SALES,100762.51,USD,100762.51,FDB_FF,2026-03-04T23:00:00Z
NVDA-US,NVDA-US_FY2023_Q1,2023,Q1,2022-04-30,FF_SALES,23354.77,USD,23354.77,FDB_FF,2026-03-04T23:00:00Z
NVDA-US,NVDA-US_FY2023_Q2,2023,Q2,2022-07-31,FF_SALES,29617.37,USD,29617.37,FDB_FF,2026-03-04T23:00:00Z
NVDA-US,NVDA-US_FY2023_Q3,2023,Q3,2022-10-31,FF_SALES,24984.73,USD,24984.73,FDB_FF,2026-03-04T23:00:00Z
NVDA-US,NVDA-US_FY2023_Q4,2023,Q4,2023-01-31,FF_SALES,22805.63,USD,22805.63,FDB_FF,2026-03-04T23:00:00Z
NVDA-US,NVDA-US_FY2024_A,2024,FY,2024-01-31,FF_SALES,106592.55,USD,106592.55,FDB_FF,2026-03-04T23:00:00Z
NVDA-US,NVDA-US_FY2024_Q1,2024,Q1,2023-04-30,FF_SALES,28422.72,USD,28422.72,FDB_FF,2026-03-04T23:00:00Z
NVDA-US,NVDA-US_FY2024_Q2,2024,Q2,2023-07-31,FF_SALES,22917.32,USD,22917.32,FDB_FF,2026-03-04T23:00:00Z
NVDA-US,NVDA-US_FY2024_Q3,2024,Q3,2023-10-31,FF_SALES,24068.47,USD,24068.47,FDB_FF,2026-03-04T23:00:00Z
NVDA-US,NVDA-US_FY2024_Q4,2024,Q4,2024-01-31,FF_SALES,31184.04,USD,31184.04,FDB_FF,2026-03-04T23:00:00Z
NVDA-US,NVDA-US_FY2025_A,2025,FY,2025-01-31,FF_SALES,115117.35,USD,115117.35,FDB_FF,2026-03-04T23:00:00Z
NVDA-US,NVDA-US_FY2025_Q1,2025,Q1,2024-04-30,FF_SALES,30174.84,USD,30174.84,FDB_FF,2026-03-04T23:00:00Z
NVDA-US,NVDA-US_FY2025_Q2,2025,Q2,2024-07-31,FF_SALES,31158.47,USD,31158.47,FDB_FF,2026-03-04T23:00:00Z
NVDA-US,NVDA-US_FY2025_Q3,2025,Q3,2024-10-31,FF_SALES,26250.35,USD,26250.35,FDB_FF,2026-03-04T23:00:00Z
NVDA-US,NVDA-US_FY2025_Q4,2025,Q4,2025-01-31,FF_SALES,27533.69,USD,27533.69,FDB_FF,2026-03-04T23:00:00Z
TSM-US,TSM-US_FY2021_A,2021,FY,2021-12-31,FF_SALES,1748482.86,TWD,54202.97,FDB_FF,2026-03-04T23:00:00Z
TSM-US,TSM-US_FY2021_Q1,2021,Q1,2021-03-31,FF_SALES,426041.85,TWD,13207.3,FDB_FF,2026-03-04T23:00:00Z
TSM-US,TSM-US_FY2021_Q2,2021,Q2,2021-06-30,FF_SALES,424151.05,TWD,13148.68,FDB_FF,2026-03-04T23:00:00Z
TSM-US,TSM-US_FY2021_Q3,2021,Q3,2021-09-30,FF_SALES,395643.19,TWD,12264.94,FDB_FF,2026-03-04T23:00:00Z
TSM-US,TSM-US_FY2021_Q4,2021,Q4,2021-12-31,FF_SALES,502646.77,TWD,15582.05,FDB_FF,2026-03-04T23:00:00Z
TSM-US,TSM-US_FY2022_A,2022,FY,2022-12-31,FF_SALES,1741118.87,TWD,53974.69,FDB_FF,2026-03-04T23:00:00Z
TSM-US,TSM-US_FY2022_Q1,2022,Q1,2022-03-31,FF_SALES,502156.35,TWD,15566.85,FDB_FF,2026-03-04T23:00:00Z
TSM-US,TSM-US_FY2022_Q2,2022,Q2,2022-06-30,FF_SALES,494243.2,TWD,15321.54,FDB_FF,2026-03-04T23:00:00Z
TSM-US,TSM-US_FY2022_Q3,2022,Q3,2022-09-30,FF_SALES,357915.26,TWD,11095.37,FDB_FF,2026-03-04T23:00:00Z
TSM-US,TSM-US_FY2022_Q4,2022,Q4,2022-12-31,FF_SALES,386804.06,TWD,11990.93,FDB_FF,2026-03-04T23:00:00Z
TSM-US,TSM-US_FY2023_A,2023,FY,2023-12-31,FF_SALES,1887016.9,TWD,58497.52,FDB_FF,2026-03-04T23:00:00Z
TSM-US,TSM-US_FY2023_Q1,2023,Q1,2023-03-31,FF_SALES,424059.41,TWD,13145.84,FDB_FF,2026-03-04T23:00:00Z
TSM-US,TSM-US_FY2023_Q2,2023,Q2,2023-06-30,FF_SALES,408369.55,TWD,12659.46,FDB_FF,2026-03-04T23:00:00Z
TSM-US,TSM-US_FY2023_Q3,2023,Q3,2023-09-30,FF_SALES,562194.8,TWD,17428.04,FDB_FF,2026-03-04T23:00:00Z
TSM-US,TSM-US_FY2023_Q4,2023,Q4,2023-12-31,FF_SALES,492393.14,TWD,15264.19,FDB_FF,2026-03-04T23:00:00Z
TSM-US,TSM-US_FY2024_A,2024,FY,2024-12-31,FF_SALES,1971053.69,TWD,61102.66,FDB_FF,2026-03-04T23:00:00Z
TSM-US,TSM-US_FY2024_Q1,2024,Q1,2024-03-31,FF_SALES,555560.32,TWD,17222.37,FDB_FF,2026-03-04T23:00:00Z
TSM-US,TSM-US_FY2024_Q2,2024,Q2,2024-06-30,FF_SALES,560124.63,TWD,17363.86,FDB_FF,2026-03-04T23:00:00Z
TSM-US,TSM-US_FY2024_Q3,2024,Q3,2024-09-30,FF_SALES,437009.39,TWD,13547.29,FDB_FF,2026-03-04T23:00:00Z
TSM-US,TSM-US_FY2024_Q4,2024,Q4,2024-12-31,FF_SALES,418359.35,TWD,12969.14,FDB_FF,2026-03-04T23:00:00Z
TSM-US,TSM-US_FY2025_A,2025,FY,2025-12-31,FF_SALES,2042426.01,TWD,63315.21,FDB_FF,2026-03-04T23:00:00Z
TSM-US,TSM-US_FY2025_Q1,2025,Q1,2025-03-31,FF_SALES,480905.37,TWD,14908.07,FDB_FF,2026-03-04T23:00:00Z
TSM-US,TSM-US_FY2025_Q2,2025,Q2,2025-06-30,FF_SALES,489526.28,TWD,15175.31,FDB_FF,2026-03-04T23:00:00Z
TSM-US,TSM-US_FY2025_Q3,2025,Q3,2025-09-30,FF_SALES,541524.52,TWD,16787.26,FDB_FF,2026-03-04T23:00:00Z
TSM-US,TSM-US_FY2025_Q4,2025,Q4,2025-12-31,FF_SALES,530469.85,TWD,16444.57,FDB_FF,2026-03-04T23:00:00Z
ORCL-US,ORCL-US_FY2021_A,2021,FY,2021-05-31,FF_SALES,42604.33,USD,42604.33,FDB_FF,2026-03-04T23:00:00Z
ORCL-US,ORCL-US_FY2021_Q1,2021,Q1,2020-08-31,FF_SALES,10389.71,USD,10389.71,FDB_FF,2026-03-04T23:00:00Z
ORCL-US,ORCL-US_FY2021_Q2,2021,Q2,2020-11-30,FF_SALES,10115.9,USD,10115.9,FDB_FF,2026-03-04T23:00:00Z
ORCL-US,ORCL-US_FY2021_Q3,2021,Q3,2021-02-28,FF_SALES,12374.8,USD,12374.8,FDB_FF,2026-03-04T23:00:00Z
ORCL-US,ORCL-US_FY2021_Q4,2021,Q4,2021-05-31,FF_SALES,9723.92,USD,9723.92,FDB_FF,2026-03-04T23:00:00Z
ORCL-US,ORCL-US_FY2022_A,2022,FY,2022-05-31,FF_SALES,42094.86,USD,42094.86,FDB_FF,2026-03-04T23:00:00Z
ORCL-US,ORCL-US_FY2022_Q1,2022,Q1,2021-08-31,FF_SALES,10966.67,USD,10966.67,FDB_FF,2026-03-04T23:00:00Z
ORCL-US,ORCL-US_FY2022_Q2,2022,Q2,2021-11-30,FF_SALES,10846.94,USD,10846.94,FDB_FF,2026-03-04T23:00:00Z
ORCL-US,ORCL-US_FY2022_Q3,2022,Q3,2022-02-28,FF_SALES,10204.98,USD,10204.98,FDB_FF,2026-03-04T23:00:00Z
ORCL-US,ORCL-US_FY2022_Q4,2022,Q4,2022-05-31,FF_SALES,10076.27,USD,10076.27,FDB_FF,2026-03-04T23:00:00Z
ORCL-US,ORCL-US_FY2023_A,2023,FY,2023-05-31,FF_SALES,47763.06,USD,47763.06,FDB_FF,2026-03-04T23:00:00Z
ORCL-US,ORCL-US_FY2023_Q1,2023,Q1,2022-08-31,FF_SALES,11780.59,USD,11780.59,FDB_FF,2026-03-04T23:00:00Z
ORCL-US,ORCL-US_FY2023_Q2,2023,Q2,2022-11-30,FF_SALES,13797.21,USD,13797.21,FDB_FF,2026-03-04T23:00:00Z
ORCL-US,ORCL-US_FY2023_Q3,2023,Q3,2023-02-28,FF_SALES,12297.48,USD,12297.48,FDB_FF,2026-03-04T23:00:00Z
ORCL-US,ORCL-US_FY2023_Q4,2023,Q4,2023-05-31,FF_SALES,9887.78,USD,9887.78,FDB_FF,2026-03-04T23:00:00Z
ORCL-US,ORCL-US_FY2024_A,2024,FY,2024-05-31,FF_SALES,54920.67,USD,54920.67,FDB_FF,2026-03-04T23:00:00Z
ORCL-US,ORCL-US_FY2024_Q1,2024,Q1,2023-08-31,FF_SALES,13450.38,USD,13450.38,FDB_FF,2026-03-04T23:00:00Z
ORCL-US,ORCL-US_FY2024_Q2,2024,Q2,2023-11-30,FF_SALES,14081.0,USD,14081.0,FDB_FF,2026-03-04T23:00:00Z
ORCL-US,ORCL-US_FY2024_Q3,2024,Q3,2024-02-28,FF_SALES,13878.83,USD,13878.83,FDB_FF,2026-03-04T23:00:00Z
ORCL-US,ORCL-US_FY2024_Q4,2024,Q4,2024-05-31,FF_SALES,13510.46,USD,13510.46,FDB_FF,2026-03-04T23:00:00Z
ORCL-US,ORCL-US_FY2025_A,2025,FY,2025-05-31,FF_SALES,54001.42,USD,54001.42,FDB_FF,2026-03-04T23:00:00Z
ORCL-US,ORCL-US_FY2025_Q1,2025,Q1,2024-08-31,FF_SALES,14655.22,USD,14655.22,FDB_FF,2026-03-04T23:00:00Z
ORCL-US,ORCL-US_FY2025_Q2,2025,Q2,2024-11-30,FF_SALES,13052.15,USD,13052.15,FDB_FF,2026-03-04T23:00:00Z
ORCL-US,ORCL-US_FY2025_Q3,2025,Q3,2025-02-28,FF_SALES,14156.42,USD,14156.42,FDB_FF,2026-03-04T23:00:00Z
ORCL-US,ORCL-US_FY2025_Q4,2025,Q4,2025-05-31,FF_SALES,12137.62,USD,12137.62,FDB_FF,2026-03-04T23:00:00Z
CRM-US,CRM-US_FY2021_A,2021,FY,2021-01-31,FF_SALES,32145.74,USD,32145.74,FDB_FF,2026-03-04T23:00:00Z
CRM-US,CRM-US_FY2021_Q1,2021,Q1,2020-04-30,FF_SALES,7335.0,USD,7335.0,FDB_FF,2026-03-04T23:00:00Z
CRM-US,CRM-US_FY2021_Q2,2021,Q2,2020-07-31,FF_SALES,9015.15,USD,9015.15,FDB_FF,2026-03-04T23:00:00Z
CRM-US,CRM-US_FY2021_Q3,2021,Q3,2020-10-31,FF_SALES,7949.61,USD,7949.61,FDB_FF,2026-03-04T23:00:00Z
CRM-US,CRM-US_FY2021_Q4,2021,Q4,2021-01-31,FF_SALES,7845.99,USD,7845.99,FDB_FF,2026-03-04T23:00:00Z
CRM-US,CRM-US_FY2022_A,2022,FY,2022-01-31,FF_SALES,36693.19,USD,36693.19,FDB_FF,2026-03-04T23:00:00Z
CRM-US,CRM-US_FY2022_Q1,2022,Q1,2021-04-30,FF_SALES,10543.69,USD,10543.69,FDB_FF,2026-03-04T23:00:00Z
CRM-US,CRM-US_FY2022_Q2,2022,Q2,2021-07-31,FF_SALES,8996.14,USD,8996.14,FDB_FF,2026-03-04T23:00:00Z
CRM-US,CRM-US_FY2022_Q3,2022,Q3,2021-10-31,FF_SALES,9568.62,USD,9568.62,FDB_FF,2026-03-04T23:00:00Z
CRM-US,CRM-US_FY2022_Q4,2022,Q4,2022-01-31,FF_SALES,7584.74,USD,7584.74,FDB_FF,2026-03-04T23:00:00Z
CRM-US,CRM-US_FY2023_A,2023,FY,2023-01-31,FF_SALES,37035.97,USD,37035.97,FDB_FF,2026-03-04T23:00:00Z
CRM-US,CRM-US_FY2023_Q1,2023,Q1,2022-04-30,FF_SALES,10144.71,USD,10144.71,FDB_FF,2026-03-04T23:00:00Z
CRM-US,CRM-US_FY2023_Q2,2023,Q2,2022-07-31,FF_SALES,8813.61,USD,8813.61,FDB_FF,2026-03-04T23:00:00Z
CRM-US,CRM-US_FY2023_Q3,2023,Q3,2022-10-31,FF_SALES,8687.22,USD,8687.22,FDB_FF,2026-03-04T23:00:00Z
CRM-US,CRM-US_FY2023_Q4,2023,Q4,2023-01-31,FF_SALES,9390.42,USD,9390.42,FDB_FF,2026-03-04T23:00:00Z
CRM-US,CRM-US_FY2024_A,2024,FY,2024-01-31,FF_SALES,35607.6,USD,35607.6,FDB_FF,2026-03-04T23:00:00Z
CRM-US,CRM-US_FY2024_Q1,2024,Q1,2023-04-30,FF_SALES,9113.08,USD,9113.08,FDB_FF,2026-03-04T23:00:00Z
CRM-US,CRM-US_FY2024_Q2,2024,Q2,2023-07-31,FF_SALES,8826.28,USD,8826.28,FDB_FF,2026-03-04T23:00:00Z
CRM-US,CRM-US_FY2024_Q3,2024,Q3,2023-10-31,FF_SALES,10060.09,USD,10060.09,FDB_FF,2026-03-04T23:00:00Z
CRM-US,CRM-US_FY2024_Q4,2024,Q4,2024-01-31,FF_SALES,7608.16,USD,7608.16,FDB_FF,2026-03-04T23:00:00Z
CRM-US,CRM-US_FY2025_A,2025,FY,2025-01-31,FF_SALES,40669.43,USD,40669.43,FDB_FF,2026-03-04T23:00:00Z
CRM-US,CRM-US_FY2025_Q1,2025,Q1,2024-04-30,FF_SALES,8871.15,USD,8871.15,FDB_FF,2026-03-04T23:00:00Z
CRM-US,CRM-US_FY2025_Q2,2025,Q2,2024-07-31,FF_SALES,9321.99,USD,9321.99,FDB_FF,2026-03-04T23:00:00Z
CRM-US,CRM-US_FY2025_Q3,2025,Q3,2024-10-31,FF_SALES,11067.17,USD,11067.17,FDB_FF,2026-03-04T23:00:00Z
CRM-US,CRM-US_FY2025_Q4,2025,Q4,2025-01-31,FF_SALES,11409.11,USD,11409.11,FDB_FF,2026-03-04T23:00:00Z
ADBE-US,ADBE-US_FY2021_A,2021,FY,2021-11-30,FF_SALES,16386.57,USD,16386.57,FDB_FF,2026-03-04T23:00:00Z
ADBE-US,ADBE-US_FY2021_Q1,2021,Q1,2021-02-28,FF_SALES,4575.85,USD,4575.85,FDB_FF,2026-03-04T23:00:00Z
ADBE-US,ADBE-US_FY2021_Q2,2021,Q2,2021-05-31,FF_SALES,3556.17,USD,3556.17,FDB_FF,2026-03-04T23:00:00Z
ADBE-US,ADBE-US_FY2021_Q3,2021,Q3,2021-08-31,FF_SALES,4107.59,USD,4107.59,FDB_FF,2026-03-04T23:00:00Z
ADBE-US,ADBE-US_FY2021_Q4,2021,Q4,2021-11-30,FF_SALES,4146.96,USD,4146.96,FDB_FF,2026-03-04T23:00:00Z
ADBE-US,ADBE-US_FY2022_A,2022,FY,2022-11-30,FF_SALES,16941.17,USD,16941.17,FDB_FF,2026-03-04T23:00:00Z
ADBE-US,ADBE-US_FY2022_Q1,2022,Q1,2022-02-28,FF_SALES,4272.19,USD,4272.19,FDB_FF,2026-03-04T23:00:00Z
ADBE-US,ADBE-US_FY2022_Q2,2022,Q2,2022-05-31,FF_SALES,4171.51,USD,4171.51,FDB_FF,2026-03-04T23:00:00Z
ADBE-US,ADBE-US_FY2022_Q3,2022,Q3,2022-08-31,FF_SALES,4852.64,USD,4852.64,FDB_FF,2026-03-04T23:00:00Z
ADBE-US,ADBE-US_FY2022_Q4,2022,Q4,2022-11-30,FF_SALES,3644.82,USD,3644.82,FDB_FF,2026-03-04T23:00:00Z
ADBE-US,ADBE-US_FY2023_A,2023,FY,2023-11-30,FF_SALES,18520.74,USD,18520.74,FDB_FF,2026-03-04T23:00:00Z
ADBE-US,ADBE-US_FY2023_Q1,2023,Q1,2023-02-28,FF_SALES,4316.2,USD,4316.2,FDB_FF,2026-03-04T23:00:00Z
ADBE-US,ADBE-US_FY2023_Q2,2023,Q2,2023-05-31,FF_SALES,4619.09,USD,4619.09,FDB_FF,2026-03-04T23:00:00Z
ADBE-US,ADBE-US_FY2023_Q3,2023,Q3,2023-08-31,FF_SALES,5151.04,USD,5151.04,FDB_FF,2026-03-04T23:00:00Z
ADBE-US,ADBE-US_FY2023_Q4,2023,Q4,2023-11-30,FF_SALES,4434.41,USD,4434.41,FDB_FF,2026-03-04T23:00:00Z
ADBE-US,ADBE-US_FY2024_A,2024,FY,2024-11-30,FF_SALES,18765.87,USD,18765.87,FDB_FF,2026-03-04T23:00:00Z
ADBE-US,ADBE-US_FY2024_Q1,2024,Q1,2024-02-28,FF_SALES,5022.89,USD,5022.89,FDB_FF,2026-03-04T23:00:00Z
ADBE-US,ADBE-US_FY2024_Q2,2024,Q2,2024-05-31,FF_SALES,3782.95,USD,3782.95,FDB_FF,2026-03-04T23:00:00Z
ADBE-US,ADBE-US_FY2024_Q3,2024,Q3,2024-08-31,FF_SALES,4487.03,USD,4487.03,FDB_FF,2026-03-04T23:00:00Z
ADBE-US,ADBE-US_FY2024_Q4,2024,Q4,2024-11-30,FF_SALES,5472.99,USD,5472.99,FDB_FF,2026-03-04T23:00:00Z
ADBE-US,ADBE-US_FY2025_A,2025,FY,2025-11-30,FF_SALES,21566.1,USD,21566.1,FDB_FF,2026-03-04T23:00:00Z
ADBE-US,ADBE-US_FY2025_Q1,2025,Q1,2025-02-28,FF_SALES,4714.05,USD,4714.05,FDB_FF,2026-03-04T23:00:00Z
ADBE-US,ADBE-US_FY2025_Q2,2025,Q2,2025-05-31,FF_SALES,5032.13,USD,5032.13,FDB_FF,2026-03-04T23:00:00Z
ADBE-US,ADBE-US_FY2025_Q3,2025,Q3,2025-08-31,FF_SALES,5150.47,USD,5150.47,FDB_FF,2026-03-04T23:00:00Z
ADBE-US,ADBE-US_FY2025_Q4,2025,Q4,2025-11-30,FF_SALES,6669.46,USD,6669.46,FDB_FF,2026-03-04T23:00:00Z
JPM-US,JPM-US_FY2021_A,2021,FY,2021-12-31,FF_SALES,148815.84,USD,148815.84,FDB_FF,2026-03-04T23:00:00Z
JPM-US,JPM-US_FY2021_Q1,2021,Q1,2021-03-31,FF_SALES,35036.13,USD,35036.13,FDB_FF,2026-03-04T23:00:00Z
JPM-US,JPM-US_FY2021_Q2,2021,Q2,2021-06-30,FF_SALES,31904.72,USD,31904.72,FDB_FF,2026-03-04T23:00:00Z
JPM-US,JPM-US_FY2021_Q3,2021,Q3,2021-09-30,FF_SALES,41900.11,USD,41900.11,FDB_FF,2026-03-04T23:00:00Z
JPM-US,JPM-US_FY2021_Q4,2021,Q4,2021-12-31,FF_SALES,39974.88,USD,39974.88,FDB_FF,2026-03-04T23:00:00Z
JPM-US,JPM-US_FY2022_A,2022,FY,2022-12-31,FF_SALES,159580.52,USD,159580.52,FDB_FF,2026-03-04T23:00:00Z
JPM-US,JPM-US_FY2022_Q1,2022,Q1,2022-03-31,FF_SALES,45547.29,USD,45547.29,FDB_FF,2026-03-04T23:00:00Z
JPM-US,JPM-US_FY2022_Q2,2022,Q2,2022-06-30,FF_SALES,40466.02,USD,40466.02,FDB_FF,2026-03-04T23:00:00Z
JPM-US,JPM-US_FY2022_Q3,2022,Q3,2022-09-30,FF_SALES,30613.92,USD,30613.92,FDB_FF,2026-03-04T23:00:00Z
JPM-US,JPM-US_FY2022_Q4,2022,Q4,2022-12-31,FF_SALES,42953.28,USD,42953.28,FDB_FF,2026-03-04T23:00:00Z
JPM-US,JPM-US_FY2023_A,2023,FY,2023-12-31,FF_SALES,161156.49,USD,161156.49,FDB_FF,2026-03-04T23:00:00Z
JPM-US,JPM-US_FY2023_Q1,2023,Q1,2023-03-31,FF_SALES,43566.86,USD,43566.86,FDB_FF,2026-03-04T23:00:00Z
JPM-US,JPM-US_FY2023_Q2,2023,Q2,2023-06-30,FF_SALES,48074.08,USD,48074.08,FDB_FF,2026-03-04T23:00:00Z
JPM-US,JPM-US_FY2023_Q3,2023,Q3,2023-09-30,FF_SALES,34912.05,USD,34912.05,FDB_FF,2026-03-04T23:00:00Z
JPM-US,JPM-US_FY2023_Q4,2023,Q4,2023-12-31,FF_SALES,34603.51,USD,34603.51,FDB_FF,2026-03-04T23:00:00Z
JPM-US,JPM-US_FY2024_A,2024,FY,2024-12-31,FF_SALES,156548.58,USD,156548.58,FDB_FF,2026-03-04T23:00:00Z
JPM-US,JPM-US_FY2024_Q1,2024,Q1,2024-03-31,FF_SALES,39387.37,USD,39387.37,FDB_FF,2026-03-04T23:00:00Z
JPM-US,JPM-US_FY2024_Q2,2024,Q2,2024-06-30,FF_SALES,35054.43,USD,35054.43,FDB_FF,2026-03-04T23:00:00Z
JPM-US,JPM-US_FY2024_Q3,2024,Q3,2024-09-30,FF_SALES,40183.47,USD,40183.47,FDB_FF,2026-03-04T23:00:00Z
JPM-US,JPM-US_FY2024_Q4,2024,Q4,2024-12-31,FF_SALES,41923.31,USD,41923.31,FDB_FF,2026-03-04T23:00:00Z
JPM-US,JPM-US_FY2025_A,2025,FY,2025-12-31,FF_SALES,155095.72,USD,155095.72,FDB_FF,2026-03-04T23:00:00Z
JPM-US,JPM-US_FY2025_Q1,2025,Q1,2025-03-31,FF_SALES,39696.41,USD,39696.41,FDB_FF,2026-03-04T23:00:00Z
JPM-US,JPM-US_FY2025_Q2,2025,Q2,2025-06-30,FF_SALES,34116.9,USD,34116.9,FDB_FF,2026-03-04T23:00:00Z
JPM-US,JPM-US_FY2025_Q3,2025,Q3,2025-09-30,FF_SALES,37500.71,USD,37500.71,FDB_FF,2026-03-04T23:00:00Z
JPM-US,JPM-US_FY2025_Q4,2025,Q4,2025-12-31,FF_SALES,43781.71,USD,43781.71,FDB_FF,2026-03-04T23:00:00Z
UNH-US,UNH-US_FY2021_A,2021,FY,2021-12-31,FF_SALES,303919.71,USD,303919.71,FDB_FF,2026-03-04T23:00:00Z
UNH-US,UNH-US_FY2021_Q1,2021,Q1,2021-03-31,FF_SALES,77739.17,USD,77739.17,FDB_FF,2026-03-04T23:00:00Z
UNH-US,UNH-US_FY2021_Q2,2021,Q2,2021-06-30,FF_SALES,73027.31,USD,73027.31,FDB_FF,2026-03-04T23:00:00Z
UNH-US,UNH-US_FY2021_Q3,2021,Q3,2021-09-30,FF_SALES,64266.19,USD,64266.19,FDB_FF,2026-03-04T23:00:00Z
UNH-US,UNH-US_FY2021_Q4,2021,Q4,2021-12-31,FF_SALES,88887.05,USD,88887.05,FDB_FF,2026-03-04T23:00:00Z
UNH-US,UNH-US_FY2022_A,2022,FY,2022-12-31,FF_SALES,327449.98,USD,327449.98,FDB_FF,2026-03-04T23:00:00Z
UNH-US,UNH-US_FY2022_Q1,2022,Q1,2022-03-31,FF_SALES,74197.17,USD,74197.17,FDB_FF,2026-03-04T23:00:00Z
UNH-US,UNH-US_FY2022_Q2,2022,Q2,2022-06-30,FF_SALES,89918.48,USD,89918.48,FDB_FF,2026-03-04T23:00:00Z
UNH-US,UNH-US_FY2022_Q3,2022,Q3,2022-09-30,FF_SALES,83700.8,USD,83700.8,FDB_FF,2026-03-04T23:00:00Z
UNH-US,UNH-US_FY2022_Q4,2022,Q4,2022-12-31,FF_SALES,79633.54,USD,79633.54,FDB_FF,2026-03-04T23:00:00Z
UNH-US,UNH-US_FY2023_A,2023,FY,2023-12-31,FF_SALES,311710.75,USD,311710.75,FDB_FF,2026-03-04T23:00:00Z
UNH-US,UNH-US_FY2023_Q1,2023,Q1,2023-03-31,FF_SALES,62152.57,USD,62152.57,FDB_FF,2026-03-04T23:00:00Z
UNH-US,UNH-US_FY2023_Q2,2023,Q2,2023-06-30,FF_SALES,86347.67,USD,86347.67,FDB_FF,2026-03-04T23:00:00Z
UNH-US,UNH-US_FY2023_Q3,2023,Q3,2023-09-30,FF_SALES,86971.29,USD,86971.29,FDB_FF,2026-03-04T23:00:00Z
UNH-US,UNH-US_FY2023_Q4,2023,Q4,2023-12-31,FF_SALES,76239.22,USD,76239.22,FDB_FF,2026-03-04T23:00:00Z
UNH-US,UNH-US_FY2024_A,2024,FY,2024-12-31,FF_SALES,348155.66,USD,348155.66,FDB_FF,2026-03-04T23:00:00Z
UNH-US,UNH-US_FY2024_Q1,2024,Q1,2024-03-31,FF_SALES,98089.16,USD,98089.16,FDB_FF,2026-03-04T23:00:00Z
UNH-US,UNH-US_FY2024_Q2,2024,Q2,2024-06-30,FF_SALES,81589.13,USD,81589.13,FDB_FF,2026-03-04T23:00:00Z
UNH-US,UNH-US_FY2024_Q3,2024,Q3,2024-09-30,FF_SALES,80804.86,USD,80804.86,FDB_FF,2026-03-04T23:00:00Z
UNH-US,UNH-US_FY2024_Q4,2024,Q4,2024-12-31,FF_SALES,87672.52,USD,87672.52,FDB_FF,2026-03-04T23:00:00Z
UNH-US,UNH-US_FY2025_A,2025,FY,2025-12-31,FF_SALES,393344.98,USD,393344.98,FDB_FF,2026-03-04T23:00:00Z
UNH-US,UNH-US_FY2025_Q1,2025,Q1,2025-03-31,FF_SALES,102160.36,USD,102160.36,FDB_FF,2026-03-04T23:00:00Z
UNH-US,UNH-US_FY2025_Q2,2025,Q2,2025-06-30,FF_SALES,104519.89,USD,104519.89,FDB_FF,2026-03-04T23:00:00Z
UNH-US,UNH-US_FY2025_Q3,2025,Q3,2025-09-30,FF_SALES,105916.39,USD,105916.39,FDB_FF,2026-03-04T23:00:00Z
UNH-US,UNH-US_FY2025_Q4,2025,Q4,2025-12-31,FF_SALES,80748.33,USD,80748.33,FDB_FF,2026-03-04T23:00:00Z
WMT-US,WMT-US_FY2021_A,2021,FY,2021-01-31,FF_SALES,492756.06,USD,492756.06,FDB_FF,2026-03-04T23:00:00Z
WMT-US,WMT-US_FY2021_Q1,2021,Q1,2020-04-30,FF_SALES,128134.13,USD,128134.13,FDB_FF,2026-03-04T23:00:00Z
WMT-US,WMT-US_FY2021_Q2,2021,Q2,2020-07-31,FF_SALES,132928.29,USD,132928.29,FDB_FF,2026-03-04T23:00:00Z
WMT-US,WMT-US_FY2021_Q3,2021,Q3,2020-10-31,FF_SALES,110908.7,USD,110908.7,FDB_FF,2026-03-04T23:00:00Z
WMT-US,WMT-US_FY2021_Q4,2021,Q4,2021-01-31,FF_SALES,120784.94,USD,120784.94,FDB_FF,2026-03-04T23:00:00Z
WMT-US,WMT-US_FY2022_A,2022,FY,2022-01-31,FF_SALES,483349.68,USD,483349.68,FDB_FF,2026-03-04T23:00:00Z
WMT-US,WMT-US_FY2022_Q1,2022,Q1,2021-04-30,FF_SALES,122277.89,USD,122277.89,FDB_FF,2026-03-04T23:00:00Z
WMT-US,WMT-US_FY2022_Q2,2022,Q2,2021-07-31,FF_SALES,119553.64,USD,119553.64,FDB_FF,2026-03-04T23:00:00Z
WMT-US,WMT-US_FY2022_Q3,2022,Q3,2021-10-31,FF_SALES,124211.25,USD,124211.25,FDB_FF,2026-03-04T23:00:00Z
WMT-US,WMT-US_FY2022_Q4,2022,Q4,2022-01-31,FF_SALES,117306.89,USD,117306.89,FDB_FF,2026-03-04T23:00:00Z
WMT-US,WMT-US_FY2023_A,2023,FY,2023-01-31,FF_SALES,544388.64,USD,544388.64,FDB_FF,2026-03-04T23:00:00Z
WMT-US,WMT-US_FY2023_Q1,2023,Q1,2022-04-30,FF_SALES,109959.29,USD,109959.29,FDB_FF,2026-03-04T23:00:00Z
WMT-US,WMT-US_FY2023_Q2,2023,Q2,2022-07-31,FF_SALES,148613.55,USD,148613.55,FDB_FF,2026-03-04T23:00:00Z
WMT-US,WMT-US_FY2023_Q3,2023,Q3,2022-10-31,FF_SALES,126653.1,USD,126653.1,FDB_FF,2026-03-04T23:00:00Z
WMT-US,WMT-US_FY2023_Q4,2023,Q4,2023-01-31,FF_SALES,159162.69,USD,159162.69,FDB_FF,2026-03-04T23:00:00Z
WMT-US,WMT-US_FY2024_A,2024,FY,2024-01-31,FF_SALES,604514.75,USD,604514.75,FDB_FF,2026-03-04T23:00:00Z
WMT-US,WMT-US_FY2024_Q1,2024,Q1,2023-04-30,FF_SALES,161372.91,USD,161372.91,FDB_FF,2026-03-04T23:00:00Z
WMT-US,WMT-US_FY2024_Q2,2024,Q2,2023-07-31,FF_SALES,158368.95,USD,158368.95,FDB_FF,2026-03-04T23:00:00Z
WMT-US,WMT-US_FY2024_Q3,2024,Q3,2023-10-31,FF_SALES,127720.97,USD,127720.97,FDB_FF,2026-03-04T23:00:00Z
WMT-US,WMT-US_FY2024_Q4,2024,Q4,2024-01-31,FF_SALES,157051.92,USD,157051.92,FDB_FF,2026-03-04T23:00:00Z
WMT-US,WMT-US_FY2025_A,2025,FY,2025-01-31,FF_SALES,587358.09,USD,587358.09,FDB_FF,2026-03-04T23:00:00Z
WMT-US,WMT-US_FY2025_Q1,2025,Q1,2024-04-30,FF_SALES,156641.11,USD,156641.11,FDB_FF,2026-03-04T23:00:00Z
WMT-US,WMT-US_FY2025_Q2,2025,Q2,2024-07-31,FF_SALES,155900.85,USD,155900.85,FDB_FF,2026-03-04T23:00:00Z
WMT-US,WMT-US_FY2025_Q3,2025,Q3,2024-10-31,FF_SALES,121206.23,USD,121206.23,FDB_FF,2026-03-04T23:00:00Z
WMT-US,WMT-US_FY2025_Q4,2025,Q4,2025-01-31,FF_SALES,153609.9,USD,153609.9,FDB_FF,2026-03-04T23:00:00Z
XOM-US,XOM-US_FY2021_A,2021,FY,2021-12-31,FF_SALES,268952.83,USD,268952.83,FDB_FF,2026-03-04T23:00:00Z
XOM-US,XOM-US_FY2021_Q1,2021,Q1,2021-03-31,FF_SALES,81367.71,USD,81367.71,FDB_FF,2026-03-04T23:00:00Z
XOM-US,XOM-US_FY2021_Q2,2021,Q2,2021-06-30,FF_SALES,64841.48,USD,64841.48,FDB_FF,2026-03-04T23:00:00Z
XOM-US,XOM-US_FY2021_Q3,2021,Q3,2021-09-30,FF_SALES,58905.4,USD,58905.4,FDB_FF,2026-03-04T23:00:00Z
XOM-US,XOM-US_FY2021_Q4,2021,Q4,2021-12-31,FF_SALES,63838.24,USD,63838.24,FDB_FF,2026-03-04T23:00:00Z
XOM-US,XOM-US_FY2022_A,2022,FY,2022-12-31,FF_SALES,273162.58,USD,273162.58,FDB_FF,2026-03-04T23:00:00Z
XOM-US,XOM-US_FY2022_Q1,2022,Q1,2022-03-31,FF_SALES,72772.05,USD,72772.05,FDB_FF,2026-03-04T23:00:00Z
XOM-US,XOM-US_FY2022_Q2,2022,Q2,2022-06-30,FF_SALES,75377.09,USD,75377.09,FDB_FF,2026-03-04T23:00:00Z
XOM-US,XOM-US_FY2022_Q3,2022,Q3,2022-09-30,FF_SALES,57903.69,USD,57903.69,FDB_FF,2026-03-04T23:00:00Z
XOM-US,XOM-US_FY2022_Q4,2022,Q4,2022-12-31,FF_SALES,67109.76,USD,67109.76,FDB_FF,2026-03-04T23:00:00Z
XOM-US,XOM-US_FY2023_A,2023,FY,2023-12-31,FF_SALES,281339.89,USD,281339.89,FDB_FF,2026-03-04T23:00:00Z
XOM-US,XOM-US_FY2023_Q1,2023,Q1,2023-03-31,FF_SALES,79334.16,USD,79334.16,FDB_FF,2026-03-04T23:00:00Z
XOM-US,XOM-US_FY2023_Q2,2023,Q2,2023-06-30,FF_SALES,67493.61,USD,67493.61,FDB_FF,2026-03-04T23:00:00Z
XOM-US,XOM-US_FY2023_Q3,2023,Q3,2023-09-30,FF_SALES,78218.79,USD,78218.79,FDB_FF,2026-03-04T23:00:00Z
XOM-US,XOM-US_FY2023_Q4,2023,Q4,2023-12-31,FF_SALES,56293.34,USD,56293.34,FDB_FF,2026-03-04T23:00:00Z
XOM-US,XOM-US_FY2024_A,2024,FY,2024-12-31,FF_SALES,321875.38,USD,321875.38,FDB_FF,2026-03-04T23:00:00Z
XOM-US,XOM-US_FY2024_Q1,2024,Q1,2024-03-31,FF_SALES,73697.26,USD,73697.26,FDB_FF,2026-03-04T23:00:00Z
XOM-US,XOM-US_FY2024_Q2,2024,Q2,2024-06-30,FF_SALES,100217.52,USD,100217.52,FDB_FF,2026-03-04T23:00:00Z
XOM-US,XOM-US_FY2024_Q3,2024,Q3,2024-09-30,FF_SALES,76636.89,USD,76636.89,FDB_FF,2026-03-04T23:00:00Z
XOM-US,XOM-US_FY2024_Q4,2024,Q4,2024-12-31,FF_SALES,71323.69,USD,71323.69,FDB_FF,2026-03-04T23:00:00Z
XOM-US,XOM-US_FY2025_A,2025,FY,2025-12-31,FF_SALES,333756.68,USD,333756.68,FDB_FF,2026-03-04T23:00:00Z
XOM-US,XOM-US_FY2025_Q1,2025,Q1,2025-03-31,FF_SALES,89634.17,USD,89634.17,FDB_FF,2026-03-04T23:00:00Z
XOM-US,XOM-US_FY2025_Q2,2025,Q2,2025-06-30,FF_SALES,76005.54,USD,76005.54,FDB_FF,2026-03-04T23:00:00Z
XOM-US,XOM-US_FY2025_Q3,2025,Q3,2025-09-30,FF_SALES,85615.36,USD,85615.36,FDB_FF,2026-03-04T23:00:00Z
XOM-US,XOM-US_FY2025_Q4,2025,Q4,2025-12-31,FF_SALES,82501.6,USD,82501.6,FDB_FF,2026-03-04T23:00:00Z
JNJ-US,JNJ-US_FY2021_A,2021,FY,2021-12-31,FF_SALES,68779.42,USD,68779.42,FDB_FF,2026-03-04T23:00:00Z
JNJ-US,JNJ-US_FY2021_Q1,2021,Q1,2021-03-31,FF_SALES,15679.11,USD,15679.11,FDB_FF,2026-03-04T23:00:00Z
JNJ-US,JNJ-US_FY2021_Q2,2021,Q2,2021-06-30,FF_SALES,18836.61,USD,18836.61,FDB_FF,2026-03-04T23:00:00Z
JNJ-US,JNJ-US_FY2021_Q3,2021,Q3,2021-09-30,FF_SALES,13919.55,USD,13919.55,FDB_FF,2026-03-04T23:00:00Z
JNJ-US,JNJ-US_FY2021_Q4,2021,Q4,2021-12-31,FF_SALES,20344.15,USD,20344.15,FDB_FF,2026-03-04T23:00:00Z
JNJ-US,JNJ-US_FY2022_A,2022,FY,2022-12-31,FF_SALES,72747.33,USD,72747.33,FDB_FF,2026-03-04T23:00:00Z
JNJ-US,JNJ-US_FY2022_Q1,2022,Q1,2022-03-31,FF_SALES,18847.84,USD,18847.84,FDB_FF,2026-03-04T23:00:00Z
JNJ-US,JNJ-US_FY2022_Q2,2022,Q2,2022-06-30,FF_SALES,19003.92,USD,19003.92,FDB_FF,2026-03-04T23:00:00Z
JNJ-US,JNJ-US_FY2022_Q3,2022,Q3,2022-09-30,FF_SALES,18509.61,USD,18509.61,FDB_FF,2026-03-04T23:00:00Z
JNJ-US,JNJ-US_FY2022_Q4,2022,Q4,2022-12-31,FF_SALES,16385.96,USD,16385.96,FDB_FF,2026-03-04T23:00:00Z
JNJ-US,JNJ-US_FY2023_A,2023,FY,2023-12-31,FF_SALES,70128.04,USD,70128.04,FDB_FF,2026-03-04T23:00:00Z
JNJ-US,JNJ-US_FY2023_Q1,2023,Q1,2023-03-31,FF_SALES,18396.12,USD,18396.12,FDB_FF,2026-03-04T23:00:00Z
JNJ-US,JNJ-US_FY2023_Q2,2023,Q2,2023-06-30,FF_SALES,16089.65,USD,16089.65,FDB_FF,2026-03-04T23:00:00Z
JNJ-US,JNJ-US_FY2023_Q3,2023,Q3,2023-09-30,FF_SALES,15977.2,USD,15977.2,FDB_FF,2026-03-04T23:00:00Z
JNJ-US,JNJ-US_FY2023_Q4,2023,Q4,2023-12-31,FF_SALES,19665.07,USD,19665.07,FDB_FF,2026-03-04T23:00:00Z
JNJ-US,JNJ-US_FY2024_A,2024,FY,2024-12-31,FF_SALES,76716.63,USD,76716.63,FDB_FF,2026-03-04T23:00:00Z
JNJ-US,JNJ-US_FY2024_Q1,2024,Q1,2024-03-31,FF_SALES,18733.07,USD,18733.07,FDB_FF,2026-03-04T23:00:00Z
JNJ-US,JNJ-US_FY2024_Q2,2024,Q2,2024-06-30,FF_SALES,18806.05,USD,18806.05,FDB_FF,2026-03-04T23:00:00Z
JNJ-US,JNJ-US_FY2024_Q3,2024,Q3,2024-09-30,FF_SALES,19613.16,USD,19613.16,FDB_FF,2026-03-04T23:00:00Z
JNJ-US,JNJ-US_FY2024_Q4,2024,Q4,2024-12-31,FF_SALES,19564.36,USD,19564.36,FDB_FF,2026-03-04T23:00:00Z
JNJ-US,JNJ-US_FY2025_A,2025,FY,2025-12-31,FF_SALES,77417.14,USD,77417.14,FDB_FF,2026-03-04T23:00:00Z
JNJ-US,JNJ-US_FY2025_Q1,2025,Q1,2025-03-31,FF_SALES,16200.86,USD,16200.86,FDB_FF,2026-03-04T23:00:00Z
JNJ-US,JNJ-US_FY2025_Q2,2025,Q2,2025-06-30,FF_SALES,18433.48,USD,18433.48,FDB_FF,2026-03-04T23:00:00Z
JNJ-US,JNJ-US_FY2025_Q3,2025,Q3,2025-09-30,FF_SALES,22393.04,USD,22393.04,FDB_FF,2026-03-04T23:00:00Z
JNJ-US,JNJ-US_FY2025_Q4,2025,Q4,2025-12-31,FF_SALES,20389.75,USD,20389.75,FDB_FF,2026-03-04T23:00:00Z
V-US,V-US_FY2021_A,2021,FY,2021-09-30,FF_SALES,29155.8,USD,29155.8,FDB_FF,2026-03-04T23:00:00Z
V-US,V-US_FY2021_Q1,2021,Q1,2020-12-31,FF_SALES,7342.88,USD,7342.88,FDB_FF,2026-03-04T23:00:00Z
V-US,V-US_FY2021_Q2,2021,Q2,2021-03-31,FF_SALES,8131.07,USD,8131.07,FDB_FF,2026-03-04T23:00:00Z
V-US,V-US_FY2021_Q3,2021,Q3,2021-06-30,FF_SALES,6383.77,USD,6383.77,FDB_FF,2026-03-04T23:00:00Z
V-US,V-US_FY2021_Q4,2021,Q4,2021-09-30,FF_SALES,7298.08,USD,7298.08,FDB_FF,2026-03-04T23:00:00Z
V-US,V-US_FY2022_A,2022,FY,2022-09-30,FF_SALES,30204.76,USD,30204.76,FDB_FF,2026-03-04T23:00:00Z
V-US,V-US_FY2022_Q1,2022,Q1,2021-12-31,FF_SALES,7683.8,USD,7683.8,FDB_FF,2026-03-04T23:00:00Z
V-US,V-US_FY2022_Q2,2022,Q2,2022-03-31,FF_SALES,7906.33,USD,7906.33,FDB_FF,2026-03-04T23:00:00Z
V-US,V-US_FY2022_Q3,2022,Q3,2022-06-30,FF_SALES,7341.31,USD,7341.31,FDB_FF,2026-03-04T23:00:00Z
V-US,V-US_FY2022_Q4,2022,Q4,2022-09-30,FF_SALES,7273.32,USD,7273.32,FDB_FF,2026-03-04T23:00:00Z
V-US,V-US_FY2023_A,2023,FY,2023-09-30,FF_SALES,29985.48,USD,29985.48,FDB_FF,2026-03-04T23:00:00Z
V-US,V-US_FY2023_Q1,2023,Q1,2022-12-31,FF_SALES,7172.06,USD,7172.06,FDB_FF,2026-03-04T23:00:00Z
V-US,V-US_FY2023_Q2,2023,Q2,2023-03-31,FF_SALES,8413.21,USD,8413.21,FDB_FF,2026-03-04T23:00:00Z
V-US,V-US_FY2023_Q3,2023,Q3,2023-06-30,FF_SALES,8108.27,USD,8108.27,FDB_FF,2026-03-04T23:00:00Z
V-US,V-US_FY2023_Q4,2023,Q4,2023-09-30,FF_SALES,6291.94,USD,6291.94,FDB_FF,2026-03-04T23:00:00Z
V-US,V-US_FY2024_A,2024,FY,2024-09-30,FF_SALES,28994.73,USD,28994.73,FDB_FF,2026-03-04T23:00:00Z
V-US,V-US_FY2024_Q1,2024,Q1,2023-12-31,FF_SALES,7079.68,USD,7079.68,FDB_FF,2026-03-04T23:00:00Z
V-US,V-US_FY2024_Q2,2024,Q2,2024-03-31,FF_SALES,7410.35,USD,7410.35,FDB_FF,2026-03-04T23:00:00Z
V-US,V-US_FY2024_Q3,2024,Q3,2024-06-30,FF_SALES,6572.33,USD,6572.33,FDB_FF,2026-03-04T23:00:00Z
V-US,V-US_FY2024_Q4,2024,Q4,2024-09-30,FF_SALES,7932.38,USD,7932.38,FDB_FF,2026-03-04T23:00:00Z
V-US,V-US_FY2025_A,2025,FY,2025-09-30,FF_SALES,31900.8,USD,31900.8,FDB_FF,2026-03-04T23:00:00Z
V-US,V-US_FY2025_Q1,2025,Q1,2024-12-31,FF_SALES,9348.14,USD,9348.14,FDB_FF,2026-03-04T23:00:00Z
V-US,V-US_FY2025_Q2,2025,Q2,2025-03-31,FF_SALES,7780.71,USD,7780.71,FDB_FF,2026-03-04T23:00:00Z
V-US,V-US_FY2025_Q3,2025,Q3,2025-06-30,FF_SALES,7691.49,USD,7691.49,FDB_FF,2026-03-04T23:00:00Z
V-US,V-US_FY2025_Q4,2025,Q4,2025-09-30,FF_SALES,7080.46,USD,7080.46,FDB_FF,2026-03-04T23:00:00Z
PG-US,PG-US_FY2021_A,2021,FY,2021-06-30,FF_SALES,67022.25,USD,67022.25,FDB_FF,2026-03-04T23:00:00Z
PG-US,PG-US_FY2021_Q1,2021,Q1,2020-09-30,FF_SALES,19163.26,USD,19163.26,FDB_FF,2026-03-04T23:00:00Z
PG-US,PG-US_FY2021_Q2,2021,Q2,2020-12-31,FF_SALES,13938.88,USD,13938.88,FDB_FF,2026-03-04T23:00:00Z
PG-US,PG-US_FY2021_Q3,2021,Q3,2021-03-31,FF_SALES,16236.08,USD,16236.08,FDB_FF,2026-03-04T23:00:00Z
PG-US,PG-US_FY2021_Q4,2021,Q4,2021-06-30,FF_SALES,17684.04,USD,17684.04,FDB_FF,2026-03-04T23:00:00Z
PG-US,PG-US_FY2022_A,2022,FY,2022-06-30,FF_SALES,66277.43,USD,66277.43,FDB_FF,2026-03-04T23:00:00Z
PG-US,PG-US_FY2022_Q1,2022,Q1,2021-09-30,FF_SALES,17709.98,USD,17709.98,FDB_FF,2026-03-04T23:00:00Z
PG-US,PG-US_FY2022_Q2,2022,Q2,2021-12-31,FF_SALES,16383.37,USD,16383.37,FDB_FF,2026-03-04T23:00:00Z
PG-US,PG-US_FY2022_Q3,2022,Q3,2022-03-31,FF_SALES,14738.76,USD,14738.76,FDB_FF,2026-03-04T23:00:00Z
PG-US,PG-US_FY2022_Q4,2022,Q4,2022-06-30,FF_SALES,17445.31,USD,17445.31,FDB_FF,2026-03-04T23:00:00Z
PG-US,PG-US_FY2023_A,2023,FY,2023-06-30,FF_SALES,63037.06,USD,63037.06,FDB_FF,2026-03-04T23:00:00Z
PG-US,PG-US_FY2023_Q1,2023,Q1,2022-09-30,FF_SALES,17250.29,USD,17250.29,FDB_FF,2026-03-04T23:00:00Z
PG-US,PG-US_FY2023_Q2,2023,Q2,2022-12-31,FF_SALES,17369.94,USD,17369.94,FDB_FF,2026-03-04T23:00:00Z
PG-US,PG-US_FY2023_Q3,2023,Q3,2023-03-31,FF_SALES,13209.63,USD,13209.63,FDB_FF,2026-03-04T23:00:00Z
PG-US,PG-US_FY2023_Q4,2023,Q4,2023-06-30,FF_SALES,15207.2,USD,15207.2,FDB_FF,2026-03-04T23:00:00Z
PG-US,PG-US_FY2024_A,2024,FY,2024-06-30,FF_SALES,62102.68,USD,62102.68,FDB_FF,2026-03-04T23:00:00Z
PG-US,PG-US_FY2024_Q1,2024,Q1,2023-09-30,FF_SALES,18791.94,USD,18791.94,FDB_FF,2026-03-04T23:00:00Z
PG-US,PG-US_FY2024_Q2,2024,Q2,2023-12-31,FF_SALES,15996.57,USD,15996.57,FDB_FF,2026-03-04T23:00:00Z
PG-US,PG-US_FY2024_Q3,2024,Q3,2024-03-31,FF_SALES,13025.03,USD,13025.03,FDB_FF,2026-03-04T23:00:00Z
PG-US,PG-US_FY2024_Q4,2024,Q4,2024-06-30,FF_SALES,14289.14,USD,14289.14,FDB_FF,2026-03-04T23:00:00Z
PG-US,PG-US_FY2025_A,2025,FY,2025-06-30,FF_SALES,69534.34,USD,69534.34,FDB_FF,2026-03-04T23:00:00Z
PG-US,PG-US_FY2025_Q1,2025,Q1,2024-09-30,FF_SALES,15651.33,USD,15651.33,FDB_FF,2026-03-04T23:00:00Z
PG-US,PG-US_FY2025_Q2,2025,Q2,2024-12-31,FF_SALES,17849.21,USD,17849.21,FDB_FF,2026-03-04T23:00:00Z
PG-US,PG-US_FY2025_Q3,2025,Q3,2025-03-31,FF_SALES,16996.46,USD,16996.46,FDB_FF,2026-03-04T23:00:00Z
PG-US,PG-US_FY2025_Q4,2025,Q4,2025-06-30,FF_SALES,19037.34,USD,19037.34,FDB_FF,2026-03-04T23:00:00Z
HD-US,HD-US_FY2021_A,2021,FY,2021-01-31,FF_SALES,133006.16,USD,133006.16,FDB_FF,2026-03-04T23:00:00Z
HD-US,HD-US_FY2021_Q1,2021,Q1,2020-04-30,FF_SALES,35847.57,USD,35847.57,FDB_FF,2026-03-04T23:00:00Z
HD-US,HD-US_FY2021_Q2,2021,Q2,2020-07-31,FF_SALES,32391.37,USD,32391.37,FDB_FF,2026-03-04T23:00:00Z
HD-US,HD-US_FY2021_Q3,2021,Q3,2020-10-31,FF_SALES,33713.25,USD,33713.25,FDB_FF,2026-03-04T23:00:00Z
HD-US,HD-US_FY2021_Q4,2021,Q4,2021-01-31,FF_SALES,31053.96,USD,31053.96,FDB_FF,2026-03-04T23:00:00Z
HD-US,HD-US_FY2022_A,2022,FY,2022-01-31,FF_SALES,148450.01,USD,148450.01,FDB_FF,2026-03-04T23:00:00Z
HD-US,HD-US_FY2022_Q1,2022,Q1,2021-04-30,FF_SALES,35470.04,USD,35470.04,FDB_FF,2026-03-04T23:00:00Z
HD-US,HD-US_FY2022_Q2,2022,Q2,2021-07-31,FF_SALES,40333.31,USD,40333.31,FDB_FF,2026-03-04T23:00:00Z
HD-US,HD-US_FY2022_Q3,2022,Q3,2021-10-31,FF_SALES,38195.63,USD,38195.63,FDB_FF,2026-03-04T23:00:00Z
HD-US,HD-US_FY2022_Q4,2022,Q4,2022-01-31,FF_SALES,34451.03,USD,34451.03,FDB_FF,2026-03-04T23:00:00Z
HD-US,HD-US_FY2023_A,2023,FY,2023-01-31,FF_SALES,148722.91,USD,148722.91,FDB_FF,2026-03-04T23:00:00Z
HD-US,HD-US_FY2023_Q1,2023,Q1,2022-04-30,FF_SALES,32856.42,USD,32856.42,FDB_FF,2026-03-04T23:00:00Z
HD-US,HD-US_FY2023_Q2,2023,Q2,2022-07-31,FF_SALES,38564.7,USD,38564.7,FDB_FF,2026-03-04T23:00:00Z
HD-US,HD-US_FY2023_Q3,2023,Q3,2022-10-31,FF_SALES,40438.39,USD,40438.39,FDB_FF,2026-03-04T23:00:00Z
HD-US,HD-US_FY2023_Q4,2023,Q4,2023-01-31,FF_SALES,36863.4,USD,36863.4,FDB_FF,2026-03-04T23:00:00Z
HD-US,HD-US_FY2024_A,2024,FY,2024-01-31,FF_SALES,159929.14,USD,159929.14,FDB_FF,2026-03-04T23:00:00Z
HD-US,HD-US_FY2024_Q1,2024,Q1,2023-04-30,FF_SALES,40829.84,USD,40829.84,FDB_FF,2026-03-04T23:00:00Z
HD-US,HD-US_FY2024_Q2,2024,Q2,2023-07-31,FF_SALES,37291.57,USD,37291.57,FDB_FF,2026-03-04T23:00:00Z
HD-US,HD-US_FY2024_Q3,2024,Q3,2023-10-31,FF_SALES,41029.64,USD,41029.64,FDB_FF,2026-03-04T23:00:00Z
HD-US,HD-US_FY2024_Q4,2024,Q4,2024-01-31,FF_SALES,40778.1,USD,40778.1,FDB_FF,2026-03-04T23:00:00Z
HD-US,HD-US_FY2025_A,2025,FY,2025-01-31,FF_SALES,162158.85,USD,162158.85,FDB_FF,2026-03-04T23:00:00Z
HD-US,HD-US_FY2025_Q1,2025,Q1,2024-04-30,FF_SALES,42890.4,USD,42890.4,FDB_FF,2026-03-04T23:00:00Z
HD-US,HD-US_FY2025_Q2,2025,Q2,2024-07-31,FF_SALES,36106.39,USD,36106.39,FDB_FF,2026-03-04T23:00:00Z
HD-US,HD-US_FY2025_Q3,2025,Q3,2024-10-31,FF_SALES,37674.79,USD,37674.79,FDB_FF,2026-03-04T23:00:00Z
HD-US,HD-US_FY2025_Q4,2025,Q4,2025-01-31,FF_SALES,45487.27,USD,45487.27,FDB_FF,2026-03-04T23:00:00Z
BAC-US,BAC-US_FY2021_A,2021,FY,2021-12-31,FF_SALES,76852.57,USD,76852.57,FDB_FF,2026-03-04T23:00:00Z
BAC-US,BAC-US_FY2021_Q1,2021,Q1,2021-03-31,FF_SALES,19328.7,USD,19328.7,FDB_FF,2026-03-04T23:00:00Z
BAC-US,BAC-US_FY2021_Q2,2021,Q2,2021-06-30,FF_SALES,20412.61,USD,20412.61,FDB_FF,2026-03-04T23:00:00Z
BAC-US,BAC-US_FY2021_Q3,2021,Q3,2021-09-30,FF_SALES,19394.33,USD,19394.33,FDB_FF,2026-03-04T23:00:00Z
BAC-US,BAC-US_FY2021_Q4,2021,Q4,2021-12-31,FF_SALES,17716.92,USD,17716.92,FDB_FF,2026-03-04T23:00:00Z
BAC-US,BAC-US_FY2022_A,2022,FY,2022-12-31,FF_SALES,79467.76,USD,79467.76,FDB_FF,2026-03-04T23:00:00Z
BAC-US,BAC-US_FY2022_Q1,2022,Q1,2022-03-31,FF_SALES,20907.29,USD,20907.29,FDB_FF,2026-03-04T23:00:00Z
BAC-US,BAC-US_FY2022_Q2,2022,Q2,2022-06-30,FF_SALES,18598.66,USD,18598.66,FDB_FF,2026-03-04T23:00:00Z
BAC-US,BAC-US_FY2022_Q3,2022,Q3,2022-09-30,FF_SALES,19400.76,USD,19400.76,FDB_FF,2026-03-04T23:00:00Z
BAC-US,BAC-US_FY2022_Q4,2022,Q4,2022-12-31,FF_SALES,20561.05,USD,20561.05,FDB_FF,2026-03-04T23:00:00Z
BAC-US,BAC-US_FY2023_A,2023,FY,2023-12-31,FF_SALES,87662.39,USD,87662.39,FDB_FF,2026-03-04T23:00:00Z
BAC-US,BAC-US_FY2023_Q1,2023,Q1,2023-03-31,FF_SALES,21984.9,USD,21984.9,FDB_FF,2026-03-04T23:00:00Z
BAC-US,BAC-US_FY2023_Q2,2023,Q2,2023-06-30,FF_SALES,18526.2,USD,18526.2,FDB_FF,2026-03-04T23:00:00Z
BAC-US,BAC-US_FY2023_Q3,2023,Q3,2023-09-30,FF_SALES,21720.54,USD,21720.54,FDB_FF,2026-03-04T23:00:00Z
BAC-US,BAC-US_FY2023_Q4,2023,Q4,2023-12-31,FF_SALES,25430.75,USD,25430.75,FDB_FF,2026-03-04T23:00:00Z
BAC-US,BAC-US_FY2024_A,2024,FY,2024-12-31,FF_SALES,98242.32,USD,98242.32,FDB_FF,2026-03-04T23:00:00Z
BAC-US,BAC-US_FY2024_Q1,2024,Q1,2024-03-31,FF_SALES,27203.18,USD,27203.18,FDB_FF,2026-03-04T23:00:00Z
BAC-US,BAC-US_FY2024_Q2,2024,Q2,2024-06-30,FF_SALES,22280.9,USD,22280.9,FDB_FF,2026-03-04T23:00:00Z
BAC-US,BAC-US_FY2024_Q3,2024,Q3,2024-09-30,FF_SALES,25306.56,USD,25306.56,FDB_FF,2026-03-04T23:00:00Z
BAC-US,BAC-US_FY2024_Q4,2024,Q4,2024-12-31,FF_SALES,23451.68,USD,23451.68,FDB_FF,2026-03-04T23:00:00Z
BAC-US,BAC-US_FY2025_A,2025,FY,2025-12-31,FF_SALES,105183.2,USD,105183.2,FDB_FF,2026-03-04T23:00:00Z
BAC-US,BAC-US_FY2025_Q1,2025,Q1,2025-03-31,FF_SALES,26228.87,USD,26228.87,FDB_FF,2026-03-04T23:00:00Z
BAC-US,BAC-US_FY2025_Q2,2025,Q2,2025-06-30,FF_SALES,26215.67,USD,26215.67,FDB_FF,2026-03-04T23:00:00Z
BAC-US,BAC-US_FY2025_Q3,2025,Q3,2025-09-30,FF_SALES,28771.94,USD,28771.94,FDB_FF,2026-03-04T23:00:00Z
BAC-US,BAC-US_FY2025_Q4,2025,Q4,2025-12-31,FF_SALES,23966.72,USD,23966.72,FDB_FF,2026-03-04T23:00:00Z
KO-US,KO-US_FY2021_A,2021,FY,2021-12-31,FF_SALES,38491.86,USD,38491.86,FDB_FF,2026-03-04T23:00:00Z
KO-US,KO-US_FY2021_Q1,2021,Q1,2021-03-31,FF_SALES,10098.51,USD,10098.51,FDB_FF,2026-03-04T23:00:00Z
KO-US,KO-US_FY2021_Q2,2021,Q2,2021-06-30,FF_SALES,9093.53,USD,9093.53,FDB_FF,2026-03-04T23:00:00Z
KO-US,KO-US_FY2021_Q3,2021,Q3,2021-09-30,FF_SALES,10363.43,USD,10363.43,FDB_FF,2026-03-04T23:00:00Z
KO-US,KO-US_FY2021_Q4,2021,Q4,2021-12-31,FF_SALES,8936.38,USD,8936.38,FDB_FF,2026-03-04T23:00:00Z
KO-US,KO-US_FY2022_A,2022,FY,2022-12-31,FF_SALES,41357.63,USD,41357.63,FDB_FF,2026-03-04T23:00:00Z
KO-US,KO-US_FY2022_Q1,2022,Q1,2022-03-31,FF_SALES,9301.6,USD,9301.6,FDB_FF,2026-03-04T23:00:00Z
KO-US,KO-US_FY2022_Q2,2022,Q2,2022-06-30,FF_SALES,10985.99,USD,10985.99,FDB_FF,2026-03-04T23:00:00Z
KO-US,KO-US_FY2022_Q3,2022,Q3,2022-09-30,FF_SALES,11767.81,USD,11767.81,FDB_FF,2026-03-04T23:00:00Z
KO-US,KO-US_FY2022_Q4,2022,Q4,2022-12-31,FF_SALES,9302.23,USD,9302.23,FDB_FF,2026-03-04T23:00:00Z
KO-US,KO-US_FY2023_A,2023,FY,2023-12-31,FF_SALES,44606.27,USD,44606.27,FDB_FF,2026-03-04T23:00:00Z
KO-US,KO-US_FY2023_Q1,2023,Q1,2023-03-31,FF_SALES,10553.66,USD,10553.66,FDB_FF,2026-03-04T23:00:00Z
KO-US,KO-US_FY2023_Q2,2023,Q2,2023-06-30,FF_SALES,12164.59,USD,12164.59,FDB_FF,2026-03-04T23:00:00Z
KO-US,KO-US_FY2023_Q3,2023,Q3,2023-09-30,FF_SALES,10131.57,USD,10131.57,FDB_FF,2026-03-04T23:00:00Z
KO-US,KO-US_FY2023_Q4,2023,Q4,2023-12-31,FF_SALES,11756.45,USD,11756.45,FDB_FF,2026-03-04T23:00:00Z
KO-US,KO-US_FY2024_A,2024,FY,2024-12-31,FF_SALES,44264.23,USD,44264.23,FDB_FF,2026-03-04T23:00:00Z
KO-US,KO-US_FY2024_Q1,2024,Q1,2024-03-31,FF_SALES,10078.67,USD,10078.67,FDB_FF,2026-03-04T23:00:00Z
KO-US,KO-US_FY2024_Q2,2024,Q2,2024-06-30,FF_SALES,11960.19,USD,11960.19,FDB_FF,2026-03-04T23:00:00Z
KO-US,KO-US_FY2024_Q3,2024,Q3,2024-09-30,FF_SALES,10305.12,USD,10305.12,FDB_FF,2026-03-04T23:00:00Z
KO-US,KO-US_FY2024_Q4,2024,Q4,2024-12-31,FF_SALES,11920.25,USD,11920.25,FDB_FF,2026-03-04T23:00:00Z
KO-US,KO-US_FY2025_A,2025,FY,2025-12-31,FF_SALES,49415.92,USD,49415.92,FDB_FF,2026-03-04T23:00:00Z
KO-US,KO-US_FY2025_Q1,2025,Q1,2025-03-31,FF_SALES,12515.27,USD,12515.27,FDB_FF,2026-03-04T23:00:00Z
KO-US,KO-US_FY2025_Q2,2025,Q2,2025-06-30,FF_SALES,11568.6,USD,11568.6,FDB_FF,2026-03-04T23:00:00Z
KO-US,KO-US_FY2025_Q3,2025,Q3,2025-09-30,FF_SALES,11221.17,USD,11221.17,FDB_FF,2026-03-04T23:00:00Z
KO-US,KO-US_FY2025_Q4,2025,Q4,2025-12-31,FF_SALES,14110.87,USD,14110.87,FDB_FF,2026-03-04T23:00:00Z
APLE-US,APLE-US_FY2021_A,2021,FY,2021-12-31,FF_SALES,1075.44,USD,1075.44,FDB_FF,2026-03-04T23:00:00Z
APLE-US,APLE-US_FY2021_Q1,2021,Q1,2021-03-31,FF_SALES,262.99,USD,262.99,FDB_FF,2026-03-04T23:00:00Z
APLE-US,APLE-US_FY2021_Q2,2021,Q2,2021-06-30,FF_SALES,276.0,USD,276.0,FDB_FF,2026-03-04T23:00:00Z
APLE-US,APLE-US_FY2021_Q3,2021,Q3,2021-09-30,FF_SALES,263.15,USD,263.15,FDB_FF,2026-03-04T23:00:00Z
APLE-US,APLE-US_FY2021_Q4,2021,Q4,2021-12-31,FF_SALES,273.32,USD,273.32,FDB_FF,2026-03-04T23:00:00Z
APLE-US,APLE-US_FY2022_A,2022,FY,2022-12-31,FF_SALES,1225.92,USD,1225.92,FDB_FF,2026-03-04T23:00:00Z
APLE-US,APLE-US_FY2022_Q1,2022,Q1,2022-03-31,FF_SALES,317.27,USD,317.27,FDB_FF,2026-03-04T23:00:00Z
APLE-US,APLE-US_FY2022_Q2,2022,Q2,2022-06-30,FF_SALES,291.45,USD,291.45,FDB_FF,2026-03-04T23:00:00Z
APLE-US,APLE-US_FY2022_Q3,2022,Q3,2022-09-30,FF_SALES,310.49,USD,310.49,FDB_FF,2026-03-04T23:00:00Z
APLE-US,APLE-US_FY2022_Q4,2022,Q4,2022-12-31,FF_SALES,306.72,USD,306.72,FDB_FF,2026-03-04T23:00:00Z
APLE-US,APLE-US_FY2023_A,2023,FY,2023-12-31,FF_SALES,1328.77,USD,1328.77,FDB_FF,2026-03-04T23:00:00Z
APLE-US,APLE-US_FY2023_Q1,2023,Q1,2023-03-31,FF_SALES,332.44,USD,332.44,FDB_FF,2026-03-04T23:00:00Z
APLE-US,APLE-US_FY2023_Q2,2023,Q2,2023-06-30,FF_SALES,287.58,USD,287.58,FDB_FF,2026-03-04T23:00:00Z
APLE-US,APLE-US_FY2023_Q3,2023,Q3,2023-09-30,FF_SALES,350.01,USD,350.01,FDB_FF,2026-03-04T23:00:00Z
APLE-US,APLE-US_FY2023_Q4,2023,Q4,2023-12-31,FF_SALES,358.75,USD,358.75,FDB_FF,2026-03-04T23:00:00Z
APLE-US,APLE-US_FY2024_A,2024,FY,2024-12-31,FF_SALES,1306.92,USD,1306.92,FDB_FF,2026-03-04T23:00:00Z
APLE-US,APLE-US_FY2024_Q1,2024,Q1,2024-03-31,FF_SALES,331.18,USD,331.18,FDB_FF,2026-03-04T23:00:00Z
APLE-US,APLE-US_FY2024_Q2,2024,Q2,2024-06-30,FF_SALES,349.04,USD,349.04,FDB_FF,2026-03-04T23:00:00Z
APLE-US,APLE-US_FY2024_Q3,2024,Q3,2024-09-30,FF_SALES,268.59,USD,268.59,FDB_FF,2026-03-04T23:00:00Z
APLE-US,APLE-US_FY2024_Q4,2024,Q4,2024-12-31,FF_SALES,358.11,USD,358.11,FDB_FF,2026-03-04T23:00:00Z
APLE-US,APLE-US_FY2025_A,2025,FY,2025-12-31,FF_SALES,1493.74,USD,1493.74,FDB_FF,2026-03-04T23:00:00Z
APLE-US,APLE-US_FY2025_Q1,2025,Q1,2025-03-31,FF_SALES,345.16,USD,345.16,FDB_FF,2026-03-04T23:00:00Z
APLE-US,APLE-US_FY2025_Q2,2025,Q2,2025-06-30,FF_SALES,331.67,USD,331.67,FDB_FF,2026-03-04T23:00:00Z
APLE-US,APLE-US_FY2025_Q3,2025,Q3,2025-09-30,FF_SALES,378.54,USD,378.54,FDB_FF,2026-03-04T23:00:00Z
APLE-US,APLE-US_FY2025_Q4,2025,Q4,2025-12-31,FF_SALES,438.37,USD,438.37,FDB_FF,2026-03-04T23:00:00Z
DAL-US,DAL-US_FY2021_A,2021,FY,2021-12-31,FF_SALES,48671.82,USD,48671.82,FDB_FF,2026-03-04T23:00:00Z
DAL-US,DAL-US_FY2021_Q1,2021,Q1,2021-03-31,FF_SALES,13072.16,USD,13072.16,FDB_FF,2026-03-04T23:00:00Z
DAL-US,DAL-US_FY2021_Q2,2021,Q2,2021-06-30,FF_SALES,9995.43,USD,9995.43,FDB_FF,2026-03-04T23:00:00Z
DAL-US,DAL-US_FY2021_Q3,2021,Q3,2021-09-30,FF_SALES,12954.67,USD,12954.67,FDB_FF,2026-03-04T23:00:00Z
DAL-US,DAL-US_FY2021_Q4,2021,Q4,2021-12-31,FF_SALES,12649.55,USD,12649.55,FDB_FF,2026-03-04T23:00:00Z
DAL-US,DAL-US_FY2022_A,2022,FY,2022-12-31,FF_SALES,47230.17,USD,47230.17,FDB_FF,2026-03-04T23:00:00Z
DAL-US,DAL-US_FY2022_Q1,2022,Q1,2022-03-31,FF_SALES,12658.71,USD,12658.71,FDB_FF,2026-03-04T23:00:00Z
DAL-US,DAL-US_FY2022_Q2,2022,Q2,2022-06-30,FF_SALES,13013.99,USD,13013.99,FDB_FF,2026-03-04T23:00:00Z
DAL-US,DAL-US_FY2022_Q3,2022,Q3,2022-09-30,FF_SALES,11873.07,USD,11873.07,FDB_FF,2026-03-04T23:00:00Z
DAL-US,DAL-US_FY2022_Q4,2022,Q4,2022-12-31,FF_SALES,9684.4,USD,9684.4,FDB_FF,2026-03-04T23:00:00Z
DAL-US,DAL-US_FY2023_A,2023,FY,2023-12-31,FF_SALES,54162.09,USD,54162.09,FDB_FF,2026-03-04T23:00:00Z
DAL-US,DAL-US_FY2023_Q1,2023,Q1,2023-03-31,FF_SALES,15179.43,USD,15179.43,FDB_FF,2026-03-04T23:00:00Z
DAL-US,DAL-US_FY2023_Q2,2023,Q2,2023-06-30,FF_SALES,12804.13,USD,12804.13,FDB_FF,2026-03-04T23:00:00Z
DAL-US,DAL-US_FY2023_Q3,2023,Q3,2023-09-30,FF_SALES,13246.94,USD,13246.94,FDB_FF,2026-03-04T23:00:00Z
DAL-US,DAL-US_FY2023_Q4,2023,Q4,2023-12-31,FF_SALES,12931.6,USD,12931.6,FDB_FF,2026-03-04T23:00:00Z
DAL-US,DAL-US_FY2024_A,2024,FY,2024-12-31,FF_SALES,56934.77,USD,56934.77,FDB_FF,2026-03-04T23:00:00Z
DAL-US,DAL-US_FY2024_Q1,2024,Q1,2024-03-31,FF_SALES,13173.41,USD,13173.41,FDB_FF,2026-03-04T23:00:00Z
DAL-US,DAL-US_FY2024_Q2,2024,Q2,2024-06-30,FF_SALES,16033.71,USD,16033.71,FDB_FF,2026-03-04T23:00:00Z
DAL-US,DAL-US_FY2024_Q3,2024,Q3,2024-09-30,FF_SALES,15880.41,USD,15880.41,FDB_FF,2026-03-04T23:00:00Z
DAL-US,DAL-US_FY2024_Q4,2024,Q4,2024-12-31,FF_SALES,11847.24,USD,11847.24,FDB_FF,2026-03-04T23:00:00Z
DAL-US,DAL-US_FY2025_A,2025,FY,2025-12-31,FF_SALES,65028.47,USD,65028.47,FDB_FF,2026-03-04T23:00:00Z
DAL-US,DAL-US_FY2025_Q1,2025,Q1,2025-03-31,FF_SALES,16157.88,USD,16157.88,FDB_FF,2026-03-04T23:00:00Z
DAL-US,DAL-US_FY2025_Q2,2025,Q2,2025-06-30,FF_SALES,17341.85,USD,17341.85,FDB_FF,2026-03-04T23:00:00Z
DAL-US,DAL-US_FY2025_Q3,2025,Q3,2025-09-30,FF_SALES,16597.59,USD,16597.59,FDB_FF,2026-03-04T23:00:00Z
DAL-US,DAL-US_FY2025_Q4,2025,Q4,2025-12-31,FF_SALES,14931.15,USD,14931.15,FDB_FF,2026-03-04T23:00:00Z
DELT-TW,DELT-TW_FY2021_A,2021,FY,2021-12-31,FF_SALES,342851.69,TWD,10628.4,FDB_FF,2026-03-04T23:00:00Z
DELT-TW,DELT-TW_FY2021_Q1,2021,Q1,2021-03-31,FF_SALES,77059.93,TWD,2388.86,FDB_FF,2026-03-04T23:00:00Z
DELT-TW,DELT-TW_FY2021_Q2,2021,Q2,2021-06-30,FF_SALES,95326.77,TWD,2955.13,FDB_FF,2026-03-04T23:00:00Z
DELT-TW,DELT-TW_FY2021_Q3,2021,Q3,2021-09-30,FF_SALES,86160.49,TWD,2670.98,FDB_FF,2026-03-04T23:00:00Z
DELT-TW,DELT-TW_FY2021_Q4,2021,Q4,2021-12-31,FF_SALES,84304.49,TWD,2613.44,FDB_FF,2026-03-04T23:00:00Z
DELT-TW,DELT-TW_FY2022_A,2022,FY,2022-12-31,FF_SALES,355576.59,TWD,11022.87,FDB_FF,2026-03-04T23:00:00Z
DELT-TW,DELT-TW_FY2022_Q1,2022,Q1,2022-03-31,FF_SALES,90910.05,TWD,2818.21,FDB_FF,2026-03-04T23:00:00Z
DELT-TW,DELT-TW_FY2022_Q2,2022,Q2,2022-06-30,FF_SALES,75510.06,TWD,2340.81,FDB_FF,2026-03-04T23:00:00Z
DELT-TW,DELT-TW_FY2022_Q3,2022,Q3,2022-09-30,FF_SALES,94927.46,TWD,2942.75,FDB_FF,2026-03-04T23:00:00Z
DELT-TW,DELT-TW_FY2022_Q4,2022,Q4,2022-12-31,FF_SALES,94229.01,TWD,2921.1,FDB_FF,2026-03-04T23:00:00Z
DELT-TW,DELT-TW_FY2023_A,2023,FY,2023-12-31,FF_SALES,343960.82,TWD,10662.79,FDB_FF,2026-03-04T23:00:00Z
DELT-TW,DELT-TW_FY2023_Q1,2023,Q1,2023-03-31,FF_SALES,97168.26,TWD,3012.22,FDB_FF,2026-03-04T23:00:00Z
DELT-TW,DELT-TW_FY2023_Q2,2023,Q2,2023-06-30,FF_SALES,75662.81,TWD,2345.55,FDB_FF,2026-03-04T23:00:00Z
DELT-TW,DELT-TW_FY2023_Q3,2023,Q3,2023-09-30,FF_SALES,83109.68,TWD,2576.4,FDB_FF,2026-03-04T23:00:00Z
DELT-TW,DELT-TW_FY2023_Q4,2023,Q4,2023-12-31,FF_SALES,88020.08,TWD,2728.62,FDB_FF,2026-03-04T23:00:00Z
DELT-TW,DELT-TW_FY2024_A,2024,FY,2024-12-31,FF_SALES,352834.28,TWD,10937.86,FDB_FF,2026-03-04T23:00:00Z
DELT-TW,DELT-TW_FY2024_Q1,2024,Q1,2024-03-31,FF_SALES,77186.2,TWD,2392.77,FDB_FF,2026-03-04T23:00:00Z
DELT-TW,DELT-TW_FY2024_Q2,2024,Q2,2024-06-30,FF_SALES,108470.55,TWD,3362.59,FDB_FF,2026-03-04T23:00:00Z
DELT-TW,DELT-TW_FY2024_Q3,2024,Q3,2024-09-30,FF_SALES,83012.73,TWD,2573.39,FDB_FF,2026-03-04T23:00:00Z
DELT-TW,DELT-TW_FY2024_Q4,2024,Q4,2024-12-31,FF_SALES,84164.8,TWD,2609.11,FDB_FF,2026-03-04T23:00:00Z
DELT-TW,DELT-TW_FY2025_A,2025,FY,2025-12-31,FF_SALES,391493.08,TWD,12136.29,FDB_FF,2026-03-04T23:00:00Z
DELT-TW,DELT-TW_FY2025_Q1,2025,Q1,2025-03-31,FF_SALES,89842.76,TWD,2785.13,FDB_FF,2026-03-04T23:00:00Z
DELT-TW,DELT-TW_FY2025_Q2,2025,Q2,2025-06-30,FF_SALES,110571.98,TWD,3427.73,FDB_FF,2026-03-04T23:00:00Z
DELT-TW,DELT-TW_FY2025_Q3,2025,Q3,2025-09-30,FF_SALES,103695.16,TWD,3214.55,FDB_FF,2026-03-04T23:00:00Z
DELT-TW,DELT-TW_FY2025_Q4,2025,Q4,2025-12-31,FF_SALES,87383.18,TWD,2708.88,FDB_FF,2026-03-04T23:00:00Z
GS-US,GS-US_FY2021_A,2021,FY,2021-12-31,FF_SALES,45585.75,USD,45585.75,FDB_FF,2026-03-04T23:00:00Z
GS-US,GS-US_FY2021_Q1,2021,Q1,2021-03-31,FF_SALES,9457.83,USD,9457.83,FDB_FF,2026-03-04T23:00:00Z
GS-US,GS-US_FY2021_Q2,2021,Q2,2021-06-30,FF_SALES,12334.99,USD,12334.99,FDB_FF,2026-03-04T23:00:00Z
GS-US,GS-US_FY2021_Q3,2021,Q3,2021-09-30,FF_SALES,11285.2,USD,11285.2,FDB_FF,2026-03-04T23:00:00Z
GS-US,GS-US_FY2021_Q4,2021,Q4,2021-12-31,FF_SALES,12507.72,USD,12507.72,FDB_FF,2026-03-04T23:00:00Z
GS-US,GS-US_FY2022_A,2022,FY,2022-12-31,FF_SALES,49602.85,USD,49602.85,FDB_FF,2026-03-04T23:00:00Z
GS-US,GS-US_FY2022_Q1,2022,Q1,2022-03-31,FF_SALES,13094.69,USD,13094.69,FDB_FF,2026-03-04T23:00:00Z
GS-US,GS-US_FY2022_Q2,2022,Q2,2022-06-30,FF_SALES,12327.19,USD,12327.19,FDB_FF,2026-03-04T23:00:00Z
GS-US,GS-US_FY2022_Q3,2022,Q3,2022-09-30,FF_SALES,13822.35,USD,13822.35,FDB_FF,2026-03-04T23:00:00Z
GS-US,GS-US_FY2022_Q4,2022,Q4,2022-12-31,FF_SALES,10358.62,USD,10358.62,FDB_FF,2026-03-04T23:00:00Z
GS-US,GS-US_FY2023_A,2023,FY,2023-12-31,FF_SALES,49321.07,USD,49321.07,FDB_FF,2026-03-04T23:00:00Z
GS-US,GS-US_FY2023_Q1,2023,Q1,2023-03-31,FF_SALES,13206.44,USD,13206.44,FDB_FF,2026-03-04T23:00:00Z
GS-US,GS-US_FY2023_Q2,2023,Q2,2023-06-30,FF_SALES,11314.7,USD,11314.7,FDB_FF,2026-03-04T23:00:00Z
GS-US,GS-US_FY2023_Q3,2023,Q3,2023-09-30,FF_SALES,12665.62,USD,12665.62,FDB_FF,2026-03-04T23:00:00Z
GS-US,GS-US_FY2023_Q4,2023,Q4,2023-12-31,FF_SALES,12134.3,USD,12134.3,FDB_FF,2026-03-04T23:00:00Z
GS-US,GS-US_FY2024_A,2024,FY,2024-12-31,FF_SALES,52092.14,USD,52092.14,FDB_FF,2026-03-04T23:00:00Z
GS-US,GS-US_FY2024_Q1,2024,Q1,2024-03-31,FF_SALES,12381.05,USD,12381.05,FDB_FF,2026-03-04T23:00:00Z
GS-US,GS-US_FY2024_Q2,2024,Q2,2024-06-30,FF_SALES,14016.7,USD,14016.7,FDB_FF,2026-03-04T23:00:00Z
GS-US,GS-US_FY2024_Q3,2024,Q3,2024-09-30,FF_SALES,11897.59,USD,11897.59,FDB_FF,2026-03-04T23:00:00Z
GS-US,GS-US_FY2024_Q4,2024,Q4,2024-12-31,FF_SALES,13796.8,USD,13796.8,FDB_FF,2026-03-04T23:00:00Z
GS-US,GS-US_FY2025_A,2025,FY,2025-12-31,FF_SALES,52310.06,USD,52310.06,FDB_FF,2026-03-04T23:00:00Z
GS-US,GS-US_FY2025_Q1,2025,Q1,2025-03-31,FF_SALES,13561.53,USD,13561.53,FDB_FF,2026-03-04T23:00:00Z
GS-US,GS-US_FY2025_Q2,2025,Q2,2025-06-30,FF_SALES,12773.96,USD,12773.96,FDB_FF,2026-03-04T23:00:00Z
GS-US,GS-US_FY2025_Q3,2025,Q3,2025-09-30,FF_SALES,13207.23,USD,13207.23,FDB_FF,2026-03-04T23:00:00Z
GS-US,GS-US_FY2025_Q4,2025,Q4,2025-12-31,FF_SALES,12767.33,USD,12767.33,FDB_FF,2026-03-04T23:00:00Z
BRK.A-US,BRK.A-US_FY2021_A,2021,FY,2021-12-31,FF_SALES,307188.21,USD,307188.21,FDB_FF,2026-03-04T23:00:00Z
BRK.A-US,BRK.A-US_FY2021_Q1,2021,Q1,2021-03-31,FF_SALES,69847.04,USD,69847.04,FDB_FF,2026-03-04T23:00:00Z
BRK.A-US,BRK.A-US_FY2021_Q2,2021,Q2,2021-06-30,FF_SALES,70845.44,USD,70845.44,FDB_FF,2026-03-04T23:00:00Z
BRK.A-US,BRK.A-US_FY2021_Q3,2021,Q3,2021-09-30,FF_SALES,79405.96,USD,79405.96,FDB_FF,2026-03-04T23:00:00Z
BRK.A-US,BRK.A-US_FY2021_Q4,2021,Q4,2021-12-31,FF_SALES,87089.77,USD,87089.77,FDB_FF,2026-03-04T23:00:00Z
BRK.A-US,BRK.A-US_FY2022_A,2022,FY,2022-12-31,FF_SALES,351829.23,USD,351829.23,FDB_FF,2026-03-04T23:00:00Z
BRK.A-US,BRK.A-US_FY2022_Q1,2022,Q1,2022-03-31,FF_SALES,97584.46,USD,97584.46,FDB_FF,2026-03-04T23:00:00Z
BRK.A-US,BRK.A-US_FY2022_Q2,2022,Q2,2022-06-30,FF_SALES,88244.46,USD,88244.46,FDB_FF,2026-03-04T23:00:00Z
BRK.A-US,BRK.A-US_FY2022_Q3,2022,Q3,2022-09-30,FF_SALES,81191.37,USD,81191.37,FDB_FF,2026-03-04T23:00:00Z
BRK.A-US,BRK.A-US_FY2022_Q4,2022,Q4,2022-12-31,FF_SALES,84808.95,USD,84808.95,FDB_FF,2026-03-04T23:00:00Z
BRK.A-US,BRK.A-US_FY2023_A,2023,FY,2023-12-31,FF_SALES,350244.82,USD,350244.82,FDB_FF,2026-03-04T23:00:00Z
BRK.A-US,BRK.A-US_FY2023_Q1,2023,Q1,2023-03-31,FF_SALES,84796.16,USD,84796.16,FDB_FF,2026-03-04T23:00:00Z
BRK.A-US,BRK.A-US_FY2023_Q2,2023,Q2,2023-06-30,FF_SALES,78365.05,USD,78365.05,FDB_FF,2026-03-04T23:00:00Z
BRK.A-US,BRK.A-US_FY2023_Q3,2023,Q3,2023-09-30,FF_SALES,98596.32,USD,98596.32,FDB_FF,2026-03-04T23:00:00Z
BRK.A-US,BRK.A-US_FY2023_Q4,2023,Q4,2023-12-31,FF_SALES,88487.28,USD,88487.28,FDB_FF,2026-03-04T23:00:00Z
BRK.A-US,BRK.A-US_FY2024_A,2024,FY,2024-12-31,FF_SALES,400980.92,USD,400980.92,FDB_FF,2026-03-04T23:00:00Z
BRK.A-US,BRK.A-US_FY2024_Q1,2024,Q1,2024-03-31,FF_SALES,99931.34,USD,99931.34,FDB_FF,2026-03-04T23:00:00Z
BRK.A-US,BRK.A-US_FY2024_Q2,2024,Q2,2024-06-30,FF_SALES,105569.38,USD,105569.38,FDB_FF,2026-03-04T23:00:00Z
BRK.A-US,BRK.A-US_FY2024_Q3,2024,Q3,2024-09-30,FF_SALES,83216.64,USD,83216.64,FDB_FF,2026-03-04T23:00:00Z
BRK.A-US,BRK.A-US_FY2024_Q4,2024,Q4,2024-12-31,FF_SALES,112263.56,USD,112263.56,FDB_FF,2026-03-04T23:00:00Z
BRK.A-US,BRK.A-US_FY2025_A,2025,FY,2025-12-31,FF_SALES,420298.48,USD,420298.48,FDB_FF,2026-03-04T23:00:00Z
BRK.A-US,BRK.A-US_FY2025_Q1,2025,Q1,2025-03-31,FF_SALES,116582.08,USD,116582.08,FDB_FF,2026-03-04T23:00:00Z
BRK.A-US,BRK.A-US_FY2025_Q2,2025,Q2,2025-06-30,FF_SALES,104461.9,USD,104461.9,FDB_FF,2026-03-04T23:00:00Z
BRK.A-US,BRK.A-US_FY2025_Q3,2025,Q3,2025-09-30,FF_SALES,100214.24,USD,100214.24,FDB_FF,2026-03-04T23:00:00Z
BRK.A-US,BRK.A-US_FY2025_Q4,2025,Q4,2025-12-31,FF_SALES,99040.26,USD,99040.26,FDB_FF,2026-03-04T23:00:00Z
NKE-US,NKE-US_FY2021_A,2021,FY,2021-05-31,FF_SALES,38785.38,USD,38785.38,FDB_FF,2026-03-04T23:00:00Z
NKE-US,NKE-US_FY2021_Q1,2021,Q1,2020-08-31,FF_SALES,10719.26,USD,10719.26,FDB_FF,2026-03-04T23:00:00Z
NKE-US,NKE-US_FY2021_Q2,2021,Q2,2020-11-30,FF_SALES,9030.55,USD,9030.55,FDB_FF,2026-03-04T23:00:00Z
NKE-US,NKE-US_FY2021_Q3,2021,Q3,2021-02-28,FF_SALES,10285.73,USD,10285.73,FDB_FF,2026-03-04T23:00:00Z
NKE-US,NKE-US_FY2021_Q4,2021,Q4,2021-05-31,FF_SALES,8749.83,USD,8749.83,FDB_FF,2026-03-04T23:00:00Z
NKE-US,NKE-US_FY2022_A,2022,FY,2022-05-31,FF_SALES,37420.77,USD,37420.77,FDB_FF,2026-03-04T23:00:00Z
NKE-US,NKE-US_FY2022_Q1,2022,Q1,2021-08-31,FF_SALES,10473.12,USD,10473.12,FDB_FF,2026-03-04T23:00:00Z
NKE-US,NKE-US_FY2022_Q2,2022,Q2,2021-11-30,FF_SALES,8179.55,USD,8179.55,FDB_FF,2026-03-04T23:00:00Z
NKE-US,NKE-US_FY2022_Q3,2022,Q3,2022-02-28,FF_SALES,8560.28,USD,8560.28,FDB_FF,2026-03-04T23:00:00Z
NKE-US,NKE-US_FY2022_Q4,2022,Q4,2022-05-31,FF_SALES,10207.82,USD,10207.82,FDB_FF,2026-03-04T23:00:00Z
NKE-US,NKE-US_FY2023_A,2023,FY,2023-05-31,FF_SALES,37823.69,USD,37823.69,FDB_FF,2026-03-04T23:00:00Z
NKE-US,NKE-US_FY2023_Q1,2023,Q1,2022-08-31,FF_SALES,10802.21,USD,10802.21,FDB_FF,2026-03-04T23:00:00Z
NKE-US,NKE-US_FY2023_Q2,2023,Q2,2022-11-30,FF_SALES,7643.48,USD,7643.48,FDB_FF,2026-03-04T23:00:00Z
NKE-US,NKE-US_FY2023_Q3,2023,Q3,2023-02-28,FF_SALES,9974.26,USD,9974.26,FDB_FF,2026-03-04T23:00:00Z
NKE-US,NKE-US_FY2023_Q4,2023,Q4,2023-05-31,FF_SALES,9403.73,USD,9403.73,FDB_FF,2026-03-04T23:00:00Z
NKE-US,NKE-US_FY2024_A,2024,FY,2024-05-31,FF_SALES,41914.25,USD,41914.25,FDB_FF,2026-03-04T23:00:00Z
NKE-US,NKE-US_FY2024_Q1,2024,Q1,2023-08-31,FF_SALES,9675.68,USD,9675.68,FDB_FF,2026-03-04T23:00:00Z
NKE-US,NKE-US_FY2024_Q2,2024,Q2,2023-11-30,FF_SALES,10966.32,USD,10966.32,FDB_FF,2026-03-04T23:00:00Z
NKE-US,NKE-US_FY2024_Q3,2024,Q3,2024-02-28,FF_SALES,10653.06,USD,10653.06,FDB_FF,2026-03-04T23:00:00Z
NKE-US,NKE-US_FY2024_Q4,2024,Q4,2024-05-31,FF_SALES,10619.18,USD,10619.18,FDB_FF,2026-03-04T23:00:00Z
NKE-US,NKE-US_FY2025_A,2025,FY,2025-05-31,FF_SALES,47029.18,USD,47029.18,FDB_FF,2026-03-04T23:00:00Z
NKE-US,NKE-US_FY2025_Q1,2025,Q1,2024-08-31,FF_SALES,13359.09,USD,13359.09,FDB_FF,2026-03-04T23:00:00Z
NKE-US,NKE-US_FY2025_Q2,2025,Q2,2024-11-30,FF_SALES,10300.16,USD,10300.16,FDB_FF,2026-03-04T23:00:00Z
NKE-US,NKE-US_FY2025_Q3,2025,Q3,2025-02-28,FF_SALES,11710.43,USD,11710.43,FDB_FF,2026-03-04T23:00:00Z
NKE-US,NKE-US_FY2025_Q4,2025,Q4,2025-05-31,FF_SALES,11659.51,USD,11659.51,FDB_FF,2026-03-04T23:00:00Z
FDX-US,FDX-US_FY2021_A,2021,FY,2021-05-31,FF_SALES,74079.45,USD,74079.45,FDB_FF,2026-03-04T23:00:00Z
FDX-US,FDX-US_FY2021_Q1,2021,Q1,2020-08-31,FF_SALES,17707.5,USD,17707.5,FDB_FF,2026-03-04T23:00:00Z
FDX-US,FDX-US_FY2021_Q2,2021,Q2,2020-11-30,FF_SALES,17733.46,USD,17733.46,FDB_FF,2026-03-04T23:00:00Z
FDX-US,FDX-US_FY2021_Q3,2021,Q3,2021-02-28,FF_SALES,21337.88,USD,21337.88,FDB_FF,2026-03-04T23:00:00Z
FDX-US,FDX-US_FY2021_Q4,2021,Q4,2021-05-31,FF_SALES,17300.61,USD,17300.61,FDB_FF,2026-03-04T23:00:00Z
FDX-US,FDX-US_FY2022_A,2022,FY,2022-05-31,FF_SALES,72950.68,USD,72950.68,FDB_FF,2026-03-04T23:00:00Z
FDX-US,FDX-US_FY2022_Q1,2022,Q1,2021-08-31,FF_SALES,16594.66,USD,16594.66,FDB_FF,2026-03-04T23:00:00Z
FDX-US,FDX-US_FY2022_Q2,2022,Q2,2021-11-30,FF_SALES,16015.75,USD,16015.75,FDB_FF,2026-03-04T23:00:00Z
FDX-US,FDX-US_FY2022_Q3,2022,Q3,2022-02-28,FF_SALES,19597.11,USD,19597.11,FDB_FF,2026-03-04T23:00:00Z
FDX-US,FDX-US_FY2022_Q4,2022,Q4,2022-05-31,FF_SALES,20743.16,USD,20743.16,FDB_FF,2026-03-04T23:00:00Z
FDX-US,FDX-US_FY2023_A,2023,FY,2023-05-31,FF_SALES,73552.66,USD,73552.66,FDB_FF,2026-03-04T23:00:00Z
FDX-US,FDX-US_FY2023_Q1,2023,Q1,2022-08-31,FF_SALES,16257.92,USD,16257.92,FDB_FF,2026-03-04T23:00:00Z
FDX-US,FDX-US_FY2023_Q2,2023,Q2,2022-11-30,FF_SALES,19722.13,USD,19722.13,FDB_FF,2026-03-04T23:00:00Z
FDX-US,FDX-US_FY2023_Q3,2023,Q3,2023-02-28,FF_SALES,19693.22,USD,19693.22,FDB_FF,2026-03-04T23:00:00Z
FDX-US,FDX-US_FY2023_Q4,2023,Q4,2023-05-31,FF_SALES,17879.39,USD,17879.39,FDB_FF,2026-03-04T23:00:00Z
FDX-US,FDX-US_FY2024_A,2024,FY,2024-05-31,FF_SALES,79986.83,USD,79986.83,FDB_FF,2026-03-04T23:00:00Z
FDX-US,FDX-US_FY2024_Q1,2024,Q1,2023-08-31,FF_SALES,21265.21,USD,21265.21,FDB_FF,2026-03-04T23:00:00Z
FDX-US,FDX-US_FY2024_Q2,2024,Q2,2023-11-30,FF_SALES,20275.5,USD,20275.5,FDB_FF,2026-03-04T23:00:00Z
FDX-US,FDX-US_FY2024_Q3,2024,Q3,2024-02-28,FF_SALES,19091.69,USD,19091.69,FDB_FF,2026-03-04T23:00:00Z
FDX-US,FDX-US_FY2024_Q4,2024,Q4,2024-05-31,FF_SALES,19354.43,USD,19354.43,FDB_FF,2026-03-04T23:00:00Z
FDX-US,FDX-US_FY2025_A,2025,FY,2025-05-31,FF_SALES,90923.72,USD,90923.72,FDB_FF,2026-03-04T23:00:00Z
FDX-US,FDX-US_FY2025_Q1,2025,Q1,2024-08-31,FF_SALES,20948.88,USD,20948.88,FDB_FF,2026-03-04T23:00:00Z
FDX-US,FDX-US_FY2025_Q2,2025,Q2,2024-11-30,FF_SALES,21980.49,USD,21980.49,FDB_FF,2026-03-04T23:00:00Z
FDX-US,FDX-US_FY2025_Q3,2025,Q3,2025-02-28,FF_SALES,22870.85,USD,22870.85,FDB_FF,2026-03-04T23:00:00Z
FDX-US,FDX-US_FY2025_Q4,2025,Q4,2025-05-31,FF_SALES,25123.5,USD,25123.5,FDB_FF,2026-03-04T23:00:00Z
COST-US,COST-US_FY2021_A,2021,FY,2021-08-31,FF_SALES,192486.44,USD,192486.44,FDB_FF,2026-03-04T23:00:00Z
COST-US,COST-US_FY2021_Q1,2021,Q1,2020-11-30,FF_SALES,42577.98,USD,42577.98,FDB_FF,2026-03-04T23:00:00Z
COST-US,COST-US_FY2021_Q2,2021,Q2,2021-02-28,FF_SALES,45363.32,USD,45363.32,FDB_FF,2026-03-04T23:00:00Z
COST-US,COST-US_FY2021_Q3,2021,Q3,2021-05-31,FF_SALES,54039.35,USD,54039.35,FDB_FF,2026-03-04T23:00:00Z
COST-US,COST-US_FY2021_Q4,2021,Q4,2021-08-31,FF_SALES,50505.79,USD,50505.79,FDB_FF,2026-03-04T23:00:00Z
COST-US,COST-US_FY2022_A,2022,FY,2022-08-31,FF_SALES,193972.84,USD,193972.84,FDB_FF,2026-03-04T23:00:00Z
COST-US,COST-US_FY2022_Q1,2022,Q1,2021-11-30,FF_SALES,39411.72,USD,39411.72,FDB_FF,2026-03-04T23:00:00Z
COST-US,COST-US_FY2022_Q2,2022,Q2,2022-02-28,FF_SALES,49881.25,USD,49881.25,FDB_FF,2026-03-04T23:00:00Z
COST-US,COST-US_FY2022_Q3,2022,Q3,2022-05-31,FF_SALES,50086.36,USD,50086.36,FDB_FF,2026-03-04T23:00:00Z
COST-US,COST-US_FY2022_Q4,2022,Q4,2022-08-31,FF_SALES,54593.51,USD,54593.51,FDB_FF,2026-03-04T23:00:00Z
COST-US,COST-US_FY2023_A,2023,FY,2023-08-31,FF_SALES,203689.8,USD,203689.8,FDB_FF,2026-03-04T23:00:00Z
COST-US,COST-US_FY2023_Q1,2023,Q1,2022-11-30,FF_SALES,56152.28,USD,56152.28,FDB_FF,2026-03-04T23:00:00Z
COST-US,COST-US_FY2023_Q2,2023,Q2,2023-02-28,FF_SALES,46844.89,USD,46844.89,FDB_FF,2026-03-04T23:00:00Z
COST-US,COST-US_FY2023_Q3,2023,Q3,2023-05-31,FF_SALES,45931.13,USD,45931.13,FDB_FF,2026-03-04T23:00:00Z
COST-US,COST-US_FY2023_Q4,2023,Q4,2023-08-31,FF_SALES,54761.5,USD,54761.5,FDB_FF,2026-03-04T23:00:00Z
COST-US,COST-US_FY2024_A,2024,FY,2024-08-31,FF_SALES,206636.03,USD,206636.03,FDB_FF,2026-03-04T23:00:00Z
COST-US,COST-US_FY2024_Q1,2024,Q1,2023-11-30,FF_SALES,45860.66,USD,45860.66,FDB_FF,2026-03-04T23:00:00Z
COST-US,COST-US_FY2024_Q2,2024,Q2,2024-02-28,FF_SALES,42619.53,USD,42619.53,FDB_FF,2026-03-04T23:00:00Z
COST-US,COST-US_FY2024_Q3,2024,Q3,2024-05-31,FF_SALES,60361.33,USD,60361.33,FDB_FF,2026-03-04T23:00:00Z
COST-US,COST-US_FY2024_Q4,2024,Q4,2024-08-31,FF_SALES,57794.52,USD,57794.52,FDB_FF,2026-03-04T23:00:00Z
COST-US,COST-US_FY2025_A,2025,FY,2025-08-31,FF_SALES,220075.61,USD,220075.61,FDB_FF,2026-03-04T23:00:00Z
COST-US,COST-US_FY2025_Q1,2025,Q1,2024-11-30,FF_SALES,59620.55,USD,59620.55,FDB_FF,2026-03-04T23:00:00Z
COST-US,COST-US_FY2025_Q2,2025,Q2,2025-02-28,FF_SALES,60606.27,USD,60606.27,FDB_FF,2026-03-04T23:00:00Z
COST-US,COST-US_FY2025_Q3,2025,Q3,2025-05-31,FF_SALES,53993.37,USD,53993.37,FDB_FF,2026-03-04T23:00:00Z
COST-US,COST-US_FY2025_Q4,2025,Q4,2025-08-31,FF_SALES,45855.41,USD,45855.41,FDB_FF,2026-03-04T23:00:00Z
ACN-US,ACN-US_FY2021_A,2021,FY,2021-08-31,FF_SALES,53758.22,USD,53758.22,FDB_FF,2026-03-04T23:00:00Z
ACN-US,ACN-US_FY2021_Q1,2021,Q1,2020-11-30,FF_SALES,12995.62,USD,12995.62,FDB_FF,2026-03-04T23:00:00Z
ACN-US,ACN-US_FY2021_Q2,2021,Q2,2021-02-28,FF_SALES,13947.79,USD,13947.79,FDB_FF,2026-03-04T23:00:00Z
ACN-US,ACN-US_FY2021_Q3,2021,Q3,2021-05-31,FF_SALES,15339.48,USD,15339.48,FDB_FF,2026-03-04T23:00:00Z
ACN-US,ACN-US_FY2021_Q4,2021,Q4,2021-08-31,FF_SALES,11475.33,USD,11475.33,FDB_FF,2026-03-04T23:00:00Z
ACN-US,ACN-US_FY2022_A,2022,FY,2022-08-31,FF_SALES,57363.56,USD,57363.56,FDB_FF,2026-03-04T23:00:00Z
ACN-US,ACN-US_FY2022_Q1,2022,Q1,2021-11-30,FF_SALES,15800.25,USD,15800.25,FDB_FF,2026-03-04T23:00:00Z
ACN-US,ACN-US_FY2022_Q2,2022,Q2,2022-02-28,FF_SALES,14942.35,USD,14942.35,FDB_FF,2026-03-04T23:00:00Z
ACN-US,ACN-US_FY2022_Q3,2022,Q3,2022-05-31,FF_SALES,12540.74,USD,12540.74,FDB_FF,2026-03-04T23:00:00Z
ACN-US,ACN-US_FY2022_Q4,2022,Q4,2022-08-31,FF_SALES,14080.23,USD,14080.23,FDB_FF,2026-03-04T23:00:00Z
ACN-US,ACN-US_FY2023_A,2023,FY,2023-08-31,FF_SALES,58319.34,USD,58319.34,FDB_FF,2026-03-04T23:00:00Z
ACN-US,ACN-US_FY2023_Q1,2023,Q1,2022-11-30,FF_SALES,14758.35,USD,14758.35,FDB_FF,2026-03-04T23:00:00Z
ACN-US,ACN-US_FY2023_Q2,2023,Q2,2023-02-28,FF_SALES,15795.25,USD,15795.25,FDB_FF,2026-03-04T23:00:00Z
ACN-US,ACN-US_FY2023_Q3,2023,Q3,2023-05-31,FF_SALES,12877.28,USD,12877.28,FDB_FF,2026-03-04T23:00:00Z
ACN-US,ACN-US_FY2023_Q4,2023,Q4,2023-08-31,FF_SALES,14888.46,USD,14888.46,FDB_FF,2026-03-04T23:00:00Z
ACN-US,ACN-US_FY2024_A,2024,FY,2024-08-31,FF_SALES,58765.1,USD,58765.1,FDB_FF,2026-03-04T23:00:00Z
ACN-US,ACN-US_FY2024_Q1,2024,Q1,2023-11-30,FF_SALES,16079.5,USD,16079.5,FDB_FF,2026-03-04T23:00:00Z
ACN-US,ACN-US_FY2024_Q2,2024,Q2,2024-02-28,FF_SALES,15360.87,USD,15360.87,FDB_FF,2026-03-04T23:00:00Z
ACN-US,ACN-US_FY2024_Q3,2024,Q3,2024-05-31,FF_SALES,13922.44,USD,13922.44,FDB_FF,2026-03-04T23:00:00Z
ACN-US,ACN-US_FY2024_Q4,2024,Q4,2024-08-31,FF_SALES,13402.3,USD,13402.3,FDB_FF,2026-03-04T23:00:00Z
ACN-US,ACN-US_FY2025_A,2025,FY,2025-08-31,FF_SALES,59523.37,USD,59523.37,FDB_FF,2026-03-04T23:00:00Z
ACN-US,ACN-US_FY2025_Q1,2025,Q1,2024-11-30,FF_SALES,13541.52,USD,13541.52,FDB_FF,2026-03-04T23:00:00Z
ACN-US,ACN-US_FY2025_Q2,2025,Q2,2025-02-28,FF_SALES,17312.13,USD,17312.13,FDB_FF,2026-03-04T23:00:00Z
ACN-US,ACN-US_FY2025_Q3,2025,Q3,2025-05-31,FF_SALES,14013.06,USD,14013.06,FDB_FF,2026-03-04T23:00:00Z
ACN-US,ACN-US_FY2025_Q4,2025,Q4,2025-08-31,FF_SALES,14656.67,USD,14656.67,FDB_FF,2026-03-04T23:00:00Z
FIS-US,FIS-US_FY2021_A,2021,FY,2021-12-31,FF_SALES,8002.66,USD,8002.66,FDB_FF,2026-03-04T23:00:00Z
FIS-US,FIS-US_FY2021_Q1,2021,Q1,2021-03-31,FF_SALES,2140.67,USD,2140.67,FDB_FF,2026-03-04T23:00:00Z
FIS-US,FIS-US_FY2021_Q2,2021,Q2,2021-06-30,FF_SALES,2031.77,USD,2031.77,FDB_FF,2026-03-04T23:00:00Z
FIS-US,FIS-US_FY2021_Q3,2021,Q3,2021-09-30,FF_SALES,1841.78,USD,1841.78,FDB_FF,2026-03-04T23:00:00Z
FIS-US,FIS-US_FY2021_Q4,2021,Q4,2021-12-31,FF_SALES,1988.44,USD,1988.44,FDB_FF,2026-03-04T23:00:00Z
FIS-US,FIS-US_FY2022_A,2022,FY,2022-12-31,FF_SALES,8813.24,USD,8813.24,FDB_FF,2026-03-04T23:00:00Z
FIS-US,FIS-US_FY2022_Q1,2022,Q1,2022-03-31,FF_SALES,2282.3,USD,2282.3,FDB_FF,2026-03-04T23:00:00Z
FIS-US,FIS-US_FY2022_Q2,2022,Q2,2022-06-30,FF_SALES,2399.29,USD,2399.29,FDB_FF,2026-03-04T23:00:00Z
FIS-US,FIS-US_FY2022_Q3,2022,Q3,2022-09-30,FF_SALES,1915.58,USD,1915.58,FDB_FF,2026-03-04T23:00:00Z
FIS-US,FIS-US_FY2022_Q4,2022,Q4,2022-12-31,FF_SALES,2216.07,USD,2216.07,FDB_FF,2026-03-04T23:00:00Z
FIS-US,FIS-US_FY2023_A,2023,FY,2023-12-31,FF_SALES,10007.74,USD,10007.74,FDB_FF,2026-03-04T23:00:00Z
FIS-US,FIS-US_FY2023_Q1,2023,Q1,2023-03-31,FF_SALES,2384.93,USD,2384.93,FDB_FF,2026-03-04T23:00:00Z
FIS-US,FIS-US_FY2023_Q2,2023,Q2,2023-06-30,FF_SALES,2639.39,USD,2639.39,FDB_FF,2026-03-04T23:00:00Z
FIS-US,FIS-US_FY2023_Q3,2023,Q3,2023-09-30,FF_SALES,2075.15,USD,2075.15,FDB_FF,2026-03-04T23:00:00Z
FIS-US,FIS-US_FY2023_Q4,2023,Q4,2023-12-31,FF_SALES,2908.29,USD,2908.29,FDB_FF,2026-03-04T23:00:00Z
FIS-US,FIS-US_FY2024_A,2024,FY,2024-12-31,FF_SALES,10726.04,USD,10726.04,FDB_FF,2026-03-04T23:00:00Z
FIS-US,FIS-US_FY2024_Q1,2024,Q1,2024-03-31,FF_SALES,2528.09,USD,2528.09,FDB_FF,2026-03-04T23:00:00Z
FIS-US,FIS-US_FY2024_Q2,2024,Q2,2024-06-30,FF_SALES,2436.74,USD,2436.74,FDB_FF,2026-03-04T23:00:00Z
FIS-US,FIS-US_FY2024_Q3,2024,Q3,2024-09-30,FF_SALES,2879.81,USD,2879.81,FDB_FF,2026-03-04T23:00:00Z
FIS-US,FIS-US_FY2024_Q4,2024,Q4,2024-12-31,FF_SALES,2881.41,USD,2881.41,FDB_FF,2026-03-04T23:00:00Z
FIS-US,FIS-US_FY2025_A,2025,FY,2025-12-31,FF_SALES,10389.69,USD,10389.69,FDB_FF,2026-03-04T23:00:00Z
FIS-US,FIS-US_FY2025_Q1,2025,Q1,2025-03-31,FF_SALES,2965.31,USD,2965.31,FDB_FF,2026-03-04T23:00:00Z
FIS-US,FIS-US_FY2025_Q2,2025,Q2,2025-06-30,FF_SALES,2886.7,USD,2886.7,FDB_FF,2026-03-04T23:00:00Z
FIS-US,FIS-US_FY2025_Q3,2025,Q3,2025-09-30,FF_SALES,2439.28,USD,2439.28,FDB_FF,2026-03-04T23:00:00Z
FIS-US,FIS-US_FY2025_Q4,2025,Q4,2025-12-31,FF_SALES,2098.4,USD,2098.4,FDB_FF,2026-03-04T23:00:00Z
7203-JP,7203-JP_FY2021_A,2021,FY,2021-03-31,FF_SALES,3.606923422E7,JPY,241663.87,FDB_FF,2026-03-04T23:00:00Z
7203-JP,7203-JP_FY2021_Q1,2021,Q1,2020-06-30,FF_SALES,9482230.04,JPY,63530.94,FDB_FF,2026-03-04T23:00:00Z
7203-JP,7203-JP_FY2021_Q2,2021,Q2,2020-09-30,FF_SALES,8757149.55,JPY,58672.9,FDB_FF,2026-03-04T23:00:00Z
7203-JP,7203-JP_FY2021_Q3,2021,Q3,2020-12-31,FF_SALES,7935327.78,JPY,53166.7,FDB_FF,2026-03-04T23:00:00Z
7203-JP,7203-JP_FY2021_Q4,2021,Q4,2021-03-31,FF_SALES,9894526.85,JPY,66293.33,FDB_FF,2026-03-04T23:00:00Z
7203-JP,7203-JP_FY2022_A,2022,FY,2022-03-31,FF_SALES,4.133710716E7,JPY,276958.62,FDB_FF,2026-03-04T23:00:00Z
7203-JP,7203-JP_FY2022_Q1,2022,Q1,2021-06-30,FF_SALES,9182694.19,JPY,61524.05,FDB_FF,2026-03-04T23:00:00Z
7203-JP,7203-JP_FY2022_Q2,2022,Q2,2021-09-30,FF_SALES,1.044130869E7,JPY,69956.77,FDB_FF,2026-03-04T23:00:00Z
7203-JP,7203-JP_FY2022_Q3,2022,Q3,2021-12-31,FF_SALES,9755065.27,JPY,65358.94,FDB_FF,2026-03-04T23:00:00Z
7203-JP,7203-JP_FY2022_Q4,2022,Q4,2022-03-31,FF_SALES,1.195803901E7,JPY,80118.86,FDB_FF,2026-03-04T23:00:00Z
7203-JP,7203-JP_FY2023_A,2023,FY,2023-03-31,FF_SALES,4.347209345E7,JPY,291263.03,FDB_FF,2026-03-04T23:00:00Z
7203-JP,7203-JP_FY2023_Q1,2023,Q1,2022-06-30,FF_SALES,1.157954611E7,JPY,77582.96,FDB_FF,2026-03-04T23:00:00Z
7203-JP,7203-JP_FY2023_Q2,2023,Q2,2022-09-30,FF_SALES,1.15180181E7,JPY,77170.72,FDB_FF,2026-03-04T23:00:00Z
7203-JP,7203-JP_FY2023_Q3,2023,Q3,2022-12-31,FF_SALES,9154194.22,JPY,61333.1,FDB_FF,2026-03-04T23:00:00Z
7203-JP,7203-JP_FY2023_Q4,2023,Q4,2023-03-31,FF_SALES,1.122033502E7,JPY,75176.24,FDB_FF,2026-03-04T23:00:00Z
7203-JP,7203-JP_FY2024_A,2024,FY,2024-03-31,FF_SALES,4.490617194E7,JPY,300871.35,FDB_FF,2026-03-04T23:00:00Z
7203-JP,7203-JP_FY2024_Q1,2024,Q1,2023-06-30,FF_SALES,1.249513353E7,JPY,83717.39,FDB_FF,2026-03-04T23:00:00Z
7203-JP,7203-JP_FY2024_Q2,2024,Q2,2023-09-30,FF_SALES,1.067889044E7,JPY,71548.57,FDB_FF,2026-03-04T23:00:00Z
7203-JP,7203-JP_FY2024_Q3,2024,Q3,2023-12-31,FF_SALES,1.201096076E7,JPY,80473.44,FDB_FF,2026-03-04T23:00:00Z
7203-JP,7203-JP_FY2024_Q4,2024,Q4,2024-03-31,FF_SALES,9721187.2,JPY,65131.95,FDB_FF,2026-03-04T23:00:00Z
7203-JP,7203-JP_FY2025_A,2025,FY,2025-03-31,FF_SALES,4.53422634E7,JPY,303793.16,FDB_FF,2026-03-04T23:00:00Z
7203-JP,7203-JP_FY2025_Q1,2025,Q1,2024-06-30,FF_SALES,1.147268601E7,JPY,76867.0,FDB_FF,2026-03-04T23:00:00Z
7203-JP,7203-JP_FY2025_Q2,2025,Q2,2024-09-30,FF_SALES,1.32996881E7,JPY,89107.91,FDB_FF,2026-03-04T23:00:00Z
7203-JP,7203-JP_FY2025_Q3,2025,Q3,2024-12-31,FF_SALES,1.104118654E7,JPY,73975.95,FDB_FF,2026-03-04T23:00:00Z
7203-JP,7203-JP_FY2025_Q4,2025,Q4,2025-03-31,FF_SALES,9528702.75,JPY,63842.31,FDB_FF,2026-03-04T23:00:00Z
SAP-DE,SAP-DE_FY2021_A,2021,FY,2021-12-31,FF_SALES,26811.5,EUR,28956.42,FDB_FF,2026-03-04T23:00:00Z
SAP-DE,SAP-DE_FY2021_Q1,2021,Q1,2021-03-31,FF_SALES,6930.46,EUR,7484.89,FDB_FF,2026-03-04T23:00:00Z
SAP-DE,SAP-DE_FY2021_Q2,2021,Q2,2021-06-30,FF_SALES,6907.41,EUR,7460.0,FDB_FF,2026-03-04T23:00:00Z
SAP-DE,SAP-DE_FY2021_Q3,2021,Q3,2021-09-30,FF_SALES,6668.19,EUR,7201.64,FDB_FF,2026-03-04T23:00:00Z
SAP-DE,SAP-DE_FY2021_Q4,2021,Q4,2021-12-31,FF_SALES,6305.45,EUR,6809.88,FDB_FF,2026-03-04T23:00:00Z
SAP-DE,SAP-DE_FY2022_A,2022,FY,2022-12-31,FF_SALES,26482.53,EUR,28601.13,FDB_FF,2026-03-04T23:00:00Z
SAP-DE,SAP-DE_FY2022_Q1,2022,Q1,2022-03-31,FF_SALES,6950.16,EUR,7506.18,FDB_FF,2026-03-04T23:00:00Z
SAP-DE,SAP-DE_FY2022_Q2,2022,Q2,2022-06-30,FF_SALES,6626.29,EUR,7156.4,FDB_FF,2026-03-04T23:00:00Z
SAP-DE,SAP-DE_FY2022_Q3,2022,Q3,2022-09-30,FF_SALES,5754.82,EUR,6215.21,FDB_FF,2026-03-04T23:00:00Z
SAP-DE,SAP-DE_FY2022_Q4,2022,Q4,2022-12-31,FF_SALES,7151.25,EUR,7723.35,FDB_FF,2026-03-04T23:00:00Z
SAP-DE,SAP-DE_FY2023_A,2023,FY,2023-12-31,FF_SALES,25389.58,EUR,27420.75,FDB_FF,2026-03-04T23:00:00Z
SAP-DE,SAP-DE_FY2023_Q1,2023,Q1,2023-03-31,FF_SALES,6544.96,EUR,7068.55,FDB_FF,2026-03-04T23:00:00Z
SAP-DE,SAP-DE_FY2023_Q2,2023,Q2,2023-06-30,FF_SALES,6450.82,EUR,6966.89,FDB_FF,2026-03-04T23:00:00Z
SAP-DE,SAP-DE_FY2023_Q3,2023,Q3,2023-09-30,FF_SALES,6704.02,EUR,7240.34,FDB_FF,2026-03-04T23:00:00Z
SAP-DE,SAP-DE_FY2023_Q4,2023,Q4,2023-12-31,FF_SALES,5689.79,EUR,6144.97,FDB_FF,2026-03-04T23:00:00Z
SAP-DE,SAP-DE_FY2024_A,2024,FY,2024-12-31,FF_SALES,27490.26,EUR,29689.48,FDB_FF,2026-03-04T23:00:00Z
SAP-DE,SAP-DE_FY2024_Q1,2024,Q1,2024-03-31,FF_SALES,7503.75,EUR,8104.05,FDB_FF,2026-03-04T23:00:00Z
SAP-DE,SAP-DE_FY2024_Q2,2024,Q2,2024-06-30,FF_SALES,7929.57,EUR,8563.93,FDB_FF,2026-03-04T23:00:00Z
SAP-DE,SAP-DE_FY2024_Q3,2024,Q3,2024-09-30,FF_SALES,6638.07,EUR,7169.11,FDB_FF,2026-03-04T23:00:00Z
SAP-DE,SAP-DE_FY2024_Q4,2024,Q4,2024-12-31,FF_SALES,5418.88,EUR,5852.39,FDB_FF,2026-03-04T23:00:00Z
SAP-DE,SAP-DE_FY2025_A,2025,FY,2025-12-31,FF_SALES,28877.37,EUR,31187.56,FDB_FF,2026-03-04T23:00:00Z
SAP-DE,SAP-DE_FY2025_Q1,2025,Q1,2025-03-31,FF_SALES,6942.17,EUR,7497.55,FDB_FF,2026-03-04T23:00:00Z
SAP-DE,SAP-DE_FY2025_Q2,2025,Q2,2025-06-30,FF_SALES,7691.34,EUR,8306.65,FDB_FF,2026-03-04T23:00:00Z
SAP-DE,SAP-DE_FY2025_Q3,2025,Q3,2025-09-30,FF_SALES,7703.37,EUR,8319.64,FDB_FF,2026-03-04T23:00:00Z
SAP-DE,SAP-DE_FY2025_Q4,2025,Q4,2025-12-31,FF_SALES,6540.48,EUR,7063.72,FDB_FF,2026-03-04T23:00:00Z
HSBA-GB,HSBA-GB_FY2021_A,2021,FY,2021-12-31,FF_SALES,52555.51,GBP,66745.5,FDB_FF,2026-03-04T23:00:00Z
HSBA-GB,HSBA-GB_FY2021_Q1,2021,Q1,2021-03-31,FF_SALES,14392.04,GBP,18277.89,FDB_FF,2026-03-04T23:00:00Z
HSBA-GB,HSBA-GB_FY2021_Q2,2021,Q2,2021-06-30,FF_SALES,12740.21,GBP,16180.07,FDB_FF,2026-03-04T23:00:00Z
HSBA-GB,HSBA-GB_FY2021_Q3,2021,Q3,2021-09-30,FF_SALES,14034.35,GBP,17823.62,FDB_FF,2026-03-04T23:00:00Z
HSBA-GB,HSBA-GB_FY2021_Q4,2021,Q4,2021-12-31,FF_SALES,11388.91,GBP,14463.91,FDB_FF,2026-03-04T23:00:00Z
HSBA-GB,HSBA-GB_FY2022_A,2022,FY,2022-12-31,FF_SALES,54862.6,GBP,69675.5,FDB_FF,2026-03-04T23:00:00Z
HSBA-GB,HSBA-GB_FY2022_Q1,2022,Q1,2022-03-31,FF_SALES,15295.17,GBP,19424.86,FDB_FF,2026-03-04T23:00:00Z
HSBA-GB,HSBA-GB_FY2022_Q2,2022,Q2,2022-06-30,FF_SALES,12046.56,GBP,15299.13,FDB_FF,2026-03-04T23:00:00Z
HSBA-GB,HSBA-GB_FY2022_Q3,2022,Q3,2022-09-30,FF_SALES,13870.85,GBP,17615.98,FDB_FF,2026-03-04T23:00:00Z
HSBA-GB,HSBA-GB_FY2022_Q4,2022,Q4,2022-12-31,FF_SALES,13650.02,GBP,17335.53,FDB_FF,2026-03-04T23:00:00Z
HSBA-GB,HSBA-GB_FY2023_A,2023,FY,2023-12-31,FF_SALES,61465.48,GBP,78061.16,FDB_FF,2026-03-04T23:00:00Z
HSBA-GB,HSBA-GB_FY2023_Q1,2023,Q1,2023-03-31,FF_SALES,16844.21,GBP,21392.15,FDB_FF,2026-03-04T23:00:00Z
HSBA-GB,HSBA-GB_FY2023_Q2,2023,Q2,2023-06-30,FF_SALES,16885.56,GBP,21444.66,FDB_FF,2026-03-04T23:00:00Z
HSBA-GB,HSBA-GB_FY2023_Q3,2023,Q3,2023-09-30,FF_SALES,14054.9,GBP,17849.73,FDB_FF,2026-03-04T23:00:00Z
HSBA-GB,HSBA-GB_FY2023_Q4,2023,Q4,2023-12-31,FF_SALES,13680.81,GBP,17374.63,FDB_FF,2026-03-04T23:00:00Z
HSBA-GB,HSBA-GB_FY2024_A,2024,FY,2024-12-31,FF_SALES,67227.47,GBP,85378.88,FDB_FF,2026-03-04T23:00:00Z
HSBA-GB,HSBA-GB_FY2024_Q1,2024,Q1,2024-03-31,FF_SALES,19053.57,GBP,24198.04,FDB_FF,2026-03-04T23:00:00Z
HSBA-GB,HSBA-GB_FY2024_Q2,2024,Q2,2024-06-30,FF_SALES,19833.71,GBP,25188.81,FDB_FF,2026-03-04T23:00:00Z
HSBA-GB,HSBA-GB_FY2024_Q3,2024,Q3,2024-09-30,FF_SALES,14057.81,GBP,17853.42,FDB_FF,2026-03-04T23:00:00Z
HSBA-GB,HSBA-GB_FY2024_Q4,2024,Q4,2024-12-31,FF_SALES,14282.37,GBP,18138.62,FDB_FF,2026-03-04T23:00:00Z
HSBA-GB,HSBA-GB_FY2025_A,2025,FY,2025-12-31,FF_SALES,72352.37,GBP,91887.5,FDB_FF,2026-03-04T23:00:00Z
HSBA-GB,HSBA-GB_FY2025_Q1,2025,Q1,2025-03-31,FF_SALES,19040.85,GBP,24181.88,FDB_FF,2026-03-04T23:00:00Z
HSBA-GB,HSBA-GB_FY2025_Q2,2025,Q2,2025-06-30,FF_SALES,19539.51,GBP,24815.18,FDB_FF,2026-03-04T23:00:00Z
HSBA-GB,HSBA-GB_FY2025_Q3,2025,Q3,2025-09-30,FF_SALES,17905.52,GBP,22740.01,FDB_FF,2026-03-04T23:00:00Z
HSBA-GB,HSBA-GB_FY2025_Q4,2025,Q4,2025-12-31,FF_SALES,15866.49,GBP,20150.44,FDB_FF,2026-03-04T23:00:00Z
NESN-CH,NESN-CH_FY2021_A,2021,FY,2021-12-31,FF_SALES,74303.41,CHF,83962.86,FDB_FF,2026-03-04T23:00:00Z
NESN-CH,NESN-CH_FY2021_Q1,2021,Q1,2021-03-31,FF_SALES,19557.32,CHF,22099.78,FDB_FF,2026-03-04T23:00:00Z
NESN-CH,NESN-CH_FY2021_Q2,2021,Q2,2021-06-30,FF_SALES,16637.25,CHF,18800.09,FDB_FF,2026-03-04T23:00:00Z
NESN-CH,NESN-CH_FY2021_Q3,2021,Q3,2021-09-30,FF_SALES,18341.52,CHF,20725.91,FDB_FF,2026-03-04T23:00:00Z
NESN-CH,NESN-CH_FY2021_Q4,2021,Q4,2021-12-31,FF_SALES,19767.32,CHF,22337.08,FDB_FF,2026-03-04T23:00:00Z
NESN-CH,NESN-CH_FY2022_A,2022,FY,2022-12-31,FF_SALES,71271.7,CHF,80537.02,FDB_FF,2026-03-04T23:00:00Z
NESN-CH,NESN-CH_FY2022_Q1,2022,Q1,2022-03-31,FF_SALES,20737.51,CHF,23433.39,FDB_FF,2026-03-04T23:00:00Z
NESN-CH,NESN-CH_FY2022_Q2,2022,Q2,2022-06-30,FF_SALES,17008.69,CHF,19219.82,FDB_FF,2026-03-04T23:00:00Z
NESN-CH,NESN-CH_FY2022_Q3,2022,Q3,2022-09-30,FF_SALES,17612.94,CHF,19902.62,FDB_FF,2026-03-04T23:00:00Z
NESN-CH,NESN-CH_FY2022_Q4,2022,Q4,2022-12-31,FF_SALES,15912.55,CHF,17981.19,FDB_FF,2026-03-04T23:00:00Z
NESN-CH,NESN-CH_FY2023_A,2023,FY,2023-12-31,FF_SALES,75279.54,CHF,85065.88,FDB_FF,2026-03-04T23:00:00Z
NESN-CH,NESN-CH_FY2023_Q1,2023,Q1,2023-03-31,FF_SALES,20105.53,CHF,22719.25,FDB_FF,2026-03-04T23:00:00Z
NESN-CH,NESN-CH_FY2023_Q2,2023,Q2,2023-06-30,FF_SALES,21881.01,CHF,24725.54,FDB_FF,2026-03-04T23:00:00Z
NESN-CH,NESN-CH_FY2023_Q3,2023,Q3,2023-09-30,FF_SALES,17003.08,CHF,19213.48,FDB_FF,2026-03-04T23:00:00Z
NESN-CH,NESN-CH_FY2023_Q4,2023,Q4,2023-12-31,FF_SALES,16289.92,CHF,18407.61,FDB_FF,2026-03-04T23:00:00Z
NESN-CH,NESN-CH_FY2024_A,2024,FY,2024-12-31,FF_SALES,84626.84,CHF,95628.33,FDB_FF,2026-03-04T23:00:00Z
NESN-CH,NESN-CH_FY2024_Q1,2024,Q1,2024-03-31,FF_SALES,22356.49,CHF,25262.83,FDB_FF,2026-03-04T23:00:00Z
NESN-CH,NESN-CH_FY2024_Q2,2024,Q2,2024-06-30,FF_SALES,19123.14,CHF,21609.15,FDB_FF,2026-03-04T23:00:00Z
NESN-CH,NESN-CH_FY2024_Q3,2024,Q3,2024-09-30,FF_SALES,24857.95,CHF,28089.48,FDB_FF,2026-03-04T23:00:00Z
NESN-CH,NESN-CH_FY2024_Q4,2024,Q4,2024-12-31,FF_SALES,18289.27,CHF,20666.87,FDB_FF,2026-03-04T23:00:00Z
NESN-CH,NESN-CH_FY2025_A,2025,FY,2025-12-31,FF_SALES,88200.63,CHF,99666.72,FDB_FF,2026-03-04T23:00:00Z
NESN-CH,NESN-CH_FY2025_Q1,2025,Q1,2025-03-31,FF_SALES,21323.08,CHF,24095.08,FDB_FF,2026-03-04T23:00:00Z
NESN-CH,NESN-CH_FY2025_Q2,2025,Q2,2025-06-30,FF_SALES,21335.85,CHF,24109.51,FDB_FF,2026-03-04T23:00:00Z
NESN-CH,NESN-CH_FY2025_Q3,2025,Q3,2025-09-30,FF_SALES,19009.31,CHF,21480.52,FDB_FF,2026-03-04T23:00:00Z
NESN-CH,NESN-CH_FY2025_Q4,2025,Q4,2025-12-31,FF_SALES,26532.4,CHF,29981.61,FDB_FF,2026-03-04T23:00:00Z
005930-KR,005930-KR_FY2021_A,2021,FY,2021-12-31,FF_SALES,2.1174696747E8,KRW,158810.23,FDB_FF,2026-03-04T23:00:00Z
005930-KR,005930-KR_FY2021_Q1,2021,Q1,2021-03-31,FF_SALES,4.793373882E7,KRW,35950.3,FDB_FF,2026-03-04T23:00:00Z
005930-KR,005930-KR_FY2021_Q2,2021,Q2,2021-06-30,FF_SALES,5.423658938E7,KRW,40677.44,FDB_FF,2026-03-04T23:00:00Z
005930-KR,005930-KR_FY2021_Q3,2021,Q3,2021-09-30,FF_SALES,5.210055613E7,KRW,39075.42,FDB_FF,2026-03-04T23:00:00Z
005930-KR,005930-KR_FY2021_Q4,2021,Q4,2021-12-31,FF_SALES,5.747608315E7,KRW,43107.06,FDB_FF,2026-03-04T23:00:00Z
005930-KR,005930-KR_FY2022_A,2022,FY,2022-12-31,FF_SALES,2.2821828562E8,KRW,171163.71,FDB_FF,2026-03-04T23:00:00Z
005930-KR,005930-KR_FY2022_Q1,2022,Q1,2022-03-31,FF_SALES,5.692722745E7,KRW,42695.42,FDB_FF,2026-03-04T23:00:00Z
005930-KR,005930-KR_FY2022_Q2,2022,Q2,2022-06-30,FF_SALES,5.283643985E7,KRW,39627.33,FDB_FF,2026-03-04T23:00:00Z
005930-KR,005930-KR_FY2022_Q3,2022,Q3,2022-09-30,FF_SALES,6.681296312E7,KRW,50109.72,FDB_FF,2026-03-04T23:00:00Z
005930-KR,005930-KR_FY2022_Q4,2022,Q4,2022-12-31,FF_SALES,5.164165521E7,KRW,38731.24,FDB_FF,2026-03-04T23:00:00Z
005930-KR,005930-KR_FY2023_A,2023,FY,2023-12-31,FF_SALES,2.3436617809E8,KRW,175774.63,FDB_FF,2026-03-04T23:00:00Z
005930-KR,005930-KR_FY2023_Q1,2023,Q1,2023-03-31,FF_SALES,5.898157805E7,KRW,44236.18,FDB_FF,2026-03-04T23:00:00Z
005930-KR,005930-KR_FY2023_Q2,2023,Q2,2023-06-30,FF_SALES,5.313848839E7,KRW,39853.87,FDB_FF,2026-03-04T23:00:00Z
005930-KR,005930-KR_FY2023_Q3,2023,Q3,2023-09-30,FF_SALES,6.108874299E7,KRW,45816.56,FDB_FF,2026-03-04T23:00:00Z
005930-KR,005930-KR_FY2023_Q4,2023,Q4,2023-12-31,FF_SALES,6.115736865E7,KRW,45868.03,FDB_FF,2026-03-04T23:00:00Z
005930-KR,005930-KR_FY2024_A,2024,FY,2024-12-31,FF_SALES,2.6917855725E8,KRW,201883.92,FDB_FF,2026-03-04T23:00:00Z
005930-KR,005930-KR_FY2024_Q1,2024,Q1,2024-03-31,FF_SALES,6.053633532E7,KRW,45402.25,FDB_FF,2026-03-04T23:00:00Z
005930-KR,005930-KR_FY2024_Q2,2024,Q2,2024-06-30,FF_SALES,7.854279818E7,KRW,58907.1,FDB_FF,2026-03-04T23:00:00Z
005930-KR,005930-KR_FY2024_Q3,2024,Q3,2024-09-30,FF_SALES,7.011037614E7,KRW,52582.78,FDB_FF,2026-03-04T23:00:00Z
005930-KR,005930-KR_FY2024_Q4,2024,Q4,2024-12-31,FF_SALES,5.998904761E7,KRW,44991.79,FDB_FF,2026-03-04T23:00:00Z
005930-KR,005930-KR_FY2025_A,2025,FY,2025-12-31,FF_SALES,2.8618682064E8,KRW,214640.12,FDB_FF,2026-03-04T23:00:00Z
005930-KR,005930-KR_FY2025_Q1,2025,Q1,2025-03-31,FF_SALES,7.620925885E7,KRW,57156.94,FDB_FF,2026-03-04T23:00:00Z
005930-KR,005930-KR_FY2025_Q2,2025,Q2,2025-06-30,FF_SALES,7.787966999E7,KRW,58409.75,FDB_FF,2026-03-04T23:00:00Z
005930-KR,005930-KR_FY2025_Q3,2025,Q3,2025-09-30,FF_SALES,5.81414004E7,KRW,43606.05,FDB_FF,2026-03-04T23:00:00Z
005930-KR,005930-KR_FY2025_Q4,2025,Q4,2025-12-31,FF_SALES,7.39564914E7,KRW,55467.37,FDB_FF,2026-03-04T23:00:00Z
AZN-GB,AZN-GB_FY2021_A,2021,FY,2021-12-31,FF_SALES,41832.52,GBP,53127.3,FDB_FF,2026-03-04T23:00:00Z
AZN-GB,AZN-GB_FY2021_Q1,2021,Q1,2021-03-31,FF_SALES,9521.41,GBP,12092.2,FDB_FF,2026-03-04T23:00:00Z
AZN-GB,AZN-GB_FY2021_Q2,2021,Q2,2021-06-30,FF_SALES,11656.54,GBP,14803.8,FDB_FF,2026-03-04T23:00:00Z
AZN-GB,AZN-GB_FY2021_Q3,2021,Q3,2021-09-30,FF_SALES,10857.76,GBP,13789.35,FDB_FF,2026-03-04T23:00:00Z
AZN-GB,AZN-GB_FY2021_Q4,2021,Q4,2021-12-31,FF_SALES,9796.81,GBP,12441.95,FDB_FF,2026-03-04T23:00:00Z
AZN-GB,AZN-GB_FY2022_A,2022,FY,2022-12-31,FF_SALES,45067.16,GBP,57235.3,FDB_FF,2026-03-04T23:00:00Z
AZN-GB,AZN-GB_FY2022_Q1,2022,Q1,2022-03-31,FF_SALES,11060.84,GBP,14047.27,FDB_FF,2026-03-04T23:00:00Z
AZN-GB,AZN-GB_FY2022_Q2,2022,Q2,2022-06-30,FF_SALES,11300.86,GBP,14352.09,FDB_FF,2026-03-04T23:00:00Z
AZN-GB,AZN-GB_FY2022_Q3,2022,Q3,2022-09-30,FF_SALES,11483.02,GBP,14583.44,FDB_FF,2026-03-04T23:00:00Z
AZN-GB,AZN-GB_FY2022_Q4,2022,Q4,2022-12-31,FF_SALES,11222.44,GBP,14252.49,FDB_FF,2026-03-04T23:00:00Z
AZN-GB,AZN-GB_FY2023_A,2023,FY,2023-12-31,FF_SALES,50370.1,GBP,63970.03,FDB_FF,2026-03-04T23:00:00Z
AZN-GB,AZN-GB_FY2023_Q1,2023,Q1,2023-03-31,FF_SALES,12623.83,GBP,16032.26,FDB_FF,2026-03-04T23:00:00Z
AZN-GB,AZN-GB_FY2023_Q2,2023,Q2,2023-06-30,FF_SALES,13945.44,GBP,17710.7,FDB_FF,2026-03-04T23:00:00Z
AZN-GB,AZN-GB_FY2023_Q3,2023,Q3,2023-09-30,FF_SALES,12710.73,GBP,16142.62,FDB_FF,2026-03-04T23:00:00Z
AZN-GB,AZN-GB_FY2023_Q4,2023,Q4,2023-12-31,FF_SALES,11090.11,GBP,14084.44,FDB_FF,2026-03-04T23:00:00Z
AZN-GB,AZN-GB_FY2024_A,2024,FY,2024-12-31,FF_SALES,52292.46,GBP,66411.42,FDB_FF,2026-03-04T23:00:00Z
AZN-GB,AZN-GB_FY2024_Q1,2024,Q1,2024-03-31,FF_SALES,13910.47,GBP,17666.29,FDB_FF,2026-03-04T23:00:00Z
AZN-GB,AZN-GB_FY2024_Q2,2024,Q2,2024-06-30,FF_SALES,14734.37,GBP,18712.65,FDB_FF,2026-03-04T23:00:00Z
AZN-GB,AZN-GB_FY2024_Q3,2024,Q3,2024-09-30,FF_SALES,11271.14,GBP,14314.34,FDB_FF,2026-03-04T23:00:00Z
AZN-GB,AZN-GB_FY2024_Q4,2024,Q4,2024-12-31,FF_SALES,12376.48,GBP,15718.14,FDB_FF,2026-03-04T23:00:00Z
AZN-GB,AZN-GB_FY2025_A,2025,FY,2025-12-31,FF_SALES,57495.36,GBP,73019.1,FDB_FF,2026-03-04T23:00:00Z
AZN-GB,AZN-GB_FY2025_Q1,2025,Q1,2025-03-31,FF_SALES,12739.9,GBP,16179.67,FDB_FF,2026-03-04T23:00:00Z
AZN-GB,AZN-GB_FY2025_Q2,2025,Q2,2025-06-30,FF_SALES,12485.29,GBP,15856.32,FDB_FF,2026-03-04T23:00:00Z
AZN-GB,AZN-GB_FY2025_Q3,2025,Q3,2025-09-30,FF_SALES,14870.01,GBP,18884.92,FDB_FF,2026-03-04T23:00:00Z
AZN-GB,AZN-GB_FY2025_Q4,2025,Q4,2025-12-31,FF_SALES,17400.16,GBP,22098.2,FDB_FF,2026-03-04T23:00:00Z
SHEL-GB,SHEL-GB_FY2021_A,2021,FY,2021-12-31,FF_SALES,236755.52,GBP,300679.51,FDB_FF,2026-03-04T23:00:00Z
SHEL-GB,SHEL-GB_FY2021_Q1,2021,Q1,2021-03-31,FF_SALES,64472.9,GBP,81880.58,FDB_FF,2026-03-04T23:00:00Z
SHEL-GB,SHEL-GB_FY2021_Q2,2021,Q2,2021-06-30,FF_SALES,51409.58,GBP,65290.16,FDB_FF,2026-03-04T23:00:00Z
SHEL-GB,SHEL-GB_FY2021_Q3,2021,Q3,2021-09-30,FF_SALES,64341.18,GBP,81713.29,FDB_FF,2026-03-04T23:00:00Z
SHEL-GB,SHEL-GB_FY2021_Q4,2021,Q4,2021-12-31,FF_SALES,56531.87,GBP,71795.48,FDB_FF,2026-03-04T23:00:00Z
SHEL-GB,SHEL-GB_FY2022_A,2022,FY,2022-12-31,FF_SALES,263105.87,GBP,334144.45,FDB_FF,2026-03-04T23:00:00Z
SHEL-GB,SHEL-GB_FY2022_Q1,2022,Q1,2022-03-31,FF_SALES,71102.22,GBP,90299.82,FDB_FF,2026-03-04T23:00:00Z
SHEL-GB,SHEL-GB_FY2022_Q2,2022,Q2,2022-06-30,FF_SALES,60544.06,GBP,76890.95,FDB_FF,2026-03-04T23:00:00Z
SHEL-GB,SHEL-GB_FY2022_Q3,2022,Q3,2022-09-30,FF_SALES,54756.97,GBP,69541.35,FDB_FF,2026-03-04T23:00:00Z
SHEL-GB,SHEL-GB_FY2022_Q4,2022,Q4,2022-12-31,FF_SALES,76702.62,GBP,97412.33,FDB_FF,2026-03-04T23:00:00Z
SHEL-GB,SHEL-GB_FY2023_A,2023,FY,2023-12-31,FF_SALES,257357.37,GBP,326843.87,FDB_FF,2026-03-04T23:00:00Z
SHEL-GB,SHEL-GB_FY2023_Q1,2023,Q1,2023-03-31,FF_SALES,66209.69,GBP,84086.31,FDB_FF,2026-03-04T23:00:00Z
SHEL-GB,SHEL-GB_FY2023_Q2,2023,Q2,2023-06-30,FF_SALES,63835.84,GBP,81071.52,FDB_FF,2026-03-04T23:00:00Z
SHEL-GB,SHEL-GB_FY2023_Q3,2023,Q3,2023-09-30,FF_SALES,60802.14,GBP,77218.71,FDB_FF,2026-03-04T23:00:00Z
SHEL-GB,SHEL-GB_FY2023_Q4,2023,Q4,2023-12-31,FF_SALES,66509.71,GBP,84467.33,FDB_FF,2026-03-04T23:00:00Z
SHEL-GB,SHEL-GB_FY2024_A,2024,FY,2024-12-31,FF_SALES,294276.31,GBP,373730.91,FDB_FF,2026-03-04T23:00:00Z
SHEL-GB,SHEL-GB_FY2024_Q1,2024,Q1,2024-03-31,FF_SALES,82739.52,GBP,105079.19,FDB_FF,2026-03-04T23:00:00Z
SHEL-GB,SHEL-GB_FY2024_Q2,2024,Q2,2024-06-30,FF_SALES,69793.9,GBP,88638.25,FDB_FF,2026-03-04T23:00:00Z
SHEL-GB,SHEL-GB_FY2024_Q3,2024,Q3,2024-09-30,FF_SALES,82329.28,GBP,104558.19,FDB_FF,2026-03-04T23:00:00Z
SHEL-GB,SHEL-GB_FY2024_Q4,2024,Q4,2024-12-31,FF_SALES,59413.61,GBP,75455.28,FDB_FF,2026-03-04T23:00:00Z
SHEL-GB,SHEL-GB_FY2025_A,2025,FY,2025-12-31,FF_SALES,311142.59,GBP,395151.09,FDB_FF,2026-03-04T23:00:00Z
SHEL-GB,SHEL-GB_FY2025_Q1,2025,Q1,2025-03-31,FF_SALES,73550.71,GBP,93409.4,FDB_FF,2026-03-04T23:00:00Z
SHEL-GB,SHEL-GB_FY2025_Q2,2025,Q2,2025-06-30,FF_SALES,80083.73,GBP,101706.34,FDB_FF,2026-03-04T23:00:00Z
SHEL-GB,SHEL-GB_FY2025_Q3,2025,Q3,2025-09-30,FF_SALES,80069.12,GBP,101687.79,FDB_FF,2026-03-04T23:00:00Z
SHEL-GB,SHEL-GB_FY2025_Q4,2025,Q4,2025-12-31,FF_SALES,77439.02,GBP,98347.56,FDB_FF,2026-03-04T23:00:00Z
TTE-FR,TTE-FR_FY2021_A,2021,FY,2021-12-31,FF_SALES,184757.99,EUR,199538.63,FDB_FF,2026-03-04T23:00:00Z
TTE-FR,TTE-FR_FY2021_Q1,2021,Q1,2021-03-31,FF_SALES,42105.26,EUR,45473.68,FDB_FF,2026-03-04T23:00:00Z
TTE-FR,TTE-FR_FY2021_Q2,2021,Q2,2021-06-30,FF_SALES,44611.11,EUR,48180.0,FDB_FF,2026-03-04T23:00:00Z
TTE-FR,TTE-FR_FY2021_Q3,2021,Q3,2021-09-30,FF_SALES,40441.27,EUR,43676.57,FDB_FF,2026-03-04T23:00:00Z
TTE-FR,TTE-FR_FY2021_Q4,2021,Q4,2021-12-31,FF_SALES,57600.35,EUR,62208.37,FDB_FF,2026-03-04T23:00:00Z
TTE-FR,TTE-FR_FY2022_A,2022,FY,2022-12-31,FF_SALES,196264.99,EUR,211966.19,FDB_FF,2026-03-04T23:00:00Z
TTE-FR,TTE-FR_FY2022_Q1,2022,Q1,2022-03-31,FF_SALES,57081.01,EUR,61647.49,FDB_FF,2026-03-04T23:00:00Z
TTE-FR,TTE-FR_FY2022_Q2,2022,Q2,2022-06-30,FF_SALES,43494.6,EUR,46974.17,FDB_FF,2026-03-04T23:00:00Z
TTE-FR,TTE-FR_FY2022_Q3,2022,Q3,2022-09-30,FF_SALES,40398.0,EUR,43629.84,FDB_FF,2026-03-04T23:00:00Z
TTE-FR,TTE-FR_FY2022_Q4,2022,Q4,2022-12-31,FF_SALES,55291.38,EUR,59714.69,FDB_FF,2026-03-04T23:00:00Z
TTE-FR,TTE-FR_FY2023_A,2023,FY,2023-12-31,FF_SALES,222147.93,EUR,239919.77,FDB_FF,2026-03-04T23:00:00Z
TTE-FR,TTE-FR_FY2023_Q1,2023,Q1,2023-03-31,FF_SALES,52204.92,EUR,56381.31,FDB_FF,2026-03-04T23:00:00Z
TTE-FR,TTE-FR_FY2023_Q2,2023,Q2,2023-06-30,FF_SALES,54610.99,EUR,58979.87,FDB_FF,2026-03-04T23:00:00Z
TTE-FR,TTE-FR_FY2023_Q3,2023,Q3,2023-09-30,FF_SALES,48522.01,EUR,52403.77,FDB_FF,2026-03-04T23:00:00Z
TTE-FR,TTE-FR_FY2023_Q4,2023,Q4,2023-12-31,FF_SALES,66810.01,EUR,72154.81,FDB_FF,2026-03-04T23:00:00Z
TTE-FR,TTE-FR_FY2024_A,2024,FY,2024-12-31,FF_SALES,224563.33,EUR,242528.39,FDB_FF,2026-03-04T23:00:00Z
TTE-FR,TTE-FR_FY2024_Q1,2024,Q1,2024-03-31,FF_SALES,58230.23,EUR,62888.65,FDB_FF,2026-03-04T23:00:00Z
TTE-FR,TTE-FR_FY2024_Q2,2024,Q2,2024-06-30,FF_SALES,48992.53,EUR,52911.93,FDB_FF,2026-03-04T23:00:00Z
TTE-FR,TTE-FR_FY2024_Q3,2024,Q3,2024-09-30,FF_SALES,67449.3,EUR,72845.24,FDB_FF,2026-03-04T23:00:00Z
TTE-FR,TTE-FR_FY2024_Q4,2024,Q4,2024-12-31,FF_SALES,49891.27,EUR,53882.57,FDB_FF,2026-03-04T23:00:00Z
TTE-FR,TTE-FR_FY2025_A,2025,FY,2025-12-31,FF_SALES,233709.51,EUR,252406.27,FDB_FF,2026-03-04T23:00:00Z
TTE-FR,TTE-FR_FY2025_Q1,2025,Q1,2025-03-31,FF_SALES,57902.76,EUR,62534.98,FDB_FF,2026-03-04T23:00:00Z
TTE-FR,TTE-FR_FY2025_Q2,2025,Q2,2025-06-30,FF_SALES,59478.07,EUR,64236.32,FDB_FF,2026-03-04T23:00:00Z
TTE-FR,TTE-FR_FY2025_Q3,2025,Q3,2025-09-30,FF_SALES,63876.02,EUR,68986.1,FDB_FF,2026-03-04T23:00:00Z
TTE-FR,TTE-FR_FY2025_Q4,2025,Q4,2025-12-31,FF_SALES,52452.66,EUR,56648.87,FDB_FF,2026-03-04T23:00:00Z
NOVO-DK,NOVO-DK_FY2021_A,2021,FY,2021-12-31,FF_SALES,222421.3,DKK,32251.09,FDB_FF,2026-03-04T23:00:00Z
NOVO-DK,NOVO-DK_FY2021_Q1,2021,Q1,2021-03-31,FF_SALES,57071.59,DKK,8275.38,FDB_FF,2026-03-04T23:00:00Z
NOVO-DK,NOVO-DK_FY2021_Q2,2021,Q2,2021-06-30,FF_SALES,49606.72,DKK,7192.97,FDB_FF,2026-03-04T23:00:00Z
NOVO-DK,NOVO-DK_FY2021_Q3,2021,Q3,2021-09-30,FF_SALES,58831.38,DKK,8530.55,FDB_FF,2026-03-04T23:00:00Z
NOVO-DK,NOVO-DK_FY2021_Q4,2021,Q4,2021-12-31,FF_SALES,56911.62,DKK,8252.18,FDB_FF,2026-03-04T23:00:00Z
NOVO-DK,NOVO-DK_FY2022_A,2022,FY,2022-12-31,FF_SALES,253627.97,DKK,36776.05,FDB_FF,2026-03-04T23:00:00Z
NOVO-DK,NOVO-DK_FY2022_Q1,2022,Q1,2022-03-31,FF_SALES,52622.64,DKK,7630.28,FDB_FF,2026-03-04T23:00:00Z
NOVO-DK,NOVO-DK_FY2022_Q2,2022,Q2,2022-06-30,FF_SALES,61367.91,DKK,8898.35,FDB_FF,2026-03-04T23:00:00Z
NOVO-DK,NOVO-DK_FY2022_Q3,2022,Q3,2022-09-30,FF_SALES,63253.92,DKK,9171.82,FDB_FF,2026-03-04T23:00:00Z
NOVO-DK,NOVO-DK_FY2022_Q4,2022,Q4,2022-12-31,FF_SALES,76383.51,DKK,11075.61,FDB_FF,2026-03-04T23:00:00Z
NOVO-DK,NOVO-DK_FY2023_A,2023,FY,2023-12-31,FF_SALES,284339.79,DKK,41229.27,FDB_FF,2026-03-04T23:00:00Z
NOVO-DK,NOVO-DK_FY2023_Q1,2023,Q1,2023-03-31,FF_SALES,57913.08,DKK,8397.4,FDB_FF,2026-03-04T23:00:00Z
NOVO-DK,NOVO-DK_FY2023_Q2,2023,Q2,2023-06-30,FF_SALES,74087.54,DKK,10742.69,FDB_FF,2026-03-04T23:00:00Z
NOVO-DK,NOVO-DK_FY2023_Q3,2023,Q3,2023-09-30,FF_SALES,70191.98,DKK,10177.84,FDB_FF,2026-03-04T23:00:00Z
NOVO-DK,NOVO-DK_FY2023_Q4,2023,Q4,2023-12-31,FF_SALES,82147.17,DKK,11911.34,FDB_FF,2026-03-04T23:00:00Z
NOVO-DK,NOVO-DK_FY2024_A,2024,FY,2024-12-31,FF_SALES,290519.84,DKK,42125.38,FDB_FF,2026-03-04T23:00:00Z
NOVO-DK,NOVO-DK_FY2024_Q1,2024,Q1,2024-03-31,FF_SALES,72891.49,DKK,10569.27,FDB_FF,2026-03-04T23:00:00Z
NOVO-DK,NOVO-DK_FY2024_Q2,2024,Q2,2024-06-30,FF_SALES,66559.26,DKK,9651.09,FDB_FF,2026-03-04T23:00:00Z
NOVO-DK,NOVO-DK_FY2024_Q3,2024,Q3,2024-09-30,FF_SALES,64503.08,DKK,9352.95,FDB_FF,2026-03-04T23:00:00Z
NOVO-DK,NOVO-DK_FY2024_Q4,2024,Q4,2024-12-31,FF_SALES,86566.01,DKK,12552.07,FDB_FF,2026-03-04T23:00:00Z
NOVO-DK,NOVO-DK_FY2025_A,2025,FY,2025-12-31,FF_SALES,302414.74,DKK,43850.14,FDB_FF,2026-03-04T23:00:00Z
NOVO-DK,NOVO-DK_FY2025_Q1,2025,Q1,2025-03-31,FF_SALES,81151.1,DKK,11766.91,FDB_FF,2026-03-04T23:00:00Z
NOVO-DK,NOVO-DK_FY2025_Q2,2025,Q2,2025-06-30,FF_SALES,80509.14,DKK,11673.83,FDB_FF,2026-03-04T23:00:00Z
NOVO-DK,NOVO-DK_FY2025_Q3,2025,Q3,2025-09-30,FF_SALES,79151.17,DKK,11476.92,FDB_FF,2026-03-04T23:00:00Z
NOVO-DK,NOVO-DK_FY2025_Q4,2025,Q4,2025-12-31,FF_SALES,61603.32,DKK,8932.48,FDB_FF,2026-03-04T23:00:00Z
RY-CA,RY-CA_FY2021_A,2021,FY,2021-10-31,FF_SALES,43977.28,CAD,32543.18,FDB_FF,2026-03-04T23:00:00Z
RY-CA,RY-CA_FY2021_Q1,2021,Q1,2021-01-31,FF_SALES,9816.22,CAD,7264.0,FDB_FF,2026-03-04T23:00:00Z
RY-CA,RY-CA_FY2021_Q2,2021,Q2,2021-04-30,FF_SALES,11841.66,CAD,8762.83,FDB_FF,2026-03-04T23:00:00Z
RY-CA,RY-CA_FY2021_Q3,2021,Q3,2021-07-31,FF_SALES,9551.58,CAD,7068.17,FDB_FF,2026-03-04T23:00:00Z
RY-CA,RY-CA_FY2021_Q4,2021,Q4,2021-10-31,FF_SALES,12767.81,CAD,9448.18,FDB_FF,2026-03-04T23:00:00Z
RY-CA,RY-CA_FY2022_A,2022,FY,2022-10-31,FF_SALES,43600.46,CAD,32264.34,FDB_FF,2026-03-04T23:00:00Z
RY-CA,RY-CA_FY2022_Q1,2022,Q1,2022-01-31,FF_SALES,10104.47,CAD,7477.31,FDB_FF,2026-03-04T23:00:00Z
RY-CA,RY-CA_FY2022_Q2,2022,Q2,2022-04-30,FF_SALES,13085.46,CAD,9683.24,FDB_FF,2026-03-04T23:00:00Z
RY-CA,RY-CA_FY2022_Q3,2022,Q3,2022-07-31,FF_SALES,10617.95,CAD,7857.28,FDB_FF,2026-03-04T23:00:00Z
RY-CA,RY-CA_FY2022_Q4,2022,Q4,2022-10-31,FF_SALES,9792.58,CAD,7246.51,FDB_FF,2026-03-04T23:00:00Z
RY-CA,RY-CA_FY2023_A,2023,FY,2023-10-31,FF_SALES,49273.15,CAD,36462.13,FDB_FF,2026-03-04T23:00:00Z
RY-CA,RY-CA_FY2023_Q1,2023,Q1,2023-01-31,FF_SALES,10801.98,CAD,7993.46,FDB_FF,2026-03-04T23:00:00Z
RY-CA,RY-CA_FY2023_Q2,2023,Q2,2023-04-30,FF_SALES,15416.36,CAD,11408.11,FDB_FF,2026-03-04T23:00:00Z
RY-CA,RY-CA_FY2023_Q3,2023,Q3,2023-07-31,FF_SALES,11567.03,CAD,8559.61,FDB_FF,2026-03-04T23:00:00Z
RY-CA,RY-CA_FY2023_Q4,2023,Q4,2023-10-31,FF_SALES,11487.77,CAD,8500.95,FDB_FF,2026-03-04T23:00:00Z
RY-CA,RY-CA_FY2024_A,2024,FY,2024-10-31,FF_SALES,49279.59,CAD,36466.9,FDB_FF,2026-03-04T23:00:00Z
RY-CA,RY-CA_FY2024_Q1,2024,Q1,2024-01-31,FF_SALES,12072.55,CAD,8933.69,FDB_FF,2026-03-04T23:00:00Z
RY-CA,RY-CA_FY2024_Q2,2024,Q2,2024-04-30,FF_SALES,14773.88,CAD,10932.67,FDB_FF,2026-03-04T23:00:00Z
RY-CA,RY-CA_FY2024_Q3,2024,Q3,2024-07-31,FF_SALES,11246.89,CAD,8322.7,FDB_FF,2026-03-04T23:00:00Z
RY-CA,RY-CA_FY2024_Q4,2024,Q4,2024-10-31,FF_SALES,11186.27,CAD,8277.84,FDB_FF,2026-03-04T23:00:00Z
RY-CA,RY-CA_FY2025_A,2025,FY,2025-10-31,FF_SALES,54601.64,CAD,40405.21,FDB_FF,2026-03-04T23:00:00Z
RY-CA,RY-CA_FY2025_Q1,2025,Q1,2025-01-31,FF_SALES,13904.17,CAD,10289.09,FDB_FF,2026-03-04T23:00:00Z
RY-CA,RY-CA_FY2025_Q2,2025,Q2,2025-04-30,FF_SALES,14437.49,CAD,10683.75,FDB_FF,2026-03-04T23:00:00Z
RY-CA,RY-CA_FY2025_Q3,2025,Q3,2025-07-31,FF_SALES,13508.5,CAD,9996.29,FDB_FF,2026-03-04T23:00:00Z
RY-CA,RY-CA_FY2025_Q4,2025,Q4,2025-10-31,FF_SALES,12751.47,CAD,9436.09,FDB_FF,2026-03-04T23:00:00Z
SNPS-US,SNPS-US_FY2021_A,2021,FY,2021-10-31,FF_SALES,4917.58,USD,4917.58,FDB_FF,2026-03-04T23:00:00Z
SNPS-US,SNPS-US_FY2021_Q1,2021,Q1,2021-01-31,FF_SALES,1284.3,USD,1284.3,FDB_FF,2026-03-04T23:00:00Z
SNPS-US,SNPS-US_FY2021_Q2,2021,Q2,2021-04-30,FF_SALES,1158.28,USD,1158.28,FDB_FF,2026-03-04T23:00:00Z
SNPS-US,SNPS-US_FY2021_Q3,2021,Q3,2021-07-31,FF_SALES,1299.43,USD,1299.43,FDB_FF,2026-03-04T23:00:00Z
SNPS-US,SNPS-US_FY2021_Q4,2021,Q4,2021-10-31,FF_SALES,1175.58,USD,1175.58,FDB_FF,2026-03-04T23:00:00Z
SNPS-US,SNPS-US_FY2022_A,2022,FY,2022-10-31,FF_SALES,4778.96,USD,4778.96,FDB_FF,2026-03-04T23:00:00Z
SNPS-US,SNPS-US_FY2022_Q1,2022,Q1,2022-01-31,FF_SALES,1164.45,USD,1164.45,FDB_FF,2026-03-04T23:00:00Z
SNPS-US,SNPS-US_FY2022_Q2,2022,Q2,2022-04-30,FF_SALES,1369.82,USD,1369.82,FDB_FF,2026-03-04T23:00:00Z
SNPS-US,SNPS-US_FY2022_Q3,2022,Q3,2022-07-31,FF_SALES,950.3,USD,950.3,FDB_FF,2026-03-04T23:00:00Z
SNPS-US,SNPS-US_FY2022_Q4,2022,Q4,2022-10-31,FF_SALES,1294.39,USD,1294.39,FDB_FF,2026-03-04T23:00:00Z
SNPS-US,SNPS-US_FY2023_A,2023,FY,2023-10-31,FF_SALES,5368.67,USD,5368.67,FDB_FF,2026-03-04T23:00:00Z
SNPS-US,SNPS-US_FY2023_Q1,2023,Q1,2023-01-31,FF_SALES,1353.09,USD,1353.09,FDB_FF,2026-03-04T23:00:00Z
SNPS-US,SNPS-US_FY2023_Q2,2023,Q2,2023-04-30,FF_SALES,1319.07,USD,1319.07,FDB_FF,2026-03-04T23:00:00Z
SNPS-US,SNPS-US_FY2023_Q3,2023,Q3,2023-07-31,FF_SALES,1590.6,USD,1590.6,FDB_FF,2026-03-04T23:00:00Z
SNPS-US,SNPS-US_FY2023_Q4,2023,Q4,2023-10-31,FF_SALES,1105.91,USD,1105.91,FDB_FF,2026-03-04T23:00:00Z
SNPS-US,SNPS-US_FY2024_A,2024,FY,2024-10-31,FF_SALES,5614.53,USD,5614.53,FDB_FF,2026-03-04T23:00:00Z
SNPS-US,SNPS-US_FY2024_Q1,2024,Q1,2024-01-31,FF_SALES,1285.69,USD,1285.69,FDB_FF,2026-03-04T23:00:00Z
SNPS-US,SNPS-US_FY2024_Q2,2024,Q2,2024-04-30,FF_SALES,1437.99,USD,1437.99,FDB_FF,2026-03-04T23:00:00Z
SNPS-US,SNPS-US_FY2024_Q3,2024,Q3,2024-07-31,FF_SALES,1333.15,USD,1333.15,FDB_FF,2026-03-04T23:00:00Z
SNPS-US,SNPS-US_FY2024_Q4,2024,Q4,2024-10-31,FF_SALES,1557.69,USD,1557.69,FDB_FF,2026-03-04T23:00:00Z
SNPS-US,SNPS-US_FY2025_A,2025,FY,2025-10-31,FF_SALES,5416.33,USD,5416.33,FDB_FF,2026-03-04T23:00:00Z
SNPS-US,SNPS-US_FY2025_Q1,2025,Q1,2025-01-31,FF_SALES,1248.12,USD,1248.12,FDB_FF,2026-03-04T23:00:00Z
SNPS-US,SNPS-US_FY2025_Q2,2025,Q2,2025-04-30,FF_SALES,1564.53,USD,1564.53,FDB_FF,2026-03-04T23:00:00Z
SNPS-US,SNPS-US_FY2025_Q3,2025,Q3,2025-07-31,FF_SALES,1239.06,USD,1239.06,FDB_FF,2026-03-04T23:00:00Z
SNPS-US,SNPS-US_FY2025_Q4,2025,Q4,2025-10-31,FF_SALES,1364.62,USD,1364.62,FDB_FF,2026-03-04T23:00:00Z
CDNS-US,CDNS-US_FY2021_A,2021,FY,2021-12-31,FF_SALES,3734.44,USD,3734.44,FDB_FF,2026-03-04T23:00:00Z
CDNS-US,CDNS-US_FY2021_Q1,2021,Q1,2021-03-31,FF_SALES,842.7,USD,842.7,FDB_FF,2026-03-04T23:00:00Z
CDNS-US,CDNS-US_FY2021_Q2,2021,Q2,2021-06-30,FF_SALES,1085.32,USD,1085.32,FDB_FF,2026-03-04T23:00:00Z
CDNS-US,CDNS-US_FY2021_Q3,2021,Q3,2021-09-30,FF_SALES,917.13,USD,917.13,FDB_FF,2026-03-04T23:00:00Z
CDNS-US,CDNS-US_FY2021_Q4,2021,Q4,2021-12-31,FF_SALES,889.28,USD,889.28,FDB_FF,2026-03-04T23:00:00Z
CDNS-US,CDNS-US_FY2022_A,2022,FY,2022-12-31,FF_SALES,3999.9,USD,3999.9,FDB_FF,2026-03-04T23:00:00Z
CDNS-US,CDNS-US_FY2022_Q1,2022,Q1,2022-03-31,FF_SALES,814.83,USD,814.83,FDB_FF,2026-03-04T23:00:00Z
CDNS-US,CDNS-US_FY2022_Q2,2022,Q2,2022-06-30,FF_SALES,1048.73,USD,1048.73,FDB_FF,2026-03-04T23:00:00Z
CDNS-US,CDNS-US_FY2022_Q3,2022,Q3,2022-09-30,FF_SALES,1107.35,USD,1107.35,FDB_FF,2026-03-04T23:00:00Z
CDNS-US,CDNS-US_FY2022_Q4,2022,Q4,2022-12-31,FF_SALES,1028.99,USD,1028.99,FDB_FF,2026-03-04T23:00:00Z
CDNS-US,CDNS-US_FY2023_A,2023,FY,2023-12-31,FF_SALES,4415.06,USD,4415.06,FDB_FF,2026-03-04T23:00:00Z
CDNS-US,CDNS-US_FY2023_Q1,2023,Q1,2023-03-31,FF_SALES,1249.25,USD,1249.25,FDB_FF,2026-03-04T23:00:00Z
CDNS-US,CDNS-US_FY2023_Q2,2023,Q2,2023-06-30,FF_SALES,1017.01,USD,1017.01,FDB_FF,2026-03-04T23:00:00Z
CDNS-US,CDNS-US_FY2023_Q3,2023,Q3,2023-09-30,FF_SALES,1125.61,USD,1125.61,FDB_FF,2026-03-04T23:00:00Z
CDNS-US,CDNS-US_FY2023_Q4,2023,Q4,2023-12-31,FF_SALES,1023.19,USD,1023.19,FDB_FF,2026-03-04T23:00:00Z
CDNS-US,CDNS-US_FY2024_A,2024,FY,2024-12-31,FF_SALES,4493.59,USD,4493.59,FDB_FF,2026-03-04T23:00:00Z
CDNS-US,CDNS-US_FY2024_Q1,2024,Q1,2024-03-31,FF_SALES,1173.96,USD,1173.96,FDB_FF,2026-03-04T23:00:00Z
CDNS-US,CDNS-US_FY2024_Q2,2024,Q2,2024-06-30,FF_SALES,1156.01,USD,1156.01,FDB_FF,2026-03-04T23:00:00Z
CDNS-US,CDNS-US_FY2024_Q3,2024,Q3,2024-09-30,FF_SALES,1002.46,USD,1002.46,FDB_FF,2026-03-04T23:00:00Z
CDNS-US,CDNS-US_FY2024_Q4,2024,Q4,2024-12-31,FF_SALES,1161.16,USD,1161.16,FDB_FF,2026-03-04T23:00:00Z
CDNS-US,CDNS-US_FY2025_A,2025,FY,2025-12-31,FF_SALES,4866.65,USD,4866.65,FDB_FF,2026-03-04T23:00:00Z
CDNS-US,CDNS-US_FY2025_Q1,2025,Q1,2025-03-31,FF_SALES,1214.13,USD,1214.13,FDB_FF,2026-03-04T23:00:00Z
CDNS-US,CDNS-US_FY2025_Q2,2025,Q2,2025-06-30,FF_SALES,1100.78,USD,1100.78,FDB_FF,2026-03-04T23:00:00Z
CDNS-US,CDNS-US_FY2025_Q3,2025,Q3,2025-09-30,FF_SALES,1494.7,USD,1494.7,FDB_FF,2026-03-04T23:00:00Z
CDNS-US,CDNS-US_FY2025_Q4,2025,Q4,2025-12-31,FF_SALES,1057.05,USD,1057.05,FDB_FF,2026-03-04T23:00:00Z
MCHP-US,MCHP-US_FY2021_A,2021,FY,2021-03-31,FF_SALES,4123.12,USD,4123.12,FDB_FF,2026-03-04T23:00:00Z
MCHP-US,MCHP-US_FY2021_Q1,2021,Q1,2020-06-30,FF_SALES,847.2,USD,847.2,FDB_FF,2026-03-04T23:00:00Z
MCHP-US,MCHP-US_FY2021_Q2,2021,Q2,2020-09-30,FF_SALES,1106.72,USD,1106.72,FDB_FF,2026-03-04T23:00:00Z
MCHP-US,MCHP-US_FY2021_Q3,2021,Q3,2020-12-31,FF_SALES,1136.21,USD,1136.21,FDB_FF,2026-03-04T23:00:00Z
MCHP-US,MCHP-US_FY2021_Q4,2021,Q4,2021-03-31,FF_SALES,1033.0,USD,1033.0,FDB_FF,2026-03-04T23:00:00Z
MCHP-US,MCHP-US_FY2022_A,2022,FY,2022-03-31,FF_SALES,4400.58,USD,4400.58,FDB_FF,2026-03-04T23:00:00Z
MCHP-US,MCHP-US_FY2022_Q1,2022,Q1,2021-06-30,FF_SALES,1203.42,USD,1203.42,FDB_FF,2026-03-04T23:00:00Z
MCHP-US,MCHP-US_FY2022_Q2,2022,Q2,2021-09-30,FF_SALES,1094.45,USD,1094.45,FDB_FF,2026-03-04T23:00:00Z
MCHP-US,MCHP-US_FY2022_Q3,2022,Q3,2021-12-31,FF_SALES,997.01,USD,997.01,FDB_FF,2026-03-04T23:00:00Z
MCHP-US,MCHP-US_FY2022_Q4,2022,Q4,2022-03-31,FF_SALES,1105.7,USD,1105.7,FDB_FF,2026-03-04T23:00:00Z
MCHP-US,MCHP-US_FY2023_A,2023,FY,2023-03-31,FF_SALES,4766.13,USD,4766.13,FDB_FF,2026-03-04T23:00:00Z
MCHP-US,MCHP-US_FY2023_Q1,2023,Q1,2022-06-30,FF_SALES,1159.21,USD,1159.21,FDB_FF,2026-03-04T23:00:00Z
MCHP-US,MCHP-US_FY2023_Q2,2023,Q2,2022-09-30,FF_SALES,1208.87,USD,1208.87,FDB_FF,2026-03-04T23:00:00Z
MCHP-US,MCHP-US_FY2023_Q3,2023,Q3,2022-12-31,FF_SALES,1146.9,USD,1146.9,FDB_FF,2026-03-04T23:00:00Z
MCHP-US,MCHP-US_FY2023_Q4,2023,Q4,2023-03-31,FF_SALES,1251.15,USD,1251.15,FDB_FF,2026-03-04T23:00:00Z
MCHP-US,MCHP-US_FY2024_A,2024,FY,2024-03-31,FF_SALES,5100.15,USD,5100.15,FDB_FF,2026-03-04T23:00:00Z
MCHP-US,MCHP-US_FY2024_Q1,2024,Q1,2023-06-30,FF_SALES,1223.97,USD,1223.97,FDB_FF,2026-03-04T23:00:00Z
MCHP-US,MCHP-US_FY2024_Q2,2024,Q2,2023-09-30,FF_SALES,1341.74,USD,1341.74,FDB_FF,2026-03-04T23:00:00Z
MCHP-US,MCHP-US_FY2024_Q3,2024,Q3,2023-12-31,FF_SALES,1151.67,USD,1151.67,FDB_FF,2026-03-04T23:00:00Z
MCHP-US,MCHP-US_FY2024_Q4,2024,Q4,2024-03-31,FF_SALES,1382.76,USD,1382.76,FDB_FF,2026-03-04T23:00:00Z
MCHP-US,MCHP-US_FY2025_A,2025,FY,2025-03-31,FF_SALES,5073.88,USD,5073.88,FDB_FF,2026-03-04T23:00:00Z
MCHP-US,MCHP-US_FY2025_Q1,2025,Q1,2024-06-30,FF_SALES,1060.8,USD,1060.8,FDB_FF,2026-03-04T23:00:00Z
MCHP-US,MCHP-US_FY2025_Q2,2025,Q2,2024-09-30,FF_SALES,1431.72,USD,1431.72,FDB_FF,2026-03-04T23:00:00Z
MCHP-US,MCHP-US_FY2025_Q3,2025,Q3,2024-12-31,FF_SALES,1191.29,USD,1191.29,FDB_FF,2026-03-04T23:00:00Z
MCHP-US,MCHP-US_FY2025_Q4,2025,Q4,2025-03-31,FF_SALES,1390.07,USD,1390.07,FDB_FF,2026-03-04T23:00:00Z
KEYS-US,KEYS-US_FY2021_A,2021,FY,2021-10-31,FF_SALES,4137.0,USD,4137.0,FDB_FF,2026-03-04T23:00:00Z
KEYS-US,KEYS-US_FY2021_Q1,2021,Q1,2021-01-31,FF_SALES,1046.1,USD,1046.1,FDB_FF,2026-03-04T23:00:00Z
KEYS-US,KEYS-US_FY2021_Q2,2021,Q2,2021-04-30,FF_SALES,1093.67,USD,1093.67,FDB_FF,2026-03-04T23:00:00Z
KEYS-US,KEYS-US_FY2021_Q3,2021,Q3,2021-07-31,FF_SALES,1036.27,USD,1036.27,FDB_FF,2026-03-04T23:00:00Z
KEYS-US,KEYS-US_FY2021_Q4,2021,Q4,2021-10-31,FF_SALES,960.95,USD,960.95,FDB_FF,2026-03-04T23:00:00Z
KEYS-US,KEYS-US_FY2022_A,2022,FY,2022-10-31,FF_SALES,4461.92,USD,4461.92,FDB_FF,2026-03-04T23:00:00Z
KEYS-US,KEYS-US_FY2022_Q1,2022,Q1,2022-01-31,FF_SALES,899.4,USD,899.4,FDB_FF,2026-03-04T23:00:00Z
KEYS-US,KEYS-US_FY2022_Q2,2022,Q2,2022-04-30,FF_SALES,1300.14,USD,1300.14,FDB_FF,2026-03-04T23:00:00Z
KEYS-US,KEYS-US_FY2022_Q3,2022,Q3,2022-07-31,FF_SALES,1255.92,USD,1255.92,FDB_FF,2026-03-04T23:00:00Z
KEYS-US,KEYS-US_FY2022_Q4,2022,Q4,2022-10-31,FF_SALES,1006.46,USD,1006.46,FDB_FF,2026-03-04T23:00:00Z
KEYS-US,KEYS-US_FY2023_A,2023,FY,2023-10-31,FF_SALES,4399.82,USD,4399.82,FDB_FF,2026-03-04T23:00:00Z
KEYS-US,KEYS-US_FY2023_Q1,2023,Q1,2023-01-31,FF_SALES,1270.77,USD,1270.77,FDB_FF,2026-03-04T23:00:00Z
KEYS-US,KEYS-US_FY2023_Q2,2023,Q2,2023-04-30,FF_SALES,1085.65,USD,1085.65,FDB_FF,2026-03-04T23:00:00Z
KEYS-US,KEYS-US_FY2023_Q3,2023,Q3,2023-07-31,FF_SALES,1100.15,USD,1100.15,FDB_FF,2026-03-04T23:00:00Z
KEYS-US,KEYS-US_FY2023_Q4,2023,Q4,2023-10-31,FF_SALES,943.24,USD,943.24,FDB_FF,2026-03-04T23:00:00Z
KEYS-US,KEYS-US_FY2024_A,2024,FY,2024-10-31,FF_SALES,4945.28,USD,4945.28,FDB_FF,2026-03-04T23:00:00Z
KEYS-US,KEYS-US_FY2024_Q1,2024,Q1,2024-01-31,FF_SALES,1302.71,USD,1302.71,FDB_FF,2026-03-04T23:00:00Z
KEYS-US,KEYS-US_FY2024_Q2,2024,Q2,2024-04-30,FF_SALES,1218.68,USD,1218.68,FDB_FF,2026-03-04T23:00:00Z
KEYS-US,KEYS-US_FY2024_Q3,2024,Q3,2024-07-31,FF_SALES,1087.25,USD,1087.25,FDB_FF,2026-03-04T23:00:00Z
KEYS-US,KEYS-US_FY2024_Q4,2024,Q4,2024-10-31,FF_SALES,1336.64,USD,1336.64,FDB_FF,2026-03-04T23:00:00Z
KEYS-US,KEYS-US_FY2025_A,2025,FY,2025-10-31,FF_SALES,4728.33,USD,4728.33,FDB_FF,2026-03-04T23:00:00Z
KEYS-US,KEYS-US_FY2025_Q1,2025,Q1,2025-01-31,FF_SALES,1335.59,USD,1335.59,FDB_FF,2026-03-04T23:00:00Z
KEYS-US,KEYS-US_FY2025_Q2,2025,Q2,2025-04-30,FF_SALES,1077.34,USD,1077.34,FDB_FF,2026-03-04T23:00:00Z
KEYS-US,KEYS-US_FY2025_Q3,2025,Q3,2025-07-31,FF_SALES,1176.9,USD,1176.9,FDB_FF,2026-03-04T23:00:00Z
KEYS-US,KEYS-US_FY2025_Q4,2025,Q4,2025-10-31,FF_SALES,1138.51,USD,1138.51,FDB_FF,2026-03-04T23:00:00Z
IT-US,IT-US_FY2021_A,2021,FY,2021-12-31,FF_SALES,4969.95,USD,4969.95,FDB_FF,2026-03-04T23:00:00Z
IT-US,IT-US_FY2021_Q1,2021,Q1,2021-03-31,FF_SALES,1455.47,USD,1455.47,FDB_FF,2026-03-04T23:00:00Z
IT-US,IT-US_FY2021_Q2,2021,Q2,2021-06-30,FF_SALES,1345.8,USD,1345.8,FDB_FF,2026-03-04T23:00:00Z
IT-US,IT-US_FY2021_Q3,2021,Q3,2021-09-30,FF_SALES,1092.82,USD,1092.82,FDB_FF,2026-03-04T23:00:00Z
IT-US,IT-US_FY2021_Q4,2021,Q4,2021-12-31,FF_SALES,1075.87,USD,1075.87,FDB_FF,2026-03-04T23:00:00Z
IT-US,IT-US_FY2022_A,2022,FY,2022-12-31,FF_SALES,4877.92,USD,4877.92,FDB_FF,2026-03-04T23:00:00Z
IT-US,IT-US_FY2022_Q1,2022,Q1,2022-03-31,FF_SALES,1248.76,USD,1248.76,FDB_FF,2026-03-04T23:00:00Z
IT-US,IT-US_FY2022_Q2,2022,Q2,2022-06-30,FF_SALES,1275.53,USD,1275.53,FDB_FF,2026-03-04T23:00:00Z
IT-US,IT-US_FY2022_Q3,2022,Q3,2022-09-30,FF_SALES,1083.84,USD,1083.84,FDB_FF,2026-03-04T23:00:00Z
IT-US,IT-US_FY2022_Q4,2022,Q4,2022-12-31,FF_SALES,1269.79,USD,1269.79,FDB_FF,2026-03-04T23:00:00Z
IT-US,IT-US_FY2023_A,2023,FY,2023-12-31,FF_SALES,5107.83,USD,5107.83,FDB_FF,2026-03-04T23:00:00Z
IT-US,IT-US_FY2023_Q1,2023,Q1,2023-03-31,FF_SALES,1301.5,USD,1301.5,FDB_FF,2026-03-04T23:00:00Z
IT-US,IT-US_FY2023_Q2,2023,Q2,2023-06-30,FF_SALES,1211.5,USD,1211.5,FDB_FF,2026-03-04T23:00:00Z
IT-US,IT-US_FY2023_Q3,2023,Q3,2023-09-30,FF_SALES,1468.26,USD,1468.26,FDB_FF,2026-03-04T23:00:00Z
IT-US,IT-US_FY2023_Q4,2023,Q4,2023-12-31,FF_SALES,1126.57,USD,1126.57,FDB_FF,2026-03-04T23:00:00Z
IT-US,IT-US_FY2024_A,2024,FY,2024-12-31,FF_SALES,5291.62,USD,5291.62,FDB_FF,2026-03-04T23:00:00Z
IT-US,IT-US_FY2024_Q1,2024,Q1,2024-03-31,FF_SALES,1194.41,USD,1194.41,FDB_FF,2026-03-04T23:00:00Z
IT-US,IT-US_FY2024_Q2,2024,Q2,2024-06-30,FF_SALES,1401.17,USD,1401.17,FDB_FF,2026-03-04T23:00:00Z
IT-US,IT-US_FY2024_Q3,2024,Q3,2024-09-30,FF_SALES,1300.81,USD,1300.81,FDB_FF,2026-03-04T23:00:00Z
IT-US,IT-US_FY2024_Q4,2024,Q4,2024-12-31,FF_SALES,1395.23,USD,1395.23,FDB_FF,2026-03-04T23:00:00Z
IT-US,IT-US_FY2025_A,2025,FY,2025-12-31,FF_SALES,5075.11,USD,5075.11,FDB_FF,2026-03-04T23:00:00Z
IT-US,IT-US_FY2025_Q1,2025,Q1,2025-03-31,FF_SALES,1306.6,USD,1306.6,FDB_FF,2026-03-04T23:00:00Z
IT-US,IT-US_FY2025_Q2,2025,Q2,2025-06-30,FF_SALES,1417.92,USD,1417.92,FDB_FF,2026-03-04T23:00:00Z
IT-US,IT-US_FY2025_Q3,2025,Q3,2025-09-30,FF_SALES,1095.18,USD,1095.18,FDB_FF,2026-03-04T23:00:00Z
IT-US,IT-US_FY2025_Q4,2025,Q4,2025-12-31,FF_SALES,1255.41,USD,1255.41,FDB_FF,2026-03-04T23:00:00Z
PAYC-US,PAYC-US_FY2021_A,2021,FY,2021-12-31,FF_SALES,1431.98,USD,1431.98,FDB_FF,2026-03-04T23:00:00Z
PAYC-US,PAYC-US_FY2021_Q1,2021,Q1,2021-03-31,FF_SALES,345.87,USD,345.87,FDB_FF,2026-03-04T23:00:00Z
PAYC-US,PAYC-US_FY2021_Q2,2021,Q2,2021-06-30,FF_SALES,357.0,USD,357.0,FDB_FF,2026-03-04T23:00:00Z
PAYC-US,PAYC-US_FY2021_Q3,2021,Q3,2021-09-30,FF_SALES,307.87,USD,307.87,FDB_FF,2026-03-04T23:00:00Z
PAYC-US,PAYC-US_FY2021_Q4,2021,Q4,2021-12-31,FF_SALES,421.24,USD,421.24,FDB_FF,2026-03-04T23:00:00Z
PAYC-US,PAYC-US_FY2022_A,2022,FY,2022-12-31,FF_SALES,1410.7,USD,1410.7,FDB_FF,2026-03-04T23:00:00Z
PAYC-US,PAYC-US_FY2022_Q1,2022,Q1,2022-03-31,FF_SALES,322.32,USD,322.32,FDB_FF,2026-03-04T23:00:00Z
PAYC-US,PAYC-US_FY2022_Q2,2022,Q2,2022-06-30,FF_SALES,366.12,USD,366.12,FDB_FF,2026-03-04T23:00:00Z
PAYC-US,PAYC-US_FY2022_Q3,2022,Q3,2022-09-30,FF_SALES,338.58,USD,338.58,FDB_FF,2026-03-04T23:00:00Z
PAYC-US,PAYC-US_FY2022_Q4,2022,Q4,2022-12-31,FF_SALES,383.68,USD,383.68,FDB_FF,2026-03-04T23:00:00Z
PAYC-US,PAYC-US_FY2023_A,2023,FY,2023-12-31,FF_SALES,1567.63,USD,1567.63,FDB_FF,2026-03-04T23:00:00Z
PAYC-US,PAYC-US_FY2023_Q1,2023,Q1,2023-03-31,FF_SALES,361.12,USD,361.12,FDB_FF,2026-03-04T23:00:00Z
PAYC-US,PAYC-US_FY2023_Q2,2023,Q2,2023-06-30,FF_SALES,498.75,USD,498.75,FDB_FF,2026-03-04T23:00:00Z
PAYC-US,PAYC-US_FY2023_Q3,2023,Q3,2023-09-30,FF_SALES,355.93,USD,355.93,FDB_FF,2026-03-04T23:00:00Z
PAYC-US,PAYC-US_FY2023_Q4,2023,Q4,2023-12-31,FF_SALES,351.83,USD,351.83,FDB_FF,2026-03-04T23:00:00Z
PAYC-US,PAYC-US_FY2024_A,2024,FY,2024-12-31,FF_SALES,1778.05,USD,1778.05,FDB_FF,2026-03-04T23:00:00Z
PAYC-US,PAYC-US_FY2024_Q1,2024,Q1,2024-03-31,FF_SALES,474.68,USD,474.68,FDB_FF,2026-03-04T23:00:00Z
PAYC-US,PAYC-US_FY2024_Q2,2024,Q2,2024-06-30,FF_SALES,427.19,USD,427.19,FDB_FF,2026-03-04T23:00:00Z
PAYC-US,PAYC-US_FY2024_Q3,2024,Q3,2024-09-30,FF_SALES,426.8,USD,426.8,FDB_FF,2026-03-04T23:00:00Z
PAYC-US,PAYC-US_FY2024_Q4,2024,Q4,2024-12-31,FF_SALES,449.37,USD,449.37,FDB_FF,2026-03-04T23:00:00Z
PAYC-US,PAYC-US_FY2025_A,2025,FY,2025-12-31,FF_SALES,1837.69,USD,1837.69,FDB_FF,2026-03-04T23:00:00Z
PAYC-US,PAYC-US_FY2025_Q1,2025,Q1,2025-03-31,FF_SALES,419.67,USD,419.67,FDB_FF,2026-03-04T23:00:00Z
PAYC-US,PAYC-US_FY2025_Q2,2025,Q2,2025-06-30,FF_SALES,400.96,USD,400.96,FDB_FF,2026-03-04T23:00:00Z
PAYC-US,PAYC-US_FY2025_Q3,2025,Q3,2025-09-30,FF_SALES,461.25,USD,461.25,FDB_FF,2026-03-04T23:00:00Z
PAYC-US,PAYC-US_FY2025_Q4,2025,Q4,2025-12-31,FF_SALES,555.81,USD,555.81,FDB_FF,2026-03-04T23:00:00Z
DDOG-US,DDOG-US_FY2021_A,2021,FY,2021-12-31,FF_SALES,2232.98,USD,2232.98,FDB_FF,2026-03-04T23:00:00Z
DDOG-US,DDOG-US_FY2021_Q1,2021,Q1,2021-03-31,FF_SALES,645.8,USD,645.8,FDB_FF,2026-03-04T23:00:00Z
DDOG-US,DDOG-US_FY2021_Q2,2021,Q2,2021-06-30,FF_SALES,461.86,USD,461.86,FDB_FF,2026-03-04T23:00:00Z
DDOG-US,DDOG-US_FY2021_Q3,2021,Q3,2021-09-30,FF_SALES,629.15,USD,629.15,FDB_FF,2026-03-04T23:00:00Z
DDOG-US,DDOG-US_FY2021_Q4,2021,Q4,2021-12-31,FF_SALES,496.18,USD,496.18,FDB_FF,2026-03-04T23:00:00Z
DDOG-US,DDOG-US_FY2022_A,2022,FY,2022-12-31,FF_SALES,2384.32,USD,2384.32,FDB_FF,2026-03-04T23:00:00Z
DDOG-US,DDOG-US_FY2022_Q1,2022,Q1,2022-03-31,FF_SALES,628.87,USD,628.87,FDB_FF,2026-03-04T23:00:00Z
DDOG-US,DDOG-US_FY2022_Q2,2022,Q2,2022-06-30,FF_SALES,596.92,USD,596.92,FDB_FF,2026-03-04T23:00:00Z
DDOG-US,DDOG-US_FY2022_Q3,2022,Q3,2022-09-30,FF_SALES,575.62,USD,575.62,FDB_FF,2026-03-04T23:00:00Z
DDOG-US,DDOG-US_FY2022_Q4,2022,Q4,2022-12-31,FF_SALES,582.91,USD,582.91,FDB_FF,2026-03-04T23:00:00Z
DDOG-US,DDOG-US_FY2023_A,2023,FY,2023-12-31,FF_SALES,2423.93,USD,2423.93,FDB_FF,2026-03-04T23:00:00Z
DDOG-US,DDOG-US_FY2023_Q1,2023,Q1,2023-03-31,FF_SALES,564.94,USD,564.94,FDB_FF,2026-03-04T23:00:00Z
DDOG-US,DDOG-US_FY2023_Q2,2023,Q2,2023-06-30,FF_SALES,654.15,USD,654.15,FDB_FF,2026-03-04T23:00:00Z
DDOG-US,DDOG-US_FY2023_Q3,2023,Q3,2023-09-30,FF_SALES,550.84,USD,550.84,FDB_FF,2026-03-04T23:00:00Z
DDOG-US,DDOG-US_FY2023_Q4,2023,Q4,2023-12-31,FF_SALES,654.01,USD,654.01,FDB_FF,2026-03-04T23:00:00Z
DDOG-US,DDOG-US_FY2024_A,2024,FY,2024-12-31,FF_SALES,2741.92,USD,2741.92,FDB_FF,2026-03-04T23:00:00Z
DDOG-US,DDOG-US_FY2024_Q1,2024,Q1,2024-03-31,FF_SALES,601.43,USD,601.43,FDB_FF,2026-03-04T23:00:00Z
DDOG-US,DDOG-US_FY2024_Q2,2024,Q2,2024-06-30,FF_SALES,698.2,USD,698.2,FDB_FF,2026-03-04T23:00:00Z
DDOG-US,DDOG-US_FY2024_Q3,2024,Q3,2024-09-30,FF_SALES,721.64,USD,721.64,FDB_FF,2026-03-04T23:00:00Z
DDOG-US,DDOG-US_FY2024_Q4,2024,Q4,2024-12-31,FF_SALES,720.64,USD,720.64,FDB_FF,2026-03-04T23:00:00Z
DDOG-US,DDOG-US_FY2025_A,2025,FY,2025-12-31,FF_SALES,2734.39,USD,2734.39,FDB_FF,2026-03-04T23:00:00Z
DDOG-US,DDOG-US_FY2025_Q1,2025,Q1,2025-03-31,FF_SALES,604.68,USD,604.68,FDB_FF,2026-03-04T23:00:00Z
DDOG-US,DDOG-US_FY2025_Q2,2025,Q2,2025-06-30,FF_SALES,619.0,USD,619.0,FDB_FF,2026-03-04T23:00:00Z
DDOG-US,DDOG-US_FY2025_Q3,2025,Q3,2025-09-30,FF_SALES,733.13,USD,733.13,FDB_FF,2026-03-04T23:00:00Z
DDOG-US,DDOG-US_FY2025_Q4,2025,Q4,2025-12-31,FF_SALES,777.58,USD,777.58,FDB_FF,2026-03-04T23:00:00Z
SNOW-US,SNOW-US_FY2021_A,2021,FY,2021-01-31,FF_SALES,2633.26,USD,2633.26,FDB_FF,2026-03-04T23:00:00Z
SNOW-US,SNOW-US_FY2021_Q1,2021,Q1,2020-04-30,FF_SALES,677.25,USD,677.25,FDB_FF,2026-03-04T23:00:00Z
SNOW-US,SNOW-US_FY2021_Q2,2021,Q2,2020-07-31,FF_SALES,609.17,USD,609.17,FDB_FF,2026-03-04T23:00:00Z
SNOW-US,SNOW-US_FY2021_Q3,2021,Q3,2020-10-31,FF_SALES,672.76,USD,672.76,FDB_FF,2026-03-04T23:00:00Z
SNOW-US,SNOW-US_FY2021_Q4,2021,Q4,2021-01-31,FF_SALES,674.08,USD,674.08,FDB_FF,2026-03-04T23:00:00Z
SNOW-US,SNOW-US_FY2022_A,2022,FY,2022-01-31,FF_SALES,2738.02,USD,2738.02,FDB_FF,2026-03-04T23:00:00Z
SNOW-US,SNOW-US_FY2022_Q1,2022,Q1,2021-04-30,FF_SALES,744.89,USD,744.89,FDB_FF,2026-03-04T23:00:00Z
SNOW-US,SNOW-US_FY2022_Q2,2022,Q2,2021-07-31,FF_SALES,653.27,USD,653.27,FDB_FF,2026-03-04T23:00:00Z
SNOW-US,SNOW-US_FY2022_Q3,2022,Q3,2021-10-31,FF_SALES,671.3,USD,671.3,FDB_FF,2026-03-04T23:00:00Z
SNOW-US,SNOW-US_FY2022_Q4,2022,Q4,2022-01-31,FF_SALES,668.56,USD,668.56,FDB_FF,2026-03-04T23:00:00Z
SNOW-US,SNOW-US_FY2023_A,2023,FY,2023-01-31,FF_SALES,3074.38,USD,3074.38,FDB_FF,2026-03-04T23:00:00Z
SNOW-US,SNOW-US_FY2023_Q1,2023,Q1,2022-04-30,FF_SALES,869.56,USD,869.56,FDB_FF,2026-03-04T23:00:00Z
SNOW-US,SNOW-US_FY2023_Q2,2023,Q2,2022-07-31,FF_SALES,711.93,USD,711.93,FDB_FF,2026-03-04T23:00:00Z
SNOW-US,SNOW-US_FY2023_Q3,2023,Q3,2022-10-31,FF_SALES,684.56,USD,684.56,FDB_FF,2026-03-04T23:00:00Z
SNOW-US,SNOW-US_FY2023_Q4,2023,Q4,2023-01-31,FF_SALES,808.33,USD,808.33,FDB_FF,2026-03-04T23:00:00Z
SNOW-US,SNOW-US_FY2024_A,2024,FY,2024-01-31,FF_SALES,3106.86,USD,3106.86,FDB_FF,2026-03-04T23:00:00Z
SNOW-US,SNOW-US_FY2024_Q1,2024,Q1,2023-04-30,FF_SALES,772.48,USD,772.48,FDB_FF,2026-03-04T23:00:00Z
SNOW-US,SNOW-US_FY2024_Q2,2024,Q2,2023-07-31,FF_SALES,698.27,USD,698.27,FDB_FF,2026-03-04T23:00:00Z
SNOW-US,SNOW-US_FY2024_Q3,2024,Q3,2023-10-31,FF_SALES,851.49,USD,851.49,FDB_FF,2026-03-04T23:00:00Z
SNOW-US,SNOW-US_FY2024_Q4,2024,Q4,2024-01-31,FF_SALES,784.61,USD,784.61,FDB_FF,2026-03-04T23:00:00Z
SNOW-US,SNOW-US_FY2025_A,2025,FY,2025-01-31,FF_SALES,3232.32,USD,3232.32,FDB_FF,2026-03-04T23:00:00Z
SNOW-US,SNOW-US_FY2025_Q1,2025,Q1,2024-04-30,FF_SALES,676.38,USD,676.38,FDB_FF,2026-03-04T23:00:00Z
SNOW-US,SNOW-US_FY2025_Q2,2025,Q2,2024-07-31,FF_SALES,931.17,USD,931.17,FDB_FF,2026-03-04T23:00:00Z
SNOW-US,SNOW-US_FY2025_Q3,2025,Q3,2024-10-31,FF_SALES,682.9,USD,682.9,FDB_FF,2026-03-04T23:00:00Z
SNOW-US,SNOW-US_FY2025_Q4,2025,Q4,2025-01-31,FF_SALES,941.87,USD,941.87,FDB_FF,2026-03-04T23:00:00Z
PLTR-US,PLTR-US_FY2021_A,2021,FY,2021-12-31,FF_SALES,2329.01,USD,2329.01,FDB_FF,2026-03-04T23:00:00Z
PLTR-US,PLTR-US_FY2021_Q1,2021,Q1,2021-03-31,FF_SALES,566.02,USD,566.02,FDB_FF,2026-03-04T23:00:00Z
PLTR-US,PLTR-US_FY2021_Q2,2021,Q2,2021-06-30,FF_SALES,556.0,USD,556.0,FDB_FF,2026-03-04T23:00:00Z
PLTR-US,PLTR-US_FY2021_Q3,2021,Q3,2021-09-30,FF_SALES,576.68,USD,576.68,FDB_FF,2026-03-04T23:00:00Z
PLTR-US,PLTR-US_FY2021_Q4,2021,Q4,2021-12-31,FF_SALES,630.3,USD,630.3,FDB_FF,2026-03-04T23:00:00Z
PLTR-US,PLTR-US_FY2022_A,2022,FY,2022-12-31,FF_SALES,2629.86,USD,2629.86,FDB_FF,2026-03-04T23:00:00Z
PLTR-US,PLTR-US_FY2022_Q1,2022,Q1,2022-03-31,FF_SALES,629.58,USD,629.58,FDB_FF,2026-03-04T23:00:00Z
PLTR-US,PLTR-US_FY2022_Q2,2022,Q2,2022-06-30,FF_SALES,722.12,USD,722.12,FDB_FF,2026-03-04T23:00:00Z
PLTR-US,PLTR-US_FY2022_Q3,2022,Q3,2022-09-30,FF_SALES,681.52,USD,681.52,FDB_FF,2026-03-04T23:00:00Z
PLTR-US,PLTR-US_FY2022_Q4,2022,Q4,2022-12-31,FF_SALES,596.63,USD,596.63,FDB_FF,2026-03-04T23:00:00Z
PLTR-US,PLTR-US_FY2023_A,2023,FY,2023-12-31,FF_SALES,2748.53,USD,2748.53,FDB_FF,2026-03-04T23:00:00Z
PLTR-US,PLTR-US_FY2023_Q1,2023,Q1,2023-03-31,FF_SALES,641.51,USD,641.51,FDB_FF,2026-03-04T23:00:00Z
PLTR-US,PLTR-US_FY2023_Q2,2023,Q2,2023-06-30,FF_SALES,614.97,USD,614.97,FDB_FF,2026-03-04T23:00:00Z
PLTR-US,PLTR-US_FY2023_Q3,2023,Q3,2023-09-30,FF_SALES,627.38,USD,627.38,FDB_FF,2026-03-04T23:00:00Z
PLTR-US,PLTR-US_FY2023_Q4,2023,Q4,2023-12-31,FF_SALES,864.68,USD,864.68,FDB_FF,2026-03-04T23:00:00Z
PLTR-US,PLTR-US_FY2024_A,2024,FY,2024-12-31,FF_SALES,2799.9,USD,2799.9,FDB_FF,2026-03-04T23:00:00Z
PLTR-US,PLTR-US_FY2024_Q1,2024,Q1,2024-03-31,FF_SALES,788.43,USD,788.43,FDB_FF,2026-03-04T23:00:00Z
PLTR-US,PLTR-US_FY2024_Q2,2024,Q2,2024-06-30,FF_SALES,727.5,USD,727.5,FDB_FF,2026-03-04T23:00:00Z
PLTR-US,PLTR-US_FY2024_Q3,2024,Q3,2024-09-30,FF_SALES,631.06,USD,631.06,FDB_FF,2026-03-04T23:00:00Z
PLTR-US,PLTR-US_FY2024_Q4,2024,Q4,2024-12-31,FF_SALES,652.9,USD,652.9,FDB_FF,2026-03-04T23:00:00Z
PLTR-US,PLTR-US_FY2025_A,2025,FY,2025-12-31,FF_SALES,2905.04,USD,2905.04,FDB_FF,2026-03-04T23:00:00Z
PLTR-US,PLTR-US_FY2025_Q1,2025,Q1,2025-03-31,FF_SALES,746.45,USD,746.45,FDB_FF,2026-03-04T23:00:00Z
PLTR-US,PLTR-US_FY2025_Q2,2025,Q2,2025-06-30,FF_SALES,771.95,USD,771.95,FDB_FF,2026-03-04T23:00:00Z
PLTR-US,PLTR-US_FY2025_Q3,2025,Q3,2025-09-30,FF_SALES,660.56,USD,660.56,FDB_FF,2026-03-04T23:00:00Z
PLTR-US,PLTR-US_FY2025_Q4,2025,Q4,2025-12-31,FF_SALES,726.08,USD,726.08,FDB_FF,2026-03-04T23:00:00Z
COIN-US,COIN-US_FY2021_A,2021,FY,2021-12-31,FF_SALES,5191.32,USD,5191.32,FDB_FF,2026-03-04T23:00:00Z
COIN-US,COIN-US_FY2021_Q1,2021,Q1,2021-03-31,FF_SALES,1170.29,USD,1170.29,FDB_FF,2026-03-04T23:00:00Z
COIN-US,COIN-US_FY2021_Q2,2021,Q2,2021-06-30,FF_SALES,1300.18,USD,1300.18,FDB_FF,2026-03-04T23:00:00Z
COIN-US,COIN-US_FY2021_Q3,2021,Q3,2021-09-30,FF_SALES,1395.94,USD,1395.94,FDB_FF,2026-03-04T23:00:00Z
COIN-US,COIN-US_FY2021_Q4,2021,Q4,2021-12-31,FF_SALES,1324.91,USD,1324.91,FDB_FF,2026-03-04T23:00:00Z
COIN-US,COIN-US_FY2022_A,2022,FY,2022-12-31,FF_SALES,5000.18,USD,5000.18,FDB_FF,2026-03-04T23:00:00Z
COIN-US,COIN-US_FY2022_Q1,2022,Q1,2022-03-31,FF_SALES,1070.77,USD,1070.77,FDB_FF,2026-03-04T23:00:00Z
COIN-US,COIN-US_FY2022_Q2,2022,Q2,2022-06-30,FF_SALES,1369.26,USD,1369.26,FDB_FF,2026-03-04T23:00:00Z
COIN-US,COIN-US_FY2022_Q3,2022,Q3,2022-09-30,FF_SALES,1167.72,USD,1167.72,FDB_FF,2026-03-04T23:00:00Z
COIN-US,COIN-US_FY2022_Q4,2022,Q4,2022-12-31,FF_SALES,1392.44,USD,1392.44,FDB_FF,2026-03-04T23:00:00Z
COIN-US,COIN-US_FY2023_A,2023,FY,2023-12-31,FF_SALES,5406.76,USD,5406.76,FDB_FF,2026-03-04T23:00:00Z
COIN-US,COIN-US_FY2023_Q1,2023,Q1,2023-03-31,FF_SALES,1469.18,USD,1469.18,FDB_FF,2026-03-04T23:00:00Z
COIN-US,COIN-US_FY2023_Q2,2023,Q2,2023-06-30,FF_SALES,1452.46,USD,1452.46,FDB_FF,2026-03-04T23:00:00Z
COIN-US,COIN-US_FY2023_Q3,2023,Q3,2023-09-30,FF_SALES,1179.53,USD,1179.53,FDB_FF,2026-03-04T23:00:00Z
COIN-US,COIN-US_FY2023_Q4,2023,Q4,2023-12-31,FF_SALES,1305.59,USD,1305.59,FDB_FF,2026-03-04T23:00:00Z
COIN-US,COIN-US_FY2024_A,2024,FY,2024-12-31,FF_SALES,5289.36,USD,5289.36,FDB_FF,2026-03-04T23:00:00Z
COIN-US,COIN-US_FY2024_Q1,2024,Q1,2024-03-31,FF_SALES,1194.19,USD,1194.19,FDB_FF,2026-03-04T23:00:00Z
COIN-US,COIN-US_FY2024_Q2,2024,Q2,2024-06-30,FF_SALES,1508.19,USD,1508.19,FDB_FF,2026-03-04T23:00:00Z
COIN-US,COIN-US_FY2024_Q3,2024,Q3,2024-09-30,FF_SALES,1371.38,USD,1371.38,FDB_FF,2026-03-04T23:00:00Z
COIN-US,COIN-US_FY2024_Q4,2024,Q4,2024-12-31,FF_SALES,1215.6,USD,1215.6,FDB_FF,2026-03-04T23:00:00Z
COIN-US,COIN-US_FY2025_A,2025,FY,2025-12-31,FF_SALES,5654.37,USD,5654.37,FDB_FF,2026-03-04T23:00:00Z
COIN-US,COIN-US_FY2025_Q1,2025,Q1,2025-03-31,FF_SALES,1594.92,USD,1594.92,FDB_FF,2026-03-04T23:00:00Z
COIN-US,COIN-US_FY2025_Q2,2025,Q2,2025-06-30,FF_SALES,1253.78,USD,1253.78,FDB_FF,2026-03-04T23:00:00Z
COIN-US,COIN-US_FY2025_Q3,2025,Q3,2025-09-30,FF_SALES,1290.2,USD,1290.2,FDB_FF,2026-03-04T23:00:00Z
COIN-US,COIN-US_FY2025_Q4,2025,Q4,2025-12-31,FF_SALES,1515.48,USD,1515.48,FDB_FF,2026-03-04T23:00:00Z
TGT-US,TGT-US_FY2021_A,2021,FY,2021-01-31,FF_SALES,87900.65,USD,87900.65,FDB_FF,2026-03-04T23:00:00Z
TGT-US,TGT-US_FY2021_Q1,2021,Q1,2020-04-30,FF_SALES,23068.45,USD,23068.45,FDB_FF,2026-03-04T23:00:00Z
TGT-US,TGT-US_FY2021_Q2,2021,Q2,2020-07-31,FF_SALES,22333.05,USD,22333.05,FDB_FF,2026-03-04T23:00:00Z
TGT-US,TGT-US_FY2021_Q3,2021,Q3,2020-10-31,FF_SALES,21897.93,USD,21897.93,FDB_FF,2026-03-04T23:00:00Z
TGT-US,TGT-US_FY2021_Q4,2021,Q4,2021-01-31,FF_SALES,20601.21,USD,20601.21,FDB_FF,2026-03-04T23:00:00Z
TGT-US,TGT-US_FY2022_A,2022,FY,2022-01-31,FF_SALES,94862.82,USD,94862.82,FDB_FF,2026-03-04T23:00:00Z
TGT-US,TGT-US_FY2022_Q1,2022,Q1,2021-04-30,FF_SALES,24645.03,USD,24645.03,FDB_FF,2026-03-04T23:00:00Z
TGT-US,TGT-US_FY2022_Q2,2022,Q2,2021-07-31,FF_SALES,24018.8,USD,24018.8,FDB_FF,2026-03-04T23:00:00Z
TGT-US,TGT-US_FY2022_Q3,2022,Q3,2021-10-31,FF_SALES,24026.63,USD,24026.63,FDB_FF,2026-03-04T23:00:00Z
TGT-US,TGT-US_FY2022_Q4,2022,Q4,2022-01-31,FF_SALES,22172.36,USD,22172.36,FDB_FF,2026-03-04T23:00:00Z
TGT-US,TGT-US_FY2023_A,2023,FY,2023-01-31,FF_SALES,94183.46,USD,94183.46,FDB_FF,2026-03-04T23:00:00Z
TGT-US,TGT-US_FY2023_Q1,2023,Q1,2022-04-30,FF_SALES,28334.38,USD,28334.38,FDB_FF,2026-03-04T23:00:00Z
TGT-US,TGT-US_FY2023_Q2,2023,Q2,2022-07-31,FF_SALES,23899.21,USD,23899.21,FDB_FF,2026-03-04T23:00:00Z
TGT-US,TGT-US_FY2023_Q3,2023,Q3,2022-10-31,FF_SALES,21402.58,USD,21402.58,FDB_FF,2026-03-04T23:00:00Z
TGT-US,TGT-US_FY2023_Q4,2023,Q4,2023-01-31,FF_SALES,20547.29,USD,20547.29,FDB_FF,2026-03-04T23:00:00Z
TGT-US,TGT-US_FY2024_A,2024,FY,2024-01-31,FF_SALES,90927.82,USD,90927.82,FDB_FF,2026-03-04T23:00:00Z
TGT-US,TGT-US_FY2024_Q1,2024,Q1,2023-04-30,FF_SALES,24511.79,USD,24511.79,FDB_FF,2026-03-04T23:00:00Z
TGT-US,TGT-US_FY2024_Q2,2024,Q2,2023-07-31,FF_SALES,18106.52,USD,18106.52,FDB_FF,2026-03-04T23:00:00Z
TGT-US,TGT-US_FY2024_Q3,2024,Q3,2023-10-31,FF_SALES,23877.94,USD,23877.94,FDB_FF,2026-03-04T23:00:00Z
TGT-US,TGT-US_FY2024_Q4,2024,Q4,2024-01-31,FF_SALES,24431.57,USD,24431.57,FDB_FF,2026-03-04T23:00:00Z
TGT-US,TGT-US_FY2025_A,2025,FY,2025-01-31,FF_SALES,102451.69,USD,102451.69,FDB_FF,2026-03-04T23:00:00Z
TGT-US,TGT-US_FY2025_Q1,2025,Q1,2024-04-30,FF_SALES,22516.57,USD,22516.57,FDB_FF,2026-03-04T23:00:00Z
TGT-US,TGT-US_FY2025_Q2,2025,Q2,2024-07-31,FF_SALES,25820.63,USD,25820.63,FDB_FF,2026-03-04T23:00:00Z
TGT-US,TGT-US_FY2025_Q3,2025,Q3,2024-10-31,FF_SALES,30566.97,USD,30566.97,FDB_FF,2026-03-04T23:00:00Z
TGT-US,TGT-US_FY2025_Q4,2025,Q4,2025-01-31,FF_SALES,23547.53,USD,23547.53,FDB_FF,2026-03-04T23:00:00Z
INTU-US,INTU-US_FY2021_A,2021,FY,2021-07-31,FF_SALES,12565.32,USD,12565.32,FDB_FF,2026-03-04T23:00:00Z
INTU-US,INTU-US_FY2021_Q1,2021,Q1,2020-10-31,FF_SALES,3363.59,USD,3363.59,FDB_FF,2026-03-04T23:00:00Z
INTU-US,INTU-US_FY2021_Q2,2021,Q2,2021-01-31,FF_SALES,3292.02,USD,3292.02,FDB_FF,2026-03-04T23:00:00Z
INTU-US,INTU-US_FY2021_Q3,2021,Q3,2021-04-30,FF_SALES,3337.09,USD,3337.09,FDB_FF,2026-03-04T23:00:00Z
INTU-US,INTU-US_FY2021_Q4,2021,Q4,2021-07-31,FF_SALES,2572.62,USD,2572.62,FDB_FF,2026-03-04T23:00:00Z
INTU-US,INTU-US_FY2022_A,2022,FY,2022-07-31,FF_SALES,13036.95,USD,13036.95,FDB_FF,2026-03-04T23:00:00Z
INTU-US,INTU-US_FY2022_Q1,2022,Q1,2021-10-31,FF_SALES,3217.36,USD,3217.36,FDB_FF,2026-03-04T23:00:00Z
INTU-US,INTU-US_FY2022_Q2,2022,Q2,2022-01-31,FF_SALES,3571.69,USD,3571.69,FDB_FF,2026-03-04T23:00:00Z
INTU-US,INTU-US_FY2022_Q3,2022,Q3,2022-04-30,FF_SALES,2986.05,USD,2986.05,FDB_FF,2026-03-04T23:00:00Z
INTU-US,INTU-US_FY2022_Q4,2022,Q4,2022-07-31,FF_SALES,3261.86,USD,3261.86,FDB_FF,2026-03-04T23:00:00Z
INTU-US,INTU-US_FY2023_A,2023,FY,2023-07-31,FF_SALES,13128.03,USD,13128.03,FDB_FF,2026-03-04T23:00:00Z
INTU-US,INTU-US_FY2023_Q1,2023,Q1,2022-10-31,FF_SALES,3593.57,USD,3593.57,FDB_FF,2026-03-04T23:00:00Z
INTU-US,INTU-US_FY2023_Q2,2023,Q2,2023-01-31,FF_SALES,3201.85,USD,3201.85,FDB_FF,2026-03-04T23:00:00Z
INTU-US,INTU-US_FY2023_Q3,2023,Q3,2023-04-30,FF_SALES,3313.09,USD,3313.09,FDB_FF,2026-03-04T23:00:00Z
INTU-US,INTU-US_FY2023_Q4,2023,Q4,2023-07-31,FF_SALES,3019.51,USD,3019.51,FDB_FF,2026-03-04T23:00:00Z
INTU-US,INTU-US_FY2024_A,2024,FY,2024-07-31,FF_SALES,14594.75,USD,14594.75,FDB_FF,2026-03-04T23:00:00Z
INTU-US,INTU-US_FY2024_Q1,2024,Q1,2023-10-31,FF_SALES,3393.38,USD,3393.38,FDB_FF,2026-03-04T23:00:00Z
INTU-US,INTU-US_FY2024_Q2,2024,Q2,2024-01-31,FF_SALES,3896.54,USD,3896.54,FDB_FF,2026-03-04T23:00:00Z
INTU-US,INTU-US_FY2024_Q3,2024,Q3,2024-04-30,FF_SALES,3254.33,USD,3254.33,FDB_FF,2026-03-04T23:00:00Z
INTU-US,INTU-US_FY2024_Q4,2024,Q4,2024-07-31,FF_SALES,4050.5,USD,4050.5,FDB_FF,2026-03-04T23:00:00Z
INTU-US,INTU-US_FY2025_A,2025,FY,2025-07-31,FF_SALES,16738.54,USD,16738.54,FDB_FF,2026-03-04T23:00:00Z
INTU-US,INTU-US_FY2025_Q1,2025,Q1,2024-10-31,FF_SALES,4268.71,USD,4268.71,FDB_FF,2026-03-04T23:00:00Z
INTU-US,INTU-US_FY2025_Q2,2025,Q2,2025-01-31,FF_SALES,3956.74,USD,3956.74,FDB_FF,2026-03-04T23:00:00Z
INTU-US,INTU-US_FY2025_Q3,2025,Q3,2025-04-30,FF_SALES,4130.32,USD,4130.32,FDB_FF,2026-03-04T23:00:00Z
INTU-US,INTU-US_FY2025_Q4,2025,Q4,2025-07-31,FF_SALES,4382.78,USD,4382.78,FDB_FF,2026-03-04T23:00:00Z
SYK-US,SYK-US_FY2021_A,2021,FY,2021-12-31,FF_SALES,18796.17,USD,18796.17,FDB_FF,2026-03-04T23:00:00Z
SYK-US,SYK-US_FY2021_Q1,2021,Q1,2021-03-31,FF_SALES,5355.9,USD,5355.9,FDB_FF,2026-03-04T23:00:00Z
SYK-US,SYK-US_FY2021_Q2,2021,Q2,2021-06-30,FF_SALES,4088.53,USD,4088.53,FDB_FF,2026-03-04T23:00:00Z
SYK-US,SYK-US_FY2021_Q3,2021,Q3,2021-09-30,FF_SALES,4301.92,USD,4301.92,FDB_FF,2026-03-04T23:00:00Z
SYK-US,SYK-US_FY2021_Q4,2021,Q4,2021-12-31,FF_SALES,5049.83,USD,5049.83,FDB_FF,2026-03-04T23:00:00Z
SYK-US,SYK-US_FY2022_A,2022,FY,2022-12-31,FF_SALES,21142.38,USD,21142.38,FDB_FF,2026-03-04T23:00:00Z
SYK-US,SYK-US_FY2022_Q1,2022,Q1,2022-03-31,FF_SALES,5216.16,USD,5216.16,FDB_FF,2026-03-04T23:00:00Z
SYK-US,SYK-US_FY2022_Q2,2022,Q2,2022-06-30,FF_SALES,4293.31,USD,4293.31,FDB_FF,2026-03-04T23:00:00Z
SYK-US,SYK-US_FY2022_Q3,2022,Q3,2022-09-30,FF_SALES,5811.07,USD,5811.07,FDB_FF,2026-03-04T23:00:00Z
SYK-US,SYK-US_FY2022_Q4,2022,Q4,2022-12-31,FF_SALES,5821.84,USD,5821.84,FDB_FF,2026-03-04T23:00:00Z
SYK-US,SYK-US_FY2023_A,2023,FY,2023-12-31,FF_SALES,21290.64,USD,21290.64,FDB_FF,2026-03-04T23:00:00Z
SYK-US,SYK-US_FY2023_Q1,2023,Q1,2023-03-31,FF_SALES,5831.21,USD,5831.21,FDB_FF,2026-03-04T23:00:00Z
SYK-US,SYK-US_FY2023_Q2,2023,Q2,2023-06-30,FF_SALES,4796.44,USD,4796.44,FDB_FF,2026-03-04T23:00:00Z
SYK-US,SYK-US_FY2023_Q3,2023,Q3,2023-09-30,FF_SALES,6131.28,USD,6131.28,FDB_FF,2026-03-04T23:00:00Z
SYK-US,SYK-US_FY2023_Q4,2023,Q4,2023-12-31,FF_SALES,4531.71,USD,4531.71,FDB_FF,2026-03-04T23:00:00Z
SYK-US,SYK-US_FY2024_A,2024,FY,2024-12-31,FF_SALES,22088.92,USD,22088.92,FDB_FF,2026-03-04T23:00:00Z
SYK-US,SYK-US_FY2024_Q1,2024,Q1,2024-03-31,FF_SALES,6528.44,USD,6528.44,FDB_FF,2026-03-04T23:00:00Z
SYK-US,SYK-US_FY2024_Q2,2024,Q2,2024-06-30,FF_SALES,4923.42,USD,4923.42,FDB_FF,2026-03-04T23:00:00Z
SYK-US,SYK-US_FY2024_Q3,2024,Q3,2024-09-30,FF_SALES,5431.02,USD,5431.02,FDB_FF,2026-03-04T23:00:00Z
SYK-US,SYK-US_FY2024_Q4,2024,Q4,2024-12-31,FF_SALES,5206.03,USD,5206.03,FDB_FF,2026-03-04T23:00:00Z
SYK-US,SYK-US_FY2025_A,2025,FY,2025-12-31,FF_SALES,21102.3,USD,21102.3,FDB_FF,2026-03-04T23:00:00Z
SYK-US,SYK-US_FY2025_Q1,2025,Q1,2025-03-31,FF_SALES,4427.79,USD,4427.79,FDB_FF,2026-03-04T23:00:00Z
SYK-US,SYK-US_FY2025_Q2,2025,Q2,2025-06-30,FF_SALES,5395.51,USD,5395.51,FDB_FF,2026-03-04T23:00:00Z
SYK-US,SYK-US_FY2025_Q3,2025,Q3,2025-09-30,FF_SALES,4821.39,USD,4821.39,FDB_FF,2026-03-04T23:00:00Z
SYK-US,SYK-US_FY2025_Q4,2025,Q4,2025-12-31,FF_SALES,6457.61,USD,6457.61,FDB_FF,2026-03-04T23:00:00Z
PANW-US,PANW-US_FY2021_A,2021,FY,2021-07-31,FF_SALES,6313.89,USD,6313.89,FDB_FF,2026-03-04T23:00:00Z
PANW-US,PANW-US_FY2021_Q1,2021,Q1,2020-10-31,FF_SALES,1650.55,USD,1650.55,FDB_FF,2026-03-04T23:00:00Z
PANW-US,PANW-US_FY2021_Q2,2021,Q2,2021-01-31,FF_SALES,1598.94,USD,1598.94,FDB_FF,2026-03-04T23:00:00Z
PANW-US,PANW-US_FY2021_Q3,2021,Q3,2021-04-30,FF_SALES,1492.38,USD,1492.38,FDB_FF,2026-03-04T23:00:00Z
PANW-US,PANW-US_FY2021_Q4,2021,Q4,2021-07-31,FF_SALES,1572.02,USD,1572.02,FDB_FF,2026-03-04T23:00:00Z
PANW-US,PANW-US_FY2022_A,2022,FY,2022-07-31,FF_SALES,6171.95,USD,6171.95,FDB_FF,2026-03-04T23:00:00Z
PANW-US,PANW-US_FY2022_Q1,2022,Q1,2021-10-31,FF_SALES,1418.33,USD,1418.33,FDB_FF,2026-03-04T23:00:00Z
PANW-US,PANW-US_FY2022_Q2,2022,Q2,2022-01-31,FF_SALES,1755.03,USD,1755.03,FDB_FF,2026-03-04T23:00:00Z
PANW-US,PANW-US_FY2022_Q3,2022,Q3,2022-04-30,FF_SALES,1672.11,USD,1672.11,FDB_FF,2026-03-04T23:00:00Z
PANW-US,PANW-US_FY2022_Q4,2022,Q4,2022-07-31,FF_SALES,1326.49,USD,1326.49,FDB_FF,2026-03-04T23:00:00Z
PANW-US,PANW-US_FY2023_A,2023,FY,2023-07-31,FF_SALES,6734.26,USD,6734.26,FDB_FF,2026-03-04T23:00:00Z
PANW-US,PANW-US_FY2023_Q1,2023,Q1,2022-10-31,FF_SALES,1876.15,USD,1876.15,FDB_FF,2026-03-04T23:00:00Z
PANW-US,PANW-US_FY2023_Q2,2023,Q2,2023-01-31,FF_SALES,1536.45,USD,1536.45,FDB_FF,2026-03-04T23:00:00Z
PANW-US,PANW-US_FY2023_Q3,2023,Q3,2023-04-30,FF_SALES,1593.13,USD,1593.13,FDB_FF,2026-03-04T23:00:00Z
PANW-US,PANW-US_FY2023_Q4,2023,Q4,2023-07-31,FF_SALES,1728.52,USD,1728.52,FDB_FF,2026-03-04T23:00:00Z
PANW-US,PANW-US_FY2024_A,2024,FY,2024-07-31,FF_SALES,7522.12,USD,7522.12,FDB_FF,2026-03-04T23:00:00Z
PANW-US,PANW-US_FY2024_Q1,2024,Q1,2023-10-31,FF_SALES,1933.68,USD,1933.68,FDB_FF,2026-03-04T23:00:00Z
PANW-US,PANW-US_FY2024_Q2,2024,Q2,2024-01-31,FF_SALES,2069.05,USD,2069.05,FDB_FF,2026-03-04T23:00:00Z
PANW-US,PANW-US_FY2024_Q3,2024,Q3,2024-04-30,FF_SALES,1917.72,USD,1917.72,FDB_FF,2026-03-04T23:00:00Z
PANW-US,PANW-US_FY2024_Q4,2024,Q4,2024-07-31,FF_SALES,1601.68,USD,1601.68,FDB_FF,2026-03-04T23:00:00Z
PANW-US,PANW-US_FY2025_A,2025,FY,2025-07-31,FF_SALES,7579.44,USD,7579.44,FDB_FF,2026-03-04T23:00:00Z
PANW-US,PANW-US_FY2025_Q1,2025,Q1,2024-10-31,FF_SALES,1823.92,USD,1823.92,FDB_FF,2026-03-04T23:00:00Z
PANW-US,PANW-US_FY2025_Q2,2025,Q2,2025-01-31,FF_SALES,1623.07,USD,1623.07,FDB_FF,2026-03-04T23:00:00Z
PANW-US,PANW-US_FY2025_Q3,2025,Q3,2025-04-30,FF_SALES,1917.98,USD,1917.98,FDB_FF,2026-03-04T23:00:00Z
PANW-US,PANW-US_FY2025_Q4,2025,Q4,2025-07-31,FF_SALES,2214.48,USD,2214.48,FDB_FF,2026-03-04T23:00:00Z
FDS-US,FDS-US_FY2021_A,2021,FY,2021-08-31,FF_SALES,1677.43,USD,1677.43,FDB_FF,2026-03-04T23:00:00Z
FDS-US,FDS-US_FY2021_Q1,2021,Q1,2020-11-30,FF_SALES,485.68,USD,485.68,FDB_FF,2026-03-04T23:00:00Z
FDS-US,FDS-US_FY2021_Q2,2021,Q2,2021-02-28,FF_SALES,434.12,USD,434.12,FDB_FF,2026-03-04T23:00:00Z
FDS-US,FDS-US_FY2021_Q3,2021,Q3,2021-05-31,FF_SALES,337.11,USD,337.11,FDB_FF,2026-03-04T23:00:00Z
FDS-US,FDS-US_FY2021_Q4,2021,Q4,2021-08-31,FF_SALES,420.52,USD,420.52,FDB_FF,2026-03-04T23:00:00Z
FDS-US,FDS-US_FY2022_A,2022,FY,2022-08-31,FF_SALES,1674.73,USD,1674.73,FDB_FF,2026-03-04T23:00:00Z
FDS-US,FDS-US_FY2022_Q1,2022,Q1,2021-11-30,FF_SALES,380.76,USD,380.76,FDB_FF,2026-03-04T23:00:00Z
FDS-US,FDS-US_FY2022_Q2,2022,Q2,2022-02-28,FF_SALES,431.51,USD,431.51,FDB_FF,2026-03-04T23:00:00Z
FDS-US,FDS-US_FY2022_Q3,2022,Q3,2022-05-31,FF_SALES,464.47,USD,464.47,FDB_FF,2026-03-04T23:00:00Z
FDS-US,FDS-US_FY2022_Q4,2022,Q4,2022-08-31,FF_SALES,397.99,USD,397.99,FDB_FF,2026-03-04T23:00:00Z
FDS-US,FDS-US_FY2023_A,2023,FY,2023-08-31,FF_SALES,1730.52,USD,1730.52,FDB_FF,2026-03-04T23:00:00Z
FDS-US,FDS-US_FY2023_Q1,2023,Q1,2022-11-30,FF_SALES,470.85,USD,470.85,FDB_FF,2026-03-04T23:00:00Z
FDS-US,FDS-US_FY2023_Q2,2023,Q2,2023-02-28,FF_SALES,368.57,USD,368.57,FDB_FF,2026-03-04T23:00:00Z
FDS-US,FDS-US_FY2023_Q3,2023,Q3,2023-05-31,FF_SALES,525.69,USD,525.69,FDB_FF,2026-03-04T23:00:00Z
FDS-US,FDS-US_FY2023_Q4,2023,Q4,2023-08-31,FF_SALES,365.4,USD,365.4,FDB_FF,2026-03-04T23:00:00Z
FDS-US,FDS-US_FY2024_A,2024,FY,2024-08-31,FF_SALES,1826.06,USD,1826.06,FDB_FF,2026-03-04T23:00:00Z
FDS-US,FDS-US_FY2024_Q1,2024,Q1,2023-11-30,FF_SALES,438.55,USD,438.55,FDB_FF,2026-03-04T23:00:00Z
FDS-US,FDS-US_FY2024_Q2,2024,Q2,2024-02-28,FF_SALES,522.68,USD,522.68,FDB_FF,2026-03-04T23:00:00Z
FDS-US,FDS-US_FY2024_Q3,2024,Q3,2024-05-31,FF_SALES,446.74,USD,446.74,FDB_FF,2026-03-04T23:00:00Z
FDS-US,FDS-US_FY2024_Q4,2024,Q4,2024-08-31,FF_SALES,418.1,USD,418.1,FDB_FF,2026-03-04T23:00:00Z
FDS-US,FDS-US_FY2025_A,2025,FY,2025-08-31,FF_SALES,1906.46,USD,1906.46,FDB_FF,2026-03-04T23:00:00Z
FDS-US,FDS-US_FY2025_Q1,2025,Q1,2024-11-30,FF_SALES,508.24,USD,508.24,FDB_FF,2026-03-04T23:00:00Z
FDS-US,FDS-US_FY2025_Q2,2025,Q2,2025-02-28,FF_SALES,574.84,USD,574.84,FDB_FF,2026-03-04T23:00:00Z
FDS-US,FDS-US_FY2025_Q3,2025,Q3,2025-05-31,FF_SALES,434.58,USD,434.58,FDB_FF,2026-03-04T23:00:00Z
FDS-US,FDS-US_FY2025_Q4,2025,Q4,2025-08-31,FF_SALES,388.8,USD,388.8,FDB_FF,2026-03-04T23:00:00Z
