entity_id,price_date,close_price,volume,market_cap,currency
AAPL-US,2024-12-09,103.24,43177334,391035.0,USD
AAPL-US,2024-12-10,103.56,47037366,391035.0,USD
AAPL-US,2024-12-11,106.32,598115,391035.0,USD
AAPL-US,2024-12-12,103.62,44610914,391035.0,USD
AAPL-US,2024-12-13,101.84,21136689,391035.0,USD
AAPL-US,2024-12-16,103.63,7475900,391035.0,USD
AAPL-US,2024-12-17,104.89,28673364,391035.0,USD
AAPL-US,2024-12-18,109.24,33519498,391035.0,USD
AAPL-US,2024-12-19,113.54,10054522,391035.0,USD
AAPL-US,2024-12-20,112.47,48258189,391035.0,USD
AAPL-US,2024-12-23,112.41,16033861,391035.0,USD
AAPL-US,2024-12-24,112.94,35380450,391035.0,USD
AAPL-US,2024-12-25,109.9,31266597,391035.0,USD
AAPL-US,2024-12-26,111.75,6197704,391035.0,USD
AAPL-US,2024-12-27,110.04,43262820,391035.0,USD
AAPL-US,2024-12-30,109.13,26964467,391035.0,USD
AAPL-US,2024-12-31,111.05,29691206,391035.0,USD
AAPL-US,2025-01-01,112.06,44955859,391035.0,USD
AAPL-US,2025-01-02,113.3,18014805,391035.0,USD
AAPL-US,2025-01-03,113.05,21639890,391035.0,USD
AAPL-US,2025-01-06,114.6,49848695,391035.0,USD
AAPL-US,2025-01-07,113.87,22394372,391035.0,USD
AAPL-US,2025-01-08,113.34,5512188,391035.0,USD
AAPL-US,2025-01-09,114.6,14103814,391035.0,USD
AAPL-US,2025-01-10,116.57,7813043,391035.0,USD
AAPL-US,2025-01-13,118.87,10929425,391035.0,USD
AAPL-US,2025-01-14,120.44,21574417,391035.0,USD
AAPL-US,2025-01-15,121.69,27780595,391035.0,USD
AAPL-US,2025-01-16,122.98,14434231,391035.0,USD
AAPL-US,2025-01-17,124.21,30827641,391035.0,USD
AAPL-US,2025-01-20,123.72,8547262,391035.0,USD
AAPL-US,2025-01-21,125.12,6568043,391035.0,USD
AAPL-US,2025-01-22,126.72,47791938,391035.0,USD
AAPL-US,2025-01-23,129.18,47266689,391035.0,USD
AAPL-US,2025-01-24,128.15,22497860,391035.0,USD
AAPL-US,2025-01-27,127.38,10453841,391035.0,USD
AAPL-US,2025-01-28,128.63,24373492,391035.0,USD
AAPL-US,2025-01-29,129.46,27091515,391035.0,USD
AAPL-US,2025-01-30,126.58,17959497,391035.0,USD
AAPL-US,2025-01-31,126.38,12168066,391035.0,USD
AAPL-US,2025-02-03,128.31,30846706,391035.0,USD
AAPL-US,2025-02-04,128.73,37809425,391035.0,USD
AAPL-US,2025-02-05,128.75,31507197,391035.0,USD
AAPL-US,2025-02-06,127.33,7338886,391035.0,USD
AAPL-US,2025-02-07,127.71,1302415,391035.0,USD
AAPL-US,2025-02-10,126.76,4638548,391035.0,USD
AAPL-US,2025-02-11,129.42,9272151,391035.0,USD
AAPL-US,2025-02-12,124.62,13796482,391035.0,USD
AAPL-US,2025-02-13,125.46,42798552,391035.0,USD
AAPL-US,2025-02-14,123.87,43764079,391035.0,USD
AAPL-US,2025-02-17,126.04,5532304,391035.0,USD
AAPL-US,2025-02-18,127.35,1962985,391035.0,USD
AAPL-US,2025-02-19,128.65,43851446,391035.0,USD
AAPL-US,2025-02-20,128.67,30258172,391035.0,USD
AAPL-US,2025-02-21,129.02,22749936,391035.0,USD
AAPL-US,2025-02-24,128.26,8722692,391035.0,USD
AAPL-US,2025-02-25,130.36,11773564,391035.0,USD
AAPL-US,2025-02-26,130.98,39012716,391035.0,USD
AAPL-US,2025-02-27,128.14,33794478,391035.0,USD
AAPL-US,2025-02-28,129.44,2478523,391035.0,USD
MSFT-US,2024-12-09,67.2,14909353,245122.0,USD
MSFT-US,2024-12-10,66.65,13059498,245122.0,USD
MSFT-US,2024-12-11,66.5,10474485,245122.0,USD
MSFT-US,2024-12-12,67.59,2825284,245122.0,USD
MSFT-US,2024-12-13,66.56,43938118,245122.0,USD
MSFT-US,2024-12-16,65.67,20304172,245122.0,USD
MSFT-US,2024-12-17,63.65,32647221,245122.0,USD
MSFT-US,2024-12-18,63.68,4592236,245122.0,USD
MSFT-US,2024-12-19,64.5,28634372,245122.0,USD
MSFT-US,2024-12-20,65.02,13885386,245122.0,USD
MSFT-US,2024-12-23,63.95,17220022,245122.0,USD
MSFT-US,2024-12-24,62.63,42829210,245122.0,USD
MSFT-US,2024-12-25,63.82,1810634,245122.0,USD
MSFT-US,2024-12-26,63.8,26169011,245122.0,USD
MSFT-US,2024-12-27,64.0,37041971,245122.0,USD
MSFT-US,2024-12-30,63.13,33026289,245122.0,USD
MSFT-US,2024-12-31,62.47,22082507,245122.0,USD
MSFT-US,2025-01-01,63.49,26563826,245122.0,USD
MSFT-US,2025-01-02,63.48,40571800,245122.0,USD
MSFT-US,2025-01-03,63.72,15198196,245122.0,USD
MSFT-US,2025-01-06,65.45,19353072,245122.0,USD
MSFT-US,2025-01-07,65.8,4431990,245122.0,USD
MSFT-US,2025-01-08,66.22,24486915,245122.0,USD
MSFT-US,2025-01-09,65.19,39690832,245122.0,USD
MSFT-US,2025-01-10,67.85,7219901,245122.0,USD
MSFT-US,2025-01-13,67.87,17133405,245122.0,USD
MSFT-US,2025-01-14,67.44,49963268,245122.0,USD
MSFT-US,2025-01-15,66.8,4251966,245122.0,USD
MSFT-US,2025-01-16,67.04,39134043,245122.0,USD
MSFT-US,2025-01-17,64.62,26566594,245122.0,USD
MSFT-US,2025-01-20,63.51,12157617,245122.0,USD
MSFT-US,2025-01-21,64.97,12317895,245122.0,USD
MSFT-US,2025-01-22,65.06,47316926,245122.0,USD
MSFT-US,2025-01-23,65.93,24577528,245122.0,USD
MSFT-US,2025-01-24,66.15,47513839,245122.0,USD
MSFT-US,2025-01-27,66.05,24100989,245122.0,USD
MSFT-US,2025-01-28,67.28,38289597,245122.0,USD
MSFT-US,2025-01-29,66.88,13132147,245122.0,USD
MSFT-US,2025-01-30,67.84,33532776,245122.0,USD
MSFT-US,2025-01-31,66.28,36881366,245122.0,USD
MSFT-US,2025-02-03,65.88,6557070,245122.0,USD
MSFT-US,2025-02-04,66.97,4269369,245122.0,USD
MSFT-US,2025-02-05,67.06,35829361,245122.0,USD
MSFT-US,2025-02-06,67.79,32577298,245122.0,USD
MSFT-US,2025-02-07,70.08,14020045,245122.0,USD
MSFT-US,2025-02-10,70.11,9257005,245122.0,USD
MSFT-US,2025-02-11,69.78,22215677,245122.0,USD
MSFT-US,2025-02-12,70.35,4496733,245122.0,USD
MSFT-US,2025-02-13,71.76,10006149,245122.0,USD
MSFT-US,2025-02-14,71.98,7943754,245122.0,USD
MSFT-US,2025-02-17,73.22,5367513,245122.0,USD
MSFT-US,2025-02-18,71.45,25571252,245122.0,USD
MSFT-US,2025-02-19,71.03,39826912,245122.0,USD
MSFT-US,2025-02-20,69.54,7280154,245122.0,USD
MSFT-US,2025-02-21,69.09,11069906,245122.0,USD
MSFT-US,2025-02-24,69.89,49647312,245122.0,USD
MSFT-US,2025-02-25,71.67,33195439,245122.0,USD
MSFT-US,2025-02-26,71.09,44065750,245122.0,USD
MSFT-US,2025-02-27,70.43,38213658,245122.0,USD
MSFT-US,2025-02-28,71.96,47044050,245122.0,USD
GOOGL-US,2024-12-09,102.63,12267648,350018.0,USD
GOOGL-US,2024-12-10,104.68,25892927,350018.0,USD
GOOGL-US,2024-12-11,103.88,9046204,350018.0,USD
GOOGL-US,2024-12-12,106.14,12425801,350018.0,USD
GOOGL-US,2024-12-13,105.65,38942292,350018.0,USD
GOOGL-US,2024-12-16,101.86,26779926,350018.0,USD
GOOGL-US,2024-12-17,103.44,38583123,350018.0,USD
GOOGL-US,2024-12-18,101.32,2673169,350018.0,USD
GOOGL-US,2024-12-19,101.9,41529094,350018.0,USD
GOOGL-US,2024-12-20,103.15,15324029,350018.0,USD
GOOGL-US,2024-12-23,102.72,33798415,350018.0,USD
GOOGL-US,2024-12-24,102.19,9938416,350018.0,USD
GOOGL-US,2024-12-25,101.92,23774033,350018.0,USD
GOOGL-US,2024-12-26,102.49,21942535,350018.0,USD
GOOGL-US,2024-12-27,104.1,6454301,350018.0,USD
GOOGL-US,2024-12-30,106.96,48077890,350018.0,USD
GOOGL-US,2024-12-31,105.74,23031765,350018.0,USD
GOOGL-US,2025-01-01,103.53,30472827,350018.0,USD
GOOGL-US,2025-01-02,104.62,47018259,350018.0,USD
GOOGL-US,2025-01-03,104.73,5049630,350018.0,USD
GOOGL-US,2025-01-06,103.13,48846137,350018.0,USD
GOOGL-US,2025-01-07,105.36,585977,350018.0,USD
GOOGL-US,2025-01-08,107.01,28662451,350018.0,USD
GOOGL-US,2025-01-09,107.55,11662783,350018.0,USD
GOOGL-US,2025-01-10,108.99,25914970,350018.0,USD
GOOGL-US,2025-01-13,107.76,24070724,350018.0,USD
GOOGL-US,2025-01-14,107.08,32677978,350018.0,USD
GOOGL-US,2025-01-15,106.9,39292647,350018.0,USD
GOOGL-US,2025-01-16,105.5,11415693,350018.0,USD
GOOGL-US,2025-01-17,103.57,30785386,350018.0,USD
GOOGL-US,2025-01-20,106.29,20290982,350018.0,USD
GOOGL-US,2025-01-21,107.7,1847411,350018.0,USD
GOOGL-US,2025-01-22,106.07,5479504,350018.0,USD
GOOGL-US,2025-01-23,109.66,23438360,350018.0,USD
GOOGL-US,2025-01-24,110.46,49622687,350018.0,USD
GOOGL-US,2025-01-27,111.9,5533327,350018.0,USD
GOOGL-US,2025-01-28,108.5,6748149,350018.0,USD
GOOGL-US,2025-01-29,107.52,23179479,350018.0,USD
GOOGL-US,2025-01-30,105.71,32895917,350018.0,USD
GOOGL-US,2025-01-31,104.52,47778506,350018.0,USD
GOOGL-US,2025-02-03,108.23,11572774,350018.0,USD
GOOGL-US,2025-02-04,109.01,41256395,350018.0,USD
GOOGL-US,2025-02-05,109.78,7295296,350018.0,USD
GOOGL-US,2025-02-06,109.2,22719381,350018.0,USD
GOOGL-US,2025-02-07,109.52,47288078,350018.0,USD
GOOGL-US,2025-02-10,110.58,37685855,350018.0,USD
GOOGL-US,2025-02-11,110.15,18301617,350018.0,USD
GOOGL-US,2025-02-12,107.55,44831974,350018.0,USD
GOOGL-US,2025-02-13,107.35,3830978,350018.0,USD
GOOGL-US,2025-02-14,108.54,26867221,350018.0,USD
GOOGL-US,2025-02-17,105.77,10807246,350018.0,USD
GOOGL-US,2025-02-18,104.48,4157758,350018.0,USD
GOOGL-US,2025-02-19,103.45,20266878,350018.0,USD
GOOGL-US,2025-02-20,104.74,44927425,350018.0,USD
GOOGL-US,2025-02-21,103.5,7008680,350018.0,USD
GOOGL-US,2025-02-24,102.27,2227093,350018.0,USD
GOOGL-US,2025-02-25,102.89,5998638,350018.0,USD
GOOGL-US,2025-02-26,105.04,32280788,350018.0,USD
GOOGL-US,2025-02-27,105.82,27173582,350018.0,USD
GOOGL-US,2025-02-28,104.72,32104547,350018.0,USD
AMZN-US,2024-12-09,142.95,43574923,637997.0,USD
AMZN-US,2024-12-10,141.96,37015679,637997.0,USD
AMZN-US,2024-12-11,140.44,26098353,637997.0,USD
AMZN-US,2024-12-12,141.8,25290126,637997.0,USD
AMZN-US,2024-12-13,142.09,30010480,637997.0,USD
AMZN-US,2024-12-16,142.73,31709511,637997.0,USD
AMZN-US,2024-12-17,142.43,38365947,637997.0,USD
AMZN-US,2024-12-18,146.53,4636548,637997.0,USD
AMZN-US,2024-12-19,148.55,6989603,637997.0,USD
AMZN-US,2024-12-20,151.39,6251720,637997.0,USD
AMZN-US,2024-12-23,149.4,28282173,637997.0,USD
AMZN-US,2024-12-24,145.9,40075871,637997.0,USD
AMZN-US,2024-12-25,146.06,26478250,637997.0,USD
AMZN-US,2024-12-26,146.87,35569902,637997.0,USD
AMZN-US,2024-12-27,144.53,32364925,637997.0,USD
AMZN-US,2024-12-30,145.89,38934205,637997.0,USD
AMZN-US,2024-12-31,147.77,5798583,637997.0,USD
AMZN-US,2025-01-01,146.1,26994872,637997.0,USD
AMZN-US,2025-01-02,148.99,34195459,637997.0,USD
AMZN-US,2025-01-03,147.0,38833920,637997.0,USD
AMZN-US,2025-01-06,150.26,45968596,637997.0,USD
AMZN-US,2025-01-07,147.93,42125824,637997.0,USD
AMZN-US,2025-01-08,151.23,30634546,637997.0,USD
AMZN-US,2025-01-09,155.71,12101711,637997.0,USD
AMZN-US,2025-01-10,157.09,14719707,637997.0,USD
AMZN-US,2025-01-13,156.69,13433628,637997.0,USD
AMZN-US,2025-01-14,158.47,46343774,637997.0,USD
AMZN-US,2025-01-15,160.3,29718746,637997.0,USD
AMZN-US,2025-01-16,161.67,10423941,637997.0,USD
AMZN-US,2025-01-17,166.03,40432972,637997.0,USD
AMZN-US,2025-01-20,165.81,4997096,637997.0,USD
AMZN-US,2025-01-21,171.32,6340312,637997.0,USD
AMZN-US,2025-01-22,169.4,22385999,637997.0,USD
AMZN-US,2025-01-23,171.1,19035523,637997.0,USD
AMZN-US,2025-01-24,165.47,1329720,637997.0,USD
AMZN-US,2025-01-27,164.83,47503861,637997.0,USD
AMZN-US,2025-01-28,162.73,28658465,637997.0,USD
AMZN-US,2025-01-29,160.71,8051011,637997.0,USD
AMZN-US,2025-01-30,159.58,39955591,637997.0,USD
AMZN-US,2025-01-31,160.32,39602797,637997.0,USD
AMZN-US,2025-02-03,160.67,7589032,637997.0,USD
AMZN-US,2025-02-04,155.02,38261067,637997.0,USD
AMZN-US,2025-02-05,155.82,36445754,637997.0,USD
AMZN-US,2025-02-06,151.83,23576669,637997.0,USD
AMZN-US,2025-02-07,153.16,44442056,637997.0,USD
AMZN-US,2025-02-10,151.96,33087043,637997.0,USD
AMZN-US,2025-02-11,149.68,12056128,637997.0,USD
AMZN-US,2025-02-12,148.62,18982730,637997.0,USD
AMZN-US,2025-02-13,146.13,46188577,637997.0,USD
AMZN-US,2025-02-14,147.91,47050818,637997.0,USD
AMZN-US,2025-02-17,146.14,22746190,637997.0,USD
AMZN-US,2025-02-18,147.46,46839593,637997.0,USD
AMZN-US,2025-02-19,147.79,18524390,637997.0,USD
AMZN-US,2025-02-20,151.49,25494072,637997.0,USD
AMZN-US,2025-02-21,155.69,20837673,637997.0,USD
AMZN-US,2025-02-24,156.28,21367454,637997.0,USD
AMZN-US,2025-02-25,155.81,47220039,637997.0,USD
AMZN-US,2025-02-26,158.53,46459641,637997.0,USD
AMZN-US,2025-02-27,162.49,9518459,637997.0,USD
AMZN-US,2025-02-28,165.38,20664901,637997.0,USD
META-US,2024-12-09,39.98,49408900,164710.0,USD
META-US,2024-12-10,39.47,28469144,164710.0,USD
META-US,2024-12-11,39.28,30143099,164710.0,USD
META-US,2024-12-12,39.14,14686176,164710.0,USD
META-US,2024-12-13,39.66,33011582,164710.0,USD
META-US,2024-12-16,39.36,35161823,164710.0,USD
META-US,2024-12-17,40.11,35079164,164710.0,USD
META-US,2024-12-18,39.29,11168460,164710.0,USD
META-US,2024-12-19,40.15,27570718,164710.0,USD
META-US,2024-12-20,40.55,9603305,164710.0,USD
META-US,2024-12-23,40.7,38662952,164710.0,USD
META-US,2024-12-24,39.98,2442678,164710.0,USD
META-US,2024-12-25,40.56,13970545,164710.0,USD
META-US,2024-12-26,41.67,4367317,164710.0,USD
META-US,2024-12-27,41.68,24684362,164710.0,USD
META-US,2024-12-30,42.39,47787183,164710.0,USD
META-US,2024-12-31,42.59,31653173,164710.0,USD
META-US,2025-01-01,43.19,34398457,164710.0,USD
META-US,2025-01-02,42.03,46212837,164710.0,USD
META-US,2025-01-03,42.9,2551061,164710.0,USD
META-US,2025-01-06,42.95,30437494,164710.0,USD
META-US,2025-01-07,43.71,12417439,164710.0,USD
META-US,2025-01-08,44.45,37499379,164710.0,USD
META-US,2025-01-09,44.27,23971989,164710.0,USD
META-US,2025-01-10,43.58,17858373,164710.0,USD
META-US,2025-01-13,44.63,46727977,164710.0,USD
META-US,2025-01-14,44.77,3832025,164710.0,USD
META-US,2025-01-15,44.87,11432530,164710.0,USD
META-US,2025-01-16,45.6,14882676,164710.0,USD
META-US,2025-01-17,44.66,15354619,164710.0,USD
META-US,2025-01-20,44.07,18557893,164710.0,USD
META-US,2025-01-21,43.29,44227285,164710.0,USD
META-US,2025-01-22,43.19,46281649,164710.0,USD
META-US,2025-01-23,43.28,1097133,164710.0,USD
META-US,2025-01-24,42.95,12123299,164710.0,USD
META-US,2025-01-27,43.02,40841953,164710.0,USD
META-US,2025-01-28,43.17,41325266,164710.0,USD
META-US,2025-01-29,42.75,20999053,164710.0,USD
META-US,2025-01-30,42.53,18980342,164710.0,USD
META-US,2025-01-31,41.57,28941192,164710.0,USD
META-US,2025-02-03,42.54,31302835,164710.0,USD
META-US,2025-02-04,41.79,17411347,164710.0,USD
META-US,2025-02-05,41.91,35439417,164710.0,USD
META-US,2025-02-06,42.45,42349496,164710.0,USD
META-US,2025-02-07,42.22,34827104,164710.0,USD
META-US,2025-02-10,42.41,44949921,164710.0,USD
META-US,2025-02-11,43.62,38178749,164710.0,USD
META-US,2025-02-12,43.37,43942394,164710.0,USD
META-US,2025-02-13,42.94,46430188,164710.0,USD
META-US,2025-02-14,42.66,7754772,164710.0,USD
META-US,2025-02-17,42.1,19054476,164710.0,USD
META-US,2025-02-18,42.18,43489585,164710.0,USD
META-US,2025-02-19,41.96,44531441,164710.0,USD
META-US,2025-02-20,42.42,48220695,164710.0,USD
META-US,2025-02-21,43.32,13140631,164710.0,USD
META-US,2025-02-24,43.05,10561584,164710.0,USD
META-US,2025-02-25,42.59,4310083,164710.0,USD
META-US,2025-02-26,42.55,40767553,164710.0,USD
META-US,2025-02-27,42.1,9890510,164710.0,USD
META-US,2025-02-28,42.43,48904496,164710.0,USD
NVDA-US,2024-12-09,179.02,17909802,130497.0,USD
NVDA-US,2024-12-10,171.38,28589467,130497.0,USD
NVDA-US,2024-12-11,167.96,39626058,130497.0,USD
NVDA-US,2024-12-12,170.34,48017703,130497.0,USD
NVDA-US,2024-12-13,175.09,23529550,130497.0,USD
NVDA-US,2024-12-16,174.98,49257936,130497.0,USD
NVDA-US,2024-12-17,174.12,43336499,130497.0,USD
NVDA-US,2024-12-18,170.3,32426048,130497.0,USD
NVDA-US,2024-12-19,173.53,34545323,130497.0,USD
NVDA-US,2024-12-20,171.42,20645733,130497.0,USD
NVDA-US,2024-12-23,174.26,37963392,130497.0,USD
NVDA-US,2024-12-24,170.17,12655821,130497.0,USD
NVDA-US,2024-12-25,169.44,17857831,130497.0,USD
NVDA-US,2024-12-26,172.25,49166451,130497.0,USD
NVDA-US,2024-12-27,173.87,12785509,130497.0,USD
NVDA-US,2024-12-30,169.8,46114724,130497.0,USD
NVDA-US,2024-12-31,172.84,15415180,130497.0,USD
NVDA-US,2025-01-01,170.67,24342665,130497.0,USD
NVDA-US,2025-01-02,171.58,28717436,130497.0,USD
NVDA-US,2025-01-03,176.78,22734316,130497.0,USD
NVDA-US,2025-01-06,174.39,31622448,130497.0,USD
NVDA-US,2025-01-07,176.95,8404180,130497.0,USD
NVDA-US,2025-01-08,171.77,39663029,130497.0,USD
NVDA-US,2025-01-09,172.77,39444153,130497.0,USD
NVDA-US,2025-01-10,173.76,13555613,130497.0,USD
NVDA-US,2025-01-13,173.47,34086468,130497.0,USD
NVDA-US,2025-01-14,176.39,36056860,130497.0,USD
NVDA-US,2025-01-15,179.18,20522315,130497.0,USD
NVDA-US,2025-01-16,174.58,10618570,130497.0,USD
NVDA-US,2025-01-17,177.39,9718426,130497.0,USD
NVDA-US,2025-01-20,179.87,38712027,130497.0,USD
NVDA-US,2025-01-21,179.81,31207099,130497.0,USD
NVDA-US,2025-01-22,183.2,12603537,130497.0,USD
NVDA-US,2025-01-23,187.54,5923165,130497.0,USD
NVDA-US,2025-01-24,183.64,12366475,130497.0,USD
NVDA-US,2025-01-27,184.0,21532862,130497.0,USD
NVDA-US,2025-01-28,183.88,18856144,130497.0,USD
NVDA-US,2025-01-29,183.73,14551412,130497.0,USD
NVDA-US,2025-01-30,183.9,11132400,130497.0,USD
NVDA-US,2025-01-31,182.29,33354962,130497.0,USD
NVDA-US,2025-02-03,183.38,9184286,130497.0,USD
NVDA-US,2025-02-04,178.77,41737037,130497.0,USD
NVDA-US,2025-02-05,176.23,29291410,130497.0,USD
NVDA-US,2025-02-06,177.41,32537790,130497.0,USD
NVDA-US,2025-02-07,176.92,13882463,130497.0,USD
NVDA-US,2025-02-10,177.46,49533700,130497.0,USD
NVDA-US,2025-02-11,177.2,22123357,130497.0,USD
NVDA-US,2025-02-12,177.58,36137074,130497.0,USD
NVDA-US,2025-02-13,179.09,42556247,130497.0,USD
NVDA-US,2025-02-14,182.9,49731280,130497.0,USD
NVDA-US,2025-02-17,182.99,23608922,130497.0,USD
NVDA-US,2025-02-18,187.26,21444157,130497.0,USD
NVDA-US,2025-02-19,189.23,40005021,130497.0,USD
NVDA-US,2025-02-20,191.3,21043036,130497.0,USD
NVDA-US,2025-02-21,194.03,20512014,130497.0,USD
NVDA-US,2025-02-24,198.79,20017122,130497.0,USD
NVDA-US,2025-02-25,195.37,35672939,130497.0,USD
NVDA-US,2025-02-26,196.4,23171733,130497.0,USD
NVDA-US,2025-02-27,192.35,9478456,130497.0,USD
NVDA-US,2025-02-28,194.19,23500411,130497.0,USD
TSM-US,2024-12-09,475.99,27571155,2161741.0,TWD
TSM-US,2024-12-10,479.7,1783439,2161741.0,TWD
TSM-US,2024-12-11,481.42,9305070,2161741.0,TWD
TSM-US,2024-12-12,493.09,14672736,2161741.0,TWD
TSM-US,2024-12-13,492.25,11840374,2161741.0,TWD
TSM-US,2024-12-16,482.6,8765260,2161741.0,TWD
TSM-US,2024-12-17,475.72,3007417,2161741.0,TWD
TSM-US,2024-12-18,483.56,25678737,2161741.0,TWD
TSM-US,2024-12-19,487.68,36385353,2161741.0,TWD
TSM-US,2024-12-20,483.89,42317867,2161741.0,TWD
TSM-US,2024-12-23,506.44,44924049,2161741.0,TWD
TSM-US,2024-12-24,513.98,7755370,2161741.0,TWD
TSM-US,2024-12-25,513.26,46788322,2161741.0,TWD
TSM-US,2024-12-26,512.15,8270523,2161741.0,TWD
TSM-US,2024-12-27,505.79,37227499,2161741.0,TWD
TSM-US,2024-12-30,509.65,17460979,2161741.0,TWD
TSM-US,2024-12-31,505.45,47153547,2161741.0,TWD
TSM-US,2025-01-01,506.3,46519234,2161741.0,TWD
TSM-US,2025-01-02,502.06,44903558,2161741.0,TWD
TSM-US,2025-01-03,497.56,7276642,2161741.0,TWD
TSM-US,2025-01-06,494.61,41143432,2161741.0,TWD
TSM-US,2025-01-07,489.74,47524949,2161741.0,TWD
TSM-US,2025-01-08,498.9,7540675,2161741.0,TWD
TSM-US,2025-01-09,509.76,34831873,2161741.0,TWD
TSM-US,2025-01-10,509.16,8151252,2161741.0,TWD
TSM-US,2025-01-13,505.57,7631236,2161741.0,TWD
TSM-US,2025-01-14,495.33,18149222,2161741.0,TWD
TSM-US,2025-01-15,495.62,35607740,2161741.0,TWD
TSM-US,2025-01-16,502.67,27998275,2161741.0,TWD
TSM-US,2025-01-17,501.63,20320683,2161741.0,TWD
TSM-US,2025-01-20,506.84,14438107,2161741.0,TWD
TSM-US,2025-01-21,515.1,46684582,2161741.0,TWD
TSM-US,2025-01-22,521.57,683744,2161741.0,TWD
TSM-US,2025-01-23,518.87,1355597,2161741.0,TWD
TSM-US,2025-01-24,511.01,39030739,2161741.0,TWD
TSM-US,2025-01-27,496.44,45397301,2161741.0,TWD
TSM-US,2025-01-28,478.41,34839964,2161741.0,TWD
TSM-US,2025-01-29,479.2,5536400,2161741.0,TWD
TSM-US,2025-01-30,478.8,17672628,2161741.0,TWD
TSM-US,2025-01-31,475.67,43740710,2161741.0,TWD
TSM-US,2025-02-03,478.33,20365712,2161741.0,TWD
TSM-US,2025-02-04,499.8,18225130,2161741.0,TWD
TSM-US,2025-02-05,496.6,12224039,2161741.0,TWD
TSM-US,2025-02-06,497.51,3147076,2161741.0,TWD
TSM-US,2025-02-07,501.88,45917033,2161741.0,TWD
TSM-US,2025-02-10,496.34,21485418,2161741.0,TWD
TSM-US,2025-02-11,493.18,3579564,2161741.0,TWD
TSM-US,2025-02-12,494.98,1149098,2161741.0,TWD
TSM-US,2025-02-13,501.68,11942885,2161741.0,TWD
TSM-US,2025-02-14,492.93,22556054,2161741.0,TWD
TSM-US,2025-02-17,488.11,42228763,2161741.0,TWD
TSM-US,2025-02-18,494.39,18505938,2161741.0,TWD
TSM-US,2025-02-19,496.9,23499732,2161741.0,TWD
TSM-US,2025-02-20,494.78,12772159,2161741.0,TWD
TSM-US,2025-02-21,500.59,31137792,2161741.0,TWD
TSM-US,2025-02-24,505.72,18742409,2161741.0,TWD
TSM-US,2025-02-25,511.83,32594479,2161741.0,TWD
TSM-US,2025-02-26,501.89,28802480,2161741.0,TWD
TSM-US,2025-02-27,494.06,8087097,2161741.0,TWD
TSM-US,2025-02-28,483.56,9392701,2161741.0,TWD
ORCL-US,2024-12-09,58.88,7460068,56070.0,USD
ORCL-US,2024-12-10,58.7,28419147,56070.0,USD
ORCL-US,2024-12-11,59.57,38681147,56070.0,USD
ORCL-US,2024-12-12,59.05,46026192,56070.0,USD
ORCL-US,2024-12-13,57.94,24565165,56070.0,USD
ORCL-US,2024-12-16,58.41,41527569,56070.0,USD
ORCL-US,2024-12-17,59.73,49306842,56070.0,USD
ORCL-US,2024-12-18,60.0,9268130,56070.0,USD
ORCL-US,2024-12-19,58.98,28100819,56070.0,USD
ORCL-US,2024-12-20,59.11,30074063,56070.0,USD
ORCL-US,2024-12-23,59.79,21588151,56070.0,USD
ORCL-US,2024-12-24,60.0,1329479,56070.0,USD
ORCL-US,2024-12-25,59.64,39198259,56070.0,USD
ORCL-US,2024-12-26,58.36,49071620,56070.0,USD
ORCL-US,2024-12-27,56.16,45452493,56070.0,USD
ORCL-US,2024-12-30,55.26,23202971,56070.0,USD
ORCL-US,2024-12-31,54.02,41989318,56070.0,USD
ORCL-US,2025-01-01,53.88,6891591,56070.0,USD
ORCL-US,2025-01-02,52.71,32841753,56070.0,USD
ORCL-US,2025-01-03,53.25,23702855,56070.0,USD
ORCL-US,2025-01-06,52.68,10476031,56070.0,USD
ORCL-US,2025-01-07,51.72,37969847,56070.0,USD
ORCL-US,2025-01-08,52.57,1281473,56070.0,USD
ORCL-US,2025-01-09,51.9,43677756,56070.0,USD
ORCL-US,2025-01-10,52.77,31993447,56070.0,USD
ORCL-US,2025-01-13,52.41,33774918,56070.0,USD
ORCL-US,2025-01-14,52.63,33493936,56070.0,USD
ORCL-US,2025-01-15,52.42,22017371,56070.0,USD
ORCL-US,2025-01-16,52.56,3878979,56070.0,USD
ORCL-US,2025-01-17,54.66,34519451,56070.0,USD
ORCL-US,2025-01-20,54.88,27563460,56070.0,USD
ORCL-US,2025-01-21,56.06,16270583,56070.0,USD
ORCL-US,2025-01-22,56.87,38955723,56070.0,USD
ORCL-US,2025-01-23,57.33,30571387,56070.0,USD
ORCL-US,2025-01-24,58.21,21710530,56070.0,USD
ORCL-US,2025-01-27,58.76,8466281,56070.0,USD
ORCL-US,2025-01-28,60.23,1692466,56070.0,USD
ORCL-US,2025-01-29,60.07,7388276,56070.0,USD
ORCL-US,2025-01-30,59.88,37349396,56070.0,USD
ORCL-US,2025-01-31,60.04,511389,56070.0,USD
ORCL-US,2025-02-03,60.79,42044826,56070.0,USD
ORCL-US,2025-02-04,59.37,43284459,56070.0,USD
ORCL-US,2025-02-05,59.03,14381552,56070.0,USD
ORCL-US,2025-02-06,60.05,44429192,56070.0,USD
ORCL-US,2025-02-07,59.02,24883500,56070.0,USD
ORCL-US,2025-02-10,57.13,4142347,56070.0,USD
ORCL-US,2025-02-11,57.81,22778305,56070.0,USD
ORCL-US,2025-02-12,56.3,38091086,56070.0,USD
ORCL-US,2025-02-13,56.45,48594108,56070.0,USD
ORCL-US,2025-02-14,55.32,44601744,56070.0,USD
ORCL-US,2025-02-17,54.74,7038887,56070.0,USD
ORCL-US,2025-02-18,55.44,44718718,56070.0,USD
ORCL-US,2025-02-19,55.59,43024281,56070.0,USD
ORCL-US,2025-02-20,56.36,20094685,56070.0,USD
ORCL-US,2025-02-21,55.6,7635164,56070.0,USD
ORCL-US,2025-02-24,55.37,3572116,56070.0,USD
ORCL-US,2025-02-25,56.16,48607399,56070.0,USD
ORCL-US,2025-02-26,55.59,48923011,56070.0,USD
ORCL-US,2025-02-27,55.07,13648067,56070.0,USD
ORCL-US,2025-02-28,55.42,13085824,56070.0,USD
CRM-US,2024-12-09,25.8,31171838,37884.0,USD
CRM-US,2024-12-10,25.64,13289524,37884.0,USD
CRM-US,2024-12-11,25.61,28314634,37884.0,USD
CRM-US,2024-12-12,25.44,3620586,37884.0,USD
CRM-US,2024-12-13,26.1,40014444,37884.0,USD
CRM-US,2024-12-16,25.77,8769099,37884.0,USD
CRM-US,2024-12-17,25.84,44688280,37884.0,USD
CRM-US,2024-12-18,25.43,40048338,37884.0,USD
CRM-US,2024-12-19,25.63,33975823,37884.0,USD
CRM-US,2024-12-20,25.58,791093,37884.0,USD
CRM-US,2024-12-23,25.47,29545412,37884.0,USD
CRM-US,2024-12-24,25.46,39766786,37884.0,USD
CRM-US,2024-12-25,25.01,12391854,37884.0,USD
CRM-US,2024-12-26,25.07,46927100,37884.0,USD
CRM-US,2024-12-27,24.54,9115555,37884.0,USD
CRM-US,2024-12-30,24.26,7449388,37884.0,USD
CRM-US,2024-12-31,23.9,22098569,37884.0,USD
CRM-US,2025-01-01,24.22,34330257,37884.0,USD
CRM-US,2025-01-02,24.5,41368874,37884.0,USD
CRM-US,2025-01-03,24.25,46973930,37884.0,USD
CRM-US,2025-01-06,24.28,23508864,37884.0,USD
CRM-US,2025-01-07,24.0,20241652,37884.0,USD
CRM-US,2025-01-08,23.82,28198879,37884.0,USD
CRM-US,2025-01-09,23.88,40934731,37884.0,USD
CRM-US,2025-01-10,23.71,20559720,37884.0,USD
CRM-US,2025-01-13,23.15,47576486,37884.0,USD
CRM-US,2025-01-14,22.87,49947062,37884.0,USD
CRM-US,2025-01-15,22.79,37650229,37884.0,USD
CRM-US,2025-01-16,22.64,42387177,37884.0,USD
CRM-US,2025-01-17,22.48,48441534,37884.0,USD
CRM-US,2025-01-20,22.41,45622236,37884.0,USD
CRM-US,2025-01-21,22.72,9403448,37884.0,USD
CRM-US,2025-01-22,23.21,12432808,37884.0,USD
CRM-US,2025-01-23,23.16,34315716,37884.0,USD
CRM-US,2025-01-24,22.69,48170964,37884.0,USD
CRM-US,2025-01-27,22.57,8244715,37884.0,USD
CRM-US,2025-01-28,22.61,39611466,37884.0,USD
CRM-US,2025-01-29,22.18,38794880,37884.0,USD
CRM-US,2025-01-30,22.67,45747714,37884.0,USD
CRM-US,2025-01-31,22.49,36329610,37884.0,USD
CRM-US,2025-02-03,22.35,1357014,37884.0,USD
CRM-US,2025-02-04,22.99,35579815,37884.0,USD
CRM-US,2025-02-05,23.27,4061131,37884.0,USD
CRM-US,2025-02-06,23.48,45479996,37884.0,USD
CRM-US,2025-02-07,23.75,11300191,37884.0,USD
CRM-US,2025-02-10,23.86,19734443,37884.0,USD
CRM-US,2025-02-11,23.78,4662952,37884.0,USD
CRM-US,2025-02-12,23.61,46845035,37884.0,USD
CRM-US,2025-02-13,23.66,36817444,37884.0,USD
CRM-US,2025-02-14,23.44,2668044,37884.0,USD
CRM-US,2025-02-17,23.2,41846363,37884.0,USD
CRM-US,2025-02-18,23.5,45833783,37884.0,USD
CRM-US,2025-02-19,23.46,43927450,37884.0,USD
CRM-US,2025-02-20,22.77,38166229,37884.0,USD
CRM-US,2025-02-21,22.46,47216392,37884.0,USD
CRM-US,2025-02-24,22.73,19803103,37884.0,USD
CRM-US,2025-02-25,22.7,26107576,37884.0,USD
CRM-US,2025-02-26,22.61,26508352,37884.0,USD
CRM-US,2025-02-27,22.1,46479555,37884.0,USD
CRM-US,2025-02-28,22.39,21481853,37884.0,USD
ADBE-US,2024-12-09,23.14,42145190,21505.0,USD
ADBE-US,2024-12-10,23.17,30233511,21505.0,USD
ADBE-US,2024-12-11,23.55,47786856,21505.0,USD
ADBE-US,2024-12-12,22.87,48116789,21505.0,USD
ADBE-US,2024-12-13,22.54,37182720,21505.0,USD
ADBE-US,2024-12-16,22.09,40992614,21505.0,USD
ADBE-US,2024-12-17,22.27,13485411,21505.0,USD
ADBE-US,2024-12-18,22.78,20241932,21505.0,USD
ADBE-US,2024-12-19,21.86,5497529,21505.0,USD
ADBE-US,2024-12-20,22.17,13047785,21505.0,USD
ADBE-US,2024-12-23,22.7,8509698,21505.0,USD
ADBE-US,2024-12-24,22.58,25813344,21505.0,USD
ADBE-US,2024-12-25,22.85,18232819,21505.0,USD
ADBE-US,2024-12-26,22.93,9228617,21505.0,USD
ADBE-US,2024-12-27,23.29,878838,21505.0,USD
ADBE-US,2024-12-30,23.87,22683693,21505.0,USD
ADBE-US,2024-12-31,23.05,3180367,21505.0,USD
ADBE-US,2025-01-01,23.23,10814859,21505.0,USD
ADBE-US,2025-01-02,23.66,42467646,21505.0,USD
ADBE-US,2025-01-03,23.46,41812798,21505.0,USD
ADBE-US,2025-01-06,23.63,38931702,21505.0,USD
ADBE-US,2025-01-07,23.38,37420624,21505.0,USD
ADBE-US,2025-01-08,23.01,21831156,21505.0,USD
ADBE-US,2025-01-09,23.48,35758666,21505.0,USD
ADBE-US,2025-01-10,23.53,5075245,21505.0,USD
ADBE-US,2025-01-13,23.76,34399395,21505.0,USD
ADBE-US,2025-01-14,24.01,27572861,21505.0,USD
ADBE-US,2025-01-15,24.39,6670361,21505.0,USD
ADBE-US,2025-01-16,23.96,45015623,21505.0,USD
ADBE-US,2025-01-17,24.57,22772325,21505.0,USD
ADBE-US,2025-01-20,24.43,41992108,21505.0,USD
ADBE-US,2025-01-21,24.7,36101178,21505.0,USD
ADBE-US,2025-01-22,24.24,44073793,21505.0,USD
ADBE-US,2025-01-23,24.32,1090806,21505.0,USD
ADBE-US,2025-01-24,24.58,16629472,21505.0,USD
ADBE-US,2025-01-27,24.81,43601631,21505.0,USD
ADBE-US,2025-01-28,24.43,3176116,21505.0,USD
ADBE-US,2025-01-29,24.1,46305246,21505.0,USD
ADBE-US,2025-01-30,24.37,8108402,21505.0,USD
ADBE-US,2025-01-31,24.15,26395695,21505.0,USD
ADBE-US,2025-02-03,24.13,2157973,21505.0,USD
ADBE-US,2025-02-04,24.72,35186412,21505.0,USD
ADBE-US,2025-02-05,24.88,34640667,21505.0,USD
ADBE-US,2025-02-06,24.56,30400817,21505.0,USD
ADBE-US,2025-02-07,24.26,44223317,21505.0,USD
ADBE-US,2025-02-10,24.29,13419287,21505.0,USD
ADBE-US,2025-02-11,24.24,6939527,21505.0,USD
ADBE-US,2025-02-12,24.38,11733675,21505.0,USD
ADBE-US,2025-02-13,25.01,36282837,21505.0,USD
ADBE-US,2025-02-14,24.9,991947,21505.0,USD
ADBE-US,2025-02-17,24.73,42746001,21505.0,USD
ADBE-US,2025-02-18,24.55,14805940,21505.0,USD
ADBE-US,2025-02-19,24.82,7474410,21505.0,USD
ADBE-US,2025-02-20,24.53,14296211,21505.0,USD
ADBE-US,2025-02-21,23.98,29708311,21505.0,USD
ADBE-US,2025-02-24,23.86,43889984,21505.0,USD
ADBE-US,2025-02-25,23.92,46539602,21505.0,USD
ADBE-US,2025-02-26,23.8,10818295,21505.0,USD
ADBE-US,2025-02-27,24.37,3042507,21505.0,USD
ADBE-US,2025-02-28,24.46,6373428,21505.0,USD
JPM-US,2024-12-09,165.56,37952397,177600.0,USD
JPM-US,2024-12-10,167.09,5227288,177600.0,USD
JPM-US,2024-12-11,165.53,17857570,177600.0,USD
JPM-US,2024-12-12,164.77,27855772,177600.0,USD
JPM-US,2024-12-13,162.16,29559818,177600.0,USD
JPM-US,2024-12-16,164.43,21733529,177600.0,USD
JPM-US,2024-12-17,168.15,36392127,177600.0,USD
JPM-US,2024-12-18,168.6,895870,177600.0,USD
JPM-US,2024-12-19,166.44,39799488,177600.0,USD
JPM-US,2024-12-20,163.8,3554584,177600.0,USD
JPM-US,2024-12-23,163.56,34244816,177600.0,USD
JPM-US,2024-12-24,162.7,7622635,177600.0,USD
JPM-US,2024-12-25,161.83,41205944,177600.0,USD
JPM-US,2024-12-26,165.45,6305267,177600.0,USD
JPM-US,2024-12-27,164.39,26096231,177600.0,USD
JPM-US,2024-12-30,169.96,27015601,177600.0,USD
JPM-US,2024-12-31,170.29,10990690,177600.0,USD
JPM-US,2025-01-01,169.77,36300415,177600.0,USD
JPM-US,2025-01-02,170.62,37122949,177600.0,USD
JPM-US,2025-01-03,174.83,20295669,177600.0,USD
JPM-US,2025-01-06,176.3,45952098,177600.0,USD
JPM-US,2025-01-07,175.99,49444143,177600.0,USD
JPM-US,2025-01-08,172.08,1248277,177600.0,USD
JPM-US,2025-01-09,166.93,37646379,177600.0,USD
JPM-US,2025-01-10,167.96,3303348,177600.0,USD
JPM-US,2025-01-13,167.02,837546,177600.0,USD
JPM-US,2025-01-14,164.82,37243810,177600.0,USD
JPM-US,2025-01-15,163.78,6212766,177600.0,USD
JPM-US,2025-01-16,162.45,49216830,177600.0,USD
JPM-US,2025-01-17,166.31,23575493,177600.0,USD
JPM-US,2025-01-20,167.65,34896829,177600.0,USD
JPM-US,2025-01-21,173.01,10060001,177600.0,USD
JPM-US,2025-01-22,174.04,17461213,177600.0,USD
JPM-US,2025-01-23,175.65,13541011,177600.0,USD
JPM-US,2025-01-24,178.66,38570364,177600.0,USD
JPM-US,2025-01-27,181.35,4149937,177600.0,USD
JPM-US,2025-01-28,185.16,37332774,177600.0,USD
JPM-US,2025-01-29,180.03,31454983,177600.0,USD
JPM-US,2025-01-30,179.44,45576034,177600.0,USD
JPM-US,2025-01-31,178.66,5020638,177600.0,USD
JPM-US,2025-02-03,178.71,39463114,177600.0,USD
JPM-US,2025-02-04,180.54,33194794,177600.0,USD
JPM-US,2025-02-05,183.02,45549882,177600.0,USD
JPM-US,2025-02-06,182.3,44488047,177600.0,USD
JPM-US,2025-02-07,182.58,5184794,177600.0,USD
JPM-US,2025-02-10,184.86,13485469,177600.0,USD
JPM-US,2025-02-11,183.67,41862040,177600.0,USD
JPM-US,2025-02-12,186.47,44753078,177600.0,USD
JPM-US,2025-02-13,185.25,38453552,177600.0,USD
JPM-US,2025-02-14,188.77,38541457,177600.0,USD
JPM-US,2025-02-17,187.2,29243222,177600.0,USD
JPM-US,2025-02-18,189.09,11817206,177600.0,USD
JPM-US,2025-02-19,191.28,15366338,177600.0,USD
JPM-US,2025-02-20,191.41,48294874,177600.0,USD
JPM-US,2025-02-21,191.27,24624697,177600.0,USD
JPM-US,2025-02-24,188.26,9513111,177600.0,USD
JPM-US,2025-02-25,187.23,32709165,177600.0,USD
JPM-US,2025-02-26,185.01,31561228,177600.0,USD
JPM-US,2025-02-27,180.55,33180096,177600.0,USD
JPM-US,2025-02-28,182.18,37522069,177600.0,USD
UNH-US,2024-12-09,290.52,19331816,400300.0,USD
UNH-US,2024-12-10,295.92,9895352,400300.0,USD
UNH-US,2024-12-11,298.29,49727345,400300.0,USD
UNH-US,2024-12-12,296.51,42551681,400300.0,USD
UNH-US,2024-12-13,298.16,1750257,400300.0,USD
UNH-US,2024-12-16,299.07,34536160,400300.0,USD
UNH-US,2024-12-17,293.6,39349374,400300.0,USD
UNH-US,2024-12-18,287.75,27688113,400300.0,USD
UNH-US,2024-12-19,288.2,2959963,400300.0,USD
UNH-US,2024-12-20,285.32,37516846,400300.0,USD
UNH-US,2024-12-23,284.8,36717118,400300.0,USD
UNH-US,2024-12-24,293.92,32182359,400300.0,USD
UNH-US,2024-12-25,292.58,26840118,400300.0,USD
UNH-US,2024-12-26,290.62,15485855,400300.0,USD
UNH-US,2024-12-27,295.23,20028623,400300.0,USD
UNH-US,2024-12-30,291.59,9484619,400300.0,USD
UNH-US,2024-12-31,286.58,27127801,400300.0,USD
UNH-US,2025-01-01,287.79,24918604,400300.0,USD
UNH-US,2025-01-02,281.51,41707256,400300.0,USD
UNH-US,2025-01-03,281.51,46413311,400300.0,USD
UNH-US,2025-01-06,284.16,30445347,400300.0,USD
UNH-US,2025-01-07,288.67,11185235,400300.0,USD
UNH-US,2025-01-08,293.3,44752477,400300.0,USD
UNH-US,2025-01-09,303.06,10311252,400300.0,USD
UNH-US,2025-01-10,302.69,24578361,400300.0,USD
UNH-US,2025-01-13,297.58,3212528,400300.0,USD
UNH-US,2025-01-14,298.68,4718541,400300.0,USD
UNH-US,2025-01-15,303.85,18240705,400300.0,USD
UNH-US,2025-01-16,303.02,14376373,400300.0,USD
UNH-US,2025-01-17,304.1,35254689,400300.0,USD
UNH-US,2025-01-20,307.8,32019303,400300.0,USD
UNH-US,2025-01-21,305.5,31010605,400300.0,USD
UNH-US,2025-01-22,306.55,44021759,400300.0,USD
UNH-US,2025-01-23,305.75,22248044,400300.0,USD
UNH-US,2025-01-24,315.46,43017960,400300.0,USD
UNH-US,2025-01-27,323.06,18853959,400300.0,USD
UNH-US,2025-01-28,325.09,37030714,400300.0,USD
UNH-US,2025-01-29,321.9,38762800,400300.0,USD
UNH-US,2025-01-30,325.24,25014651,400300.0,USD
UNH-US,2025-01-31,331.64,39938458,400300.0,USD
UNH-US,2025-02-03,326.35,35172660,400300.0,USD
UNH-US,2025-02-04,318.81,17383678,400300.0,USD
UNH-US,2025-02-05,311.47,35153123,400300.0,USD
UNH-US,2025-02-06,318.7,27735609,400300.0,USD
UNH-US,2025-02-07,313.01,33172726,400300.0,USD
UNH-US,2025-02-10,320.64,32853860,400300.0,USD
UNH-US,2025-02-11,321.16,9826005,400300.0,USD
UNH-US,2025-02-12,320.89,30021102,400300.0,USD
UNH-US,2025-02-13,321.96,43683010,400300.0,USD
UNH-US,2025-02-14,323.73,19344807,400300.0,USD
UNH-US,2025-02-17,324.57,24808370,400300.0,USD
UNH-US,2025-02-18,327.71,40900896,400300.0,USD
UNH-US,2025-02-19,327.31,15958280,400300.0,USD
UNH-US,2025-02-20,324.99,28324253,400300.0,USD
UNH-US,2025-02-21,328.01,32814035,400300.0,USD
UNH-US,2025-02-24,320.83,45813879,400300.0,USD
UNH-US,2025-02-25,317.64,11321053,400300.0,USD
UNH-US,2025-02-26,318.17,43936831,400300.0,USD
UNH-US,2025-02-27,318.77,3395367,400300.0,USD
UNH-US,2025-02-28,317.99,9082224,400300.0,USD
WMT-US,2024-12-09,360.66,38904342,648125.0,USD
WMT-US,2024-12-10,365.63,10355950,648125.0,USD
WMT-US,2024-12-11,369.72,12582114,648125.0,USD
WMT-US,2024-12-12,371.3,35171169,648125.0,USD
WMT-US,2024-12-13,378.69,38322871,648125.0,USD
WMT-US,2024-12-16,376.81,43290135,648125.0,USD
WMT-US,2024-12-17,385.88,44908959,648125.0,USD
WMT-US,2024-12-18,387.07,19522317,648125.0,USD
WMT-US,2024-12-19,391.02,41203263,648125.0,USD
WMT-US,2024-12-20,389.8,32136021,648125.0,USD
WMT-US,2024-12-23,392.32,28066096,648125.0,USD
WMT-US,2024-12-24,389.78,40821603,648125.0,USD
WMT-US,2024-12-25,394.72,12706038,648125.0,USD
WMT-US,2024-12-26,400.95,42323031,648125.0,USD
WMT-US,2024-12-27,398.54,49099353,648125.0,USD
WMT-US,2024-12-30,394.71,46509244,648125.0,USD
WMT-US,2024-12-31,391.25,40134226,648125.0,USD
WMT-US,2025-01-01,396.75,5119968,648125.0,USD
WMT-US,2025-01-02,397.61,7786017,648125.0,USD
WMT-US,2025-01-03,403.57,1611499,648125.0,USD
WMT-US,2025-01-06,407.23,34346994,648125.0,USD
WMT-US,2025-01-07,418.92,46427147,648125.0,USD
WMT-US,2025-01-08,415.91,6962488,648125.0,USD
WMT-US,2025-01-09,417.75,12406601,648125.0,USD
WMT-US,2025-01-10,409.32,3119699,648125.0,USD
WMT-US,2025-01-13,410.72,36163660,648125.0,USD
WMT-US,2025-01-14,407.77,32862641,648125.0,USD
WMT-US,2025-01-15,407.83,44751089,648125.0,USD
WMT-US,2025-01-16,413.63,580544,648125.0,USD
WMT-US,2025-01-17,419.92,46037347,648125.0,USD
WMT-US,2025-01-20,415.52,25355609,648125.0,USD
WMT-US,2025-01-21,409.54,3415093,648125.0,USD
WMT-US,2025-01-22,407.56,32854756,648125.0,USD
WMT-US,2025-01-23,401.56,26084348,648125.0,USD
WMT-US,2025-01-24,395.25,47255255,648125.0,USD
WMT-US,2025-01-27,404.01,39162813,648125.0,USD
WMT-US,2025-01-28,406.79,32520406,648125.0,USD
WMT-US,2025-01-29,408.8,16103675,648125.0,USD
WMT-US,2025-01-30,411.09,40650719,648125.0,USD
WMT-US,2025-01-31,409.83,36989171,648125.0,USD
WMT-US,2025-02-03,406.61,48090172,648125.0,USD
WMT-US,2025-02-04,408.88,977417,648125.0,USD
WMT-US,2025-02-05,406.29,982784,648125.0,USD
WMT-US,2025-02-06,404.98,25667829,648125.0,USD
WMT-US,2025-02-07,399.87,21699805,648125.0,USD
WMT-US,2025-02-10,392.43,27937128,648125.0,USD
WMT-US,2025-02-11,390.34,44226520,648125.0,USD
WMT-US,2025-02-12,393.04,39783528,648125.0,USD
WMT-US,2025-02-13,392.89,28924734,648125.0,USD
WMT-US,2025-02-14,404.59,38394378,648125.0,USD
WMT-US,2025-02-17,401.47,46174675,648125.0,USD
WMT-US,2025-02-18,405.21,27172696,648125.0,USD
WMT-US,2025-02-19,405.52,37917397,648125.0,USD
WMT-US,2025-02-20,399.37,32877863,648125.0,USD
WMT-US,2025-02-21,402.81,32964594,648125.0,USD
WMT-US,2025-02-24,409.9,17530729,648125.0,USD
WMT-US,2025-02-25,418.07,47844941,648125.0,USD
WMT-US,2025-02-26,417.6,27218035,648125.0,USD
WMT-US,2025-02-27,416.63,44743723,648125.0,USD
WMT-US,2025-02-28,404.52,8491710,648125.0,USD
XOM-US,2024-12-09,141.53,11357886,344582.0,USD
XOM-US,2024-12-10,142.65,7229584,344582.0,USD
XOM-US,2024-12-11,143.18,23212179,344582.0,USD
XOM-US,2024-12-12,145.34,37448544,344582.0,USD
XOM-US,2024-12-13,142.88,3993204,344582.0,USD
XOM-US,2024-12-16,140.79,11286945,344582.0,USD
XOM-US,2024-12-17,138.53,6612851,344582.0,USD
XOM-US,2024-12-18,140.47,10252826,344582.0,USD
XOM-US,2024-12-19,137.7,6415021,344582.0,USD
XOM-US,2024-12-20,138.24,4800366,344582.0,USD
XOM-US,2024-12-23,138.11,41371235,344582.0,USD
XOM-US,2024-12-24,140.14,3033717,344582.0,USD
XOM-US,2024-12-25,139.41,27386821,344582.0,USD
XOM-US,2024-12-26,134.68,41702533,344582.0,USD
XOM-US,2024-12-27,133.8,40595705,344582.0,USD
XOM-US,2024-12-30,132.47,4356278,344582.0,USD
XOM-US,2024-12-31,135.98,43469222,344582.0,USD
XOM-US,2025-01-01,134.76,33676500,344582.0,USD
XOM-US,2025-01-02,133.54,44582753,344582.0,USD
XOM-US,2025-01-03,134.08,35272678,344582.0,USD
XOM-US,2025-01-06,134.0,40732764,344582.0,USD
XOM-US,2025-01-07,134.56,34762286,344582.0,USD
XOM-US,2025-01-08,133.14,11873804,344582.0,USD
XOM-US,2025-01-09,133.03,45733010,344582.0,USD
XOM-US,2025-01-10,134.51,519278,344582.0,USD
XOM-US,2025-01-13,134.89,11065939,344582.0,USD
XOM-US,2025-01-14,136.32,27305541,344582.0,USD
XOM-US,2025-01-15,137.21,24197996,344582.0,USD
XOM-US,2025-01-16,136.24,13942602,344582.0,USD
XOM-US,2025-01-17,134.45,35245124,344582.0,USD
XOM-US,2025-01-20,137.62,6550928,344582.0,USD
XOM-US,2025-01-21,137.98,37382538,344582.0,USD
XOM-US,2025-01-22,137.18,39619932,344582.0,USD
XOM-US,2025-01-23,141.0,23860276,344582.0,USD
XOM-US,2025-01-24,138.81,15686434,344582.0,USD
XOM-US,2025-01-27,141.98,41192359,344582.0,USD
XOM-US,2025-01-28,144.31,27609059,344582.0,USD
XOM-US,2025-01-29,143.8,39081337,344582.0,USD
XOM-US,2025-01-30,145.18,34473063,344582.0,USD
XOM-US,2025-01-31,145.27,7644742,344582.0,USD
XOM-US,2025-02-03,142.91,23314724,344582.0,USD
XOM-US,2025-02-04,142.04,8352340,344582.0,USD
XOM-US,2025-02-05,143.82,36598085,344582.0,USD
XOM-US,2025-02-06,138.76,39080475,344582.0,USD
XOM-US,2025-02-07,138.8,25805429,344582.0,USD
XOM-US,2025-02-10,141.09,38293605,344582.0,USD
XOM-US,2025-02-11,139.56,23294247,344582.0,USD
XOM-US,2025-02-12,139.76,31292796,344582.0,USD
XOM-US,2025-02-13,137.94,2335474,344582.0,USD
XOM-US,2025-02-14,133.98,32844470,344582.0,USD
XOM-US,2025-02-17,134.58,43024323,344582.0,USD
XOM-US,2025-02-18,135.12,15289607,344582.0,USD
XOM-US,2025-02-19,134.51,21688328,344582.0,USD
XOM-US,2025-02-20,133.25,28177438,344582.0,USD
XOM-US,2025-02-21,135.6,1152512,344582.0,USD
XOM-US,2025-02-24,134.97,47531136,344582.0,USD
XOM-US,2025-02-25,135.76,6741757,344582.0,USD
XOM-US,2025-02-26,134.46,27271781,344582.0,USD
XOM-US,2025-02-27,132.78,5602207,344582.0,USD
XOM-US,2025-02-28,129.54,37715321,344582.0,USD
JNJ-US,2024-12-09,42.82,39001202,85159.0,USD
JNJ-US,2024-12-10,42.92,18557370,85159.0,USD
JNJ-US,2024-12-11,43.37,13261924,85159.0,USD
JNJ-US,2024-12-12,44.36,33987278,85159.0,USD
JNJ-US,2024-12-13,44.34,16744137,85159.0,USD
JNJ-US,2024-12-16,43.86,18311053,85159.0,USD
JNJ-US,2024-12-17,44.0,17256776,85159.0,USD
JNJ-US,2024-12-18,44.44,42013335,85159.0,USD
JNJ-US,2024-12-19,43.73,8544909,85159.0,USD
JNJ-US,2024-12-20,44.64,5767211,85159.0,USD
JNJ-US,2024-12-23,44.21,41693231,85159.0,USD
JNJ-US,2024-12-24,43.35,944507,85159.0,USD
JNJ-US,2024-12-25,43.44,3336230,85159.0,USD
JNJ-US,2024-12-26,42.64,32866073,85159.0,USD
JNJ-US,2024-12-27,42.27,39055342,85159.0,USD
JNJ-US,2024-12-30,42.68,18937021,85159.0,USD
JNJ-US,2024-12-31,40.85,34801597,85159.0,USD
JNJ-US,2025-01-01,40.96,19308374,85159.0,USD
JNJ-US,2025-01-02,40.16,9106440,85159.0,USD
JNJ-US,2025-01-03,40.77,4133822,85159.0,USD
JNJ-US,2025-01-06,40.15,36790322,85159.0,USD
JNJ-US,2025-01-07,40.06,2685242,85159.0,USD
JNJ-US,2025-01-08,39.47,46559406,85159.0,USD
JNJ-US,2025-01-09,39.47,12230653,85159.0,USD
JNJ-US,2025-01-10,39.2,35276158,85159.0,USD
JNJ-US,2025-01-13,39.29,31374814,85159.0,USD
JNJ-US,2025-01-14,39.27,45738290,85159.0,USD
JNJ-US,2025-01-15,39.35,14643353,85159.0,USD
JNJ-US,2025-01-16,39.16,24766721,85159.0,USD
JNJ-US,2025-01-17,39.36,41622841,85159.0,USD
JNJ-US,2025-01-20,39.62,18139500,85159.0,USD
JNJ-US,2025-01-21,39.34,16414139,85159.0,USD
JNJ-US,2025-01-22,39.17,23524813,85159.0,USD
JNJ-US,2025-01-23,40.65,25056754,85159.0,USD
JNJ-US,2025-01-24,40.92,28624851,85159.0,USD
JNJ-US,2025-01-27,41.53,47524028,85159.0,USD
JNJ-US,2025-01-28,41.55,27383314,85159.0,USD
JNJ-US,2025-01-29,40.96,19265620,85159.0,USD
JNJ-US,2025-01-30,40.21,39147506,85159.0,USD
JNJ-US,2025-01-31,40.47,46537480,85159.0,USD
JNJ-US,2025-02-03,40.52,18615977,85159.0,USD
JNJ-US,2025-02-04,40.8,16324617,85159.0,USD
JNJ-US,2025-02-05,39.68,13657579,85159.0,USD
JNJ-US,2025-02-06,39.3,10287407,85159.0,USD
JNJ-US,2025-02-07,39.61,32241621,85159.0,USD
JNJ-US,2025-02-10,38.69,1153794,85159.0,USD
JNJ-US,2025-02-11,39.01,42822338,85159.0,USD
JNJ-US,2025-02-12,39.64,35195750,85159.0,USD
JNJ-US,2025-02-13,39.14,33156528,85159.0,USD
JNJ-US,2025-02-14,39.04,20634953,85159.0,USD
JNJ-US,2025-02-17,39.05,3701717,85159.0,USD
JNJ-US,2025-02-18,40.22,27236299,85159.0,USD
JNJ-US,2025-02-19,40.52,14959767,85159.0,USD
JNJ-US,2025-02-20,40.75,17565091,85159.0,USD
JNJ-US,2025-02-21,39.91,30689245,85159.0,USD
JNJ-US,2025-02-24,40.04,22958420,85159.0,USD
JNJ-US,2025-02-25,40.02,37912620,85159.0,USD
JNJ-US,2025-02-26,40.6,17794949,85159.0,USD
JNJ-US,2025-02-27,40.26,24061283,85159.0,USD
JNJ-US,2025-02-28,40.79,46106234,85159.0,USD
V-US,2024-12-09,16.55,36633979,35926.0,USD
V-US,2024-12-10,16.39,12213102,35926.0,USD
V-US,2024-12-11,16.6,22316439,35926.0,USD
V-US,2024-12-12,16.58,45677206,35926.0,USD
V-US,2024-12-13,16.15,30492972,35926.0,USD
V-US,2024-12-16,16.13,5761839,35926.0,USD
V-US,2024-12-17,15.99,42893487,35926.0,USD
V-US,2024-12-18,16.13,10220607,35926.0,USD
V-US,2024-12-19,16.37,23141746,35926.0,USD
V-US,2024-12-20,16.11,28807625,35926.0,USD
V-US,2024-12-23,15.9,5287820,35926.0,USD
V-US,2024-12-24,15.68,5809111,35926.0,USD
V-US,2024-12-25,15.77,21765338,35926.0,USD
V-US,2024-12-26,15.92,44322967,35926.0,USD
V-US,2024-12-27,15.88,43761346,35926.0,USD
V-US,2024-12-30,16.07,27038557,35926.0,USD
V-US,2024-12-31,16.04,24871579,35926.0,USD
V-US,2025-01-01,16.3,39887519,35926.0,USD
V-US,2025-01-02,16.04,11728528,35926.0,USD
V-US,2025-01-03,16.01,12840393,35926.0,USD
V-US,2025-01-06,16.09,16245564,35926.0,USD
V-US,2025-01-07,16.0,44927581,35926.0,USD
V-US,2025-01-08,16.0,5873053,35926.0,USD
V-US,2025-01-09,16.4,14631213,35926.0,USD
V-US,2025-01-10,16.46,4781035,35926.0,USD
V-US,2025-01-13,16.56,32254961,35926.0,USD
V-US,2025-01-14,16.52,27143059,35926.0,USD
V-US,2025-01-15,16.5,35663889,35926.0,USD
V-US,2025-01-16,16.52,18112873,35926.0,USD
V-US,2025-01-17,16.42,41980134,35926.0,USD
V-US,2025-01-20,16.63,26662136,35926.0,USD
V-US,2025-01-21,16.93,21261513,35926.0,USD
V-US,2025-01-22,16.99,30239992,35926.0,USD
V-US,2025-01-23,17.41,42542407,35926.0,USD
V-US,2025-01-24,17.64,11949308,35926.0,USD
V-US,2025-01-27,17.87,2417387,35926.0,USD
V-US,2025-01-28,18.13,22323890,35926.0,USD
V-US,2025-01-29,18.19,32454203,35926.0,USD
V-US,2025-01-30,17.65,18781422,35926.0,USD
V-US,2025-01-31,17.77,37312250,35926.0,USD
V-US,2025-02-03,17.11,47316678,35926.0,USD
V-US,2025-02-04,17.35,36690976,35926.0,USD
V-US,2025-02-05,17.51,42848882,35926.0,USD
V-US,2025-02-06,17.83,43171247,35926.0,USD
V-US,2025-02-07,18.04,43435345,35926.0,USD
V-US,2025-02-10,17.84,43418014,35926.0,USD
V-US,2025-02-11,17.28,32823097,35926.0,USD
V-US,2025-02-12,17.16,36716514,35926.0,USD
V-US,2025-02-13,17.18,21160684,35926.0,USD
V-US,2025-02-14,17.3,25047303,35926.0,USD
V-US,2025-02-17,17.18,1208389,35926.0,USD
V-US,2025-02-18,17.26,506197,35926.0,USD
V-US,2025-02-19,16.83,9646968,35926.0,USD
V-US,2025-02-20,16.78,23577726,35926.0,USD
V-US,2025-02-21,16.71,46655460,35926.0,USD
V-US,2025-02-24,17.02,33512974,35926.0,USD
V-US,2025-02-25,17.3,1112878,35926.0,USD
V-US,2025-02-26,17.2,29386024,35926.0,USD
V-US,2025-02-27,17.31,984390,35926.0,USD
V-US,2025-02-28,16.98,37289897,35926.0,USD
PG-US,2024-12-09,23.89,29833711,84039.0,USD
PG-US,2024-12-10,24.58,26991363,84039.0,USD
PG-US,2024-12-11,24.59,43851708,84039.0,USD
PG-US,2024-12-12,25.18,26653885,84039.0,USD
PG-US,2024-12-13,25.32,5815675,84039.0,USD
PG-US,2024-12-16,25.09,28836005,84039.0,USD
PG-US,2024-12-17,24.77,41652243,84039.0,USD
PG-US,2024-12-18,24.46,47068488,84039.0,USD
PG-US,2024-12-19,24.35,36198175,84039.0,USD
PG-US,2024-12-20,24.09,18540340,84039.0,USD
PG-US,2024-12-23,23.49,12741138,84039.0,USD
PG-US,2024-12-24,23.85,9668683,84039.0,USD
PG-US,2024-12-25,23.74,41955119,84039.0,USD
PG-US,2024-12-26,24.23,30884694,84039.0,USD
PG-US,2024-12-27,24.17,13102336,84039.0,USD
PG-US,2024-12-30,24.68,22018036,84039.0,USD
PG-US,2024-12-31,24.8,36401279,84039.0,USD
PG-US,2025-01-01,24.83,1985178,84039.0,USD
PG-US,2025-01-02,24.9,18565379,84039.0,USD
PG-US,2025-01-03,25.07,8891238,84039.0,USD
PG-US,2025-01-06,24.94,16123648,84039.0,USD
PG-US,2025-01-07,24.36,6553017,84039.0,USD
PG-US,2025-01-08,24.62,23445383,84039.0,USD
PG-US,2025-01-09,24.98,28702032,84039.0,USD
PG-US,2025-01-10,24.73,25424036,84039.0,USD
PG-US,2025-01-13,25.35,31617337,84039.0,USD
PG-US,2025-01-14,25.33,5883680,84039.0,USD
PG-US,2025-01-15,25.25,10303788,84039.0,USD
PG-US,2025-01-16,25.87,5290545,84039.0,USD
PG-US,2025-01-17,26.11,36952994,84039.0,USD
PG-US,2025-01-20,25.86,17282548,84039.0,USD
PG-US,2025-01-21,25.92,26107226,84039.0,USD
PG-US,2025-01-22,26.02,48461532,84039.0,USD
PG-US,2025-01-23,25.85,17207581,84039.0,USD
PG-US,2025-01-24,25.07,17086773,84039.0,USD
PG-US,2025-01-27,25.76,2748837,84039.0,USD
PG-US,2025-01-28,25.96,6805569,84039.0,USD
PG-US,2025-01-29,26.57,35473054,84039.0,USD
PG-US,2025-01-30,26.44,26613599,84039.0,USD
PG-US,2025-01-31,26.22,46230819,84039.0,USD
PG-US,2025-02-03,27.12,11144233,84039.0,USD
PG-US,2025-02-04,26.9,42722498,84039.0,USD
PG-US,2025-02-05,26.81,37381685,84039.0,USD
PG-US,2025-02-06,26.16,35458769,84039.0,USD
PG-US,2025-02-07,26.5,20553006,84039.0,USD
PG-US,2025-02-10,26.82,13836117,84039.0,USD
PG-US,2025-02-11,26.74,45241129,84039.0,USD
PG-US,2025-02-12,26.85,15115521,84039.0,USD
PG-US,2025-02-13,27.15,29636095,84039.0,USD
PG-US,2025-02-14,27.11,22277731,84039.0,USD
PG-US,2025-02-17,27.84,39738342,84039.0,USD
PG-US,2025-02-18,27.92,8529548,84039.0,USD
PG-US,2025-02-19,27.68,3318127,84039.0,USD
PG-US,2025-02-20,27.87,39495418,84039.0,USD
PG-US,2025-02-21,27.98,40511129,84039.0,USD
PG-US,2025-02-24,27.52,10901333,84039.0,USD
PG-US,2025-02-25,27.41,11082964,84039.0,USD
PG-US,2025-02-26,27.55,34049010,84039.0,USD
PG-US,2025-02-27,28.04,42451920,84039.0,USD
PG-US,2025-02-28,28.36,4530044,84039.0,USD
HD-US,2024-12-09,158.35,36494062,157403.0,USD
HD-US,2024-12-10,159.48,7706932,157403.0,USD
HD-US,2024-12-11,160.75,37970263,157403.0,USD
HD-US,2024-12-12,162.05,43761459,157403.0,USD
HD-US,2024-12-13,162.28,29941926,157403.0,USD
HD-US,2024-12-16,157.93,49703469,157403.0,USD
HD-US,2024-12-17,159.25,24536213,157403.0,USD
HD-US,2024-12-18,162.72,49113604,157403.0,USD
HD-US,2024-12-19,166.23,33068074,157403.0,USD
HD-US,2024-12-20,170.27,47920866,157403.0,USD
HD-US,2024-12-23,168.35,47277413,157403.0,USD
HD-US,2024-12-24,169.21,33389517,157403.0,USD
HD-US,2024-12-25,169.86,23831381,157403.0,USD
HD-US,2024-12-26,171.44,22221855,157403.0,USD
HD-US,2024-12-27,171.26,40676730,157403.0,USD
HD-US,2024-12-30,169.26,37713228,157403.0,USD
HD-US,2024-12-31,170.98,30657663,157403.0,USD
HD-US,2025-01-01,173.7,20342256,157403.0,USD
HD-US,2025-01-02,175.13,30972724,157403.0,USD
HD-US,2025-01-03,172.21,548306,157403.0,USD
HD-US,2025-01-06,172.76,49734937,157403.0,USD
HD-US,2025-01-07,169.77,12950995,157403.0,USD
HD-US,2025-01-08,172.45,24932672,157403.0,USD
HD-US,2025-01-09,170.09,42120737,157403.0,USD
HD-US,2025-01-10,170.42,44677054,157403.0,USD
HD-US,2025-01-13,174.55,36668759,157403.0,USD
HD-US,2025-01-14,175.32,46350398,157403.0,USD
HD-US,2025-01-15,173.82,33889958,157403.0,USD
HD-US,2025-01-16,174.02,19500471,157403.0,USD
HD-US,2025-01-17,172.57,22149322,157403.0,USD
HD-US,2025-01-20,170.7,6959650,157403.0,USD
HD-US,2025-01-21,171.96,35611393,157403.0,USD
HD-US,2025-01-22,171.59,9209003,157403.0,USD
HD-US,2025-01-23,171.0,12488246,157403.0,USD
HD-US,2025-01-24,172.26,33072648,157403.0,USD
HD-US,2025-01-27,171.07,13359175,157403.0,USD
HD-US,2025-01-28,173.84,26578425,157403.0,USD
HD-US,2025-01-29,175.86,44652348,157403.0,USD
HD-US,2025-01-30,172.23,40114423,157403.0,USD
HD-US,2025-01-31,172.51,17675744,157403.0,USD
HD-US,2025-02-03,174.3,48673775,157403.0,USD
HD-US,2025-02-04,174.92,5256271,157403.0,USD
HD-US,2025-02-05,180.86,44506594,157403.0,USD
HD-US,2025-02-06,181.42,33477664,157403.0,USD
HD-US,2025-02-07,186.1,31910917,157403.0,USD
HD-US,2025-02-10,183.87,43376975,157403.0,USD
HD-US,2025-02-11,187.19,28414146,157403.0,USD
HD-US,2025-02-12,188.58,25267777,157403.0,USD
HD-US,2025-02-13,188.91,41901694,157403.0,USD
HD-US,2025-02-14,188.02,18338585,157403.0,USD
HD-US,2025-02-17,183.56,20894689,157403.0,USD
HD-US,2025-02-18,182.8,5730154,157403.0,USD
HD-US,2025-02-19,189.41,7017562,157403.0,USD
HD-US,2025-02-20,187.01,7293102,157403.0,USD
HD-US,2025-02-21,186.53,13214473,157403.0,USD
HD-US,2025-02-24,183.18,13460026,157403.0,USD
HD-US,2025-02-25,181.18,42464853,157403.0,USD
HD-US,2025-02-26,180.9,12505634,157403.0,USD
HD-US,2025-02-27,177.72,7580936,157403.0,USD
HD-US,2025-02-28,176.55,43357351,157403.0,USD
BAC-US,2024-12-09,29.3,29160517,101600.0,USD
BAC-US,2024-12-10,28.7,7486193,101600.0,USD
BAC-US,2024-12-11,28.84,27448045,101600.0,USD
BAC-US,2024-12-12,29.09,34369359,101600.0,USD
BAC-US,2024-12-13,28.96,40759663,101600.0,USD
BAC-US,2024-12-16,29.19,30230043,101600.0,USD
BAC-US,2024-12-17,30.06,37415333,101600.0,USD
BAC-US,2024-12-18,29.67,22287168,101600.0,USD
BAC-US,2024-12-19,29.94,42996072,101600.0,USD
BAC-US,2024-12-20,29.57,29396276,101600.0,USD
BAC-US,2024-12-23,29.76,16654617,101600.0,USD
BAC-US,2024-12-24,29.41,38292001,101600.0,USD
BAC-US,2024-12-25,29.01,37425894,101600.0,USD
BAC-US,2024-12-26,28.9,17551632,101600.0,USD
BAC-US,2024-12-27,28.61,27148296,101600.0,USD
BAC-US,2024-12-30,28.98,513128,101600.0,USD
BAC-US,2024-12-31,28.8,40480966,101600.0,USD
BAC-US,2025-01-01,27.59,1594038,101600.0,USD
BAC-US,2025-01-02,26.3,20756250,101600.0,USD
BAC-US,2025-01-03,26.17,940826,101600.0,USD
BAC-US,2025-01-06,26.09,21632895,101600.0,USD
BAC-US,2025-01-07,26.36,1956354,101600.0,USD
BAC-US,2025-01-08,26.5,19019169,101600.0,USD
BAC-US,2025-01-09,25.56,37655705,101600.0,USD
BAC-US,2025-01-10,25.07,38860220,101600.0,USD
BAC-US,2025-01-13,25.04,10882733,101600.0,USD
BAC-US,2025-01-14,25.4,10976170,101600.0,USD
BAC-US,2025-01-15,25.64,9788416,101600.0,USD
BAC-US,2025-01-16,25.57,17267613,101600.0,USD
BAC-US,2025-01-17,26.38,16135972,101600.0,USD
BAC-US,2025-01-20,26.38,38784745,101600.0,USD
BAC-US,2025-01-21,26.72,27330006,101600.0,USD
BAC-US,2025-01-22,26.47,5680909,101600.0,USD
BAC-US,2025-01-23,26.36,49058667,101600.0,USD
BAC-US,2025-01-24,26.17,33267674,101600.0,USD
BAC-US,2025-01-27,26.58,46777943,101600.0,USD
BAC-US,2025-01-28,26.37,6899773,101600.0,USD
BAC-US,2025-01-29,25.68,40445289,101600.0,USD
BAC-US,2025-01-30,25.62,39173744,101600.0,USD
BAC-US,2025-01-31,25.54,26105126,101600.0,USD
BAC-US,2025-02-03,25.66,22940509,101600.0,USD
BAC-US,2025-02-04,25.73,23849200,101600.0,USD
BAC-US,2025-02-05,26.04,8589337,101600.0,USD
BAC-US,2025-02-06,25.76,15714765,101600.0,USD
BAC-US,2025-02-07,25.76,1267348,101600.0,USD
BAC-US,2025-02-10,25.02,43039443,101600.0,USD
BAC-US,2025-02-11,25.09,20953667,101600.0,USD
BAC-US,2025-02-12,24.73,35690771,101600.0,USD
BAC-US,2025-02-13,25.18,10538145,101600.0,USD
BAC-US,2025-02-14,25.31,22433299,101600.0,USD
BAC-US,2025-02-17,25.05,3890327,101600.0,USD
BAC-US,2025-02-18,25.06,45706895,101600.0,USD
BAC-US,2025-02-19,25.02,30404799,101600.0,USD
BAC-US,2025-02-20,24.65,40438645,101600.0,USD
BAC-US,2025-02-21,24.52,29486712,101600.0,USD
BAC-US,2025-02-24,24.45,19947009,101600.0,USD
BAC-US,2025-02-25,24.51,23059864,101600.0,USD
BAC-US,2025-02-26,24.31,6039508,101600.0,USD
BAC-US,2025-02-27,23.72,37285885,101600.0,USD
BAC-US,2025-02-28,23.82,27289274,101600.0,USD
KO-US,2024-12-09,18.03,47333297,47061.0,USD
KO-US,2024-12-10,18.2,9249329,47061.0,USD
KO-US,2024-12-11,18.23,13794838,47061.0,USD
KO-US,2024-12-12,17.93,33239804,47061.0,USD
KO-US,2024-12-13,17.65,38159320,47061.0,USD
KO-US,2024-12-16,17.87,41838847,47061.0,USD
KO-US,2024-12-17,18.2,16761490,47061.0,USD
KO-US,2024-12-18,18.2,5307946,47061.0,USD
KO-US,2024-12-19,18.18,46451987,47061.0,USD
KO-US,2024-12-20,18.47,39155929,47061.0,USD
KO-US,2024-12-23,18.83,28923328,47061.0,USD
KO-US,2024-12-24,19.06,25012696,47061.0,USD
KO-US,2024-12-25,18.92,40354420,47061.0,USD
KO-US,2024-12-26,19.13,44483811,47061.0,USD
KO-US,2024-12-27,19.37,23969070,47061.0,USD
KO-US,2024-12-30,19.42,41853890,47061.0,USD
KO-US,2024-12-31,19.65,42321046,47061.0,USD
KO-US,2025-01-01,19.18,10285712,47061.0,USD
KO-US,2025-01-02,18.58,16169221,47061.0,USD
KO-US,2025-01-03,18.81,13900647,47061.0,USD
KO-US,2025-01-06,18.75,49387918,47061.0,USD
KO-US,2025-01-07,18.61,6258909,47061.0,USD
KO-US,2025-01-08,18.68,42174768,47061.0,USD
KO-US,2025-01-09,18.75,10410440,47061.0,USD
KO-US,2025-01-10,19.11,1421625,47061.0,USD
KO-US,2025-01-13,18.73,23536551,47061.0,USD
KO-US,2025-01-14,18.68,30703120,47061.0,USD
KO-US,2025-01-15,18.56,32121046,47061.0,USD
KO-US,2025-01-16,18.76,36604935,47061.0,USD
KO-US,2025-01-17,18.79,14718711,47061.0,USD
KO-US,2025-01-20,18.89,17858244,47061.0,USD
KO-US,2025-01-21,19.23,37329348,47061.0,USD
KO-US,2025-01-22,18.77,9985664,47061.0,USD
KO-US,2025-01-23,18.83,47145434,47061.0,USD
KO-US,2025-01-24,18.81,39624799,47061.0,USD
KO-US,2025-01-27,18.77,45028633,47061.0,USD
KO-US,2025-01-28,18.56,4533917,47061.0,USD
KO-US,2025-01-29,18.53,19559826,47061.0,USD
KO-US,2025-01-30,18.67,18705390,47061.0,USD
KO-US,2025-01-31,19.08,4062490,47061.0,USD
KO-US,2025-02-03,18.42,4969302,47061.0,USD
KO-US,2025-02-04,18.57,26581534,47061.0,USD
KO-US,2025-02-05,18.35,44798586,47061.0,USD
KO-US,2025-02-06,18.02,24673897,47061.0,USD
KO-US,2025-02-07,18.06,44081244,47061.0,USD
KO-US,2025-02-10,18.02,26439134,47061.0,USD
KO-US,2025-02-11,18.06,48126409,47061.0,USD
KO-US,2025-02-12,18.33,7184291,47061.0,USD
KO-US,2025-02-13,18.59,40571132,47061.0,USD
KO-US,2025-02-14,18.42,36172431,47061.0,USD
KO-US,2025-02-17,18.58,31234937,47061.0,USD
KO-US,2025-02-18,18.68,38127103,47061.0,USD
KO-US,2025-02-19,18.74,17102205,47061.0,USD
KO-US,2025-02-20,18.72,36028463,47061.0,USD
KO-US,2025-02-21,18.61,11036444,47061.0,USD
KO-US,2025-02-24,18.92,1732939,47061.0,USD
KO-US,2025-02-25,18.78,42458540,47061.0,USD
KO-US,2025-02-26,19.0,20788768,47061.0,USD
KO-US,2025-02-27,19.07,34138416,47061.0,USD
KO-US,2025-02-28,19.87,19013877,47061.0,USD
APLE-US,2024-12-09,199.73,2477422,1370.0,USD
APLE-US,2024-12-10,195.44,37741349,1370.0,USD
APLE-US,2024-12-11,197.49,23436880,1370.0,USD
APLE-US,2024-12-12,196.88,26863488,1370.0,USD
APLE-US,2024-12-13,196.24,26149485,1370.0,USD
APLE-US,2024-12-16,195.25,35444782,1370.0,USD
APLE-US,2024-12-17,199.22,42478245,1370.0,USD
APLE-US,2024-12-18,198.27,46571799,1370.0,USD
APLE-US,2024-12-19,198.64,10750822,1370.0,USD
APLE-US,2024-12-20,200.89,29119581,1370.0,USD
APLE-US,2024-12-23,207.44,22597924,1370.0,USD
APLE-US,2024-12-24,206.25,30643233,1370.0,USD
APLE-US,2024-12-25,204.28,9799713,1370.0,USD
APLE-US,2024-12-26,203.79,39492310,1370.0,USD
APLE-US,2024-12-27,198.55,9768381,1370.0,USD
APLE-US,2024-12-30,197.24,21236531,1370.0,USD
APLE-US,2024-12-31,194.92,9576641,1370.0,USD
APLE-US,2025-01-01,189.18,29361126,1370.0,USD
APLE-US,2025-01-02,196.97,10241012,1370.0,USD
APLE-US,2025-01-03,196.81,44538967,1370.0,USD
APLE-US,2025-01-06,202.89,21806810,1370.0,USD
APLE-US,2025-01-07,200.17,5050923,1370.0,USD
APLE-US,2025-01-08,193.39,8444836,1370.0,USD
APLE-US,2025-01-09,190.95,12857105,1370.0,USD
APLE-US,2025-01-10,188.58,49293481,1370.0,USD
APLE-US,2025-01-13,193.94,2478593,1370.0,USD
APLE-US,2025-01-14,194.58,28285764,1370.0,USD
APLE-US,2025-01-15,188.66,28098638,1370.0,USD
APLE-US,2025-01-16,187.17,43238105,1370.0,USD
APLE-US,2025-01-17,191.62,18874149,1370.0,USD
APLE-US,2025-01-20,192.74,9327894,1370.0,USD
APLE-US,2025-01-21,194.32,12898127,1370.0,USD
APLE-US,2025-01-22,202.78,41902579,1370.0,USD
APLE-US,2025-01-23,204.3,18408846,1370.0,USD
APLE-US,2025-01-24,201.04,40521088,1370.0,USD
APLE-US,2025-01-27,198.54,16081506,1370.0,USD
APLE-US,2025-01-28,198.68,5833505,1370.0,USD
APLE-US,2025-01-29,199.42,46680379,1370.0,USD
APLE-US,2025-01-30,199.78,41081519,1370.0,USD
APLE-US,2025-01-31,198.26,31958185,1370.0,USD
APLE-US,2025-02-03,197.64,26502019,1370.0,USD
APLE-US,2025-02-04,194.91,33480355,1370.0,USD
APLE-US,2025-02-05,193.24,15684928,1370.0,USD
APLE-US,2025-02-06,193.59,2662888,1370.0,USD
APLE-US,2025-02-07,187.22,18609910,1370.0,USD
APLE-US,2025-02-10,191.3,28218915,1370.0,USD
APLE-US,2025-02-11,192.09,14111930,1370.0,USD
APLE-US,2025-02-12,196.38,14227930,1370.0,USD
APLE-US,2025-02-13,202.61,29979930,1370.0,USD
APLE-US,2025-02-14,205.48,41910152,1370.0,USD
APLE-US,2025-02-17,202.81,31205320,1370.0,USD
APLE-US,2025-02-18,203.04,17061383,1370.0,USD
APLE-US,2025-02-19,198.37,41297488,1370.0,USD
APLE-US,2025-02-20,200.69,49847280,1370.0,USD
APLE-US,2025-02-21,202.92,26951006,1370.0,USD
APLE-US,2025-02-24,198.64,41537397,1370.0,USD
APLE-US,2025-02-25,202.3,36481047,1370.0,USD
APLE-US,2025-02-26,200.89,35747624,1370.0,USD
APLE-US,2025-02-27,197.98,3084494,1370.0,USD
APLE-US,2025-02-28,194.44,35440169,1370.0,USD
DAL-US,2024-12-09,43.01,3346483,61636.0,USD
DAL-US,2024-12-10,43.39,16990100,61636.0,USD
DAL-US,2024-12-11,42.75,49836429,61636.0,USD
DAL-US,2024-12-12,42.69,3134131,61636.0,USD
DAL-US,2024-12-13,41.98,42822107,61636.0,USD
DAL-US,2024-12-16,41.72,3808161,61636.0,USD
DAL-US,2024-12-17,41.98,20938282,61636.0,USD
DAL-US,2024-12-18,42.63,19687403,61636.0,USD
DAL-US,2024-12-19,41.99,41646744,61636.0,USD
DAL-US,2024-12-20,42.16,4160564,61636.0,USD
DAL-US,2024-12-23,41.67,31610256,61636.0,USD
DAL-US,2024-12-24,40.42,43859138,61636.0,USD
DAL-US,2024-12-25,39.51,8094816,61636.0,USD
DAL-US,2024-12-26,39.81,12564253,61636.0,USD
DAL-US,2024-12-27,40.07,47215429,61636.0,USD
DAL-US,2024-12-30,38.69,37168760,61636.0,USD
DAL-US,2024-12-31,39.1,30758437,61636.0,USD
DAL-US,2025-01-01,39.56,2171823,61636.0,USD
DAL-US,2025-01-02,39.92,48324084,61636.0,USD
DAL-US,2025-01-03,40.65,14051427,61636.0,USD
DAL-US,2025-01-06,40.86,22248290,61636.0,USD
DAL-US,2025-01-07,40.69,46920370,61636.0,USD
DAL-US,2025-01-08,40.13,11505452,61636.0,USD
DAL-US,2025-01-09,39.38,48709311,61636.0,USD
DAL-US,2025-01-10,39.37,47894072,61636.0,USD
DAL-US,2025-01-13,39.12,30658617,61636.0,USD
DAL-US,2025-01-14,38.97,47964698,61636.0,USD
DAL-US,2025-01-15,38.79,26275667,61636.0,USD
DAL-US,2025-01-16,38.58,41575492,61636.0,USD
DAL-US,2025-01-17,37.03,11230685,61636.0,USD
DAL-US,2025-01-20,36.65,11967896,61636.0,USD
DAL-US,2025-01-21,37.03,22994430,61636.0,USD
DAL-US,2025-01-22,36.3,10572351,61636.0,USD
DAL-US,2025-01-23,35.99,11379963,61636.0,USD
DAL-US,2025-01-24,36.23,48284698,61636.0,USD
DAL-US,2025-01-27,35.99,3943388,61636.0,USD
DAL-US,2025-01-28,35.59,30447883,61636.0,USD
DAL-US,2025-01-29,35.83,19879733,61636.0,USD
DAL-US,2025-01-30,35.65,9329582,61636.0,USD
DAL-US,2025-01-31,35.47,14113147,61636.0,USD
DAL-US,2025-02-03,36.39,1319249,61636.0,USD
DAL-US,2025-02-04,36.42,31278987,61636.0,USD
DAL-US,2025-02-05,35.79,885912,61636.0,USD
DAL-US,2025-02-06,35.81,41301110,61636.0,USD
DAL-US,2025-02-07,36.11,40017881,61636.0,USD
DAL-US,2025-02-10,35.85,44756324,61636.0,USD
DAL-US,2025-02-11,35.32,5828773,61636.0,USD
DAL-US,2025-02-12,35.41,40846960,61636.0,USD
DAL-US,2025-02-13,35.1,37231473,61636.0,USD
DAL-US,2025-02-14,34.88,19163843,61636.0,USD
DAL-US,2025-02-17,34.4,14434323,61636.0,USD
DAL-US,2025-02-18,33.96,3782885,61636.0,USD
DAL-US,2025-02-19,34.04,23922324,61636.0,USD
DAL-US,2025-02-20,34.21,2964308,61636.0,USD
DAL-US,2025-02-21,34.3,39295145,61636.0,USD
DAL-US,2025-02-24,34.41,40985802,61636.0,USD
DAL-US,2025-02-25,34.07,3790439,61636.0,USD
DAL-US,2025-02-26,35.18,7807326,61636.0,USD
DAL-US,2025-02-27,34.91,45603229,61636.0,USD
DAL-US,2025-02-28,35.08,19584455,61636.0,USD
DELT-TW,2024-12-09,212.49,24671850,405000.0,TWD
DELT-TW,2024-12-10,211.44,2905184,405000.0,TWD
DELT-TW,2024-12-11,213.74,25234275,405000.0,TWD
DELT-TW,2024-12-12,215.29,25930189,405000.0,TWD
DELT-TW,2024-12-13,217.69,37441489,405000.0,TWD
DELT-TW,2024-12-16,212.77,4857101,405000.0,TWD
DELT-TW,2024-12-17,212.38,47115121,405000.0,TWD
DELT-TW,2024-12-18,214.1,18915916,405000.0,TWD
DELT-TW,2024-12-19,212.58,14582484,405000.0,TWD
DELT-TW,2024-12-20,215.54,47196327,405000.0,TWD
DELT-TW,2024-12-23,215.89,38843795,405000.0,TWD
DELT-TW,2024-12-24,217.03,49471251,405000.0,TWD
DELT-TW,2024-12-25,221.06,6383416,405000.0,TWD
DELT-TW,2024-12-26,220.6,32958073,405000.0,TWD
DELT-TW,2024-12-27,219.94,47932923,405000.0,TWD
DELT-TW,2024-12-30,215.57,19772813,405000.0,TWD
DELT-TW,2024-12-31,210.0,17925490,405000.0,TWD
DELT-TW,2025-01-01,212.77,35758408,405000.0,TWD
DELT-TW,2025-01-02,208.86,9204901,405000.0,TWD
DELT-TW,2025-01-03,206.94,41724302,405000.0,TWD
DELT-TW,2025-01-06,203.53,42903246,405000.0,TWD
DELT-TW,2025-01-07,202.17,33902840,405000.0,TWD
DELT-TW,2025-01-08,200.32,41396528,405000.0,TWD
DELT-TW,2025-01-09,200.47,16117684,405000.0,TWD
DELT-TW,2025-01-10,198.38,606093,405000.0,TWD
DELT-TW,2025-01-13,190.43,8432746,405000.0,TWD
DELT-TW,2025-01-14,194.45,8413861,405000.0,TWD
DELT-TW,2025-01-15,195.12,49990664,405000.0,TWD
DELT-TW,2025-01-16,198.21,28325488,405000.0,TWD
DELT-TW,2025-01-17,193.92,28285830,405000.0,TWD
DELT-TW,2025-01-20,196.57,43282138,405000.0,TWD
DELT-TW,2025-01-21,197.4,14749757,405000.0,TWD
DELT-TW,2025-01-22,199.43,19399648,405000.0,TWD
DELT-TW,2025-01-23,199.64,17573670,405000.0,TWD
DELT-TW,2025-01-24,200.34,34503365,405000.0,TWD
DELT-TW,2025-01-27,197.9,37409445,405000.0,TWD
DELT-TW,2025-01-28,197.81,46525660,405000.0,TWD
DELT-TW,2025-01-29,198.17,22866236,405000.0,TWD
DELT-TW,2025-01-30,195.64,41838613,405000.0,TWD
DELT-TW,2025-01-31,199.65,2454034,405000.0,TWD
DELT-TW,2025-02-03,200.68,23178558,405000.0,TWD
DELT-TW,2025-02-04,199.02,45628896,405000.0,TWD
DELT-TW,2025-02-05,195.72,2886273,405000.0,TWD
DELT-TW,2025-02-06,196.22,43828987,405000.0,TWD
DELT-TW,2025-02-07,197.4,31411546,405000.0,TWD
DELT-TW,2025-02-10,198.76,36535281,405000.0,TWD
DELT-TW,2025-02-11,201.45,28279919,405000.0,TWD
DELT-TW,2025-02-12,199.47,4259591,405000.0,TWD
DELT-TW,2025-02-13,200.81,49151520,405000.0,TWD
DELT-TW,2025-02-14,198.69,46013072,405000.0,TWD
DELT-TW,2025-02-17,197.27,14476257,405000.0,TWD
DELT-TW,2025-02-18,200.69,39248499,405000.0,TWD
DELT-TW,2025-02-19,198.62,24229395,405000.0,TWD
DELT-TW,2025-02-20,193.77,4943481,405000.0,TWD
DELT-TW,2025-02-21,196.14,2591995,405000.0,TWD
DELT-TW,2025-02-24,195.75,23260133,405000.0,TWD
DELT-TW,2025-02-25,199.91,11638023,405000.0,TWD
DELT-TW,2025-02-26,199.53,38817929,405000.0,TWD
DELT-TW,2025-02-27,198.08,8341310,405000.0,TWD
DELT-TW,2025-02-28,196.96,21188415,405000.0,TWD
GS-US,2024-12-09,17.5,6324900,53960.0,USD
GS-US,2024-12-10,17.3,33856758,53960.0,USD
GS-US,2024-12-11,17.48,20809068,53960.0,USD
GS-US,2024-12-12,17.31,15004901,53960.0,USD
GS-US,2024-12-13,17.16,25613189,53960.0,USD
GS-US,2024-12-16,17.14,3009538,53960.0,USD
GS-US,2024-12-17,17.24,30281175,53960.0,USD
GS-US,2024-12-18,16.68,34456729,53960.0,USD
GS-US,2024-12-19,16.97,34058076,53960.0,USD
GS-US,2024-12-20,17.02,10839984,53960.0,USD
GS-US,2024-12-23,17.24,49653287,53960.0,USD
GS-US,2024-12-24,17.79,35640077,53960.0,USD
GS-US,2024-12-25,17.71,7093550,53960.0,USD
GS-US,2024-12-26,17.93,35138013,53960.0,USD
GS-US,2024-12-27,17.88,49125112,53960.0,USD
GS-US,2024-12-30,17.75,2952999,53960.0,USD
GS-US,2024-12-31,17.35,35553971,53960.0,USD
GS-US,2025-01-01,17.46,8273621,53960.0,USD
GS-US,2025-01-02,18.07,46607301,53960.0,USD
GS-US,2025-01-03,18.09,40381964,53960.0,USD
GS-US,2025-01-06,18.27,3596387,53960.0,USD
GS-US,2025-01-07,18.1,7419113,53960.0,USD
GS-US,2025-01-08,17.71,21470231,53960.0,USD
GS-US,2025-01-09,17.66,2008624,53960.0,USD
GS-US,2025-01-10,17.46,14582505,53960.0,USD
GS-US,2025-01-13,17.36,22033917,53960.0,USD
GS-US,2025-01-14,17.43,36220424,53960.0,USD
GS-US,2025-01-15,17.64,21917779,53960.0,USD
GS-US,2025-01-16,17.71,18797514,53960.0,USD
GS-US,2025-01-17,17.32,10520744,53960.0,USD
GS-US,2025-01-20,17.39,42305128,53960.0,USD
GS-US,2025-01-21,17.51,38055849,53960.0,USD
GS-US,2025-01-22,17.33,24009452,53960.0,USD
GS-US,2025-01-23,17.32,37367305,53960.0,USD
GS-US,2025-01-24,17.27,47768376,53960.0,USD
GS-US,2025-01-27,17.41,19509773,53960.0,USD
GS-US,2025-01-28,17.27,21396194,53960.0,USD
GS-US,2025-01-29,17.2,41655375,53960.0,USD
GS-US,2025-01-30,17.46,3904176,53960.0,USD
GS-US,2025-01-31,17.26,9229118,53960.0,USD
GS-US,2025-02-03,17.81,3886045,53960.0,USD
GS-US,2025-02-04,17.92,7608635,53960.0,USD
GS-US,2025-02-05,17.84,26801088,53960.0,USD
GS-US,2025-02-06,17.92,12511345,53960.0,USD
GS-US,2025-02-07,17.77,42743062,53960.0,USD
GS-US,2025-02-10,17.24,46813497,53960.0,USD
GS-US,2025-02-11,17.13,21467537,53960.0,USD
GS-US,2025-02-12,16.8,22802429,53960.0,USD
GS-US,2025-02-13,16.97,45521341,53960.0,USD
GS-US,2025-02-14,16.61,36301567,53960.0,USD
GS-US,2025-02-17,17.11,31752286,53960.0,USD
GS-US,2025-02-18,17.39,38603695,53960.0,USD
GS-US,2025-02-19,17.72,47382212,53960.0,USD
GS-US,2025-02-20,18.08,31925464,53960.0,USD
GS-US,2025-02-21,18.28,43746200,53960.0,USD
GS-US,2025-02-24,18.42,48161782,53960.0,USD
GS-US,2025-02-25,18.45,15518591,53960.0,USD
GS-US,2025-02-26,18.15,10144998,53960.0,USD
GS-US,2025-02-27,18.4,24890672,53960.0,USD
GS-US,2025-02-28,18.11,26811836,53960.0,USD
BRK.A-US,2024-12-09,184.49,22294347,371800.0,USD
BRK.A-US,2024-12-10,180.65,30919311,371800.0,USD
BRK.A-US,2024-12-11,179.71,8075722,371800.0,USD
BRK.A-US,2024-12-12,179.84,24084794,371800.0,USD
BRK.A-US,2024-12-13,174.73,19441971,371800.0,USD
BRK.A-US,2024-12-16,175.46,23895186,371800.0,USD
BRK.A-US,2024-12-17,174.42,7407663,371800.0,USD
BRK.A-US,2024-12-18,173.64,27725125,371800.0,USD
BRK.A-US,2024-12-19,175.61,22368747,371800.0,USD
BRK.A-US,2024-12-20,171.38,37822585,371800.0,USD
BRK.A-US,2024-12-23,168.74,36251949,371800.0,USD
BRK.A-US,2024-12-24,165.17,31435498,371800.0,USD
BRK.A-US,2024-12-25,163.14,42166205,371800.0,USD
BRK.A-US,2024-12-26,164.66,16853830,371800.0,USD
BRK.A-US,2024-12-27,158.34,26257486,371800.0,USD
BRK.A-US,2024-12-30,156.49,4933207,371800.0,USD
BRK.A-US,2024-12-31,154.21,40159338,371800.0,USD
BRK.A-US,2025-01-01,157.83,29433885,371800.0,USD
BRK.A-US,2025-01-02,158.42,23464709,371800.0,USD
BRK.A-US,2025-01-03,155.98,37042580,371800.0,USD
BRK.A-US,2025-01-06,155.53,45436444,371800.0,USD
BRK.A-US,2025-01-07,154.23,5727404,371800.0,USD
BRK.A-US,2025-01-08,154.03,33157207,371800.0,USD
BRK.A-US,2025-01-09,150.44,8172077,371800.0,USD
BRK.A-US,2025-01-10,148.38,37751305,371800.0,USD
BRK.A-US,2025-01-13,147.07,7053442,371800.0,USD
BRK.A-US,2025-01-14,147.71,27732354,371800.0,USD
BRK.A-US,2025-01-15,146.51,5171289,371800.0,USD
BRK.A-US,2025-01-16,143.83,40524089,371800.0,USD
BRK.A-US,2025-01-17,141.98,25928287,371800.0,USD
BRK.A-US,2025-01-20,140.59,4626002,371800.0,USD
BRK.A-US,2025-01-21,143.31,6575567,371800.0,USD
BRK.A-US,2025-01-22,143.59,39474673,371800.0,USD
BRK.A-US,2025-01-23,144.79,43190150,371800.0,USD
BRK.A-US,2025-01-24,146.17,44850999,371800.0,USD
BRK.A-US,2025-01-27,142.79,10513745,371800.0,USD
BRK.A-US,2025-01-28,141.13,41810348,371800.0,USD
BRK.A-US,2025-01-29,141.68,39284320,371800.0,USD
BRK.A-US,2025-01-30,140.36,21746513,371800.0,USD
BRK.A-US,2025-01-31,140.87,20614897,371800.0,USD
BRK.A-US,2025-02-03,136.69,20938013,371800.0,USD
BRK.A-US,2025-02-04,134.79,29674037,371800.0,USD
BRK.A-US,2025-02-05,133.93,6491976,371800.0,USD
BRK.A-US,2025-02-06,129.6,39606145,371800.0,USD
BRK.A-US,2025-02-07,135.33,27625229,371800.0,USD
BRK.A-US,2025-02-10,135.68,9060117,371800.0,USD
BRK.A-US,2025-02-11,136.15,37335057,371800.0,USD
BRK.A-US,2025-02-12,135.61,4065313,371800.0,USD
BRK.A-US,2025-02-13,138.26,24608499,371800.0,USD
BRK.A-US,2025-02-14,138.31,7861729,371800.0,USD
BRK.A-US,2025-02-17,141.03,16286767,371800.0,USD
BRK.A-US,2025-02-18,137.83,29471936,371800.0,USD
BRK.A-US,2025-02-19,137.25,21849162,371800.0,USD
BRK.A-US,2025-02-20,135.33,48266321,371800.0,USD
BRK.A-US,2025-02-21,133.89,37082302,371800.0,USD
BRK.A-US,2025-02-24,135.26,14674470,371800.0,USD
BRK.A-US,2025-02-25,134.09,13131689,371800.0,USD
BRK.A-US,2025-02-26,132.19,37773711,371800.0,USD
BRK.A-US,2025-02-27,128.85,28500200,371800.0,USD
BRK.A-US,2025-02-28,131.81,10852702,371800.0,USD
NKE-US,2024-12-09,18.35,9511207,51362.0,USD
NKE-US,2024-12-10,18.34,1278647,51362.0,USD
NKE-US,2024-12-11,18.39,48908256,51362.0,USD
NKE-US,2024-12-12,18.42,33161973,51362.0,USD
NKE-US,2024-12-13,18.02,9611756,51362.0,USD
NKE-US,2024-12-16,17.41,6181667,51362.0,USD
NKE-US,2024-12-17,17.72,31103564,51362.0,USD
NKE-US,2024-12-18,18.09,47166867,51362.0,USD
NKE-US,2024-12-19,17.87,12565997,51362.0,USD
NKE-US,2024-12-20,17.7,30993889,51362.0,USD
NKE-US,2024-12-23,17.37,30702060,51362.0,USD
NKE-US,2024-12-24,17.36,26317767,51362.0,USD
NKE-US,2024-12-25,17.26,41072224,51362.0,USD
NKE-US,2024-12-26,17.4,998618,51362.0,USD
NKE-US,2024-12-27,16.96,16388021,51362.0,USD
NKE-US,2024-12-30,16.73,48290235,51362.0,USD
NKE-US,2024-12-31,16.48,37152597,51362.0,USD
NKE-US,2025-01-01,16.48,39178351,51362.0,USD
NKE-US,2025-01-02,16.03,38627872,51362.0,USD
NKE-US,2025-01-03,16.52,32931575,51362.0,USD
NKE-US,2025-01-06,16.49,32815126,51362.0,USD
NKE-US,2025-01-07,16.38,46838487,51362.0,USD
NKE-US,2025-01-08,16.74,35826646,51362.0,USD
NKE-US,2025-01-09,16.94,19251583,51362.0,USD
NKE-US,2025-01-10,16.84,41441145,51362.0,USD
NKE-US,2025-01-13,16.87,6435534,51362.0,USD
NKE-US,2025-01-14,16.89,45042631,51362.0,USD
NKE-US,2025-01-15,17.25,45376847,51362.0,USD
NKE-US,2025-01-16,17.58,39398206,51362.0,USD
NKE-US,2025-01-17,17.76,21471501,51362.0,USD
NKE-US,2025-01-20,17.33,36405474,51362.0,USD
NKE-US,2025-01-21,16.96,1223661,51362.0,USD
NKE-US,2025-01-22,16.67,31989652,51362.0,USD
NKE-US,2025-01-23,16.73,39018159,51362.0,USD
NKE-US,2025-01-24,16.71,20271475,51362.0,USD
NKE-US,2025-01-27,16.46,19908450,51362.0,USD
NKE-US,2025-01-28,16.65,40606707,51362.0,USD
NKE-US,2025-01-29,16.99,20905848,51362.0,USD
NKE-US,2025-01-30,16.95,4621676,51362.0,USD
NKE-US,2025-01-31,16.63,42731611,51362.0,USD
NKE-US,2025-02-03,16.48,3964151,51362.0,USD
NKE-US,2025-02-04,16.51,44544881,51362.0,USD
NKE-US,2025-02-05,16.97,42397205,51362.0,USD
NKE-US,2025-02-06,16.95,2331943,51362.0,USD
NKE-US,2025-02-07,16.93,34429980,51362.0,USD
NKE-US,2025-02-10,17.03,5658138,51362.0,USD
NKE-US,2025-02-11,17.16,9394525,51362.0,USD
NKE-US,2025-02-12,17.0,41825488,51362.0,USD
NKE-US,2025-02-13,16.91,1453147,51362.0,USD
NKE-US,2025-02-14,17.4,7985953,51362.0,USD
NKE-US,2025-02-17,16.95,10642539,51362.0,USD
NKE-US,2025-02-18,16.62,44735186,51362.0,USD
NKE-US,2025-02-19,16.2,18032364,51362.0,USD
NKE-US,2025-02-20,16.35,47528205,51362.0,USD
NKE-US,2025-02-21,16.37,35892466,51362.0,USD
NKE-US,2025-02-24,16.53,2720667,51362.0,USD
NKE-US,2025-02-25,16.47,10235499,51362.0,USD
NKE-US,2025-02-26,16.56,40466287,51362.0,USD
NKE-US,2025-02-27,16.7,33782525,51362.0,USD
NKE-US,2025-02-28,16.65,28212462,51362.0,USD
FDX-US,2024-12-09,24.14,43286911,87693.0,USD
FDX-US,2024-12-10,24.54,11726189,87693.0,USD
FDX-US,2024-12-11,24.69,23657639,87693.0,USD
FDX-US,2024-12-12,25.28,4145741,87693.0,USD
FDX-US,2024-12-13,24.89,8284250,87693.0,USD
FDX-US,2024-12-16,24.41,4024772,87693.0,USD
FDX-US,2024-12-17,24.6,20724405,87693.0,USD
FDX-US,2024-12-18,24.93,32461686,87693.0,USD
FDX-US,2024-12-19,24.92,36236868,87693.0,USD
FDX-US,2024-12-20,24.31,16180745,87693.0,USD
FDX-US,2024-12-23,23.9,32349167,87693.0,USD
FDX-US,2024-12-24,24.29,18124475,87693.0,USD
FDX-US,2024-12-25,24.75,1296115,87693.0,USD
FDX-US,2024-12-26,25.35,19880517,87693.0,USD
FDX-US,2024-12-27,25.73,46032921,87693.0,USD
FDX-US,2024-12-30,25.55,21685504,87693.0,USD
FDX-US,2024-12-31,26.12,3252645,87693.0,USD
FDX-US,2025-01-01,25.99,7034008,87693.0,USD
FDX-US,2025-01-02,26.48,29476659,87693.0,USD
FDX-US,2025-01-03,26.21,41468992,87693.0,USD
FDX-US,2025-01-06,26.89,22979282,87693.0,USD
FDX-US,2025-01-07,26.51,18641278,87693.0,USD
FDX-US,2025-01-08,26.5,44412234,87693.0,USD
FDX-US,2025-01-09,26.68,39703443,87693.0,USD
FDX-US,2025-01-10,26.16,16726719,87693.0,USD
FDX-US,2025-01-13,26.59,49778941,87693.0,USD
FDX-US,2025-01-14,26.28,35393409,87693.0,USD
FDX-US,2025-01-15,25.69,23142973,87693.0,USD
FDX-US,2025-01-16,25.16,21523182,87693.0,USD
FDX-US,2025-01-17,24.1,37249656,87693.0,USD
FDX-US,2025-01-20,24.15,5060178,87693.0,USD
FDX-US,2025-01-21,24.16,1302716,87693.0,USD
FDX-US,2025-01-22,23.8,46503096,87693.0,USD
FDX-US,2025-01-23,24.03,30426674,87693.0,USD
FDX-US,2025-01-24,23.7,17404461,87693.0,USD
FDX-US,2025-01-27,24.16,13457348,87693.0,USD
FDX-US,2025-01-28,24.66,4317280,87693.0,USD
FDX-US,2025-01-29,24.78,40371965,87693.0,USD
FDX-US,2025-01-30,24.39,40724044,87693.0,USD
FDX-US,2025-01-31,23.82,43321017,87693.0,USD
FDX-US,2025-02-03,24.48,6297291,87693.0,USD
FDX-US,2025-02-04,25.13,41079776,87693.0,USD
FDX-US,2025-02-05,25.51,43980224,87693.0,USD
FDX-US,2025-02-06,25.93,38488234,87693.0,USD
FDX-US,2025-02-07,26.01,7938687,87693.0,USD
FDX-US,2025-02-10,25.79,47184525,87693.0,USD
FDX-US,2025-02-11,25.92,44823917,87693.0,USD
FDX-US,2025-02-12,26.23,5581092,87693.0,USD
FDX-US,2025-02-13,25.66,19047786,87693.0,USD
FDX-US,2025-02-14,25.01,29154370,87693.0,USD
FDX-US,2025-02-17,24.82,22203283,87693.0,USD
FDX-US,2025-02-18,24.31,17769566,87693.0,USD
FDX-US,2025-02-19,24.39,4686746,87693.0,USD
FDX-US,2025-02-20,24.52,26189206,87693.0,USD
FDX-US,2025-02-21,23.59,17830099,87693.0,USD
FDX-US,2025-02-24,24.36,18261357,87693.0,USD
FDX-US,2025-02-25,24.42,13966676,87693.0,USD
FDX-US,2025-02-26,24.56,41456666,87693.0,USD
FDX-US,2025-02-27,24.15,7776645,87693.0,USD
FDX-US,2025-02-28,24.48,10155126,87693.0,USD
COST-US,2024-12-09,51.67,43673693,254228.0,USD
COST-US,2024-12-10,51.14,7630297,254228.0,USD
COST-US,2024-12-11,52.2,7431481,254228.0,USD
COST-US,2024-12-12,51.56,2839475,254228.0,USD
COST-US,2024-12-13,52.48,17317236,254228.0,USD
COST-US,2024-12-16,52.95,30422638,254228.0,USD
COST-US,2024-12-17,53.89,44313050,254228.0,USD
COST-US,2024-12-18,54.02,43472172,254228.0,USD
COST-US,2024-12-19,54.26,26704925,254228.0,USD
COST-US,2024-12-20,54.28,18380249,254228.0,USD
COST-US,2024-12-23,54.72,26761736,254228.0,USD
COST-US,2024-12-24,55.33,39063454,254228.0,USD
COST-US,2024-12-25,56.65,33428940,254228.0,USD
COST-US,2024-12-26,56.7,32587393,254228.0,USD
COST-US,2024-12-27,55.21,5204310,254228.0,USD
COST-US,2024-12-30,55.85,36747424,254228.0,USD
COST-US,2024-12-31,55.99,46755543,254228.0,USD
COST-US,2025-01-01,56.82,32850924,254228.0,USD
COST-US,2025-01-02,57.6,24586601,254228.0,USD
COST-US,2025-01-03,58.36,22876760,254228.0,USD
COST-US,2025-01-06,58.01,42931090,254228.0,USD
COST-US,2025-01-07,57.23,43924428,254228.0,USD
COST-US,2025-01-08,58.14,23321227,254228.0,USD
COST-US,2025-01-09,58.74,5899363,254228.0,USD
COST-US,2025-01-10,59.56,19958796,254228.0,USD
COST-US,2025-01-13,58.31,43972623,254228.0,USD
COST-US,2025-01-14,58.65,26280787,254228.0,USD
COST-US,2025-01-15,59.74,44841114,254228.0,USD
COST-US,2025-01-16,60.26,7665080,254228.0,USD
COST-US,2025-01-17,61.57,42819994,254228.0,USD
COST-US,2025-01-20,61.19,42965903,254228.0,USD
COST-US,2025-01-21,60.23,29892591,254228.0,USD
COST-US,2025-01-22,60.2,13458233,254228.0,USD
COST-US,2025-01-23,59.73,2202189,254228.0,USD
COST-US,2025-01-24,59.52,33331840,254228.0,USD
COST-US,2025-01-27,58.36,26589747,254228.0,USD
COST-US,2025-01-28,59.38,21151469,254228.0,USD
COST-US,2025-01-29,59.83,34033235,254228.0,USD
COST-US,2025-01-30,58.19,30652500,254228.0,USD
COST-US,2025-01-31,57.85,1601812,254228.0,USD
COST-US,2025-02-03,58.16,48886295,254228.0,USD
COST-US,2025-02-04,58.24,3373234,254228.0,USD
COST-US,2025-02-05,57.76,44379126,254228.0,USD
COST-US,2025-02-06,58.11,45282846,254228.0,USD
COST-US,2025-02-07,56.08,36508025,254228.0,USD
COST-US,2025-02-10,55.81,10496108,254228.0,USD
COST-US,2025-02-11,55.79,5334084,254228.0,USD
COST-US,2025-02-12,55.2,2974818,254228.0,USD
COST-US,2025-02-13,55.13,1779296,254228.0,USD
COST-US,2025-02-14,54.19,32123014,254228.0,USD
COST-US,2025-02-17,55.15,16786150,254228.0,USD
COST-US,2025-02-18,54.54,47563232,254228.0,USD
COST-US,2025-02-19,54.47,42957191,254228.0,USD
COST-US,2025-02-20,54.37,3852624,254228.0,USD
COST-US,2025-02-21,55.64,7029171,254228.0,USD
COST-US,2025-02-24,54.78,31114029,254228.0,USD
COST-US,2025-02-25,53.6,4792122,254228.0,USD
COST-US,2025-02-26,52.64,7635766,254228.0,USD
COST-US,2025-02-27,53.45,41814131,254228.0,USD
COST-US,2025-02-28,54.18,15302371,254228.0,USD
ACN-US,2024-12-09,64.45,46026508,65112.0,USD
ACN-US,2024-12-10,63.51,27478341,65112.0,USD
ACN-US,2024-12-11,62.36,39152491,65112.0,USD
ACN-US,2024-12-12,64.65,37133708,65112.0,USD
ACN-US,2024-12-13,65.87,14809746,65112.0,USD
ACN-US,2024-12-16,67.32,3559261,65112.0,USD
ACN-US,2024-12-17,66.58,8603092,65112.0,USD
ACN-US,2024-12-18,66.1,18880672,65112.0,USD
ACN-US,2024-12-19,66.77,47227619,65112.0,USD
ACN-US,2024-12-20,67.59,25325403,65112.0,USD
ACN-US,2024-12-23,66.59,39556406,65112.0,USD
ACN-US,2024-12-24,66.25,3231256,65112.0,USD
ACN-US,2024-12-25,67.45,42925862,65112.0,USD
ACN-US,2024-12-26,68.8,41600253,65112.0,USD
ACN-US,2024-12-27,68.39,33179834,65112.0,USD
ACN-US,2024-12-30,68.83,5917202,65112.0,USD
ACN-US,2024-12-31,69.5,6482167,65112.0,USD
ACN-US,2025-01-01,69.55,47928602,65112.0,USD
ACN-US,2025-01-02,68.31,28432201,65112.0,USD
ACN-US,2025-01-03,66.58,47040233,65112.0,USD
ACN-US,2025-01-06,67.21,46963381,65112.0,USD
ACN-US,2025-01-07,65.61,9015606,65112.0,USD
ACN-US,2025-01-08,66.01,35603765,65112.0,USD
ACN-US,2025-01-09,67.39,30727116,65112.0,USD
ACN-US,2025-01-10,65.38,41472510,65112.0,USD
ACN-US,2025-01-13,66.62,46917427,65112.0,USD
ACN-US,2025-01-14,67.25,34046891,65112.0,USD
ACN-US,2025-01-15,67.42,41573967,65112.0,USD
ACN-US,2025-01-16,68.79,20713174,65112.0,USD
ACN-US,2025-01-17,68.37,23844057,65112.0,USD
ACN-US,2025-01-20,67.24,13378383,65112.0,USD
ACN-US,2025-01-21,67.89,8385816,65112.0,USD
ACN-US,2025-01-22,70.7,42035081,65112.0,USD
ACN-US,2025-01-23,70.47,24786785,65112.0,USD
ACN-US,2025-01-24,72.52,34560483,65112.0,USD
ACN-US,2025-01-27,70.11,15215372,65112.0,USD
ACN-US,2025-01-28,68.69,14465938,65112.0,USD
ACN-US,2025-01-29,69.03,19050674,65112.0,USD
ACN-US,2025-01-30,69.53,10513811,65112.0,USD
ACN-US,2025-01-31,69.72,46485929,65112.0,USD
ACN-US,2025-02-03,71.02,33887655,65112.0,USD
ACN-US,2025-02-04,69.09,12332891,65112.0,USD
ACN-US,2025-02-05,70.37,4125731,65112.0,USD
ACN-US,2025-02-06,72.41,43775878,65112.0,USD
ACN-US,2025-02-07,71.94,17369945,65112.0,USD
ACN-US,2025-02-10,72.52,22934132,65112.0,USD
ACN-US,2025-02-11,70.84,30910222,65112.0,USD
ACN-US,2025-02-12,69.37,3406987,65112.0,USD
ACN-US,2025-02-13,69.66,36561662,65112.0,USD
ACN-US,2025-02-14,69.89,12303617,65112.0,USD
ACN-US,2025-02-17,70.05,35054603,65112.0,USD
ACN-US,2025-02-18,70.29,8288996,65112.0,USD
ACN-US,2025-02-19,71.0,30351424,65112.0,USD
ACN-US,2025-02-20,71.36,40275870,65112.0,USD
ACN-US,2025-02-21,70.4,45922805,65112.0,USD
ACN-US,2025-02-24,69.9,22356347,65112.0,USD
ACN-US,2025-02-25,69.98,15786195,65112.0,USD
ACN-US,2025-02-26,70.51,7080972,65112.0,USD
ACN-US,2025-02-27,70.61,13918808,65112.0,USD
ACN-US,2025-02-28,71.73,25701551,65112.0,USD
FIS-US,2024-12-09,40.43,29750409,9810.0,USD
FIS-US,2024-12-10,40.34,10226844,9810.0,USD
FIS-US,2024-12-11,40.52,12449455,9810.0,USD
FIS-US,2024-12-12,41.35,26493296,9810.0,USD
FIS-US,2024-12-13,40.88,13529516,9810.0,USD
FIS-US,2024-12-16,41.38,42914219,9810.0,USD
FIS-US,2024-12-17,41.08,23041286,9810.0,USD
FIS-US,2024-12-18,41.47,9037037,9810.0,USD
FIS-US,2024-12-19,42.27,19331026,9810.0,USD
FIS-US,2024-12-20,42.45,9660460,9810.0,USD
FIS-US,2024-12-23,43.01,28566526,9810.0,USD
FIS-US,2024-12-24,43.49,11989125,9810.0,USD
FIS-US,2024-12-25,43.53,20307953,9810.0,USD
FIS-US,2024-12-26,43.08,41009325,9810.0,USD
FIS-US,2024-12-27,43.73,41538955,9810.0,USD
FIS-US,2024-12-30,44.72,11904177,9810.0,USD
FIS-US,2024-12-31,43.98,15915060,9810.0,USD
FIS-US,2025-01-01,43.6,6303194,9810.0,USD
FIS-US,2025-01-02,42.94,15025217,9810.0,USD
FIS-US,2025-01-03,43.36,40200320,9810.0,USD
FIS-US,2025-01-06,42.66,1473337,9810.0,USD
FIS-US,2025-01-07,42.79,49490662,9810.0,USD
FIS-US,2025-01-08,41.63,17131686,9810.0,USD
FIS-US,2025-01-09,42.2,22464459,9810.0,USD
FIS-US,2025-01-10,41.8,40213121,9810.0,USD
FIS-US,2025-01-13,41.99,10497187,9810.0,USD
FIS-US,2025-01-14,43.16,28536194,9810.0,USD
FIS-US,2025-01-15,42.46,3467835,9810.0,USD
FIS-US,2025-01-16,43.17,34337385,9810.0,USD
FIS-US,2025-01-17,43.36,2756237,9810.0,USD
FIS-US,2025-01-20,42.79,47251625,9810.0,USD
FIS-US,2025-01-21,43.09,7076615,9810.0,USD
FIS-US,2025-01-22,42.65,37979425,9810.0,USD
FIS-US,2025-01-23,42.8,1333692,9810.0,USD
FIS-US,2025-01-24,42.58,15130167,9810.0,USD
FIS-US,2025-01-27,41.99,9406151,9810.0,USD
FIS-US,2025-01-28,41.71,6588754,9810.0,USD
FIS-US,2025-01-29,42.08,1569055,9810.0,USD
FIS-US,2025-01-30,41.56,47697965,9810.0,USD
FIS-US,2025-01-31,41.64,31321949,9810.0,USD
FIS-US,2025-02-03,42.3,2138360,9810.0,USD
FIS-US,2025-02-04,41.49,31023849,9810.0,USD
FIS-US,2025-02-05,41.17,47686583,9810.0,USD
FIS-US,2025-02-06,41.26,27703274,9810.0,USD
FIS-US,2025-02-07,41.77,42564571,9810.0,USD
FIS-US,2025-02-10,42.95,31658362,9810.0,USD
FIS-US,2025-02-11,42.95,42597727,9810.0,USD
FIS-US,2025-02-12,42.93,5244502,9810.0,USD
FIS-US,2025-02-13,42.21,36129460,9810.0,USD
FIS-US,2025-02-14,42.86,2695411,9810.0,USD
FIS-US,2025-02-17,42.56,47345676,9810.0,USD
FIS-US,2025-02-18,43.6,41604262,9810.0,USD
FIS-US,2025-02-19,42.49,46447102,9810.0,USD
FIS-US,2025-02-20,42.2,5933069,9810.0,USD
FIS-US,2025-02-21,41.8,4178349,9810.0,USD
FIS-US,2025-02-24,41.42,35043380,9810.0,USD
FIS-US,2025-02-25,42.31,3960306,9810.0,USD
FIS-US,2025-02-26,42.0,7946838,9810.0,USD
FIS-US,2025-02-27,41.49,3243030,9810.0,USD
FIS-US,2025-02-28,41.97,25033064,9810.0,USD
7203-JP,2024-12-09,12996.51,4996690,4.50957E7,JPY
7203-JP,2024-12-10,13222.8,38131846,4.50957E7,JPY
7203-JP,2024-12-11,13192.84,22976750,4.50957E7,JPY
7203-JP,2024-12-12,13067.21,16514369,4.50957E7,JPY
7203-JP,2024-12-13,12796.23,49984738,4.50957E7,JPY
7203-JP,2024-12-16,12731.61,39431152,4.50957E7,JPY
7203-JP,2024-12-17,12940.63,15628836,4.50957E7,JPY
7203-JP,2024-12-18,12725.55,22005962,4.50957E7,JPY
7203-JP,2024-12-19,12638.81,46149243,4.50957E7,JPY
7203-JP,2024-12-20,12762.06,28882293,4.50957E7,JPY
7203-JP,2024-12-23,12754.13,23667763,4.50957E7,JPY
7203-JP,2024-12-24,12826.18,30860764,4.50957E7,JPY
7203-JP,2024-12-25,12595.59,8734890,4.50957E7,JPY
7203-JP,2024-12-26,12619.35,32052161,4.50957E7,JPY
7203-JP,2024-12-27,12551.93,36259324,4.50957E7,JPY
7203-JP,2024-12-30,12281.12,20113528,4.50957E7,JPY
7203-JP,2024-12-31,12116.25,45684832,4.50957E7,JPY
7203-JP,2025-01-01,12171.64,47021413,4.50957E7,JPY
7203-JP,2025-01-02,12332.08,4904193,4.50957E7,JPY
7203-JP,2025-01-03,11925.52,13140194,4.50957E7,JPY
7203-JP,2025-01-06,12083.12,5880144,4.50957E7,JPY
7203-JP,2025-01-07,11960.76,26718258,4.50957E7,JPY
7203-JP,2025-01-08,12082.94,5663846,4.50957E7,JPY
7203-JP,2025-01-09,11997.13,7839355,4.50957E7,JPY
7203-JP,2025-01-10,12045.5,10429027,4.50957E7,JPY
7203-JP,2025-01-13,12124.86,33808057,4.50957E7,JPY
7203-JP,2025-01-14,12200.45,42595793,4.50957E7,JPY
7203-JP,2025-01-15,12304.42,2022718,4.50957E7,JPY
7203-JP,2025-01-16,12177.42,36835084,4.50957E7,JPY
7203-JP,2025-01-17,12646.18,9360206,4.50957E7,JPY
7203-JP,2025-01-20,12454.59,43764040,4.50957E7,JPY
7203-JP,2025-01-21,12490.16,1941652,4.50957E7,JPY
7203-JP,2025-01-22,12476.48,16091272,4.50957E7,JPY
7203-JP,2025-01-23,12545.43,35371140,4.50957E7,JPY
7203-JP,2025-01-24,12430.07,23504413,4.50957E7,JPY
7203-JP,2025-01-27,12282.29,44507342,4.50957E7,JPY
7203-JP,2025-01-28,12186.47,40319531,4.50957E7,JPY
7203-JP,2025-01-29,12061.1,45184795,4.50957E7,JPY
7203-JP,2025-01-30,11950.85,30380644,4.50957E7,JPY
7203-JP,2025-01-31,11629.13,31236335,4.50957E7,JPY
7203-JP,2025-02-03,11601.69,21068531,4.50957E7,JPY
7203-JP,2025-02-04,11692.46,12025083,4.50957E7,JPY
7203-JP,2025-02-05,11726.68,25457941,4.50957E7,JPY
7203-JP,2025-02-06,11607.87,19837170,4.50957E7,JPY
7203-JP,2025-02-07,11618.06,24197542,4.50957E7,JPY
7203-JP,2025-02-10,11567.7,19584555,4.50957E7,JPY
7203-JP,2025-02-11,11470.48,11290426,4.50957E7,JPY
7203-JP,2025-02-12,11502.3,48268906,4.50957E7,JPY
7203-JP,2025-02-13,11398.98,12268166,4.50957E7,JPY
7203-JP,2025-02-14,11378.52,48020535,4.50957E7,JPY
7203-JP,2025-02-17,11293.08,10800190,4.50957E7,JPY
7203-JP,2025-02-18,11061.48,11321620,4.50957E7,JPY
7203-JP,2025-02-19,11068.45,21748400,4.50957E7,JPY
7203-JP,2025-02-20,11119.77,39055731,4.50957E7,JPY
7203-JP,2025-02-21,11213.86,12881356,4.50957E7,JPY
7203-JP,2025-02-24,11310.46,14267743,4.50957E7,JPY
7203-JP,2025-02-25,11272.2,21769735,4.50957E7,JPY
7203-JP,2025-02-26,11258.39,23575182,4.50957E7,JPY
7203-JP,2025-02-27,11371.97,11411740,4.50957E7,JPY
7203-JP,2025-02-28,11524.5,36312172,4.50957E7,JPY
SAP-DE,2024-12-09,11.54,34015301,34176.0,EUR
SAP-DE,2024-12-10,11.57,10256547,34176.0,EUR
SAP-DE,2024-12-11,11.95,10972557,34176.0,EUR
SAP-DE,2024-12-12,11.82,788185,34176.0,EUR
SAP-DE,2024-12-13,12.04,34551643,34176.0,EUR
SAP-DE,2024-12-16,12.0,22731867,34176.0,EUR
SAP-DE,2024-12-17,11.92,19949972,34176.0,EUR
SAP-DE,2024-12-18,11.8,39002206,34176.0,EUR
SAP-DE,2024-12-19,11.65,49391745,34176.0,EUR
SAP-DE,2024-12-20,11.38,30169200,34176.0,EUR
SAP-DE,2024-12-23,11.34,32643886,34176.0,EUR
SAP-DE,2024-12-24,11.41,3189784,34176.0,EUR
SAP-DE,2024-12-25,11.55,21175046,34176.0,EUR
SAP-DE,2024-12-26,11.73,2164004,34176.0,EUR
SAP-DE,2024-12-27,11.45,30428720,34176.0,EUR
SAP-DE,2024-12-30,11.65,24484275,34176.0,EUR
SAP-DE,2024-12-31,11.7,43537763,34176.0,EUR
SAP-DE,2025-01-01,11.74,13596277,34176.0,EUR
SAP-DE,2025-01-02,11.63,19151376,34176.0,EUR
SAP-DE,2025-01-03,11.57,13634256,34176.0,EUR
SAP-DE,2025-01-06,11.79,30394185,34176.0,EUR
SAP-DE,2025-01-07,11.83,45936954,34176.0,EUR
SAP-DE,2025-01-08,11.79,34845479,34176.0,EUR
SAP-DE,2025-01-09,11.73,26969320,34176.0,EUR
SAP-DE,2025-01-10,11.79,41106085,34176.0,EUR
SAP-DE,2025-01-13,11.94,34829931,34176.0,EUR
SAP-DE,2025-01-14,12.31,24730653,34176.0,EUR
SAP-DE,2025-01-15,12.17,27179665,34176.0,EUR
SAP-DE,2025-01-16,12.39,25305447,34176.0,EUR
SAP-DE,2025-01-17,12.68,26411579,34176.0,EUR
SAP-DE,2025-01-20,12.58,24079037,34176.0,EUR
SAP-DE,2025-01-21,12.69,21175257,34176.0,EUR
SAP-DE,2025-01-22,13.08,6378644,34176.0,EUR
SAP-DE,2025-01-23,13.03,14975056,34176.0,EUR
SAP-DE,2025-01-24,13.0,28391099,34176.0,EUR
SAP-DE,2025-01-27,12.8,30195965,34176.0,EUR
SAP-DE,2025-01-28,12.72,28942897,34176.0,EUR
SAP-DE,2025-01-29,13.06,49395888,34176.0,EUR
SAP-DE,2025-01-30,13.15,39904987,34176.0,EUR
SAP-DE,2025-01-31,13.08,40626786,34176.0,EUR
SAP-DE,2025-02-03,13.2,32350747,34176.0,EUR
SAP-DE,2025-02-04,13.28,35752356,34176.0,EUR
SAP-DE,2025-02-05,13.35,40139789,34176.0,EUR
SAP-DE,2025-02-06,13.35,25717659,34176.0,EUR
SAP-DE,2025-02-07,13.53,18842789,34176.0,EUR
SAP-DE,2025-02-10,13.64,28317564,34176.0,EUR
SAP-DE,2025-02-11,13.75,38612219,34176.0,EUR
SAP-DE,2025-02-12,13.96,9689018,34176.0,EUR
SAP-DE,2025-02-13,14.09,19925544,34176.0,EUR
SAP-DE,2025-02-14,14.47,37669380,34176.0,EUR
SAP-DE,2025-02-17,14.07,20766400,34176.0,EUR
SAP-DE,2025-02-18,14.1,39772661,34176.0,EUR
SAP-DE,2025-02-19,14.01,31601726,34176.0,EUR
SAP-DE,2025-02-20,14.27,15567297,34176.0,EUR
SAP-DE,2025-02-21,14.29,18127956,34176.0,EUR
SAP-DE,2025-02-24,14.3,20644027,34176.0,EUR
SAP-DE,2025-02-25,14.69,32211701,34176.0,EUR
SAP-DE,2025-02-26,14.58,8833372,34176.0,EUR
SAP-DE,2025-02-27,14.33,28494917,34176.0,EUR
SAP-DE,2025-02-28,13.96,12537471,34176.0,EUR
HSBA-GB,2024-12-09,14.85,2408749,66050.0,GBP
HSBA-GB,2024-12-10,14.68,8509755,66050.0,GBP
HSBA-GB,2024-12-11,14.71,4977827,66050.0,GBP
HSBA-GB,2024-12-12,14.45,40690916,66050.0,GBP
HSBA-GB,2024-12-13,14.45,38455068,66050.0,GBP
HSBA-GB,2024-12-16,14.17,29764062,66050.0,GBP
HSBA-GB,2024-12-17,14.38,32446551,66050.0,GBP
HSBA-GB,2024-12-18,14.16,47089999,66050.0,GBP
HSBA-GB,2024-12-19,14.25,49687929,66050.0,GBP
HSBA-GB,2024-12-20,14.06,39105292,66050.0,GBP
HSBA-GB,2024-12-23,14.23,39534172,66050.0,GBP
HSBA-GB,2024-12-24,14.25,4426566,66050.0,GBP
HSBA-GB,2024-12-25,14.4,47025437,66050.0,GBP
HSBA-GB,2024-12-26,14.6,9593076,66050.0,GBP
HSBA-GB,2024-12-27,14.56,24737268,66050.0,GBP
HSBA-GB,2024-12-30,14.62,28653108,66050.0,GBP
HSBA-GB,2024-12-31,14.26,3769201,66050.0,GBP
HSBA-GB,2025-01-01,13.86,19951920,66050.0,GBP
HSBA-GB,2025-01-02,13.79,5655751,66050.0,GBP
HSBA-GB,2025-01-03,14.08,34984996,66050.0,GBP
HSBA-GB,2025-01-06,14.19,6842368,66050.0,GBP
HSBA-GB,2025-01-07,14.47,40682270,66050.0,GBP
HSBA-GB,2025-01-08,14.48,21720522,66050.0,GBP
HSBA-GB,2025-01-09,14.21,46467367,66050.0,GBP
HSBA-GB,2025-01-10,14.27,47339806,66050.0,GBP
HSBA-GB,2025-01-13,14.11,46694161,66050.0,GBP
HSBA-GB,2025-01-14,13.95,24097447,66050.0,GBP
HSBA-GB,2025-01-15,14.15,10144719,66050.0,GBP
HSBA-GB,2025-01-16,14.41,25532558,66050.0,GBP
HSBA-GB,2025-01-17,14.43,33041022,66050.0,GBP
HSBA-GB,2025-01-20,14.02,11440700,66050.0,GBP
HSBA-GB,2025-01-21,14.28,7373146,66050.0,GBP
HSBA-GB,2025-01-22,14.33,13144436,66050.0,GBP
HSBA-GB,2025-01-23,14.58,37990716,66050.0,GBP
HSBA-GB,2025-01-24,14.28,35775963,66050.0,GBP
HSBA-GB,2025-01-27,14.02,36208334,66050.0,GBP
HSBA-GB,2025-01-28,13.94,8148178,66050.0,GBP
HSBA-GB,2025-01-29,13.63,28507633,66050.0,GBP
HSBA-GB,2025-01-30,13.56,9306840,66050.0,GBP
HSBA-GB,2025-01-31,13.58,1666311,66050.0,GBP
HSBA-GB,2025-02-03,13.41,24831564,66050.0,GBP
HSBA-GB,2025-02-04,13.44,9829070,66050.0,GBP
HSBA-GB,2025-02-05,13.61,40607521,66050.0,GBP
HSBA-GB,2025-02-06,13.23,35606063,66050.0,GBP
HSBA-GB,2025-02-07,13.25,48140239,66050.0,GBP
HSBA-GB,2025-02-10,13.07,20947014,66050.0,GBP
HSBA-GB,2025-02-11,13.43,15422182,66050.0,GBP
HSBA-GB,2025-02-12,13.5,9137882,66050.0,GBP
HSBA-GB,2025-02-13,13.57,15705152,66050.0,GBP
HSBA-GB,2025-02-14,13.49,21131165,66050.0,GBP
HSBA-GB,2025-02-17,13.57,5775089,66050.0,GBP
HSBA-GB,2025-02-18,13.65,29008185,66050.0,GBP
HSBA-GB,2025-02-19,13.52,5716727,66050.0,GBP
HSBA-GB,2025-02-20,13.19,1762076,66050.0,GBP
HSBA-GB,2025-02-21,13.25,3353263,66050.0,GBP
HSBA-GB,2025-02-24,12.92,13676892,66050.0,GBP
HSBA-GB,2025-02-25,13.19,34959005,66050.0,GBP
HSBA-GB,2025-02-26,13.42,40307379,66050.0,GBP
HSBA-GB,2025-02-27,13.52,17479379,66050.0,GBP
HSBA-GB,2025-02-28,13.56,3404572,66050.0,GBP
NESN-CH,2024-12-09,87.64,6976246,91352.0,CHF
NESN-CH,2024-12-10,87.84,8807644,91352.0,CHF
NESN-CH,2024-12-11,88.65,13923412,91352.0,CHF
NESN-CH,2024-12-12,88.24,12900498,91352.0,CHF
NESN-CH,2024-12-13,88.12,10268163,91352.0,CHF
NESN-CH,2024-12-16,87.86,19114365,91352.0,CHF
NESN-CH,2024-12-17,89.04,11274820,91352.0,CHF
NESN-CH,2024-12-18,88.68,34097006,91352.0,CHF
NESN-CH,2024-12-19,89.06,34383884,91352.0,CHF
NESN-CH,2024-12-20,87.28,38767847,91352.0,CHF
NESN-CH,2024-12-23,89.51,1438471,91352.0,CHF
NESN-CH,2024-12-24,90.57,35989767,91352.0,CHF
NESN-CH,2024-12-25,90.78,19415089,91352.0,CHF
NESN-CH,2024-12-26,91.67,12027521,91352.0,CHF
NESN-CH,2024-12-27,93.09,49177371,91352.0,CHF
NESN-CH,2024-12-30,92.12,7122686,91352.0,CHF
NESN-CH,2024-12-31,94.91,47996707,91352.0,CHF
NESN-CH,2025-01-01,93.47,32357618,91352.0,CHF
NESN-CH,2025-01-02,92.25,30005474,91352.0,CHF
NESN-CH,2025-01-03,93.65,45699544,91352.0,CHF
NESN-CH,2025-01-06,94.53,24311724,91352.0,CHF
NESN-CH,2025-01-07,94.32,25975535,91352.0,CHF
NESN-CH,2025-01-08,92.84,27852094,91352.0,CHF
NESN-CH,2025-01-09,93.64,8072931,91352.0,CHF
NESN-CH,2025-01-10,93.75,31766133,91352.0,CHF
NESN-CH,2025-01-13,92.56,7903192,91352.0,CHF
NESN-CH,2025-01-14,90.98,24743107,91352.0,CHF
NESN-CH,2025-01-15,90.81,47793691,91352.0,CHF
NESN-CH,2025-01-16,90.32,6019566,91352.0,CHF
NESN-CH,2025-01-17,92.45,22519452,91352.0,CHF
NESN-CH,2025-01-20,91.11,31165111,91352.0,CHF
NESN-CH,2025-01-21,91.19,40791457,91352.0,CHF
NESN-CH,2025-01-22,91.04,30293374,91352.0,CHF
NESN-CH,2025-01-23,88.99,15658109,91352.0,CHF
NESN-CH,2025-01-24,87.98,29220021,91352.0,CHF
NESN-CH,2025-01-27,87.64,13169145,91352.0,CHF
NESN-CH,2025-01-28,89.4,32422129,91352.0,CHF
NESN-CH,2025-01-29,87.2,46075717,91352.0,CHF
NESN-CH,2025-01-30,87.08,45742038,91352.0,CHF
NESN-CH,2025-01-31,87.26,33493963,91352.0,CHF
NESN-CH,2025-02-03,86.67,35575278,91352.0,CHF
NESN-CH,2025-02-04,85.54,44694425,91352.0,CHF
NESN-CH,2025-02-05,85.28,26995348,91352.0,CHF
NESN-CH,2025-02-06,84.73,27385440,91352.0,CHF
NESN-CH,2025-02-07,83.57,11822823,91352.0,CHF
NESN-CH,2025-02-10,80.34,4842642,91352.0,CHF
NESN-CH,2025-02-11,79.84,13939455,91352.0,CHF
NESN-CH,2025-02-12,80.47,40427145,91352.0,CHF
NESN-CH,2025-02-13,81.18,16127616,91352.0,CHF
NESN-CH,2025-02-14,80.17,29001416,91352.0,CHF
NESN-CH,2025-02-17,80.05,48381758,91352.0,CHF
NESN-CH,2025-02-18,79.11,39551897,91352.0,CHF
NESN-CH,2025-02-19,77.48,43706778,91352.0,CHF
NESN-CH,2025-02-20,76.42,27359351,91352.0,CHF
NESN-CH,2025-02-21,75.39,27641750,91352.0,CHF
NESN-CH,2025-02-24,76.73,33016449,91352.0,CHF
NESN-CH,2025-02-25,76.1,31010021,91352.0,CHF
NESN-CH,2025-02-26,76.08,7750218,91352.0,CHF
NESN-CH,2025-02-27,77.05,15990188,91352.0,CHF
NESN-CH,2025-02-28,78.01,42669265,91352.0,CHF
005930-KR,2024-12-09,165578.88,5078748,2.58935E8,KRW
005930-KR,2024-12-10,166383.12,33929267,2.58935E8,KRW
005930-KR,2024-12-11,163518.72,26178064,2.58935E8,KRW
005930-KR,2024-12-12,157664.39,41072940,2.58935E8,KRW
005930-KR,2024-12-13,157125.79,42239482,2.58935E8,KRW
005930-KR,2024-12-16,155948.0,42324433,2.58935E8,KRW
005930-KR,2024-12-17,156762.33,35393180,2.58935E8,KRW
005930-KR,2024-12-18,157343.21,33530144,2.58935E8,KRW
005930-KR,2024-12-19,157810.93,44932324,2.58935E8,KRW
005930-KR,2024-12-20,156325.32,33913439,2.58935E8,KRW
005930-KR,2024-12-23,154549.17,23559655,2.58935E8,KRW
005930-KR,2024-12-24,154706.08,36774286,2.58935E8,KRW
005930-KR,2024-12-25,149266.34,2620540,2.58935E8,KRW
005930-KR,2024-12-26,147714.68,29384084,2.58935E8,KRW
005930-KR,2024-12-27,148573.15,30706741,2.58935E8,KRW
005930-KR,2024-12-30,147849.96,21609710,2.58935E8,KRW
005930-KR,2024-12-31,149338.39,2914652,2.58935E8,KRW
005930-KR,2025-01-01,147449.98,2705183,2.58935E8,KRW
005930-KR,2025-01-02,148933.89,20836976,2.58935E8,KRW
005930-KR,2025-01-03,151917.34,47882831,2.58935E8,KRW
005930-KR,2025-01-06,153205.33,21468813,2.58935E8,KRW
005930-KR,2025-01-07,155344.14,48531370,2.58935E8,KRW
005930-KR,2025-01-08,152354.25,38675227,2.58935E8,KRW
005930-KR,2025-01-09,154892.74,45800132,2.58935E8,KRW
005930-KR,2025-01-10,151992.78,36698010,2.58935E8,KRW
005930-KR,2025-01-13,152210.18,38900378,2.58935E8,KRW
005930-KR,2025-01-14,149373.7,10989850,2.58935E8,KRW
005930-KR,2025-01-15,149961.41,34503058,2.58935E8,KRW
005930-KR,2025-01-16,151658.51,40164366,2.58935E8,KRW
005930-KR,2025-01-17,152314.29,25853574,2.58935E8,KRW
005930-KR,2025-01-20,150778.68,19588280,2.58935E8,KRW
005930-KR,2025-01-21,149409.58,22007235,2.58935E8,KRW
005930-KR,2025-01-22,152228.78,9103226,2.58935E8,KRW
005930-KR,2025-01-23,153422.98,25089365,2.58935E8,KRW
005930-KR,2025-01-24,151263.86,2305217,2.58935E8,KRW
005930-KR,2025-01-27,154346.5,42453307,2.58935E8,KRW
005930-KR,2025-01-28,153824.38,23662156,2.58935E8,KRW
005930-KR,2025-01-29,154747.81,24482431,2.58935E8,KRW
005930-KR,2025-01-30,154121.03,16889923,2.58935E8,KRW
005930-KR,2025-01-31,154581.45,17117089,2.58935E8,KRW
005930-KR,2025-02-03,154821.32,6200343,2.58935E8,KRW
005930-KR,2025-02-04,156867.19,46670312,2.58935E8,KRW
005930-KR,2025-02-05,158753.56,23155567,2.58935E8,KRW
005930-KR,2025-02-06,159613.65,11893692,2.58935E8,KRW
005930-KR,2025-02-07,161772.44,31431105,2.58935E8,KRW
005930-KR,2025-02-10,162087.32,44642048,2.58935E8,KRW
005930-KR,2025-02-11,164194.94,28764416,2.58935E8,KRW
005930-KR,2025-02-12,161828.89,18392490,2.58935E8,KRW
005930-KR,2025-02-13,164589.11,1992262,2.58935E8,KRW
005930-KR,2025-02-14,164993.97,21740917,2.58935E8,KRW
005930-KR,2025-02-17,163272.9,38922418,2.58935E8,KRW
005930-KR,2025-02-18,165014.72,7058258,2.58935E8,KRW
005930-KR,2025-02-19,165471.49,45805952,2.58935E8,KRW
005930-KR,2025-02-20,164457.1,14318273,2.58935E8,KRW
005930-KR,2025-02-21,163006.78,45287620,2.58935E8,KRW
005930-KR,2025-02-24,165534.58,23286105,2.58935E8,KRW
005930-KR,2025-02-25,166632.26,29758869,2.58935E8,KRW
005930-KR,2025-02-26,168508.47,14039792,2.58935E8,KRW
005930-KR,2025-02-27,163659.32,5554718,2.58935E8,KRW
005930-KR,2025-02-28,163799.57,36459212,2.58935E8,KRW
AZN-GB,2024-12-09,22.08,38988322,49776.0,GBP
AZN-GB,2024-12-10,22.18,27479598,49776.0,GBP
AZN-GB,2024-12-11,22.35,6671185,49776.0,GBP
AZN-GB,2024-12-12,21.91,48664490,49776.0,GBP
AZN-GB,2024-12-13,22.0,23104819,49776.0,GBP
AZN-GB,2024-12-16,21.88,18845210,49776.0,GBP
AZN-GB,2024-12-17,22.43,32394720,49776.0,GBP
AZN-GB,2024-12-18,22.68,29162591,49776.0,GBP
AZN-GB,2024-12-19,22.84,44223895,49776.0,GBP
AZN-GB,2024-12-20,23.44,20756610,49776.0,GBP
AZN-GB,2024-12-23,23.15,45023825,49776.0,GBP
AZN-GB,2024-12-24,23.15,36735268,49776.0,GBP
AZN-GB,2024-12-25,23.02,17362094,49776.0,GBP
AZN-GB,2024-12-26,23.35,42440615,49776.0,GBP
AZN-GB,2024-12-27,22.84,37246296,49776.0,GBP
AZN-GB,2024-12-30,22.8,12619917,49776.0,GBP
AZN-GB,2024-12-31,23.16,35143213,49776.0,GBP
AZN-GB,2025-01-01,22.83,13018416,49776.0,GBP
AZN-GB,2025-01-02,22.63,31859657,49776.0,GBP
AZN-GB,2025-01-03,22.53,18480877,49776.0,GBP
AZN-GB,2025-01-06,22.92,41733182,49776.0,GBP
AZN-GB,2025-01-07,22.76,29606757,49776.0,GBP
AZN-GB,2025-01-08,23.27,4518590,49776.0,GBP
AZN-GB,2025-01-09,23.05,35548918,49776.0,GBP
AZN-GB,2025-01-10,23.18,16631222,49776.0,GBP
AZN-GB,2025-01-13,23.55,10598048,49776.0,GBP
AZN-GB,2025-01-14,23.55,29718446,49776.0,GBP
AZN-GB,2025-01-15,22.95,28032100,49776.0,GBP
AZN-GB,2025-01-16,22.69,4823658,49776.0,GBP
AZN-GB,2025-01-17,23.28,43042153,49776.0,GBP
AZN-GB,2025-01-20,23.39,19763236,49776.0,GBP
AZN-GB,2025-01-21,23.74,43855188,49776.0,GBP
AZN-GB,2025-01-22,24.04,16346404,49776.0,GBP
AZN-GB,2025-01-23,24.51,27737202,49776.0,GBP
AZN-GB,2025-01-24,24.53,2359195,49776.0,GBP
AZN-GB,2025-01-27,24.75,16981038,49776.0,GBP
AZN-GB,2025-01-28,24.85,33073458,49776.0,GBP
AZN-GB,2025-01-29,24.55,38069220,49776.0,GBP
AZN-GB,2025-01-30,24.94,2983278,49776.0,GBP
AZN-GB,2025-01-31,24.93,14055353,49776.0,GBP
AZN-GB,2025-02-03,25.05,17840718,49776.0,GBP
AZN-GB,2025-02-04,25.22,19140962,49776.0,GBP
AZN-GB,2025-02-05,25.1,3334166,49776.0,GBP
AZN-GB,2025-02-06,24.92,48984409,49776.0,GBP
AZN-GB,2025-02-07,24.85,6132416,49776.0,GBP
AZN-GB,2025-02-10,24.86,21565792,49776.0,GBP
AZN-GB,2025-02-11,24.27,27813767,49776.0,GBP
AZN-GB,2025-02-12,23.84,24889659,49776.0,GBP
AZN-GB,2025-02-13,23.49,27135175,49776.0,GBP
AZN-GB,2025-02-14,22.85,49102551,49776.0,GBP
AZN-GB,2025-02-17,23.0,38817374,49776.0,GBP
AZN-GB,2025-02-18,22.8,49790145,49776.0,GBP
AZN-GB,2025-02-19,22.63,45074857,49776.0,GBP
AZN-GB,2025-02-20,22.64,39451309,49776.0,GBP
AZN-GB,2025-02-21,23.39,17398552,49776.0,GBP
AZN-GB,2025-02-24,23.14,33816269,49776.0,GBP
AZN-GB,2025-02-25,23.34,8705859,49776.0,GBP
AZN-GB,2025-02-26,23.18,21532611,49776.0,GBP
AZN-GB,2025-02-27,22.96,26669146,49776.0,GBP
AZN-GB,2025-02-28,23.37,16333536,49776.0,GBP
SHEL-GB,2024-12-09,71.11,14868587,281400.0,GBP
SHEL-GB,2024-12-10,71.63,18924559,281400.0,GBP
SHEL-GB,2024-12-11,70.89,40059396,281400.0,GBP
SHEL-GB,2024-12-12,71.21,4253090,281400.0,GBP
SHEL-GB,2024-12-13,70.2,8080707,281400.0,GBP
SHEL-GB,2024-12-16,70.28,21739280,281400.0,GBP
SHEL-GB,2024-12-17,69.15,17032046,281400.0,GBP
SHEL-GB,2024-12-18,68.84,19138397,281400.0,GBP
SHEL-GB,2024-12-19,70.63,24860384,281400.0,GBP
SHEL-GB,2024-12-20,68.94,32391593,281400.0,GBP
SHEL-GB,2024-12-23,68.55,1914266,281400.0,GBP
SHEL-GB,2024-12-24,66.7,43811898,281400.0,GBP
SHEL-GB,2024-12-25,68.06,44941062,281400.0,GBP
SHEL-GB,2024-12-26,67.79,4168998,281400.0,GBP
SHEL-GB,2024-12-27,67.16,16584372,281400.0,GBP
SHEL-GB,2024-12-30,65.52,17477394,281400.0,GBP
SHEL-GB,2024-12-31,64.74,47517597,281400.0,GBP
SHEL-GB,2025-01-01,64.49,24850793,281400.0,GBP
SHEL-GB,2025-01-02,65.72,36397248,281400.0,GBP
SHEL-GB,2025-01-03,64.88,16363320,281400.0,GBP
SHEL-GB,2025-01-06,65.5,26872143,281400.0,GBP
SHEL-GB,2025-01-07,64.76,17648575,281400.0,GBP
SHEL-GB,2025-01-08,64.07,16301483,281400.0,GBP
SHEL-GB,2025-01-09,66.23,20459713,281400.0,GBP
SHEL-GB,2025-01-10,66.76,29950446,281400.0,GBP
SHEL-GB,2025-01-13,68.82,42869362,281400.0,GBP
SHEL-GB,2025-01-14,68.07,43746931,281400.0,GBP
SHEL-GB,2025-01-15,69.79,27765580,281400.0,GBP
SHEL-GB,2025-01-16,70.02,5875054,281400.0,GBP
SHEL-GB,2025-01-17,69.22,33496882,281400.0,GBP
SHEL-GB,2025-01-20,68.19,22828609,281400.0,GBP
SHEL-GB,2025-01-21,68.4,48642960,281400.0,GBP
SHEL-GB,2025-01-22,66.39,7237432,281400.0,GBP
SHEL-GB,2025-01-23,67.46,11260459,281400.0,GBP
SHEL-GB,2025-01-24,67.1,24112679,281400.0,GBP
SHEL-GB,2025-01-27,65.98,28744143,281400.0,GBP
SHEL-GB,2025-01-28,64.55,22429052,281400.0,GBP
SHEL-GB,2025-01-29,63.51,30917881,281400.0,GBP
SHEL-GB,2025-01-30,62.98,43541799,281400.0,GBP
SHEL-GB,2025-01-31,61.49,43556544,281400.0,GBP
SHEL-GB,2025-02-03,61.91,43523412,281400.0,GBP
SHEL-GB,2025-02-04,62.85,9632994,281400.0,GBP
SHEL-GB,2025-02-05,63.5,21004948,281400.0,GBP
SHEL-GB,2025-02-06,63.53,21553513,281400.0,GBP
SHEL-GB,2025-02-07,63.14,17250611,281400.0,GBP
SHEL-GB,2025-02-10,62.95,35152728,281400.0,GBP
SHEL-GB,2025-02-11,62.6,44065770,281400.0,GBP
SHEL-GB,2025-02-12,61.06,9230390,281400.0,GBP
SHEL-GB,2025-02-13,61.87,21934512,281400.0,GBP
SHEL-GB,2025-02-14,60.74,30798974,281400.0,GBP
SHEL-GB,2025-02-17,59.28,17993930,281400.0,GBP
SHEL-GB,2025-02-18,59.5,12141980,281400.0,GBP
SHEL-GB,2025-02-19,58.87,19411098,281400.0,GBP
SHEL-GB,2025-02-20,57.36,13832096,281400.0,GBP
SHEL-GB,2025-02-21,58.09,26906947,281400.0,GBP
SHEL-GB,2025-02-24,58.53,25821518,281400.0,GBP
SHEL-GB,2025-02-25,60.26,15565076,281400.0,GBP
SHEL-GB,2025-02-26,59.64,1891477,281400.0,GBP
SHEL-GB,2025-02-27,61.58,43926594,281400.0,GBP
SHEL-GB,2025-02-28,60.93,41570836,281400.0,GBP
TTE-FR,2024-12-09,95.39,13805419,218900.0,EUR
TTE-FR,2024-12-10,93.28,18067970,218900.0,EUR
TTE-FR,2024-12-11,93.05,27412997,218900.0,EUR
TTE-FR,2024-12-12,92.27,41973549,218900.0,EUR
TTE-FR,2024-12-13,91.33,6476800,218900.0,EUR
TTE-FR,2024-12-16,91.82,25190703,218900.0,EUR
TTE-FR,2024-12-17,92.7,1447235,218900.0,EUR
TTE-FR,2024-12-18,94.31,48723317,218900.0,EUR
TTE-FR,2024-12-19,91.93,30947819,218900.0,EUR
TTE-FR,2024-12-20,91.58,45705204,218900.0,EUR
TTE-FR,2024-12-23,90.62,14132854,218900.0,EUR
TTE-FR,2024-12-24,90.69,13287202,218900.0,EUR
TTE-FR,2024-12-25,93.07,18364570,218900.0,EUR
TTE-FR,2024-12-26,92.24,19824800,218900.0,EUR
TTE-FR,2024-12-27,92.24,29444629,218900.0,EUR
TTE-FR,2024-12-30,90.91,14365090,218900.0,EUR
TTE-FR,2024-12-31,87.33,19489610,218900.0,EUR
TTE-FR,2025-01-01,84.84,49268552,218900.0,EUR
TTE-FR,2025-01-02,84.28,27915588,218900.0,EUR
TTE-FR,2025-01-03,83.13,10294059,218900.0,EUR
TTE-FR,2025-01-06,86.5,16303172,218900.0,EUR
TTE-FR,2025-01-07,87.17,41951819,218900.0,EUR
TTE-FR,2025-01-08,86.25,39617963,218900.0,EUR
TTE-FR,2025-01-09,86.57,46420386,218900.0,EUR
TTE-FR,2025-01-10,86.27,31966112,218900.0,EUR
TTE-FR,2025-01-13,85.86,9439231,218900.0,EUR
TTE-FR,2025-01-14,88.29,27179445,218900.0,EUR
TTE-FR,2025-01-15,85.73,46593887,218900.0,EUR
TTE-FR,2025-01-16,86.05,28906574,218900.0,EUR
TTE-FR,2025-01-17,87.31,49899110,218900.0,EUR
TTE-FR,2025-01-20,86.92,37879635,218900.0,EUR
TTE-FR,2025-01-21,86.65,4442801,218900.0,EUR
TTE-FR,2025-01-22,89.53,32103739,218900.0,EUR
TTE-FR,2025-01-23,90.55,24276783,218900.0,EUR
TTE-FR,2025-01-24,93.79,40646674,218900.0,EUR
TTE-FR,2025-01-27,93.75,48118165,218900.0,EUR
TTE-FR,2025-01-28,93.78,17522625,218900.0,EUR
TTE-FR,2025-01-29,93.38,34359240,218900.0,EUR
TTE-FR,2025-01-30,92.54,26987654,218900.0,EUR
TTE-FR,2025-01-31,91.76,45547631,218900.0,EUR
TTE-FR,2025-02-03,89.3,38051462,218900.0,EUR
TTE-FR,2025-02-04,91.88,3259851,218900.0,EUR
TTE-FR,2025-02-05,90.97,34305870,218900.0,EUR
TTE-FR,2025-02-06,90.48,33573920,218900.0,EUR
TTE-FR,2025-02-07,93.03,9352970,218900.0,EUR
TTE-FR,2025-02-10,91.84,6516174,218900.0,EUR
TTE-FR,2025-02-11,91.18,10015750,218900.0,EUR
TTE-FR,2025-02-12,92.74,17975551,218900.0,EUR
TTE-FR,2025-02-13,93.07,9081310,218900.0,EUR
TTE-FR,2025-02-14,93.38,34001457,218900.0,EUR
TTE-FR,2025-02-17,95.25,24698933,218900.0,EUR
TTE-FR,2025-02-18,93.32,29362584,218900.0,EUR
TTE-FR,2025-02-19,92.76,41633141,218900.0,EUR
TTE-FR,2025-02-20,95.58,18200495,218900.0,EUR
TTE-FR,2025-02-21,94.08,11571876,218900.0,EUR
TTE-FR,2025-02-24,93.95,21675726,218900.0,EUR
TTE-FR,2025-02-25,93.84,10651205,218900.0,EUR
TTE-FR,2025-02-26,92.24,37790698,218900.0,EUR
TTE-FR,2025-02-27,93.49,30027202,218900.0,EUR
TTE-FR,2025-02-28,91.88,4071680,218900.0,EUR
NOVO-DK,2024-12-09,142.91,2906674,290575.0,DKK
NOVO-DK,2024-12-10,144.2,32057777,290575.0,DKK
NOVO-DK,2024-12-11,144.02,29788312,290575.0,DKK
NOVO-DK,2024-12-12,147.44,8286241,290575.0,DKK
NOVO-DK,2024-12-13,152.54,3237485,290575.0,DKK
NOVO-DK,2024-12-16,152.43,30129884,290575.0,DKK
NOVO-DK,2024-12-17,150.25,33061188,290575.0,DKK
NOVO-DK,2024-12-18,153.07,31219733,290575.0,DKK
NOVO-DK,2024-12-19,148.68,10435716,290575.0,DKK
NOVO-DK,2024-12-20,148.92,8798295,290575.0,DKK
NOVO-DK,2024-12-23,148.08,19566732,290575.0,DKK
NOVO-DK,2024-12-24,149.34,12623549,290575.0,DKK
NOVO-DK,2024-12-25,151.28,18806731,290575.0,DKK
NOVO-DK,2024-12-26,148.07,38298892,290575.0,DKK
NOVO-DK,2024-12-27,150.4,39661202,290575.0,DKK
NOVO-DK,2024-12-30,148.55,776872,290575.0,DKK
NOVO-DK,2024-12-31,145.73,28445405,290575.0,DKK
NOVO-DK,2025-01-01,145.31,5656340,290575.0,DKK
NOVO-DK,2025-01-02,145.42,6828716,290575.0,DKK
NOVO-DK,2025-01-03,148.02,22555850,290575.0,DKK
NOVO-DK,2025-01-06,151.38,46176937,290575.0,DKK
NOVO-DK,2025-01-07,151.99,8686673,290575.0,DKK
NOVO-DK,2025-01-08,149.63,7618231,290575.0,DKK
NOVO-DK,2025-01-09,151.53,22212290,290575.0,DKK
NOVO-DK,2025-01-10,152.11,47993389,290575.0,DKK
NOVO-DK,2025-01-13,152.92,44760934,290575.0,DKK
NOVO-DK,2025-01-14,149.77,18573654,290575.0,DKK
NOVO-DK,2025-01-15,150.21,40376372,290575.0,DKK
NOVO-DK,2025-01-16,149.16,3442522,290575.0,DKK
NOVO-DK,2025-01-17,147.53,44535008,290575.0,DKK
NOVO-DK,2025-01-20,145.82,49593168,290575.0,DKK
NOVO-DK,2025-01-21,144.2,49779351,290575.0,DKK
NOVO-DK,2025-01-22,147.46,9178531,290575.0,DKK
NOVO-DK,2025-01-23,145.32,14684589,290575.0,DKK
NOVO-DK,2025-01-24,147.93,19488722,290575.0,DKK
NOVO-DK,2025-01-27,144.95,22187628,290575.0,DKK
NOVO-DK,2025-01-28,146.06,37219032,290575.0,DKK
NOVO-DK,2025-01-29,142.65,40919100,290575.0,DKK
NOVO-DK,2025-01-30,141.11,12446102,290575.0,DKK
NOVO-DK,2025-01-31,142.6,16611504,290575.0,DKK
NOVO-DK,2025-02-03,146.82,6485326,290575.0,DKK
NOVO-DK,2025-02-04,145.91,1876539,290575.0,DKK
NOVO-DK,2025-02-05,146.73,27504354,290575.0,DKK
NOVO-DK,2025-02-06,145.73,19621723,290575.0,DKK
NOVO-DK,2025-02-07,142.5,10843802,290575.0,DKK
NOVO-DK,2025-02-10,138.3,8593462,290575.0,DKK
NOVO-DK,2025-02-11,137.22,49884693,290575.0,DKK
NOVO-DK,2025-02-12,140.79,21310546,290575.0,DKK
NOVO-DK,2025-02-13,143.2,24595052,290575.0,DKK
NOVO-DK,2025-02-14,141.58,45162311,290575.0,DKK
NOVO-DK,2025-02-17,143.3,13913133,290575.0,DKK
NOVO-DK,2025-02-18,144.51,33358045,290575.0,DKK
NOVO-DK,2025-02-19,142.53,18517347,290575.0,DKK
NOVO-DK,2025-02-20,143.28,38286120,290575.0,DKK
NOVO-DK,2025-02-21,142.57,28855934,290575.0,DKK
NOVO-DK,2025-02-24,142.06,25211901,290575.0,DKK
NOVO-DK,2025-02-25,140.39,29089523,290575.0,DKK
NOVO-DK,2025-02-26,138.96,6737598,290575.0,DKK
NOVO-DK,2025-02-27,140.84,31606627,290575.0,DKK
NOVO-DK,2025-02-28,141.37,45895122,290575.0,DKK
RY-CA,2024-12-09,23.97,33740513,56792.0,CAD
RY-CA,2024-12-10,23.53,35885075,56792.0,CAD
RY-CA,2024-12-11,23.24,20008749,56792.0,CAD
RY-CA,2024-12-12,22.93,31921656,56792.0,CAD
RY-CA,2024-12-13,22.25,32551956,56792.0,CAD
RY-CA,2024-12-16,22.53,20659050,56792.0,CAD
RY-CA,2024-12-17,22.65,20660083,56792.0,CAD
RY-CA,2024-12-18,22.8,17186854,56792.0,CAD
RY-CA,2024-12-19,22.52,3702990,56792.0,CAD
RY-CA,2024-12-20,22.49,37476603,56792.0,CAD
RY-CA,2024-12-23,22.58,7723072,56792.0,CAD
RY-CA,2024-12-24,22.64,34769247,56792.0,CAD
RY-CA,2024-12-25,22.51,44849245,56792.0,CAD
RY-CA,2024-12-26,22.58,48839185,56792.0,CAD
RY-CA,2024-12-27,22.36,17603378,56792.0,CAD
RY-CA,2024-12-30,22.26,39796795,56792.0,CAD
RY-CA,2024-12-31,22.61,8146081,56792.0,CAD
RY-CA,2025-01-01,22.81,44897769,56792.0,CAD
RY-CA,2025-01-02,22.23,26870920,56792.0,CAD
RY-CA,2025-01-03,22.37,3537261,56792.0,CAD
RY-CA,2025-01-06,22.98,20474786,56792.0,CAD
RY-CA,2025-01-07,23.34,21568583,56792.0,CAD
RY-CA,2025-01-08,23.01,45480378,56792.0,CAD
RY-CA,2025-01-09,22.82,30695492,56792.0,CAD
RY-CA,2025-01-10,22.64,13062224,56792.0,CAD
RY-CA,2025-01-13,22.46,14664558,56792.0,CAD
RY-CA,2025-01-14,22.69,41037302,56792.0,CAD
RY-CA,2025-01-15,23.21,17902514,56792.0,CAD
RY-CA,2025-01-16,23.33,36361366,56792.0,CAD
RY-CA,2025-01-17,23.22,1702270,56792.0,CAD
RY-CA,2025-01-20,23.4,12024964,56792.0,CAD
RY-CA,2025-01-21,23.41,44510058,56792.0,CAD
RY-CA,2025-01-22,22.89,44638646,56792.0,CAD
RY-CA,2025-01-23,22.97,40891982,56792.0,CAD
RY-CA,2025-01-24,22.93,41889044,56792.0,CAD
RY-CA,2025-01-27,22.65,24708098,56792.0,CAD
RY-CA,2025-01-28,22.34,45805347,56792.0,CAD
RY-CA,2025-01-29,21.54,27007815,56792.0,CAD
RY-CA,2025-01-30,21.6,9567343,56792.0,CAD
RY-CA,2025-01-31,21.47,1431197,56792.0,CAD
RY-CA,2025-02-03,21.69,47209946,56792.0,CAD
RY-CA,2025-02-04,22.26,13131304,56792.0,CAD
RY-CA,2025-02-05,22.41,44028367,56792.0,CAD
RY-CA,2025-02-06,22.24,10241132,56792.0,CAD
RY-CA,2025-02-07,22.03,42514118,56792.0,CAD
RY-CA,2025-02-10,21.76,36643662,56792.0,CAD
RY-CA,2025-02-11,21.86,31599962,56792.0,CAD
RY-CA,2025-02-12,22.13,10443228,56792.0,CAD
RY-CA,2025-02-13,22.06,11647150,56792.0,CAD
RY-CA,2025-02-14,22.08,10728883,56792.0,CAD
RY-CA,2025-02-17,22.06,33050942,56792.0,CAD
RY-CA,2025-02-18,21.71,32141104,56792.0,CAD
RY-CA,2025-02-19,22.07,16782600,56792.0,CAD
RY-CA,2025-02-20,22.12,14011592,56792.0,CAD
RY-CA,2025-02-21,21.96,26788783,56792.0,CAD
RY-CA,2025-02-24,22.56,3917329,56792.0,CAD
RY-CA,2025-02-25,22.49,48354848,56792.0,CAD
RY-CA,2025-02-26,22.63,29476798,56792.0,CAD
RY-CA,2025-02-27,23.29,49964488,56792.0,CAD
RY-CA,2025-02-28,23.21,39333300,56792.0,CAD
SNPS-US,2024-12-09,29.93,49128034,6127.0,USD
SNPS-US,2024-12-10,30.25,41536754,6127.0,USD
SNPS-US,2024-12-11,31.17,33242515,6127.0,USD
SNPS-US,2024-12-12,30.78,16062933,6127.0,USD
SNPS-US,2024-12-13,30.66,28820245,6127.0,USD
SNPS-US,2024-12-16,30.12,39181774,6127.0,USD
SNPS-US,2024-12-17,30.06,44006695,6127.0,USD
SNPS-US,2024-12-18,30.22,28493620,6127.0,USD
SNPS-US,2024-12-19,30.4,42288467,6127.0,USD
SNPS-US,2024-12-20,30.27,43864393,6127.0,USD
SNPS-US,2024-12-23,29.87,1896329,6127.0,USD
SNPS-US,2024-12-24,30.45,11326903,6127.0,USD
SNPS-US,2024-12-25,30.39,23575207,6127.0,USD
SNPS-US,2024-12-26,30.69,29901110,6127.0,USD
SNPS-US,2024-12-27,30.73,46467832,6127.0,USD
SNPS-US,2024-12-30,31.07,23260172,6127.0,USD
SNPS-US,2024-12-31,31.88,48496203,6127.0,USD
SNPS-US,2025-01-01,31.45,44587714,6127.0,USD
SNPS-US,2025-01-02,30.5,49019373,6127.0,USD
SNPS-US,2025-01-03,30.69,48240251,6127.0,USD
SNPS-US,2025-01-06,30.33,45671465,6127.0,USD
SNPS-US,2025-01-07,30.64,44288546,6127.0,USD
SNPS-US,2025-01-08,30.57,11373364,6127.0,USD
SNPS-US,2025-01-09,29.77,42231135,6127.0,USD
SNPS-US,2025-01-10,29.96,6284240,6127.0,USD
SNPS-US,2025-01-13,30.63,45265400,6127.0,USD
SNPS-US,2025-01-14,30.36,10990061,6127.0,USD
SNPS-US,2025-01-15,30.4,41151127,6127.0,USD
SNPS-US,2025-01-16,29.6,33633329,6127.0,USD
SNPS-US,2025-01-17,29.65,20877733,6127.0,USD
SNPS-US,2025-01-20,29.71,1716723,6127.0,USD
SNPS-US,2025-01-21,30.29,24577771,6127.0,USD
SNPS-US,2025-01-22,30.61,11143832,6127.0,USD
SNPS-US,2025-01-23,30.32,12224911,6127.0,USD
SNPS-US,2025-01-24,30.79,2645470,6127.0,USD
SNPS-US,2025-01-27,29.93,4772525,6127.0,USD
SNPS-US,2025-01-28,29.82,15712925,6127.0,USD
SNPS-US,2025-01-29,30.02,8599236,6127.0,USD
SNPS-US,2025-01-30,29.55,23338771,6127.0,USD
SNPS-US,2025-01-31,29.36,24339818,6127.0,USD
SNPS-US,2025-02-03,29.46,37881137,6127.0,USD
SNPS-US,2025-02-04,28.72,18451032,6127.0,USD
SNPS-US,2025-02-05,29.4,35087065,6127.0,USD
SNPS-US,2025-02-06,28.89,41053180,6127.0,USD
SNPS-US,2025-02-07,28.57,29882052,6127.0,USD
SNPS-US,2025-02-10,27.99,31177853,6127.0,USD
SNPS-US,2025-02-11,28.68,7606282,6127.0,USD
SNPS-US,2025-02-12,28.52,41474829,6127.0,USD
SNPS-US,2025-02-13,27.88,7336248,6127.0,USD
SNPS-US,2025-02-14,27.36,38246915,6127.0,USD
SNPS-US,2025-02-17,27.56,42773626,6127.0,USD
SNPS-US,2025-02-18,27.61,8422828,6127.0,USD
SNPS-US,2025-02-19,28.25,11038275,6127.0,USD
SNPS-US,2025-02-20,27.58,49378692,6127.0,USD
SNPS-US,2025-02-21,27.47,34450147,6127.0,USD
SNPS-US,2025-02-24,27.91,33946453,6127.0,USD
SNPS-US,2025-02-25,27.9,43925674,6127.0,USD
SNPS-US,2025-02-26,27.72,24909970,6127.0,USD
SNPS-US,2025-02-27,27.61,14048630,6127.0,USD
SNPS-US,2025-02-28,27.81,29968069,6127.0,USD
CDNS-US,2024-12-09,242.15,32287008,4640.0,USD
CDNS-US,2024-12-10,242.5,23405602,4640.0,USD
CDNS-US,2024-12-11,242.07,18352006,4640.0,USD
CDNS-US,2024-12-12,244.3,25493780,4640.0,USD
CDNS-US,2024-12-13,243.55,42741030,4640.0,USD
CDNS-US,2024-12-16,239.93,45127076,4640.0,USD
CDNS-US,2024-12-17,240.18,36044228,4640.0,USD
CDNS-US,2024-12-18,246.28,28801298,4640.0,USD
CDNS-US,2024-12-19,246.82,29277814,4640.0,USD
CDNS-US,2024-12-20,244.93,28243436,4640.0,USD
CDNS-US,2024-12-23,251.83,35138595,4640.0,USD
CDNS-US,2024-12-24,247.93,46281575,4640.0,USD
CDNS-US,2024-12-25,247.42,10269997,4640.0,USD
CDNS-US,2024-12-26,248.19,1167646,4640.0,USD
CDNS-US,2024-12-27,247.35,5169514,4640.0,USD
CDNS-US,2024-12-30,243.04,6189369,4640.0,USD
CDNS-US,2024-12-31,241.17,11527642,4640.0,USD
CDNS-US,2025-01-01,244.36,29630097,4640.0,USD
CDNS-US,2025-01-02,250.16,44803672,4640.0,USD
CDNS-US,2025-01-03,252.62,43548038,4640.0,USD
CDNS-US,2025-01-06,255.58,42886465,4640.0,USD
CDNS-US,2025-01-07,259.73,48373417,4640.0,USD
CDNS-US,2025-01-08,262.22,20345730,4640.0,USD
CDNS-US,2025-01-09,254.65,28639102,4640.0,USD
CDNS-US,2025-01-10,250.01,37652166,4640.0,USD
CDNS-US,2025-01-13,253.36,20922772,4640.0,USD
CDNS-US,2025-01-14,252.85,23596009,4640.0,USD
CDNS-US,2025-01-15,249.69,1030309,4640.0,USD
CDNS-US,2025-01-16,253.5,41463321,4640.0,USD
CDNS-US,2025-01-17,246.35,10355729,4640.0,USD
CDNS-US,2025-01-20,245.19,14266280,4640.0,USD
CDNS-US,2025-01-21,241.46,37035762,4640.0,USD
CDNS-US,2025-01-22,237.96,30171769,4640.0,USD
CDNS-US,2025-01-23,234.55,47306484,4640.0,USD
CDNS-US,2025-01-24,230.99,44037345,4640.0,USD
CDNS-US,2025-01-27,236.3,27645918,4640.0,USD
CDNS-US,2025-01-28,237.53,6155997,4640.0,USD
CDNS-US,2025-01-29,230.34,2981026,4640.0,USD
CDNS-US,2025-01-30,227.07,48743256,4640.0,USD
CDNS-US,2025-01-31,226.35,8956095,4640.0,USD
CDNS-US,2025-02-03,222.22,14843480,4640.0,USD
CDNS-US,2025-02-04,221.75,6729015,4640.0,USD
CDNS-US,2025-02-05,218.95,23364585,4640.0,USD
CDNS-US,2025-02-06,218.8,43160132,4640.0,USD
CDNS-US,2025-02-07,219.29,36734266,4640.0,USD
CDNS-US,2025-02-10,220.01,40262243,4640.0,USD
CDNS-US,2025-02-11,219.74,20897208,4640.0,USD
CDNS-US,2025-02-12,226.03,49255210,4640.0,USD
CDNS-US,2025-02-13,222.54,49622760,4640.0,USD
CDNS-US,2025-02-14,224.45,4522890,4640.0,USD
CDNS-US,2025-02-17,225.94,34557706,4640.0,USD
CDNS-US,2025-02-18,223.8,24288303,4640.0,USD
CDNS-US,2025-02-19,227.89,8871817,4640.0,USD
CDNS-US,2025-02-20,231.99,30614222,4640.0,USD
CDNS-US,2025-02-21,230.37,30910191,4640.0,USD
CDNS-US,2025-02-24,235.83,23248582,4640.0,USD
CDNS-US,2025-02-25,242.27,39530100,4640.0,USD
CDNS-US,2025-02-26,241.64,38456587,4640.0,USD
CDNS-US,2025-02-27,239.83,45162327,4640.0,USD
CDNS-US,2025-02-28,231.64,36288395,4640.0,USD
MCHP-US,2024-12-09,117.46,48473071,5430.0,USD
MCHP-US,2024-12-10,120.51,38937657,5430.0,USD
MCHP-US,2024-12-11,119.2,35374238,5430.0,USD
MCHP-US,2024-12-12,116.74,49993614,5430.0,USD
MCHP-US,2024-12-13,116.8,39582125,5430.0,USD
MCHP-US,2024-12-16,118.39,13422164,5430.0,USD
MCHP-US,2024-12-17,119.17,7075852,5430.0,USD
MCHP-US,2024-12-18,117.69,10335022,5430.0,USD
MCHP-US,2024-12-19,116.93,5999381,5430.0,USD
MCHP-US,2024-12-20,113.77,6690699,5430.0,USD
MCHP-US,2024-12-23,117.11,32460802,5430.0,USD
MCHP-US,2024-12-24,118.55,14913937,5430.0,USD
MCHP-US,2024-12-25,116.97,35816415,5430.0,USD
MCHP-US,2024-12-26,117.57,27528343,5430.0,USD
MCHP-US,2024-12-27,115.79,26993403,5430.0,USD
MCHP-US,2024-12-30,114.72,18196185,5430.0,USD
MCHP-US,2024-12-31,112.64,30033265,5430.0,USD
MCHP-US,2025-01-01,111.46,46739205,5430.0,USD
MCHP-US,2025-01-02,113.25,28479185,5430.0,USD
MCHP-US,2025-01-03,112.46,11428193,5430.0,USD
MCHP-US,2025-01-06,113.03,48224506,5430.0,USD
MCHP-US,2025-01-07,113.76,31216586,5430.0,USD
MCHP-US,2025-01-08,115.63,36010058,5430.0,USD
MCHP-US,2025-01-09,117.63,8422748,5430.0,USD
MCHP-US,2025-01-10,117.0,2688244,5430.0,USD
MCHP-US,2025-01-13,115.22,11025333,5430.0,USD
MCHP-US,2025-01-14,116.81,8470255,5430.0,USD
MCHP-US,2025-01-15,116.27,40872706,5430.0,USD
MCHP-US,2025-01-16,116.81,25302494,5430.0,USD
MCHP-US,2025-01-17,116.16,38870483,5430.0,USD
MCHP-US,2025-01-20,115.68,8401546,5430.0,USD
MCHP-US,2025-01-21,117.76,25428752,5430.0,USD
MCHP-US,2025-01-22,117.21,20228750,5430.0,USD
MCHP-US,2025-01-23,118.85,33109911,5430.0,USD
MCHP-US,2025-01-24,119.86,40069013,5430.0,USD
MCHP-US,2025-01-27,120.07,28803631,5430.0,USD
MCHP-US,2025-01-28,123.75,19524175,5430.0,USD
MCHP-US,2025-01-29,124.97,14967426,5430.0,USD
MCHP-US,2025-01-30,126.26,639972,5430.0,USD
MCHP-US,2025-01-31,129.14,8709286,5430.0,USD
MCHP-US,2025-02-03,128.48,3498590,5430.0,USD
MCHP-US,2025-02-04,128.31,28522994,5430.0,USD
MCHP-US,2025-02-05,126.7,30858333,5430.0,USD
MCHP-US,2025-02-06,126.93,23170934,5430.0,USD
MCHP-US,2025-02-07,127.4,48820629,5430.0,USD
MCHP-US,2025-02-10,125.31,41148490,5430.0,USD
MCHP-US,2025-02-11,126.03,43212125,5430.0,USD
MCHP-US,2025-02-12,126.84,31432902,5430.0,USD
MCHP-US,2025-02-13,127.08,10498052,5430.0,USD
MCHP-US,2025-02-14,124.3,49346136,5430.0,USD
MCHP-US,2025-02-17,122.81,45093995,5430.0,USD
MCHP-US,2025-02-18,125.79,42348381,5430.0,USD
MCHP-US,2025-02-19,124.67,27034652,5430.0,USD
MCHP-US,2025-02-20,125.44,23249762,5430.0,USD
MCHP-US,2025-02-21,120.9,30235682,5430.0,USD
MCHP-US,2025-02-24,119.77,49886271,5430.0,USD
MCHP-US,2025-02-25,119.67,11614219,5430.0,USD
MCHP-US,2025-02-26,120.47,47959967,5430.0,USD
MCHP-US,2025-02-27,123.02,47972733,5430.0,USD
MCHP-US,2025-02-28,123.46,21226443,5430.0,USD
KEYS-US,2024-12-09,206.8,36861886,4980.0,USD
KEYS-US,2024-12-10,210.8,39212122,4980.0,USD
KEYS-US,2024-12-11,211.25,35514304,4980.0,USD
KEYS-US,2024-12-12,203.36,13210141,4980.0,USD
KEYS-US,2024-12-13,203.44,1752524,4980.0,USD
KEYS-US,2024-12-16,199.89,8572067,4980.0,USD
KEYS-US,2024-12-17,197.94,1773295,4980.0,USD
KEYS-US,2024-12-18,194.93,18952422,4980.0,USD
KEYS-US,2024-12-19,195.49,47853202,4980.0,USD
KEYS-US,2024-12-20,193.41,39393126,4980.0,USD
KEYS-US,2024-12-23,188.52,41225337,4980.0,USD
KEYS-US,2024-12-24,190.34,22003771,4980.0,USD
KEYS-US,2024-12-25,189.69,2061170,4980.0,USD
KEYS-US,2024-12-26,190.25,23314098,4980.0,USD
KEYS-US,2024-12-27,187.58,35926887,4980.0,USD
KEYS-US,2024-12-30,188.76,21799174,4980.0,USD
KEYS-US,2024-12-31,187.9,7166167,4980.0,USD
KEYS-US,2025-01-01,188.79,36858191,4980.0,USD
KEYS-US,2025-01-02,189.62,17649973,4980.0,USD
KEYS-US,2025-01-03,191.06,6514871,4980.0,USD
KEYS-US,2025-01-06,195.12,46040650,4980.0,USD
KEYS-US,2025-01-07,201.13,11854219,4980.0,USD
KEYS-US,2025-01-08,208.35,12677429,4980.0,USD
KEYS-US,2025-01-09,211.3,2323427,4980.0,USD
KEYS-US,2025-01-10,210.75,7126612,4980.0,USD
KEYS-US,2025-01-13,208.23,21977619,4980.0,USD
KEYS-US,2025-01-14,212.42,17809677,4980.0,USD
KEYS-US,2025-01-15,217.74,25700261,4980.0,USD
KEYS-US,2025-01-16,224.34,3981481,4980.0,USD
KEYS-US,2025-01-17,221.82,14093535,4980.0,USD
KEYS-US,2025-01-20,222.18,16370650,4980.0,USD
KEYS-US,2025-01-21,226.73,33583290,4980.0,USD
KEYS-US,2025-01-22,222.77,8222980,4980.0,USD
KEYS-US,2025-01-23,222.62,18571580,4980.0,USD
KEYS-US,2025-01-24,226.16,27818439,4980.0,USD
KEYS-US,2025-01-27,227.63,4892826,4980.0,USD
KEYS-US,2025-01-28,224.23,16186056,4980.0,USD
KEYS-US,2025-01-29,224.64,1749757,4980.0,USD
KEYS-US,2025-01-30,223.66,45805021,4980.0,USD
KEYS-US,2025-01-31,232.3,7312181,4980.0,USD
KEYS-US,2025-02-03,232.47,8926950,4980.0,USD
KEYS-US,2025-02-04,236.97,20942221,4980.0,USD
KEYS-US,2025-02-05,233.53,43167748,4980.0,USD
KEYS-US,2025-02-06,232.02,34083448,4980.0,USD
KEYS-US,2025-02-07,234.72,25552089,4980.0,USD
KEYS-US,2025-02-10,243.63,36768297,4980.0,USD
KEYS-US,2025-02-11,250.06,36573405,4980.0,USD
KEYS-US,2025-02-12,249.53,28937545,4980.0,USD
KEYS-US,2025-02-13,254.23,3304619,4980.0,USD
KEYS-US,2025-02-14,253.14,567179,4980.0,USD
KEYS-US,2025-02-17,256.92,42156479,4980.0,USD
KEYS-US,2025-02-18,247.93,19911202,4980.0,USD
KEYS-US,2025-02-19,246.72,4538277,4980.0,USD
KEYS-US,2025-02-20,244.95,32858972,4980.0,USD
KEYS-US,2025-02-21,244.62,46133879,4980.0,USD
KEYS-US,2025-02-24,247.45,26011670,4980.0,USD
KEYS-US,2025-02-25,254.66,14777688,4980.0,USD
KEYS-US,2025-02-26,254.7,39769366,4980.0,USD
KEYS-US,2025-02-27,256.46,11332464,4980.0,USD
KEYS-US,2025-02-28,253.9,36342125,4980.0,USD
IT-US,2024-12-09,5.61,8752844,6045.0,USD
IT-US,2024-12-10,5.7,9871770,6045.0,USD
IT-US,2024-12-11,5.65,29488508,6045.0,USD
IT-US,2024-12-12,5.34,14649915,6045.0,USD
IT-US,2024-12-13,5.19,21861015,6045.0,USD
IT-US,2024-12-16,5.07,46275022,6045.0,USD
IT-US,2024-12-17,5.17,47996573,6045.0,USD
IT-US,2024-12-18,5.13,30881396,6045.0,USD
IT-US,2024-12-19,5.12,22084777,6045.0,USD
IT-US,2024-12-20,5.23,23426388,6045.0,USD
IT-US,2024-12-23,5.28,22542392,6045.0,USD
IT-US,2024-12-24,5.48,1565327,6045.0,USD
IT-US,2024-12-25,5.52,637406,6045.0,USD
IT-US,2024-12-26,5.5,41354987,6045.0,USD
IT-US,2024-12-27,5.32,45644562,6045.0,USD
IT-US,2024-12-30,5.35,12145805,6045.0,USD
IT-US,2024-12-31,5.21,47697642,6045.0,USD
IT-US,2025-01-01,5.29,33314671,6045.0,USD
IT-US,2025-01-02,5.3,44060180,6045.0,USD
IT-US,2025-01-03,5.21,44205753,6045.0,USD
IT-US,2025-01-06,5.22,45571190,6045.0,USD
IT-US,2025-01-07,5.24,30375307,6045.0,USD
IT-US,2025-01-08,5.2,25758195,6045.0,USD
IT-US,2025-01-09,5.14,40853289,6045.0,USD
IT-US,2025-01-10,5.11,47276900,6045.0,USD
IT-US,2025-01-13,5.15,1065820,6045.0,USD
IT-US,2025-01-14,5.2,13451397,6045.0,USD
IT-US,2025-01-15,5.26,30335101,6045.0,USD
IT-US,2025-01-16,5.39,19366615,6045.0,USD
IT-US,2025-01-17,5.4,46171229,6045.0,USD
IT-US,2025-01-20,5.47,6537550,6045.0,USD
IT-US,2025-01-21,5.43,41667443,6045.0,USD
IT-US,2025-01-22,5.33,15340969,6045.0,USD
IT-US,2025-01-23,5.23,16220784,6045.0,USD
IT-US,2025-01-24,5.43,2969340,6045.0,USD
IT-US,2025-01-27,5.41,19341240,6045.0,USD
IT-US,2025-01-28,5.28,41169781,6045.0,USD
IT-US,2025-01-29,5.29,14531545,6045.0,USD
IT-US,2025-01-30,5.52,43344721,6045.0,USD
IT-US,2025-01-31,5.53,27080893,6045.0,USD
IT-US,2025-02-03,5.59,34076285,6045.0,USD
IT-US,2025-02-04,5.63,33652538,6045.0,USD
IT-US,2025-02-05,5.66,38463957,6045.0,USD
IT-US,2025-02-06,5.71,45608937,6045.0,USD
IT-US,2025-02-07,5.67,4886277,6045.0,USD
IT-US,2025-02-10,5.57,39971057,6045.0,USD
IT-US,2025-02-11,5.59,17923103,6045.0,USD
IT-US,2025-02-12,5.62,38745562,6045.0,USD
IT-US,2025-02-13,5.72,49415574,6045.0,USD
IT-US,2025-02-14,5.59,18909838,6045.0,USD
IT-US,2025-02-17,5.63,47005490,6045.0,USD
IT-US,2025-02-18,5.75,45981989,6045.0,USD
IT-US,2025-02-19,5.69,38088746,6045.0,USD
IT-US,2025-02-20,5.68,30962466,6045.0,USD
IT-US,2025-02-21,5.77,45670961,6045.0,USD
IT-US,2025-02-24,5.77,44122778,6045.0,USD
IT-US,2025-02-25,5.97,29527816,6045.0,USD
IT-US,2025-02-26,6.04,27804979,6045.0,USD
IT-US,2025-02-27,6.02,31812105,6045.0,USD
IT-US,2025-02-28,6.16,33757456,6045.0,USD
PAYC-US,2024-12-09,168.68,3651744,1875.0,USD
PAYC-US,2024-12-10,169.83,19151769,1875.0,USD
PAYC-US,2024-12-11,172.61,21722639,1875.0,USD
PAYC-US,2024-12-12,171.1,846233,1875.0,USD
PAYC-US,2024-12-13,169.35,38874164,1875.0,USD
PAYC-US,2024-12-16,170.84,2202681,1875.0,USD
PAYC-US,2024-12-17,172.72,46774847,1875.0,USD
PAYC-US,2024-12-18,172.66,28942095,1875.0,USD
PAYC-US,2024-12-19,178.29,13712179,1875.0,USD
PAYC-US,2024-12-20,176.78,11538171,1875.0,USD
PAYC-US,2024-12-23,176.37,42462817,1875.0,USD
PAYC-US,2024-12-24,177.26,6991178,1875.0,USD
PAYC-US,2024-12-25,180.1,2112191,1875.0,USD
PAYC-US,2024-12-26,180.66,40264066,1875.0,USD
PAYC-US,2024-12-27,182.56,17304695,1875.0,USD
PAYC-US,2024-12-30,176.49,17086195,1875.0,USD
PAYC-US,2024-12-31,178.07,23370832,1875.0,USD
PAYC-US,2025-01-01,179.36,4152927,1875.0,USD
PAYC-US,2025-01-02,180.83,16387598,1875.0,USD
PAYC-US,2025-01-03,177.93,5392963,1875.0,USD
PAYC-US,2025-01-06,178.58,6920355,1875.0,USD
PAYC-US,2025-01-07,174.95,42466444,1875.0,USD
PAYC-US,2025-01-08,173.73,4572631,1875.0,USD
PAYC-US,2025-01-09,174.22,2737656,1875.0,USD
PAYC-US,2025-01-10,170.34,47030848,1875.0,USD
PAYC-US,2025-01-13,174.13,4863969,1875.0,USD
PAYC-US,2025-01-14,174.37,30156642,1875.0,USD
PAYC-US,2025-01-15,173.5,4176816,1875.0,USD
PAYC-US,2025-01-16,172.4,4915109,1875.0,USD
PAYC-US,2025-01-17,175.89,7333533,1875.0,USD
PAYC-US,2025-01-20,174.46,20291529,1875.0,USD
PAYC-US,2025-01-21,171.5,26099044,1875.0,USD
PAYC-US,2025-01-22,168.64,28088991,1875.0,USD
PAYC-US,2025-01-23,170.73,16143880,1875.0,USD
PAYC-US,2025-01-24,173.75,42376478,1875.0,USD
PAYC-US,2025-01-27,170.35,1211793,1875.0,USD
PAYC-US,2025-01-28,167.67,29229689,1875.0,USD
PAYC-US,2025-01-29,168.53,42121635,1875.0,USD
PAYC-US,2025-01-30,166.9,45850566,1875.0,USD
PAYC-US,2025-01-31,165.39,2242956,1875.0,USD
PAYC-US,2025-02-03,163.32,13417202,1875.0,USD
PAYC-US,2025-02-04,163.99,7748199,1875.0,USD
PAYC-US,2025-02-05,166.68,5032832,1875.0,USD
PAYC-US,2025-02-06,168.76,40287939,1875.0,USD
PAYC-US,2025-02-07,169.21,38967615,1875.0,USD
PAYC-US,2025-02-10,167.65,8954483,1875.0,USD
PAYC-US,2025-02-11,166.44,28753301,1875.0,USD
PAYC-US,2025-02-12,165.03,32806160,1875.0,USD
PAYC-US,2025-02-13,164.66,16817686,1875.0,USD
PAYC-US,2025-02-14,162.06,9739058,1875.0,USD
PAYC-US,2025-02-17,162.36,21415608,1875.0,USD
PAYC-US,2025-02-18,161.58,39726627,1875.0,USD
PAYC-US,2025-02-19,155.98,24507769,1875.0,USD
PAYC-US,2025-02-20,158.35,21383489,1875.0,USD
PAYC-US,2025-02-21,155.84,10272707,1875.0,USD
PAYC-US,2025-02-24,154.42,10392454,1875.0,USD
PAYC-US,2025-02-25,151.37,20032970,1875.0,USD
PAYC-US,2025-02-26,152.01,25251761,1875.0,USD
PAYC-US,2025-02-27,154.76,44635943,1875.0,USD
PAYC-US,2025-02-28,154.28,46019967,1875.0,USD
DDOG-US,2024-12-09,35.04,4164633,2680.0,USD
DDOG-US,2024-12-10,35.0,28824043,2680.0,USD
DDOG-US,2024-12-11,34.21,43486904,2680.0,USD
DDOG-US,2024-12-12,35.39,14006412,2680.0,USD
DDOG-US,2024-12-13,35.51,45319335,2680.0,USD
DDOG-US,2024-12-16,35.04,32425368,2680.0,USD
DDOG-US,2024-12-17,34.55,40749366,2680.0,USD
DDOG-US,2024-12-18,33.18,46967106,2680.0,USD
DDOG-US,2024-12-19,32.87,23025793,2680.0,USD
DDOG-US,2024-12-20,33.44,41845981,2680.0,USD
DDOG-US,2024-12-23,33.32,7536223,2680.0,USD
DDOG-US,2024-12-24,33.75,30987697,2680.0,USD
DDOG-US,2024-12-25,34.55,33781344,2680.0,USD
DDOG-US,2024-12-26,33.76,15224079,2680.0,USD
DDOG-US,2024-12-27,34.41,47021244,2680.0,USD
DDOG-US,2024-12-30,34.06,15953427,2680.0,USD
DDOG-US,2024-12-31,33.73,32762331,2680.0,USD
DDOG-US,2025-01-01,33.81,49797243,2680.0,USD
DDOG-US,2025-01-02,33.93,25727014,2680.0,USD
DDOG-US,2025-01-03,33.01,14278547,2680.0,USD
DDOG-US,2025-01-06,32.27,951333,2680.0,USD
DDOG-US,2025-01-07,32.81,24848246,2680.0,USD
DDOG-US,2025-01-08,33.28,37724723,2680.0,USD
DDOG-US,2025-01-09,33.32,8230222,2680.0,USD
DDOG-US,2025-01-10,33.67,42868146,2680.0,USD
DDOG-US,2025-01-13,34.1,39804748,2680.0,USD
DDOG-US,2025-01-14,34.52,2492165,2680.0,USD
DDOG-US,2025-01-15,34.28,13862909,2680.0,USD
DDOG-US,2025-01-16,34.39,18082445,2680.0,USD
DDOG-US,2025-01-17,34.71,48740312,2680.0,USD
DDOG-US,2025-01-20,35.18,17006382,2680.0,USD
DDOG-US,2025-01-21,36.1,12481712,2680.0,USD
DDOG-US,2025-01-22,36.22,18068335,2680.0,USD
DDOG-US,2025-01-23,36.55,7290760,2680.0,USD
DDOG-US,2025-01-24,37.38,25929075,2680.0,USD
DDOG-US,2025-01-27,37.5,44447527,2680.0,USD
DDOG-US,2025-01-28,37.58,14608791,2680.0,USD
DDOG-US,2025-01-29,37.32,20973060,2680.0,USD
DDOG-US,2025-01-30,36.82,25488002,2680.0,USD
DDOG-US,2025-01-31,36.97,44852833,2680.0,USD
DDOG-US,2025-02-03,37.3,42322497,2680.0,USD
DDOG-US,2025-02-04,37.92,29606326,2680.0,USD
DDOG-US,2025-02-05,38.08,10192683,2680.0,USD
DDOG-US,2025-02-06,37.95,9277482,2680.0,USD
DDOG-US,2025-02-07,38.06,25880272,2680.0,USD
DDOG-US,2025-02-10,37.71,47097301,2680.0,USD
DDOG-US,2025-02-11,37.19,43190830,2680.0,USD
DDOG-US,2025-02-12,37.73,16911448,2680.0,USD
DDOG-US,2025-02-13,38.59,39914772,2680.0,USD
DDOG-US,2025-02-14,38.13,13190431,2680.0,USD
DDOG-US,2025-02-17,38.44,10470157,2680.0,USD
DDOG-US,2025-02-18,38.07,22490273,2680.0,USD
DDOG-US,2025-02-19,38.09,19295401,2680.0,USD
DDOG-US,2025-02-20,38.91,8986488,2680.0,USD
DDOG-US,2025-02-21,39.83,33315606,2680.0,USD
DDOG-US,2025-02-24,38.58,14541695,2680.0,USD
DDOG-US,2025-02-25,38.45,45026878,2680.0,USD
DDOG-US,2025-02-26,37.46,41764331,2680.0,USD
DDOG-US,2025-02-27,38.09,43790019,2680.0,USD
DDOG-US,2025-02-28,38.37,34669049,2680.0,USD
SNOW-US,2024-12-09,157.59,25590576,3430.0,USD
SNOW-US,2024-12-10,158.1,35764075,3430.0,USD
SNOW-US,2024-12-11,156.86,33704930,3430.0,USD
SNOW-US,2024-12-12,153.4,32293371,3430.0,USD
SNOW-US,2024-12-13,153.18,39690410,3430.0,USD
SNOW-US,2024-12-16,155.54,44103129,3430.0,USD
SNOW-US,2024-12-17,157.19,14123132,3430.0,USD
SNOW-US,2024-12-18,157.61,30838579,3430.0,USD
SNOW-US,2024-12-19,159.21,21035247,3430.0,USD
SNOW-US,2024-12-20,157.44,29022800,3430.0,USD
SNOW-US,2024-12-23,159.84,25605919,3430.0,USD
SNOW-US,2024-12-24,157.88,17581168,3430.0,USD
SNOW-US,2024-12-25,156.72,6139033,3430.0,USD
SNOW-US,2024-12-26,156.37,20300337,3430.0,USD
SNOW-US,2024-12-27,154.36,39689041,3430.0,USD
SNOW-US,2024-12-30,155.15,3261054,3430.0,USD
SNOW-US,2024-12-31,152.03,29095244,3430.0,USD
SNOW-US,2025-01-01,152.76,30776244,3430.0,USD
SNOW-US,2025-01-02,150.51,33889549,3430.0,USD
SNOW-US,2025-01-03,151.02,21774880,3430.0,USD
SNOW-US,2025-01-06,150.99,30141213,3430.0,USD
SNOW-US,2025-01-07,151.54,16189408,3430.0,USD
SNOW-US,2025-01-08,151.5,6031012,3430.0,USD
SNOW-US,2025-01-09,152.44,20264756,3430.0,USD
SNOW-US,2025-01-10,153.99,43694915,3430.0,USD
SNOW-US,2025-01-13,151.72,5745162,3430.0,USD
SNOW-US,2025-01-14,152.93,7104123,3430.0,USD
SNOW-US,2025-01-15,147.87,8458298,3430.0,USD
SNOW-US,2025-01-16,148.47,13942348,3430.0,USD
SNOW-US,2025-01-17,148.79,22898109,3430.0,USD
SNOW-US,2025-01-20,149.49,20814898,3430.0,USD
SNOW-US,2025-01-21,151.42,46371547,3430.0,USD
SNOW-US,2025-01-22,152.3,41036038,3430.0,USD
SNOW-US,2025-01-23,151.12,9751971,3430.0,USD
SNOW-US,2025-01-24,154.95,36948544,3430.0,USD
SNOW-US,2025-01-27,154.96,18024503,3430.0,USD
SNOW-US,2025-01-28,156.97,23762103,3430.0,USD
SNOW-US,2025-01-29,157.12,27599306,3430.0,USD
SNOW-US,2025-01-30,161.29,44477009,3430.0,USD
SNOW-US,2025-01-31,159.84,1297972,3430.0,USD
SNOW-US,2025-02-03,157.06,10518087,3430.0,USD
SNOW-US,2025-02-04,157.6,27176128,3430.0,USD
SNOW-US,2025-02-05,158.18,14584474,3430.0,USD
SNOW-US,2025-02-06,161.99,32339012,3430.0,USD
SNOW-US,2025-02-07,162.37,37585381,3430.0,USD
SNOW-US,2025-02-10,165.64,31956496,3430.0,USD
SNOW-US,2025-02-11,165.22,6263031,3430.0,USD
SNOW-US,2025-02-12,162.55,21510096,3430.0,USD
SNOW-US,2025-02-13,164.06,47338045,3430.0,USD
SNOW-US,2025-02-14,161.96,28530558,3430.0,USD
SNOW-US,2025-02-17,162.68,37976731,3430.0,USD
SNOW-US,2025-02-18,165.31,2520250,3430.0,USD
SNOW-US,2025-02-19,163.06,9113130,3430.0,USD
SNOW-US,2025-02-20,165.39,21006585,3430.0,USD
SNOW-US,2025-02-21,165.76,44714549,3430.0,USD
SNOW-US,2025-02-24,165.69,24300993,3430.0,USD
SNOW-US,2025-02-25,164.35,46520762,3430.0,USD
SNOW-US,2025-02-26,166.57,27569616,3430.0,USD
SNOW-US,2025-02-27,166.93,20608312,3430.0,USD
SNOW-US,2025-02-28,163.16,22382825,3430.0,USD
PLTR-US,2024-12-09,180.41,22662737,2870.0,USD
PLTR-US,2024-12-10,180.76,38630644,2870.0,USD
PLTR-US,2024-12-11,178.29,41291268,2870.0,USD
PLTR-US,2024-12-12,175.7,39012349,2870.0,USD
PLTR-US,2024-12-13,180.7,14203939,2870.0,USD
PLTR-US,2024-12-16,175.12,26715148,2870.0,USD
PLTR-US,2024-12-17,177.57,32361789,2870.0,USD
PLTR-US,2024-12-18,178.65,7790596,2870.0,USD
PLTR-US,2024-12-19,175.44,43382785,2870.0,USD
PLTR-US,2024-12-20,181.41,20944411,2870.0,USD
PLTR-US,2024-12-23,182.53,37604945,2870.0,USD
PLTR-US,2024-12-24,183.3,12420956,2870.0,USD
PLTR-US,2024-12-25,187.47,33290285,2870.0,USD
PLTR-US,2024-12-26,188.39,2301101,2870.0,USD
PLTR-US,2024-12-27,188.86,26396915,2870.0,USD
PLTR-US,2024-12-30,189.91,19546678,2870.0,USD
PLTR-US,2024-12-31,190.61,35691599,2870.0,USD
PLTR-US,2025-01-01,192.95,5196240,2870.0,USD
PLTR-US,2025-01-02,190.34,1241357,2870.0,USD
PLTR-US,2025-01-03,191.17,12031028,2870.0,USD
PLTR-US,2025-01-06,188.31,26746630,2870.0,USD
PLTR-US,2025-01-07,193.85,11038470,2870.0,USD
PLTR-US,2025-01-08,195.44,28579234,2870.0,USD
PLTR-US,2025-01-09,195.4,32594890,2870.0,USD
PLTR-US,2025-01-10,195.33,14356617,2870.0,USD
PLTR-US,2025-01-13,192.48,9219607,2870.0,USD
PLTR-US,2025-01-14,194.25,48125255,2870.0,USD
PLTR-US,2025-01-15,192.48,45113479,2870.0,USD
PLTR-US,2025-01-16,188.66,21324802,2870.0,USD
PLTR-US,2025-01-17,189.32,39925917,2870.0,USD
PLTR-US,2025-01-20,190.69,31300045,2870.0,USD
PLTR-US,2025-01-21,195.1,18984531,2870.0,USD
PLTR-US,2025-01-22,197.84,30412540,2870.0,USD
PLTR-US,2025-01-23,206.6,4792956,2870.0,USD
PLTR-US,2025-01-24,208.57,17065160,2870.0,USD
PLTR-US,2025-01-27,204.83,35789632,2870.0,USD
PLTR-US,2025-01-28,203.0,33447675,2870.0,USD
PLTR-US,2025-01-29,206.53,31383805,2870.0,USD
PLTR-US,2025-01-30,205.75,6613797,2870.0,USD
PLTR-US,2025-01-31,206.01,19821432,2870.0,USD
PLTR-US,2025-02-03,201.87,23772135,2870.0,USD
PLTR-US,2025-02-04,196.53,47497447,2870.0,USD
PLTR-US,2025-02-05,199.47,26745630,2870.0,USD
PLTR-US,2025-02-06,195.1,41639579,2870.0,USD
PLTR-US,2025-02-07,197.69,28353719,2870.0,USD
PLTR-US,2025-02-10,192.58,17219154,2870.0,USD
PLTR-US,2025-02-11,194.35,29496170,2870.0,USD
PLTR-US,2025-02-12,198.06,31224327,2870.0,USD
PLTR-US,2025-02-13,194.86,47377020,2870.0,USD
PLTR-US,2025-02-14,197.76,38659124,2870.0,USD
PLTR-US,2025-02-17,201.61,3430272,2870.0,USD
PLTR-US,2025-02-18,204.32,16585676,2870.0,USD
PLTR-US,2025-02-19,205.73,42649950,2870.0,USD
PLTR-US,2025-02-20,204.6,36586955,2870.0,USD
PLTR-US,2025-02-21,202.88,47344939,2870.0,USD
PLTR-US,2025-02-24,209.49,49257123,2870.0,USD
PLTR-US,2025-02-25,209.17,33617390,2870.0,USD
PLTR-US,2025-02-26,207.07,28100409,2870.0,USD
PLTR-US,2025-02-27,211.07,25245190,2870.0,USD
PLTR-US,2025-02-28,210.94,5636085,2870.0,USD
COIN-US,2024-12-09,161.74,11562165,6564.0,USD
COIN-US,2024-12-10,159.34,17462880,6564.0,USD
COIN-US,2024-12-11,159.57,2293006,6564.0,USD
COIN-US,2024-12-12,160.32,5412066,6564.0,USD
COIN-US,2024-12-13,158.05,31497850,6564.0,USD
COIN-US,2024-12-16,155.37,26078917,6564.0,USD
COIN-US,2024-12-17,154.11,13546203,6564.0,USD
COIN-US,2024-12-18,156.1,27120363,6564.0,USD
COIN-US,2024-12-19,157.87,48086868,6564.0,USD
COIN-US,2024-12-20,158.34,9659056,6564.0,USD
COIN-US,2024-12-23,156.55,33031641,6564.0,USD
COIN-US,2024-12-24,160.05,31461144,6564.0,USD
COIN-US,2024-12-25,162.86,16760048,6564.0,USD
COIN-US,2024-12-26,164.18,48387646,6564.0,USD
COIN-US,2024-12-27,165.52,19232894,6564.0,USD
COIN-US,2024-12-30,165.15,11329124,6564.0,USD
COIN-US,2024-12-31,165.43,7245455,6564.0,USD
COIN-US,2025-01-01,165.89,12394147,6564.0,USD
COIN-US,2025-01-02,165.1,26729466,6564.0,USD
COIN-US,2025-01-03,168.09,11804714,6564.0,USD
COIN-US,2025-01-06,171.93,45958413,6564.0,USD
COIN-US,2025-01-07,174.03,18837649,6564.0,USD
COIN-US,2025-01-08,175.48,15040640,6564.0,USD
COIN-US,2025-01-09,177.57,48443396,6564.0,USD
COIN-US,2025-01-10,181.53,15006688,6564.0,USD
COIN-US,2025-01-13,182.46,30166019,6564.0,USD
COIN-US,2025-01-14,180.8,35589511,6564.0,USD
COIN-US,2025-01-15,175.98,43517599,6564.0,USD
COIN-US,2025-01-16,174.01,7398340,6564.0,USD
COIN-US,2025-01-17,170.79,26713956,6564.0,USD
COIN-US,2025-01-20,169.83,40644881,6564.0,USD
COIN-US,2025-01-21,167.31,813112,6564.0,USD
COIN-US,2025-01-22,169.69,14038411,6564.0,USD
COIN-US,2025-01-23,170.49,17257068,6564.0,USD
COIN-US,2025-01-24,169.2,6632839,6564.0,USD
COIN-US,2025-01-27,170.58,1576321,6564.0,USD
COIN-US,2025-01-28,163.84,23123514,6564.0,USD
COIN-US,2025-01-29,167.39,13395090,6564.0,USD
COIN-US,2025-01-30,167.05,6982931,6564.0,USD
COIN-US,2025-01-31,166.28,45067584,6564.0,USD
COIN-US,2025-02-03,167.08,28395813,6564.0,USD
COIN-US,2025-02-04,168.45,34893299,6564.0,USD
COIN-US,2025-02-05,170.25,38218813,6564.0,USD
COIN-US,2025-02-06,171.72,42562925,6564.0,USD
COIN-US,2025-02-07,172.43,36853049,6564.0,USD
COIN-US,2025-02-10,174.11,27012290,6564.0,USD
COIN-US,2025-02-11,175.4,14846532,6564.0,USD
COIN-US,2025-02-12,174.95,7605843,6564.0,USD
COIN-US,2025-02-13,173.99,27487124,6564.0,USD
COIN-US,2025-02-14,175.31,44388711,6564.0,USD
COIN-US,2025-02-17,174.31,31287931,6564.0,USD
COIN-US,2025-02-18,176.73,15270405,6564.0,USD
COIN-US,2025-02-19,181.25,44117070,6564.0,USD
COIN-US,2025-02-20,183.31,42369850,6564.0,USD
COIN-US,2025-02-21,182.67,15167370,6564.0,USD
COIN-US,2025-02-24,183.47,28088241,6564.0,USD
COIN-US,2025-02-25,182.35,7332594,6564.0,USD
COIN-US,2025-02-26,185.91,48317153,6564.0,USD
COIN-US,2025-02-27,177.67,38698705,6564.0,USD
COIN-US,2025-02-28,175.89,12006426,6564.0,USD
TGT-US,2024-12-09,42.81,42837232,107588.0,USD
TGT-US,2024-12-10,42.61,47228933,107588.0,USD
TGT-US,2024-12-11,41.51,47054811,107588.0,USD
TGT-US,2024-12-12,42.43,9420877,107588.0,USD
TGT-US,2024-12-13,42.0,46645739,107588.0,USD
TGT-US,2024-12-16,42.79,21838402,107588.0,USD
TGT-US,2024-12-17,43.74,5030753,107588.0,USD
TGT-US,2024-12-18,43.62,22988530,107588.0,USD
TGT-US,2024-12-19,45.07,30625945,107588.0,USD
TGT-US,2024-12-20,45.25,26160510,107588.0,USD
TGT-US,2024-12-23,44.15,34283947,107588.0,USD
TGT-US,2024-12-24,44.09,39924346,107588.0,USD
TGT-US,2024-12-25,44.07,1923605,107588.0,USD
TGT-US,2024-12-26,43.98,41862459,107588.0,USD
TGT-US,2024-12-27,44.01,16364288,107588.0,USD
TGT-US,2024-12-30,43.69,29256005,107588.0,USD
TGT-US,2024-12-31,43.74,4521365,107588.0,USD
TGT-US,2025-01-01,42.84,9731192,107588.0,USD
TGT-US,2025-01-02,42.47,10678440,107588.0,USD
TGT-US,2025-01-03,42.87,25716017,107588.0,USD
TGT-US,2025-01-06,42.93,49174624,107588.0,USD
TGT-US,2025-01-07,43.11,40636146,107588.0,USD
TGT-US,2025-01-08,43.83,22558002,107588.0,USD
TGT-US,2025-01-09,43.79,9510506,107588.0,USD
TGT-US,2025-01-10,43.64,3158012,107588.0,USD
TGT-US,2025-01-13,44.57,35455185,107588.0,USD
TGT-US,2025-01-14,44.77,19857894,107588.0,USD
TGT-US,2025-01-15,44.11,2090032,107588.0,USD
TGT-US,2025-01-16,44.26,23500114,107588.0,USD
TGT-US,2025-01-17,45.35,16757054,107588.0,USD
TGT-US,2025-01-20,45.42,45127798,107588.0,USD
TGT-US,2025-01-21,45.65,17165684,107588.0,USD
TGT-US,2025-01-22,46.0,15427967,107588.0,USD
TGT-US,2025-01-23,45.01,41306430,107588.0,USD
TGT-US,2025-01-24,45.59,12817528,107588.0,USD
TGT-US,2025-01-27,45.01,30186336,107588.0,USD
TGT-US,2025-01-28,44.85,33493555,107588.0,USD
TGT-US,2025-01-29,44.69,5196608,107588.0,USD
TGT-US,2025-01-30,44.91,9998052,107588.0,USD
TGT-US,2025-01-31,44.86,14204973,107588.0,USD
TGT-US,2025-02-03,45.17,37332505,107588.0,USD
TGT-US,2025-02-04,45.48,14215262,107588.0,USD
TGT-US,2025-02-05,45.52,49153195,107588.0,USD
TGT-US,2025-02-06,45.8,31844822,107588.0,USD
TGT-US,2025-02-07,45.4,16936635,107588.0,USD
TGT-US,2025-02-10,46.43,28955284,107588.0,USD
TGT-US,2025-02-11,46.68,19649708,107588.0,USD
TGT-US,2025-02-12,47.16,39183014,107588.0,USD
TGT-US,2025-02-13,46.23,18744268,107588.0,USD
TGT-US,2025-02-14,46.55,32790819,107588.0,USD
TGT-US,2025-02-17,48.21,27225734,107588.0,USD
TGT-US,2025-02-18,49.16,25848191,107588.0,USD
TGT-US,2025-02-19,49.57,34409609,107588.0,USD
TGT-US,2025-02-20,50.28,41395753,107588.0,USD
TGT-US,2025-02-21,50.17,32846521,107588.0,USD
TGT-US,2025-02-24,48.92,1829498,107588.0,USD
TGT-US,2025-02-25,48.99,6085662,107588.0,USD
TGT-US,2025-02-26,48.24,20648198,107588.0,USD
TGT-US,2025-02-27,47.91,49264537,107588.0,USD
TGT-US,2025-02-28,47.69,12290981,107588.0,USD
INTU-US,2024-12-09,6.23,19506958,16399.0,USD
INTU-US,2024-12-10,6.29,25675681,16399.0,USD
INTU-US,2024-12-11,6.19,22862964,16399.0,USD
INTU-US,2024-12-12,6.15,9670852,16399.0,USD
INTU-US,2024-12-13,6.14,13225573,16399.0,USD
INTU-US,2024-12-16,6.08,780552,16399.0,USD
INTU-US,2024-12-17,6.19,49177104,16399.0,USD
INTU-US,2024-12-18,6.2,25616016,16399.0,USD
INTU-US,2024-12-19,5.99,26984492,16399.0,USD
INTU-US,2024-12-20,6.01,25541330,16399.0,USD
INTU-US,2024-12-23,5.95,39980749,16399.0,USD
INTU-US,2024-12-24,6.0,5280456,16399.0,USD
INTU-US,2024-12-25,5.98,8853544,16399.0,USD
INTU-US,2024-12-26,6.0,26325236,16399.0,USD
INTU-US,2024-12-27,6.05,29779459,16399.0,USD
INTU-US,2024-12-30,6.03,17630102,16399.0,USD
INTU-US,2024-12-31,6.05,23892719,16399.0,USD
INTU-US,2025-01-01,5.9,34699238,16399.0,USD
INTU-US,2025-01-02,5.87,25208177,16399.0,USD
INTU-US,2025-01-03,5.75,47238331,16399.0,USD
INTU-US,2025-01-06,5.84,28956865,16399.0,USD
INTU-US,2025-01-07,5.87,49869589,16399.0,USD
INTU-US,2025-01-08,5.87,24754102,16399.0,USD
INTU-US,2025-01-09,5.97,42842519,16399.0,USD
INTU-US,2025-01-10,5.97,45172735,16399.0,USD
INTU-US,2025-01-13,5.95,43807600,16399.0,USD
INTU-US,2025-01-14,6.03,46205598,16399.0,USD
INTU-US,2025-01-15,6.13,10389658,16399.0,USD
INTU-US,2025-01-16,6.12,44966646,16399.0,USD
INTU-US,2025-01-17,6.25,11333210,16399.0,USD
INTU-US,2025-01-20,6.41,43744776,16399.0,USD
INTU-US,2025-01-21,6.43,48255302,16399.0,USD
INTU-US,2025-01-22,6.51,39836560,16399.0,USD
INTU-US,2025-01-23,6.47,5892084,16399.0,USD
INTU-US,2025-01-24,6.41,28883349,16399.0,USD
INTU-US,2025-01-27,6.4,11628233,16399.0,USD
INTU-US,2025-01-28,6.44,20781611,16399.0,USD
INTU-US,2025-01-29,6.38,34097839,16399.0,USD
INTU-US,2025-01-30,6.51,26188508,16399.0,USD
INTU-US,2025-01-31,6.49,39831147,16399.0,USD
INTU-US,2025-02-03,6.45,49331904,16399.0,USD
INTU-US,2025-02-04,6.55,6464195,16399.0,USD
INTU-US,2025-02-05,6.65,23611810,16399.0,USD
INTU-US,2025-02-06,6.73,10077339,16399.0,USD
INTU-US,2025-02-07,6.73,27207329,16399.0,USD
INTU-US,2025-02-10,6.8,47409699,16399.0,USD
INTU-US,2025-02-11,6.69,33498989,16399.0,USD
INTU-US,2025-02-12,6.97,605936,16399.0,USD
INTU-US,2025-02-13,7.12,28540741,16399.0,USD
INTU-US,2025-02-14,7.23,35729602,16399.0,USD
INTU-US,2025-02-17,7.15,29420537,16399.0,USD
INTU-US,2025-02-18,7.2,11951071,16399.0,USD
INTU-US,2025-02-19,7.23,9514872,16399.0,USD
INTU-US,2025-02-20,7.3,13788932,16399.0,USD
INTU-US,2025-02-21,7.17,7897963,16399.0,USD
INTU-US,2025-02-24,7.18,30743333,16399.0,USD
INTU-US,2025-02-25,7.12,13984912,16399.0,USD
INTU-US,2025-02-26,7.09,4458219,16399.0,USD
INTU-US,2025-02-27,7.09,13377173,16399.0,USD
INTU-US,2025-02-28,6.9,17904812,16399.0,USD
SYK-US,2024-12-09,5.69,7827982,22600.0,USD
SYK-US,2024-12-10,5.76,43210338,22600.0,USD
SYK-US,2024-12-11,5.8,25848933,22600.0,USD
SYK-US,2024-12-12,5.87,8867239,22600.0,USD
SYK-US,2024-12-13,5.85,39802064,22600.0,USD
SYK-US,2024-12-16,5.94,16255827,22600.0,USD
SYK-US,2024-12-17,5.81,7265187,22600.0,USD
SYK-US,2024-12-18,5.83,1137975,22600.0,USD
SYK-US,2024-12-19,5.96,984972,22600.0,USD
SYK-US,2024-12-20,6.02,45149022,22600.0,USD
SYK-US,2024-12-23,5.79,6998946,22600.0,USD
SYK-US,2024-12-24,5.66,14664557,22600.0,USD
SYK-US,2024-12-25,5.66,40965629,22600.0,USD
SYK-US,2024-12-26,5.66,35401583,22600.0,USD
SYK-US,2024-12-27,5.8,33109952,22600.0,USD
SYK-US,2024-12-30,5.79,32258047,22600.0,USD
SYK-US,2024-12-31,5.8,23085501,22600.0,USD
SYK-US,2025-01-01,5.68,25382968,22600.0,USD
SYK-US,2025-01-02,5.65,21654311,22600.0,USD
SYK-US,2025-01-03,5.58,16579084,22600.0,USD
SYK-US,2025-01-06,5.7,25896389,22600.0,USD
SYK-US,2025-01-07,5.65,41490702,22600.0,USD
SYK-US,2025-01-08,5.73,22663054,22600.0,USD
SYK-US,2025-01-09,5.76,7222789,22600.0,USD
SYK-US,2025-01-10,5.94,27464902,22600.0,USD
SYK-US,2025-01-13,5.94,49168702,22600.0,USD
SYK-US,2025-01-14,6.05,2223384,22600.0,USD
SYK-US,2025-01-15,5.87,40893441,22600.0,USD
SYK-US,2025-01-16,5.95,47426854,22600.0,USD
SYK-US,2025-01-17,6.03,17179078,22600.0,USD
SYK-US,2025-01-20,5.95,44716426,22600.0,USD
SYK-US,2025-01-21,6.04,32390093,22600.0,USD
SYK-US,2025-01-22,5.91,709990,22600.0,USD
SYK-US,2025-01-23,5.9,43320371,22600.0,USD
SYK-US,2025-01-24,6.06,1616040,22600.0,USD
SYK-US,2025-01-27,6.01,43032074,22600.0,USD
SYK-US,2025-01-28,6.0,49879576,22600.0,USD
SYK-US,2025-01-29,6.02,22345626,22600.0,USD
SYK-US,2025-01-30,5.99,33016670,22600.0,USD
SYK-US,2025-01-31,5.94,27354631,22600.0,USD
SYK-US,2025-02-03,5.93,23876296,22600.0,USD
SYK-US,2025-02-04,5.77,29216975,22600.0,USD
SYK-US,2025-02-05,5.96,32452000,22600.0,USD
SYK-US,2025-02-06,5.89,44680382,22600.0,USD
SYK-US,2025-02-07,6.01,49776545,22600.0,USD
SYK-US,2025-02-10,5.86,26327419,22600.0,USD
SYK-US,2025-02-11,5.84,10107401,22600.0,USD
SYK-US,2025-02-12,5.9,35400261,22600.0,USD
SYK-US,2025-02-13,6.01,48594616,22600.0,USD
SYK-US,2025-02-14,5.9,34365590,22600.0,USD
SYK-US,2025-02-17,6.01,6344503,22600.0,USD
SYK-US,2025-02-18,6.03,20723142,22600.0,USD
SYK-US,2025-02-19,6.18,31826622,22600.0,USD
SYK-US,2025-02-20,5.91,11777835,22600.0,USD
SYK-US,2025-02-21,6.09,32857783,22600.0,USD
SYK-US,2025-02-24,5.96,44969159,22600.0,USD
SYK-US,2025-02-25,5.89,11937565,22600.0,USD
SYK-US,2025-02-26,5.88,44774744,22600.0,USD
SYK-US,2025-02-27,5.87,48534186,22600.0,USD
SYK-US,2025-02-28,5.83,2461040,22600.0,USD
PANW-US,2024-12-09,278.29,19314496,8387.0,USD
PANW-US,2024-12-10,282.02,15289185,8387.0,USD
PANW-US,2024-12-11,280.9,45503289,8387.0,USD
PANW-US,2024-12-12,274.86,8760974,8387.0,USD
PANW-US,2024-12-13,270.21,43016699,8387.0,USD
PANW-US,2024-12-16,262.39,49181736,8387.0,USD
PANW-US,2024-12-17,255.46,22833904,8387.0,USD
PANW-US,2024-12-18,255.88,15519380,8387.0,USD
PANW-US,2024-12-19,261.91,40810913,8387.0,USD
PANW-US,2024-12-20,259.21,4839730,8387.0,USD
PANW-US,2024-12-23,256.95,48646766,8387.0,USD
PANW-US,2024-12-24,254.08,49892290,8387.0,USD
PANW-US,2024-12-25,253.29,38208466,8387.0,USD
PANW-US,2024-12-26,247.89,29824040,8387.0,USD
PANW-US,2024-12-27,248.92,8263822,8387.0,USD
PANW-US,2024-12-30,246.51,20027102,8387.0,USD
PANW-US,2024-12-31,247.95,40241901,8387.0,USD
PANW-US,2025-01-01,248.87,13126960,8387.0,USD
PANW-US,2025-01-02,248.88,25178414,8387.0,USD
PANW-US,2025-01-03,247.1,9050841,8387.0,USD
PANW-US,2025-01-06,252.73,39216233,8387.0,USD
PANW-US,2025-01-07,245.32,49953722,8387.0,USD
PANW-US,2025-01-08,246.7,36443711,8387.0,USD
PANW-US,2025-01-09,246.79,13241132,8387.0,USD
PANW-US,2025-01-10,252.79,21950877,8387.0,USD
PANW-US,2025-01-13,244.19,24996335,8387.0,USD
PANW-US,2025-01-14,246.77,8976343,8387.0,USD
PANW-US,2025-01-15,238.6,35379924,8387.0,USD
PANW-US,2025-01-16,236.2,7652860,8387.0,USD
PANW-US,2025-01-17,232.21,27028965,8387.0,USD
PANW-US,2025-01-20,239.09,21701450,8387.0,USD
PANW-US,2025-01-21,239.56,10210705,8387.0,USD
PANW-US,2025-01-22,240.85,15190414,8387.0,USD
PANW-US,2025-01-23,238.15,34043202,8387.0,USD
PANW-US,2025-01-24,237.36,19518170,8387.0,USD
PANW-US,2025-01-27,235.61,10289216,8387.0,USD
PANW-US,2025-01-28,235.56,47675304,8387.0,USD
PANW-US,2025-01-29,228.76,2804777,8387.0,USD
PANW-US,2025-01-30,226.43,46711163,8387.0,USD
PANW-US,2025-01-31,224.8,8785529,8387.0,USD
PANW-US,2025-02-03,223.9,39018605,8387.0,USD
PANW-US,2025-02-04,230.42,32597011,8387.0,USD
PANW-US,2025-02-05,228.85,20061905,8387.0,USD
PANW-US,2025-02-06,227.16,47754067,8387.0,USD
PANW-US,2025-02-07,228.39,22856952,8387.0,USD
PANW-US,2025-02-10,228.21,10747673,8387.0,USD
PANW-US,2025-02-11,229.38,49667852,8387.0,USD
PANW-US,2025-02-12,227.36,15604308,8387.0,USD
PANW-US,2025-02-13,227.09,12513844,8387.0,USD
PANW-US,2025-02-14,226.09,33215883,8387.0,USD
PANW-US,2025-02-17,225.75,44741539,8387.0,USD
PANW-US,2025-02-18,223.0,11183276,8387.0,USD
PANW-US,2025-02-19,227.27,23143211,8387.0,USD
PANW-US,2025-02-20,227.1,28849298,8387.0,USD
PANW-US,2025-02-21,222.63,26763907,8387.0,USD
PANW-US,2025-02-24,213.55,26743800,8387.0,USD
PANW-US,2025-02-25,218.26,19449132,8387.0,USD
PANW-US,2025-02-26,220.62,47233023,8387.0,USD
PANW-US,2025-02-27,225.24,37276330,8387.0,USD
PANW-US,2025-02-28,222.87,26925622,8387.0,USD
FDS-US,2024-12-09,56.68,4132153,2204.0,USD
FDS-US,2024-12-10,55.58,48119613,2204.0,USD
FDS-US,2024-12-11,55.19,39232378,2204.0,USD
FDS-US,2024-12-12,56.35,9731559,2204.0,USD
FDS-US,2024-12-13,55.46,10218899,2204.0,USD
FDS-US,2024-12-16,55.81,14577181,2204.0,USD
FDS-US,2024-12-17,56.11,49846415,2204.0,USD
FDS-US,2024-12-18,57.49,44203842,2204.0,USD
FDS-US,2024-12-19,58.9,39133371,2204.0,USD
FDS-US,2024-12-20,59.0,7341603,2204.0,USD
FDS-US,2024-12-23,57.86,10405634,2204.0,USD
FDS-US,2024-12-24,55.55,25770231,2204.0,USD
FDS-US,2024-12-25,56.4,11789248,2204.0,USD
FDS-US,2024-12-26,56.14,4280343,2204.0,USD
FDS-US,2024-12-27,58.03,12554958,2204.0,USD
FDS-US,2024-12-30,59.39,4021344,2204.0,USD
FDS-US,2024-12-31,60.2,23215398,2204.0,USD
FDS-US,2025-01-01,60.95,40321889,2204.0,USD
FDS-US,2025-01-02,60.49,48989537,2204.0,USD
FDS-US,2025-01-03,60.72,27611578,2204.0,USD
FDS-US,2025-01-06,60.75,27118381,2204.0,USD
FDS-US,2025-01-07,61.23,33291128,2204.0,USD
FDS-US,2025-01-08,60.84,12075406,2204.0,USD
FDS-US,2025-01-09,62.02,44308462,2204.0,USD
FDS-US,2025-01-10,61.99,45512323,2204.0,USD
FDS-US,2025-01-13,60.4,44692452,2204.0,USD
FDS-US,2025-01-14,61.28,44141628,2204.0,USD
FDS-US,2025-01-15,61.84,26142358,2204.0,USD
FDS-US,2025-01-16,61.65,25150633,2204.0,USD
FDS-US,2025-01-17,63.0,1278625,2204.0,USD
FDS-US,2025-01-20,63.3,33330893,2204.0,USD
FDS-US,2025-01-21,63.59,43544251,2204.0,USD
FDS-US,2025-01-22,63.05,2045299,2204.0,USD
FDS-US,2025-01-23,62.09,39882869,2204.0,USD
FDS-US,2025-01-24,61.02,18869360,2204.0,USD
FDS-US,2025-01-27,60.51,47055153,2204.0,USD
FDS-US,2025-01-28,60.48,12653186,2204.0,USD
FDS-US,2025-01-29,58.88,26267111,2204.0,USD
FDS-US,2025-01-30,57.64,29602193,2204.0,USD
FDS-US,2025-01-31,57.78,20522825,2204.0,USD
FDS-US,2025-02-03,57.44,4761298,2204.0,USD
FDS-US,2025-02-04,57.28,48400169,2204.0,USD
FDS-US,2025-02-05,58.59,12907747,2204.0,USD
FDS-US,2025-02-06,57.76,27701270,2204.0,USD
FDS-US,2025-02-07,57.84,37816565,2204.0,USD
FDS-US,2025-02-10,57.7,36498321,2204.0,USD
FDS-US,2025-02-11,57.94,4790381,2204.0,USD
FDS-US,2025-02-12,56.91,35322864,2204.0,USD
FDS-US,2025-02-13,57.48,44234891,2204.0,USD
FDS-US,2025-02-14,56.58,8827493,2204.0,USD
FDS-US,2025-02-17,56.61,44696715,2204.0,USD
FDS-US,2025-02-18,56.05,8373619,2204.0,USD
FDS-US,2025-02-19,56.55,12575405,2204.0,USD
FDS-US,2025-02-20,57.6,857287,2204.0,USD
FDS-US,2025-02-21,56.16,8757430,2204.0,USD
FDS-US,2025-02-24,55.67,3126853,2204.0,USD
FDS-US,2025-02-25,56.07,11318637,2204.0,USD
FDS-US,2025-02-26,56.51,6393562,2204.0,USD
FDS-US,2025-02-27,54.99,2849164,2204.0,USD
FDS-US,2025-02-28,54.39,6178102,2204.0,USD
