holder_name,holder_ticker,held_name,held_ticker,cusip,shares_held,market_value_usd,ownership_pct,report_date,position_type,filing_type,manager_name,contact_email
Morgan Stanley IM,MS,Chevron Corp,CVX,166764100,41327893,16729932079.95,3.9238,2025-06-30,Unchanged,13F-HR,Jennifer Thompson,jennifer.thompson@morganstan.com
Appaloosa Management,APLS,Visa Inc,V,92826C839,15771764,8592151418.27,0.2738,2024-06-30,New,13F-HR,Jennifer Jones,jennifer.jones@appaloosam.com
Appaloosa Management,APLS,Cisco Systems,CSCO,17275R102,29114428,21006499628.56,-0.9898,2025-09-30,Increased,13F-HR,Patricia Anderson,patricia.anderson@appaloosam.com
Appaloosa Management,APLS,Bank of America,BAC,060505104,29112780,20746342127.47,0.6096,2025-06-30,Decreased,13F-HR,William Martin,william.martin@appaloosam.com
BlackRock Inc,BLK,Salesforce Inc,CRM,79466L302,45538647,7037612605.83,0.6060,2024-12-31,Increased,13F-NT,Margaret Brown,margaret.brown@blackrocki.com
Fidelity Investments,FNF,Amazon.com Inc,AMZN,023135106,33789950,22163595188.65,0.5753,2025-06-30,New,13F-HR,Nancy Thomas,nancy.thomas@fidelityin.com
Goldman Sachs AM,GS,Tesla Inc,TSLA,88160R101,28017633,10623817410.42,3.3832,2024-06-30,Unchanged,13F-HR,Richard Smith,richard.smith@goldmansac.com
State Street Corp,STT,Pfizer Inc,PFE,717081103,30231567,17218990799.48,1.0523,2024-12-31,Increased,13F-NT,James Anderson,james.anderson@statestree.com
Renaissance Technologies,RNTC,Cisco Systems,CSCO,17275R102,12118514,7444353010.44,0.3327,2024-09-30,Increased,13F-HR,Mark Rodriguez,mark.rodriguez@renaissanc.com
Citadel Advisors,CDLC,Visa Inc,V,92826C839,28432327,15860855104.36,3.9014,2024-09-30,Unchanged,13F-HR,Dorothy Rodriguez,dorothy.rodriguez@citadeladv.com
Capital Group,CGBL,Exxon Mobil,XOM,30231G102,31535377,18920443871.00,0.4045,2024-09-30,Unchanged,13F-HR,Elizabeth Martin,elizabeth.martin@capitalgro.com
Two Sigma Investments,TWSM,Cisco Systems,CSCO,17275R102,44453345,27258005327.64,1.0182,2024-09-30,New,13F-HR,Daniel Thomas,daniel.thomas@twosigmain.com
Two Sigma Investments,TWSM,Johnson & Johnson,JNJ,478160104,46993834,5873868387.86,0.8417,2025-12-31,New,13F-HR,Susan Jackson,susan.jackson@twosigmain.com
Millennium Management,MLNM,NVIDIA Corp,NVDA,67066G104,37563964,16347488190.65,0.6588,2024-06-30,Unchanged,13F-NT,Elizabeth Martinez,elizabeth.martinez@millennium.com
Baupost Group,BPST,Adobe Inc,ADBE,00724F101,43222290,1810117496.54,0.7471,2025-06-30,New,13F-HR,Michael Johnson,michael.johnson@baupostgro.com
Two Sigma Investments,TWSM,Intel Corp,INTC,458140100,43520768,34573054884.70,3.1556,2024-06-30,Unchanged,13F-HR,Elizabeth Moore,elizabeth.moore@twosigmain.com
T. Rowe Price,TROW,Procter & Gamble,PG,742718109,18994666,6119794877.79,0.4964,2025-06-30,Increased,13F-HR,Dorothy Johnson,dorothy.johnson@troweprice.com
Fidelity Investments,FNF,Coca-Cola Co,KO,191216100,37090990,21580396075.53,0.5263,2025-09-30,Increased,13F-HR,James Smith,james.smith@fidelityin.com
Fidelity Investments,FNF,Johnson & Johnson,JNJ,478160104,7242652,2116752948.06,0.1300,2025-03-31,New,13F-HR,Nancy Garcia,nancy.garcia@fidelityin.com
Goldman Sachs AM,GS,Berkshire Hathaway,BRK.B,084670702,17878210,11189651280.38,0.2891,2024-06-30,New,13F-HR,Susan Williams,susan.williams@goldmansac.com
Bridgewater Associates,BWTR,Alphabet Inc,GOOGL,02079K305,N/A,29291850553.97,0.5243,2024-06-30,Unchanged,13F-HR,Sarah Martinez,sarah.martinez@bridgewate.com
Point72 Asset Mgmt,PT72,Bank of America,BAC,060505104,24323339,12881575715.51,0.7848,2024-06-30,Increased,13F-NT,Steven Hernandez,steven.hernandez@point72ass.com
DE Shaw & Co,DSHW,Johnson & Johnson,JNJ,478160104,10607471,4971325783.10,0.3276,2024-09-30,Unchanged,13F-HR,William Lopez,william.lopez@deshaw&co.com
Point72 Asset Mgmt,PT72,Home Depot,HD,437076102,37161595,2510909452.61,0.5755,2024-12-31,Unchanged,13F-HR,Nancy Hernandez,nancy.hernandez@point72ass.com
AQR Capital Management,AQRC,Intel Corp,INTC,458140100,13692837,3314628017.62,0.1768,2026-07-23,Increased,13F-HR,Lisa Johnson,lisa.johnson@aqrcapital.com
Wellington Management,WMGI,Bank of America,BAC,060505104,6077039,1090802546.64,0.1836,2024-06-30,Increased,13F-HR,Jennifer Martin,jennifer.martin@wellington.com
Two Sigma Investments,TWSM,Amazon.com Inc,AMZN,023135106,25689189,15163536563.84,0.6716,2024-03-31,Increased,13F-HR,Robert Johnson,robert.johnson@twosigmain.com
DE Shaw & Co,DSHW,Pfizer Inc,PFE,717081103,10535333,7968654676.70,0.1651,2024-03-31,Unchanged,13F-HR,David Lopez,david.lopez@deshaw&co.com
Wellington Management,WMGI,NVIDIA Corp,NVDA,67066G104,49629984,4460065626.55,0.8866,2024-06-30,Increased,13F-HR,Sarah Johnson,sarah.johnson@wellington.com
DE Shaw & Co,DSHW,Chevron Corp,CVX,166764100,19126887,5328141958.33,1.0968,2024-06-30,Unchanged,13F-HR,Elizabeth Davis,elizabeth.davis@deshaw&co.com
Citadel Advisors,CDLC,Johnson & Johnson,JNJ,478160104,23814309,11673626515.12,0.6055,2024-06-30,Unchanged,13F-HR,James Lopez,james.lopez@citadeladv.com
Morgan Stanley IM,MS,Berkshire Hathaway,BRK.B,084670702,48414572,8240922630.27,0.9120,2024-06-30,Increased,13F-HR,Margaret Garcia,margaret.garcia@morganstan.com
Citadel Advisors,CDLC,Home Depot,HD,437076102,47575620,3340962379.78,0.7960,2025-09-30,Increased,13F-HR,Sarah Rodriguez,sarah.rodriguez@citadeladv.com
Renaissance Technologies,RNTC,Chevron Corp,CVX,166764100,11904154,5299126280.06,0.8752,2025-06-30,Decreased,13F-HR,Mark Williams,mark.williams@renaissanc.com
Bridgewater Associates,BWTR,Home Depot,HD,437076102,36471506,4320340638.84,0.6320,2024-03-31,New,13F-NT,Steven Brown,steven.brown@bridgewate.com
Bridgewater Associates,BWTR,Alphabet Inc,GOOGL,02079K305,35511676,5172622746.46,0.5404,2024-09-30,Decreased,13F-HR,Jennifer Hernandez,jennifer.hernandez@bridgewate.com
DE Shaw & Co,DSHW,UnitedHealth Group,UNH,91324P102,29480084,15613753810.76,4.2764,2024-06-30,Decreased,13F-HR,Margaret Williams,margaret.williams@deshaw&co.com
Baupost Group,BPST,Walt Disney Co,DIS,254687106,46613410,13838054208.99,1.5188,2025-03-31,New,13F-HR,David Martin,david.martin@baupostgro.com
T. Rowe Price,TROW,Adobe Inc,ADBE,00724F101,34738894,12394537890.35,0.7633,2025-09-30,Unchanged,13F-NT,James Miller,james.miller@troweprice.com
State Street Corp,STT,Coca-Cola Co,KO,191216100,6503609,3600881097.29,0.1173,2025-09-30,Increased,13F-HR,David Taylor,david.taylor@statestree.com
Wellington Management,WMGI,Tesla Inc,TSLA,88160R101,25031117,8049263760.72,0.3438,2024-12-31,Increased,13F-HR,Karen Brown,karen.brown@wellington.com
BlackRock Inc,BLK,Coca-Cola Co,KO,191216100,32299315,7219062276.09,0.5061,2024-12-31,New,13F-NT,Nancy Moore,nancy.moore@blackrocki.com
Fidelity Investments,FNF,Amazon.com Inc,AMZN,023135106,30560946,21344913661.76,0.4195,2024-12-31,Decreased,13F-HR,Margaret Rodriguez,margaret.rodriguez@fidelityin.com
BlackRock Inc,BLK,Chevron Corp,CVX,166764100,34496808,13235636800.85,0.5591,2024-06-30,Decreased,13F-HR,Margaret Johnson,margaret.johnson@blackrocki.com
Point72 Asset Mgmt,PT72,Walt Disney Co,DIS,254687106,40720104,17297659636.03,1.9000,2025-09-30,Unchanged,13F-HR,Dorothy Brown,dorothy.brown@point72ass.com
Wellington Management,WMGI,Pfizer Inc,PFE,717081103,43724761,32242728649.20,0.8353,2024-03-31,Increased,13F-HR,Richard Davis,richard.davis@wellington.com
Capital Group,CGBL,Apple Inc,AAPL,037833100,2887288,408942907.85,0.1588,2024-03-31,Increased,13F-HR,Lisa White,lisa.white@capitalgro.com
State Street Corp,STT,Pfizer Inc,PFE,717081103,30059343,19042892413.23,5.2473,2024-06-30,Increased,13F-HR,Sarah Davis,sarah.davis@statestree.com
Millennium Management,MLNM,Tesla Inc,TSLA,88160R101,pending,7315915053.87,0.6338,2025-12-31,Increased,13F-HR,Mark Davis,mark.davis@millennium.com
JP Morgan Asset Mgmt,JPM,Johnson & Johnson,JNJ,478160104,24506394,14318005100.50,0.4256,2025-09-30,Increased,13F-HR,Mark Miller,mark.miller@jpmorganas.com
Renaissance Technologies,RNTC,Microsoft Corp,MSFT,594918104,12269299,2383552622.02,0.1680,2025-03-31,Increased,13F-HR,Karen Davis,karen.davis@renaissanc.com
Capital Group,CGBL,Exxon Mobil,XOM,30231G102,35477345,9390209391.20,0.5684,2024-12-31,Increased,13F-HR,David Rodriguez,david.rodriguez@capitalgro.com
Two Sigma Investments,TWSM,Meta Platforms,META,30303M102,19484519,15224812814.50,0.3356,2024-03-31,Decreased,13F-NT,Steven Davis,steven.davis@twosigmain.com
Wellington Management,WMGI,Johnson & Johnson,JNJ,478160104,23641978,8187889614.33,0.5628,2025-12-31,Increased,13F-HR,David Jones,david.jones@wellington.com
Two Sigma Investments,TWSM,Netflix Inc,NFLX,64110L106,37983995,29715517198.02,0.8112,2025-06-30,Increased,13F-HR,Nancy Johnson,nancy.johnson@twosigmain.com
Goldman Sachs AM,GS,Adobe Inc,ADBE,00724F101,23560111,13993473736.65,0.3094,2024-09-30,Increased,13F-HR,Steven Miller,steven.miller@goldmansac.com
Capital Group,CGBL,Berkshire Hathaway,BRK.B,084670702,19682007,13547642389.84,1.8466,2025-03-31,New,13F-HR,Thomas Jones,thomas.jones@capitalgro.com
Millennium Management,MLNM,Adobe Inc,ADBE,00724F101,29821740,14775915986.63,0.5190,2024-12-31,Increased,13F-NT,Margaret Anderson,margaret.anderson@millennium.com
Vanguard Group,VGI,Adobe Inc,ADBE,00724F101,38711061,24768714567.71,2.9652,2025-03-31,New,13F-HR,Margaret Davis,margaret.davis@vanguardgr.com
Goldman Sachs AM,GS,Intel Corp,INTC,458140100,17821053,3230731173.38,0.3145,2024-12-31,Decreased,13F-HR,Lisa Lopez,lisa.lopez@goldmansac.com
T. Rowe Price,TROW,NVIDIA Corp,NVDA,67066G104,8401286,4937120606.42,0.2513,2024-03-31,Increased,13F-HR,Michael Miller,michael.miller@troweprice.com
DE Shaw & Co,DSHW,Salesforce Inc,CRM,79466L302,6442807,4289570663.05,0.1029,2025-12-31,Increased,13F-HR,Margaret Jones,margaret.jones@deshaw&co.com
BlackRock Inc,BLK,Procter & Gamble,PG,742718109,20522928,10030407034.05,0.5408,2025-03-31,Unchanged,13F-HR,Susan Garcia,susan.garcia@blackrocki.com
Baupost Group,BPST,Exxon Mobil,XOM,30231G102,8151518,1766072041.57,0.1246,2024-06-30,Unchanged,13F-HR,James Smith,james.smith@baupostgro.com
Two Sigma Investments,TWSM,Apple Inc,AAPL,037833100,38580003,9613162764.93,0.5162,2025-09-30,New,13F-HR,Daniel Smith,daniel.smith@twosigmain.com
Goldman Sachs AM,GS,JPMorgan Chase,JPM,46625H100,284057,160732668.88,0.0051,2024-03-31,Increased,13F-HR,Steven Hernandez,steven.hernandez@goldmansac.com
Capital Group,CGBL,Alphabet Inc,GOOGL,02079K305,347546,162206844.30,0.0054,2024-03-31,Decreased,13F-HR,Margaret Williams,margaret.williams@capitalgro.com
Two Sigma Investments,TWSM,Chevron Corp,CVX,166764100,31717490,13725050047.57,0.4106,2024-06-30,New,13F-HR,Karen Lopez,karen.lopez@twosigmain.com
Millennium Management,MLNM,Microsoft Corp,MSFT,594918104,29277689,6365333197.19,0.7203,2025-06-30,Decreased,13F-HR,Nancy Anderson,nancy.anderson@millennium.com
Wellington Management,WMGI,Amazon.com Inc,AMZN,023135106,1880508,741623100.44,0.0474,2024-06-30,Decreased,13F-HR,Susan Anderson,susan.anderson@wellington.com
Fidelity Investments,FNF,Chevron Corp,CVX,166764100,37141193,14131299107.61,0.5039,2024-09-30,Unchanged,13F-HR,David Rodriguez,david.rodriguez@fidelityin.com
Wellington Management,WMGI,Meta Platforms,META,30303M102,17014332,11350115490.61,2.1325,2025-12-31,Unchanged,13F-HR,Sarah Martin,sarah.martin@wellington.com
State Street Corp,STT,Amazon.com Inc,AMZN,023135106,8159759,5592401993.36,0.1697,2024-09-30,Decreased,13F-HR,Lisa Williams,lisa.williams@statestree.com
Capital Group,CGBL,Meta Platforms,META,30303M102,11436528,4706805145.35,0.1537,2025-09-30,New,13F-HR,Michael Taylor,michael.taylor@capitalgro.com
T. Rowe Price,TROW,Adobe Inc,ADBE,00724F101,7676316,632346000.41,0.1134,2025-12-31,Increased,13F-HR,William Lopez,william.lopez@troweprice.com
DE Shaw & Co,DSHW,Amazon.com Inc,AMZN,023135106,31476112,3899885558.48,0.5091,2024-03-31,Increased,13F-HR,Daniel Miller,daniel.miller@deshaw&co.com
Vanguard Group,VGI,UnitedHealth Group,UNH,91324P102,37772940,2476608612.17,0.5848,2024-03-31,Increased,13F-HR,Susan Brown,susan.brown@vanguardgr.com
Wellington Management,WMGI,Procter & Gamble,PG,742718109,pending,1009325773.35,0.3157,2025-03-31,Increased,13F-NT,Sarah Smith,sarah.smith@wellington.com
Vanguard Group,VGI,Pfizer Inc,PFE,717081103,18614872,5314579440.30,0.2483,2024-12-31,Increased,13F-HR,Jennifer Johnson,jennifer.johnson@vanguardgr.com
Baupost Group,BPST,Visa Inc,V,92826C839,36311159,15089872147.42,0.5573,2025-09-30,Unchanged,13F-HR,Patricia Lopez,patricia.lopez@baupostgro.com
Fidelity Investments,FNF,Visa Inc,V,92826C839,6919270,2187172007.06,0.1665,2024-03-31,Increased,13F-NT,Susan Jones,susan.jones@fidelityin.com
Millennium Management,MLNM,Amazon.com Inc,AMZN,023135106,15617813,3447654627.55,1.1349,2099-13-45,New,13F-HR,Steven Anderson,steven.anderson@millennium.com
State Street Corp,STT,Johnson & Johnson,JNJ,478160104,30991327,5617525914.85,0.4171,2025-03-31,Increased,13F-HR,,
BlackRock Inc,BLK,NVIDIA Corp,NVDA,67066G104,20185498,1816246317.22,0.5768,2024-06-30,Decreased,13F-HR,Richard Thompson,richard.thompson@blackrocki.com
State Street Corp,STT,Pfizer Inc,PFE,717081103,771362,531808517.61,0.0135,2024-06-30,New,13F-NT,Margaret White,margaret.white@statestree.com
Baupost Group,BPST,JPMorgan Chase,JPM,46625H100,9406649,1274212444.56,0.5410,2024-03-31,Unchanged,13F-HR,Lisa Taylor,lisa.taylor@baupostgro.com
Vanguard Group,VGI,Meta Platforms,META,30303M102,19802547,11272490760.45,0.2953,2025-06-30,Increased,13F-HR,Daniel Johnson,daniel.johnson@vanguardgr.com
BlackRock Inc,BLK,Netflix Inc,NFLX,64110L106,43038854,13059057712.39,0.9992,2025-09-30,New,13F-HR,Mark Rodriguez,mark.rodriguez@blackrocki.com
Renaissance Technologies,RNTC,Cisco Systems,CSCO,17275R102,24100431,13709188051.69,0.8219,2025-09-30,Decreased,13F-HR,Susan Hernandez,susan.hernandez@renaissanc.com
Goldman Sachs AM,GS,Amazon.com Inc,AMZN,023135106,33033346,16705388512.04,0.4572,2024-12-31,Unchanged,13F-HR,Nancy Williams,nancy.williams@goldmansac.com
Millennium Management,MLNM,Apple Inc,AAPL,037833100,23250922,10341895006.97,0.4528,2025-06-30,Unchanged,13F-HR,David Anderson,david.anderson@millennium.com
T. Rowe Price,TROW,Microsoft Corp,MSFT,594918104,48416334,16007870352.44,0.7056,2024-12-31,Increased,13F-NT,William Martinez,william.martinez@troweprice.com
Capital Group,CGBL,NVIDIA Corp,NVDA,67066G104,33659419,16994333391.64,4.9328,2025-03-31,New,13F-NT,Daniel Martin,daniel.martin@capitalgro.com
Citadel Advisors,CDLC,Meta Platforms,META,30303M102,19357930,11574151747.52,2.1235,2024-09-30,Unchanged,13F-HR,Richard Smith,richard.smith@citadeladv.com
Point72 Asset Mgmt,PT72,Exxon Mobil,XOM,30231G102,928772,217282304.90,0.0119,2024-12-31,Increased,13F-HR,William Rodriguez,william.rodriguez@point72ass.com
Goldman Sachs AM,GS,Amazon.com Inc,AMZN,023135106,17967696,4194735724.04,0.3180,2024-09-30,Increased,13F-NT,Michael Taylor,michael.taylor@goldmansac.com
Baupost Group,BPST,Visa Inc,V,92826C839,9462359,6567026690.50,0.1562,2024-03-31,Unchanged,13F-HR,Robert Brown,robert.brown@baupostgro.com
BlackRock Inc,BLK,Amazon.com Inc,AMZN,023135106,18751728,7141956267.94,0.6108,2025-12-31,New,13F-HR,Lisa Brown,lisa.brown@blackrocki.com
AQR Capital Management,AQRC,Amazon.com Inc,AMZN,023135106,30012910,9262183396.42,1.9276,2024-03-31,Decreased,13F-HR,William Davis,william.davis@aqrcapital.com
DE Shaw & Co,DSHW,JPMorgan Chase,JPM,46625H100,15979214,567265263.22,0.2522,2024-03-31,New,13F-NT,Margaret Jackson,margaret.jackson@deshaw&co.com
Baupost Group,BPST,Coca-Cola Co,KO,191216100,25330552,9896076419.50,0.3211,2025-06-30,Increased,13F-NT,Dorothy Jones,dorothy.jones@baupostgro.com
BlackRock Inc,BLK,Cisco Systems,CSCO,17275R102,49568207,2286470746.19,2.1964,2025-03-31,Increased,13F-NT,Daniel Taylor,daniel.taylor@blackrocki.com
State Street Corp,STT,Microsoft Corp,MSFT,594918104,25143855,10284004049.91,1.8385,2024-09-30,Increased,13F-HR,Daniel Miller,daniel.miller@statestree.com
Bridgewater Associates,BWTR,Visa Inc,V,92826C839,9830015,6858472133.89,0.6689,2025-03-31,Unchanged,13F-HR,James Brown,james.brown@bridgewate.com
JP Morgan Asset Mgmt,JPM,Visa Inc,V,92826C839,26359117,2977282699.56,1.5274,2025-03-31,Unchanged,13F-NT,James Moore,james.moore@jpmorganas.com
Baupost Group,BPST,Chevron Corp,CVX,166764100,5348475,807673222.22,0.7691,2024-09-30,Unchanged,13F-NT,Lisa Brown,lisa.brown@baupostgro.com
Wellington Management,WMGI,Coca-Cola Co,KO,191216100,13851732,4584383592.04,0.1899,2025-06-30,Unchanged,13F-HR,Margaret Brown,margaret.brown@wellington.com
AQR Capital Management,AQRC,Bank of America,BAC,060505104,26862809,3267285210.02,0.3378,2025-03-31,Increased,13F-HR,Karen Martinez,karen.martinez@aqrcapital.com
Wellington Management,WMGI,Intel Corp,INTC,458140100,16651324,8468451561.68,0.4252,2024-03-31,Decreased,13F-NT,Thomas Martin,thomas.martin@wellington.com
BlackRock Inc,BLK,Chevron Corp,CVX,166764100,6109896,3895614471.01,0.1887,2024-03-31,Increased,13F-HR,Nancy Thompson,nancy.thompson@blackrocki.com
Goldman Sachs AM,GS,Exxon Mobil,XOM,30231G102,48706153,33502786809.84,1.0596,2025-09-30,Unchanged,13F-HR,James Williams,james.williams@goldmansac.com
Capital Group,CGBL,Home Depot,HD,437076102,42867170,26824926638.18,1.9619,2024-06-30,Unchanged,13F-HR,Mark Rodriguez,mark.rodriguez@capitalgro.com
Point72 Asset Mgmt,PT72,Walt Disney Co,DIS,254687106,32201488,6367603640.87,0.6615,2025-06-30,Increased,13F-HR,Lisa Anderson,lisa.anderson@point72ass.com
BlackRock Inc,BLK,Johnson & Johnson,JNJ,478160104,1992200,1388099095.56,-0.1171,2024-03-31,Increased,13F-HR,Steven Johnson,steven.johnson@blackrocki.com
Capital Group,CGBL,Coca-Cola Co,KO,191216100,46702868,7015283861.19,1.1332,2025-12-31,Decreased,13F-HR,James Jackson,james.jackson@capitalgro.com
Bridgewater Associates,BWTR,Home Depot,HD,437076102,9570078,6926380657.83,0.1324,2024-06-30,New,13F-NT,Mark Anderson,mark.anderson@bridgewate.com
Morgan Stanley IM,MS,Alphabet Inc,GOOGL,02079K305,16326702,2369428927.71,0.4529,2024-06-30,New,13F-HR,Susan Martin,susan.martin@morganstan.com
Appaloosa Management,APLS,Pfizer Inc,PFE,717081103,23660296,4851319189.54,0.3141,2025-09-30,Increased,13F-HR,Jennifer White,jennifer.white@appaloosam.com
Baupost Group,BPST,NVIDIA Corp,NVDA,67066G104,28766379,5437259833.54,0.4385,2025-03-31,Increased,13F-HR,Dorothy Jackson,dorothy.jackson@baupostgro.com
Vanguard Group,VGI,Netflix Inc,NFLX,64110L106,11162686,8595057684.79,0.1401,2024-12-31,New,13F-HR,Richard Moore,richard.moore@vanguardgr.com
Capital Group,CGBL,NVIDIA Corp,NVDA,67066G104,9712835,1150748580.53,0.1619,2025-03-31,Decreased,13F-NT,Margaret Miller,margaret.miller@capitalgro.com
Point72 Asset Mgmt,PT72,Netflix Inc,NFLX,64110L106,20040380,11099209069.26,0.7801,2025-03-31,Increased,13F-HR,William Rodriguez,william.rodriguez@point72ass.com
Two Sigma Investments,TWSM,Chevron Corp,CVX,166764100,18644744,5053285252.46,0.3008,2025-03-31,New,13F-HR,Steven Thompson,steven.thompson@twosigmain.com
Two Sigma Investments,TWSM,Cisco Systems,CSCO,17275R102,6429322,5127830903.51,0.1487,2024-03-31,Decreased,13F-HR,Sarah Thomas,sarah.thomas@twosigmain.com
Point72 Asset Mgmt,PT72,Exxon Mobil,XOM,30231G102,38016593,9138848677.87,0.5224,2025-03-31,Increased,13F-HR,Dorothy Thomas,dorothy.thomas@point72ass.com
State Street Corp,STT,JPMorgan Chase,JPM,46625H100,32710450,25846957859.35,0.9875,2025-03-31,Increased,13F-HR,Richard Jackson,richard.jackson@statestree.com
Citadel Advisors,CDLC,Meta Platforms,META,30303M102,TBD,22111651666.41,0.5626,2025-12-31,New,13F-HR,Sarah Thomas,sarah.thomas@citadeladv.com
Appaloosa Management,APLS,NVIDIA Corp,NVDA,67066G104,43550106,21571769888.28,4.4300,2025-09-30,New,13F-HR,William Davis,william.davis@appaloosam.com
Morgan Stanley IM,MS,Pfizer Inc,PFE,717081103,14718618,3155474521.23,0.4208,2025-06-30,Unchanged,13F-HR,Sarah Martinez,sarah.martinez@morganstan.com
Baupost Group,BPST,Visa Inc,V,92826C839,7164441,1142842241.16,0.1087,00-00-0000,Increased,13F-HR,Nancy Davis,nancy.davis@baupostgro.com
Citadel Advisors,CDLC,NVIDIA Corp,NVDA,67066G104,23630433,1636966473.35,0.4193,2024-06-30,Unchanged,13F-HR,,
Morgan Stanley IM,MS,Procter & Gamble,PG,742718109,20547128,1570807685.22,0.5521,2025-06-30,Unchanged,13F-NT,Margaret Anderson,margaret.anderson@morganstan.com
JP Morgan Asset Mgmt,JPM,NVIDIA Corp,NVDA,67066G104,30802097,5025702536.66,0.6941,2025-09-30,Increased,13F-HR,Daniel White,daniel.white@jpmorganas.com
Citadel Advisors,CDLC,Chevron Corp,CVX,166764100,19728805,3344115390.46,0.5432,2024-09-30,Unchanged,13F-HR,Michael Martin,michael.martin@citadeladv.com
JP Morgan Asset Mgmt,JPM,Chevron Corp,CVX,166764100,14282646,4559807278.38,-0.2885,2025-12-31,Unchanged,13F-HR,Steven Garcia,steven.garcia@jpmorganas.com
Bridgewater Associates,BWTR,Netflix Inc,NFLX,64110L106,23942497,14903109339.91,1.3466,2024-12-31,New,13F-HR,Nancy Martinez,nancy.martinez@bridgewate.com
T. Rowe Price,TROW,Pfizer Inc,PFE,717081103,27538714,12435707404.33,0.3807,2025-09-30,Unchanged,13F-HR,Nancy Rodriguez,nancy.rodriguez@troweprice.com
Two Sigma Investments,TWSM,Johnson & Johnson,JNJ,478160104,5233228,2492744389.61,0.1408,2025-03-31,Decreased,13F-HR,Michael Jones,michael.jones@twosigmain.com
Millennium Management,MLNM,Alphabet Inc,GOOGL,02079K305,45649874,7737035651.93,0.8787,2024-06-30,Increased,13F-HR,Mark Martinez,mark.martinez@millennium.com
Renaissance Technologies,RNTC,Tesla Inc,TSLA,88160R101,268291,72700710.20,0.0384,2024-06-30,Increased,13F-NT,Sarah Rodriguez,sarah.rodriguez@renaissanc.com
State Street Corp,STT,Meta Platforms,META,30303M102,38631060,5597422753.02,0.7477,2024-03-31,Unchanged,13F-HR,William Martin,william.martin@statestree.com
Baupost Group,BPST,Exxon Mobil,XOM,30231G102,17454361,2159609347.95,-0.4781,2025-12-31,Increased,13F-HR,Sarah White,sarah.white@baupostgro.com
Baupost Group,BPST,Cisco Systems,CSCO,17275R102,25872421,9367414516.93,0.3553,2025-12-31,Increased,13F-HR,Nancy Miller,nancy.miller@baupostgro.com
JP Morgan Asset Mgmt,JPM,Salesforce Inc,CRM,79466L302,12666212,6702768001.13,0.2963,2024-12-31,Increased,13F-HR,Jennifer Taylor,jennifer.taylor@jpmorganas.com
Wellington Management,WMGI,Walt Disney Co,DIS,254687106,46113702,11045725268.28,2.6351,2024-03-31,Increased,13F-HR,Steven Rodriguez,steven.rodriguez@wellington.com
Millennium Management,MLNM,Johnson & Johnson,JNJ,478160104,42190990,20538079010.00,0.7284,2024-06-30,New,13F-NT,Steven Martinez,steven.martinez@millennium.com
Renaissance Technologies,RNTC,Johnson & Johnson,JNJ,478160104,1322670,615589267.04,0.0224,2024-12-31,Unchanged,13F-NT,Patricia White,patricia.white@renaissanc.com
Morgan Stanley IM,MS,Pfizer Inc,PFE,717081103,22443295,5776864231.98,0.4307,2025-06-30,Increased,13F-HR,James Thompson,james.thompson@morganstan.com
Vanguard Group,VGI,JPMorgan Chase,JPM,46625H100,1757549,1114762046.26,0.0424,2024-09-30,Increased,13F-HR,James Smith,james.smith@vanguardgr.com
Fidelity Investments,FNF,Apple Inc,AAPL,037833100,39378855,2132969648.14,0.7426,2024-12-31,Increased,13F-HR,Sarah Johnson,sarah.johnson@fidelityin.com
Bridgewater Associates,BWTR,Intel Corp,INTC,458140100,40480151,14546535360.37,0.7796,2024-12-31,Unchanged,13F-NT,Mark Johnson,mark.johnson@bridgewate.com
Renaissance Technologies,RNTC,Pfizer Inc,PFE,717081103,40974861,22588679426.91,1.2465,2024-09-30,Increased,13F-HR,Daniel Lopez,daniel.lopez@renaissanc.com
State Street Corp,STT,Microsoft Corp,MSFT,594918104,3163217,2353269301.63,0.0750,2025-03-31,New,13F-NT,Patricia Jackson,patricia.jackson@statestree.com
AQR Capital Management,AQRC,Bank of America,BAC,060505104,29280465,10910654156.88,1.1203,2025-03-31,Increased,13F-HR,James Thompson,james.thompson@aqrcapital.com
Bridgewater Associates,BWTR,UnitedHealth Group,UNH,91324P102,41649577,17513728478.54,1.0818,2025-12-31,Decreased,13F-HR,Jennifer Williams,jennifer.williams@bridgewate.com
State Street Corp,STT,Home Depot,HD,437076102,37569350,29638297796.60,0.8679,2025-09-30,Increased,13F-HR,Robert White,robert.white@statestree.com
Fidelity Investments,FNF,Adobe Inc,ADBE,00724F101,42617910,21938159197.63,1.3508,2024-09-30,Unchanged,13F-HR,Richard Thompson,richard.thompson@fidelityin.com
T. Rowe Price,TROW,Tesla Inc,TSLA,88160R101,3655741,1904508196.40,0.3662,2025-06-30,Unchanged,13F-HR,Sarah Moore,sarah.moore@troweprice.com
Renaissance Technologies,RNTC,Johnson & Johnson,JNJ,478160104,36855760,24844895347.25,0.5776,2024-03-31,Decreased,13F-HR,Margaret Smith,margaret.smith@renaissanc.com
Baupost Group,BPST,Pfizer Inc,PFE,717081103,23933316,12024421385.43,0.3327,2025-06-30,Unchanged,13F-HR,Richard Williams,richard.williams@baupostgro.com
Fidelity Investments,FNF,Procter & Gamble,PG,742718109,13881808,5226316746.13,1.0289,2024-12-31,New,13F-HR,Daniel Moore,daniel.moore@fidelityin.com
Morgan Stanley IM,MS,Apple Inc,AAPL,037833100,22293703,8135640529.38,1.2638,2024-06-30,New,13F-NT,Daniel Jones,daniel.jones@morganstan.com
Point72 Asset Mgmt,PT72,Salesforce Inc,CRM,79466L302,16122409,10242082590.55,0.2264,2024-09-30,New,13F-HR,David Johnson,david.johnson@point72ass.com
T. Rowe Price,TROW,Walt Disney Co,DIS,254687106,18745143,4991260920.68,0.6039,2025-12-31,Unchanged,13F-HR,James Miller,james.miller@troweprice.com
Wellington Management,WMGI,Johnson & Johnson,JNJ,478160104,25283481,12354630693.59,0.3237,2025-06-30,New,13F-HR,Michael Jackson,michael.jackson@wellington.com
Vanguard Group,VGI,Intel Corp,INTC,458140100,32841840,10615752882.60,1.0064,2024-12-31,Unchanged,13F-HR,Karen Thompson,karen.thompson@vanguardgr.com
Appaloosa Management,APLS,Amazon.com Inc,AMZN,023135106,10057534,5187861788.88,0.1682,2025-06-30,Decreased,13F-HR,Daniel Brown,daniel.brown@appaloosam.com
State Street Corp,STT,Chevron Corp,CVX,166764100,9326881,5157094069.41,0.2495,2024-12-31,Unchanged,13F-HR,Sarah Moore,sarah.moore@statestree.com
Point72 Asset Mgmt,PT72,Apple Inc,AAPL,037833100,14526085,10112507241.23,0.2747,2024-09-30,Decreased,13F-HR,Jennifer Smith,jennifer.smith@point72ass.com
Morgan Stanley IM,MS,Exxon Mobil,XOM,30231G102,26446109,1935957931.61,1.0260,2025-03-31,Increased,13F-HR,Karen Lopez,karen.lopez@morganstan.com
Two Sigma Investments,TWSM,Exxon Mobil,XOM,30231G102,38764563,12892516036.96,6.2258,2025-03-31,Decreased,13F-NT,Nancy Garcia,nancy.garcia@twosigmain.com
JP Morgan Asset Mgmt,JPM,Bank of America,BAC,060505104,35873690,28646110355.45,0.7369,2025-09-30,Unchanged,13F-HR,Lisa Anderson,lisa.anderson@jpmorganas.com
Baupost Group,BPST,Amazon.com Inc,AMZN,023135106,37679932,29701538576.81,4.3974,2025-12-31,Decreased,13F-HR,Nancy Taylor,nancy.taylor@baupostgro.com
Fidelity Investments,FNF,Apple Inc,AAPL,037833100,16444414,3191932714.14,0.4489,2025-03-31,Unchanged,13F-HR,Margaret Williams,margaret.williams@fidelityin.com
Morgan Stanley IM,MS,Apple Inc,AAPL,037833100,26992108,18333034185.29,0.3961,2025-09-30,Unchanged,13F-HR,Karen Williams,karen.williams@morganstan.com
Appaloosa Management,APLS,UnitedHealth Group,UNH,91324P102,23667701,13540416961.75,1.2866,2025-03-31,New,13F-NT,Jennifer Miller,jennifer.miller@appaloosam.com
Two Sigma Investments,TWSM,UnitedHealth Group,UNH,91324P102,10347848,3550283130.68,0.2201,2025-09-30,New,13F-HR,William Taylor,william.taylor@twosigmain.com
DE Shaw & Co,DSHW,Cisco Systems,CSCO,17275R102,13521592,3379972033.84,0.6196,2024-12-31,New,13F-HR,William Smith,william.smith@deshaw&co.com
Baupost Group,BPST,Pfizer Inc,PFE,717081103,14946450,7764222055.65,0.5374,2025-03-31,Increased,13F-HR,Margaret Smith,margaret.smith@baupostgro.com
Two Sigma Investments,TWSM,Amazon.com Inc,AMZN,023135106,5864775,1319368813.59,0.2880,2024-06-30,Increased,13F-HR,Daniel Jackson,daniel.jackson@twosigmain.com
BlackRock Inc,BLK,Berkshire Hathaway,BRK.B,084670702,21179695,7050901210.42,2.7005,2024-03-31,Increased,13F-HR,Susan Anderson,susan.anderson@blackrocki.com
Two Sigma Investments,TWSM,Procter & Gamble,PG,742718109,35517898,26285621898.37,0.5875,2025-12-31,Decreased,13F-HR,Daniel Davis,daniel.davis@twosigmain.com
Bridgewater Associates,BWTR,Berkshire Hathaway,BRK.B,084670702,47275746,1207859008.72,0.7590,2024-03-31,New,13F-HR,William Hernandez,william.hernandez@bridgewate.com
Morgan Stanley IM,MS,Adobe Inc,ADBE,00724F101,27247202,5613388706.30,2.3816,2024-12-31,Decreased,13F-HR,James Davis,james.davis@morganstan.com
Appaloosa Management,APLS,Berkshire Hathaway,BRK.B,084670702,9156413,299126625.86,0.4774,2024-03-31,Increased,13F-HR,Susan Brown,susan.brown@appaloosam.com
Renaissance Technologies,RNTC,JPMorgan Chase,JPM,46625H100,45538595,35192476575.47,5.6281,2025-09-30,Decreased,13F-NT,Daniel Williams,daniel.williams@renaissanc.com
BlackRock Inc,BLK,Procter & Gamble,PG,742718109,44403945,13722829768.83,0.6373,2025-09-30,Unchanged,13F-HR,William Smith,william.smith@blackrocki.com
Two Sigma Investments,TWSM,Home Depot,HD,437076102,31192569,16702594403.81,0.4310,2024-06-30,Decreased,13F-NT,Patricia Taylor,patricia.taylor@twosigmain.com
DE Shaw & Co,DSHW,Johnson & Johnson,JNJ,478160104,20257691,8357083459.32,0.3274,2024-06-30,Unchanged,13F-HR,Steven Garcia,steven.garcia@deshaw&co.com
Morgan Stanley IM,MS,Adobe Inc,ADBE,00724F101,12105550,1003201085.72,0.5160,2025-12-31,Unchanged,13F-HR,Steven Garcia,steven.garcia@morganstan.com
JP Morgan Asset Mgmt,JPM,Alphabet Inc,GOOGL,02079K305,47087994,31386106301.19,6.3457,2024-09-30,Increased,13F-HR,Lisa Thomas,lisa.thomas@jpmorganas.com
Two Sigma Investments,TWSM,UnitedHealth Group,UNH,91324P102,48451177,34279221013.87,0.6827,2024-06-30,Increased,13F-HR,Mark Anderson,mark.anderson@twosigmain.com
Bridgewater Associates,BWTR,JPMorgan Chase,JPM,46625H100,47763701,16530915462.54,0.7743,2025-06-30,New,13F-HR,Robert Garcia,robert.garcia@bridgewate.com
Baupost Group,BPST,JPMorgan Chase,JPM,46625H100,15817288,8645271078.83,0.7317,2024-06-30,Unchanged,13F-HR,Patricia Thompson,patricia.thompson@baupostgro.com
Fidelity Investments,FNF,Netflix Inc,NFLX,64110L106,31075602,9740651701.54,0.4959,2024-06-30,Decreased,13F-HR,Jennifer Garcia,jennifer.garcia@fidelityin.com
Appaloosa Management,APLS,Apple Inc,AAPL,037833100,8915716,3468245608.55,0.2532,2025-06-30,Unchanged,13F-HR,Thomas Lopez,thomas.lopez@appaloosam.com
Appaloosa Management,APLS,Procter & Gamble,PG,742718109,32898120,25914613437.70,3.9272,2025-03-31,Increased,13F-HR,Margaret Johnson,margaret.johnson@appaloosam.com
Goldman Sachs AM,GS,Intel Corp,INTC,458140100,47130714,1743470062.97,0.7047,2025-06-30,Increased,13F-HR,Jennifer Rodriguez,jennifer.rodriguez@goldmansac.com
DE Shaw & Co,DSHW,Microsoft Corp,MSFT,594918104,31192271,24007732300.57,0.9852,2024-03-31,New,13F-HR,Sarah Smith,sarah.smith@deshaw&co.com
Renaissance Technologies,RNTC,Bank of America,BAC,060505104,13080885,3195741490.92,0.7964,2024-12-31,Increased,13F-HR,James Lopez,james.lopez@renaissanc.com
Baupost Group,BPST,Exxon Mobil,XOM,30231G102,44814185,5996541036.92,0.7796,2024-06-30,Decreased,13F-HR,Dorothy Moore,dorothy.moore@baupostgro.com
Capital Group,CGBL,Procter & Gamble,PG,742718109,37079772,6320791382.10,2.1689,2025-03-31,Increased,13F-HR,Michael Moore,michael.moore@capitalgro.com
BlackRock Inc,BLK,Johnson & Johnson,JNJ,478160104,10179530,5621662805.58,0.1983,2024-09-30,Increased,13F-HR,Michael Davis,michael.davis@blackrocki.com
Two Sigma Investments,TWSM,Johnson & Johnson,JNJ,478160104,12003251,1668104856.34,0.3196,2024-06-30,Increased,13F-NT,Patricia Smith,patricia.smith@twosigmain.com
State Street Corp,STT,Alphabet Inc,GOOGL,02079K305,21817076,12631625843.09,0.4402,2024-06-30,Unchanged,13F-HR,Jennifer Martinez,jennifer.martinez@statestree.com
State Street Corp,STT,Netflix Inc,NFLX,64110L106,11987154,1086656235.19,0.2189,2024-12-31,New,13F-HR,Susan Johnson,susan.johnson@statestree.com
Capital Group,CGBL,Home Depot,HD,437076102,47138640,11991880857.18,0.6696,2024-12-31,Increased,13F-HR,Margaret Jones,margaret.jones@capitalgro.com
Morgan Stanley IM,MS,Cisco Systems,CSCO,17275R102,23628442,9822881371.45,1.2889,2024-03-31,New,13F-HR,Steven Johnson,steven.johnson@morganstan.com
Point72 Asset Mgmt,PT72,Johnson & Johnson,JNJ,478160104,34043135,19924477843.68,0.6272,2025-03-31,Increased,13F-HR,Lisa Martin,lisa.martin@point72ass.com
T. Rowe Price,TROW,Salesforce Inc,CRM,79466L302,16428232,10688826680.55,0.4395,2025-03-31,Decreased,13F-HR,James Lopez,james.lopez@troweprice.com
BlackRock Inc,BLK,Amazon.com Inc,AMZN,023135106,8809057,4676583645.08,0.2124,2024-03-31,New,13F-NT,Michael Lopez,michael.lopez@blackrocki.com
Appaloosa Management,APLS,Berkshire Hathaway,BRK.B,084670702,14735136,3431659091.67,0.5698,2025-12-31,Increased,13F-HR,Daniel Anderson,daniel.anderson@appaloosam.com
Citadel Advisors,CDLC,Adobe Inc,ADBE,00724F101,11595906,581706638.97,0.2040,2024-06-30,Decreased,13F-NT,Jennifer Rodriguez,jennifer.rodriguez@citadeladv.com
State Street Corp,STT,Adobe Inc,ADBE,00724F101,13007555,10237870149.74,0.5438,2025-06-30,Increased,13F-HR,Daniel Smith,daniel.smith@statestree.com
Millennium Management,MLNM,Chevron Corp,CVX,166764100,47680964,5245673550.05,0.7559,2025-06-30,Unchanged,13F-HR,Karen White,karen.white@millennium.com
Millennium Management,MLNM,Tesla Inc,TSLA,88160R101,45425799,1054632173.52,1.2443,2024-03-31,Decreased,13F-HR,Lisa Taylor,lisa.taylor@millennium.com
Vanguard Group,VGI,Johnson & Johnson,JNJ,478160104,20636152,8311973047.29,0.3884,2024-12-31,Increased,13F-HR,Sarah Anderson,sarah.anderson@vanguardgr.com
Fidelity Investments,FNF,NVIDIA Corp,NVDA,67066G104,30798057,770179711.88,1.4702,2024-12-31,New,13F-NT,David White,david.white@fidelityin.com
BlackRock Inc,BLK,Adobe Inc,ADBE,00724F101,29820342,6539111953.09,1.5529,2025-06-30,Unchanged,13F-NT,Susan Lopez,susan.lopez@blackrocki.com
Citadel Advisors,CDLC,UnitedHealth Group,UNH,91324P102,42705857,32198731287.86,0.8927,2024-06-30,Decreased,13F-NT,Sarah White,sarah.white@citadeladv.com
AQR Capital Management,AQRC,Berkshire Hathaway,BRK.B,084670702,40725272,19432845641.15,5.3958,2025-03-31,Decreased,13F-NT,Robert Anderson,robert.anderson@aqrcapital.com
Capital Group,CGBL,Walt Disney Co,DIS,254687106,28301839,19084543606.30,1.3640,2025-12-31,Unchanged,13F-HR,,
Capital Group,CGBL,Microsoft Corp,MSFT,594918104,1616013,902117151.31,0.0340,2025-09-30,Unchanged,13F-HR,Richard Jackson,richard.jackson@capitalgro.com
Fidelity Investments,FNF,Pfizer Inc,PFE,717081103,45846110,18687204555.83,0.7317,2024-12-31,Increased,13F-NT,Michael Anderson,michael.anderson@fidelityin.com
Capital Group,CGBL,Intel Corp,INTC,458140100,43993187,17947056102.02,2.4860,2024-03-31,Unchanged,13F-HR,Mark Thomas,mark.thomas@capitalgro.com
Wellington Management,WMGI,Walt Disney Co,DIS,254687106,30497616,22730846621.00,0.4553,2025-06-30,Decreased,13F-HR,Mark Garcia,mark.garcia@wellington.com
Fidelity Investments,FNF,Home Depot,HD,437076102,38913258,25836898961.10,0.6233,2025-12-31,Increased,13F-HR,Thomas Thomas,thomas.thomas@fidelityin.com
T. Rowe Price,TROW,Apple Inc,AAPL,037833100,19808742,9168859602.96,0.5279,2025-06-30,Increased,13F-HR,Sarah Lopez,sarah.lopez@troweprice.com
Renaissance Technologies,RNTC,Netflix Inc,NFLX,64110L106,33122024,7773238791.38,0.4569,2024-03-31,Increased,13F-NT,James Thomas,james.thomas@renaissanc.com
Bridgewater Associates,BWTR,Salesforce Inc,CRM,79466L302,47309589,5671716472.10,1.1031,2025-09-30,Unchanged,13F-HR,Karen Lopez,karen.lopez@bridgewate.com
Baupost Group,BPST,Netflix Inc,NFLX,64110L106,49823870,33043224618.94,0.7253,2024-12-31,Increased,13F-HR,Elizabeth Thompson,elizabeth.thompson@baupostgro.com
Baupost Group,BPST,Adobe Inc,ADBE,00724F101,11845648,768507925.51,0.1901,2024-12-31,Decreased,13F-HR,Thomas Davis,thomas.davis@baupostgro.com
State Street Corp,STT,UnitedHealth Group,UNH,91324P102,46630770,34989033103.43,2.2363,2025-03-31,Unchanged,13F-HR,Karen Anderson,karen.anderson@statestree.com
AQR Capital Management,AQRC,Bank of America,BAC,060505104,6052992,2345088679.60,0.1927,2024-06-30,Unchanged,13F-NT,Richard Hernandez,richard.hernandez@aqrcapital.com
Capital Group,CGBL,NVIDIA Corp,NVDA,67066G104,9298515,7340271581.60,0.1447,2025-03-31,Unchanged,13F-NT,Thomas Miller,thomas.miller@capitalgro.com
AQR Capital Management,AQRC,Berkshire Hathaway,BRK.B,084670702,41155008,28336999916.65,5.4548,00-00-0000,Increased,13F-HR,Jennifer Jones,jennifer.jones@aqrcapital.com
Point72 Asset Mgmt,PT72,NVIDIA Corp,NVDA,67066G104,44178327,886515008.96,2.4666,2025-09-30,Increased,13F-NT,Nancy Martinez,nancy.martinez@point72ass.com
BlackRock Inc,BLK,Bank of America,BAC,060505104,48514721,28112863213.09,4.5495,2024-03-31,Increased,13F-HR,Michael Williams,michael.williams@blackrocki.com
Citadel Advisors,CDLC,Cisco Systems,CSCO,17275R102,7447554,1065756169.33,0.1062,2024-06-30,Increased,13F-HR,Richard Lopez,richard.lopez@citadeladv.com
Baupost Group,BPST,Chevron Corp,CVX,166764100,19547824,4335224120.06,0.5550,2024-03-31,Unchanged,13F-HR,Thomas Jackson,thomas.jackson@baupostgro.com
Appaloosa Management,APLS,Intel Corp,INTC,458140100,29194842,1689330530.98,1.7073,2025-12-31,Unchanged,13F-HR,David Martin,david.martin@appaloosam.com
Morgan Stanley IM,MS,Home Depot,HD,437076102,12954152,9179209255.48,0.3293,2025-06-30,New,13F-HR,Sarah Johnson,sarah.johnson@morganstan.com
Two Sigma Investments,TWSM,Coca-Cola Co,KO,191216100,40029014,24126360599.00,0.9997,2025-09-30,Unchanged,13F-HR,Dorothy Brown,dorothy.brown@twosigmain.com
JP Morgan Asset Mgmt,JPM,Netflix Inc,NFLX,64110L106,5903562,2708241613.40,0.9078,2024-09-30,Decreased,13F-HR,David Jackson,david.jackson@jpmorganas.com
Vanguard Group,VGI,Bank of America,BAC,060505104,33242505,4407867366.60,0.6512,2024-06-30,Unchanged,13F-HR,Elizabeth Davis,elizabeth.davis@vanguardgr.com
T. Rowe Price,TROW,Tesla Inc,TSLA,88160R101,26941612,2823382987.07,0.3776,2025-06-30,New,13F-HR,Michael Moore,michael.moore@troweprice.com
JP Morgan Asset Mgmt,JPM,Berkshire Hathaway,BRK.B,084670702,11640849,292385791.75,0.9537,2024-12-31,New,13F-HR,Thomas Williams,thomas.williams@jpmorganas.com
Fidelity Investments,,Home Depot,HD,437076102,8255088,2405716527.58,0.1997,2024-03-31,Unchanged,13F-HR,Lisa White,lisa.white@fidelityin.com
Baupost Group,BPST,Amazon.com Inc,AMZN,023135106,8210833,3617693543.68,0.5374,2025-03-31,Increased,13F-NT,Susan Johnson,susan.johnson@baupostgro.com
JP Morgan Asset Mgmt,JPM,Tesla Inc,TSLA,88160R101,38454312,29791492277.81,0.5513,2024-03-31,Increased,13F-NT,Karen Jones,karen.jones@jpmorganas.com
DE Shaw & Co,DSHW,Chevron Corp,CVX,166764100,4153190,1491806518.86,0.0547,2025-12-31,Decreased,13F-HR,Daniel Martinez,daniel.martinez@deshaw&co.com
BlackRock Inc,BLK,Chevron Corp,CVX,166764100,38825477,12279721621.57,1.7102,2024-06-30,Increased,13F-HR,Thomas Garcia,thomas.garcia@blackrocki.com
Two Sigma Investments,TWSM,Intel Corp,INTC,458140100,4912679,463353808.48,0.6530,2025-03-31,Unchanged,13F-HR,William Davis,william.davis@twosigmain.com
Fidelity Investments,FNF,Adobe Inc,ADBE,00724F101,30156170,23876522315.51,2.0656,2024-12-31,Unchanged,13F-HR,Elizabeth Anderson,elizabeth.anderson@fidelityin.com
AQR Capital Management,AQRC,Procter & Gamble,PG,742718109,47416941,34863650411.25,0.6427,2025-12-31,Increased,13F-HR,Richard Moore,richard.moore@aqrcapital.com
Goldman Sachs AM,GS,Tesla Inc,TSLA,88160R101,3987221,170800500.73,0.0758,2025-12-31,New,13F-HR,William Jackson,william.jackson@goldmansac.com
State Street Corp,STT,Salesforce Inc,CRM,79466L302,133890,10720934.32,0.0024,2024-03-31,Increased,13F-HR,Jennifer Davis,jennifer.davis@statestree.com
DE Shaw & Co,DSHW,Walt Disney Co,DIS,254687106,39674190,2772707734.37,0.9891,2024-09-30,Unchanged,13F-NT,David Martin,david.martin@deshaw&co.com
Wellington Management,WMGI,Procter & Gamble,PG,742718109,41565040,24578191224.20,-2.0506,2025-12-31,New,13F-HR,Susan Martin,susan.martin@wellington.com
Goldman Sachs AM,GS,Apple Inc,AAPL,037833100,37836713,6234533022.85,0.7714,2024-06-30,Unchanged,13F-HR,Thomas Hernandez,thomas.hernandez@goldmansac.com
JP Morgan Asset Mgmt,JPM,Walt Disney Co,DIS,254687106,8248429,1663199351.79,0.1246,2025-09-30,Increased,13F-NT,Karen Rodriguez,karen.rodriguez@jpmorganas.com
Vanguard Group,VGI,Adobe Inc,ADBE,00724F101,7420893,4982989312.29,0.2200,2024-06-30,Unchanged,13F-HR,Richard Williams,richard.williams@vanguardgr.com
Morgan Stanley IM,MS,Home Depot,HD,437076102,28505219,14675562395.99,0.4182,2024-06-30,Increased,13F-HR,Steven Miller,steven.miller@morganstan.com
Morgan Stanley IM,MS,Pfizer Inc,PFE,717081103,5683048,4524685035.37,0.1094,2025-03-31,Increased,13F-NT,Mark Davis,mark.davis@morganstan.com
Fidelity Investments,FNF,Meta Platforms,META,30303M102,33721414,14154361884.92,0.5723,2025-12-31,Unchanged,13F-NT,Margaret Thomas,margaret.thomas@fidelityin.com
Vanguard Group,VGI,JPMorgan Chase,JPM,46625H100,3540960,2730225274.41,0.1726,2025-06-30,New,13F-HR,Jennifer Garcia,jennifer.garcia@vanguardgr.com
Point72 Asset Mgmt,PT72,Microsoft Corp,MSFT,594918104,36700786,11808432491.89,1.5379,2024-06-30,Increased,13F-HR,Patricia Johnson,patricia.johnson@point72ass.com
Point72 Asset Mgmt,PT72,Bank of America,BAC,060505104,26607282,15474742763.31,0.7343,2025-09-30,Increased,13F-HR,Steven Miller,steven.miller@point72ass.com
Wellington Management,WMGI,Coca-Cola Co,KO,191216100,18565746,11141814213.54,0.2835,2025-12-31,Unchanged,13F-NT,Lisa Miller,lisa.miller@wellington.com
Fidelity Investments,FNF,NVIDIA Corp,NVDA,67066G104,49910086,39501873011.52,0.8046,2024-12-31,Increased,13F-HR,Sarah Miller,sarah.miller@fidelityin.com
Capital Group,CGBL,Johnson & Johnson,JNJ,478160104,32071853,8381387145.97,0.4257,2024-03-31,Unchanged,13F-HR,Jennifer Anderson,jennifer.anderson@capitalgro.com
AQR Capital Management,AQRC,Microsoft Corp,MSFT,594918104,21151781,1666813992.73,0.3429,2024-06-30,Increased,13F-HR,Susan White,susan.white@aqrcapital.com
Baupost Group,BPST,Tesla Inc,TSLA,88160R101,15745562,9618835949.02,0.2150,2024-12-31,Decreased,13F-HR,Margaret Hernandez,margaret.hernandez@baupostgro.com
DE Shaw & Co,DSHW,UnitedHealth Group,UNH,91324P102,6048501,2427914758.16,0.0914,2025-03-31,New,13F-NT,Robert Thompson,robert.thompson@deshaw&co.com
Wellington Management,WMGI,NVIDIA Corp,NVDA,67066G104,48687371,4721451007.74,0.8520,2024-03-31,Decreased,13F-NT,Nancy Martin,nancy.martin@wellington.com
Baupost Group,BPST,UnitedHealth Group,UNH,91324P102,10891805,2575795601.98,0.5225,2024-03-31,Increased,13F-HR,Robert Davis,robert.davis@baupostgro.com
Millennium Management,MLNM,Coca-Cola Co,KO,191216100,40645568,19120815962.17,0.6219,2025-06-30,Unchanged,13F-HR,Patricia Jackson,patricia.jackson@millennium.com
State Street Corp,STT,Cisco Systems,CSCO,17275R102,15073716,988760475.47,1.2604,2025-09-30,Increased,13F-HR,Robert Rodriguez,robert.rodriguez@statestree.com
Wellington Management,WMGI,Exxon Mobil,XOM,30231G102,14823119,2519696973.35,0.2127,2025-06-30,Unchanged,13F-HR,Dorothy Smith,dorothy.smith@wellington.com
Two Sigma Investments,TWSM,NVIDIA Corp,NVDA,67066G104,14899056,3388769957.87,0.4627,2024-12-31,Increased,13F-HR,Thomas Martin,thomas.martin@twosigmain.com
Baupost Group,BPST,Netflix Inc,NFLX,64110L106,43227,9352734.93,0.0007,2025-12-31,Increased,13F-HR,Patricia Martin,patricia.martin@baupostgro.com
Capital Group,CGBL,NVIDIA Corp,NVDA,67066G104,523771,333854578.81,0.0220,2024-09-30,Unchanged,13F-NT,David Taylor,david.taylor@capitalgro.com
State Street Corp,STT,Visa Inc,V,92826C839,28076297,11160762290.98,1.1509,2024-09-30,Unchanged,13F-HR,Michael Smith,michael.smith@statestree.com
Goldman Sachs AM,GS,Berkshire Hathaway,BRK.B,084670702,18577669,12545236924.57,0.3458,2025-09-30,Unchanged,13F-HR,William Martin,william.martin@goldmansac.com
Capital Group,CGBL,UnitedHealth Group,UNH,91324P102,10700818,3455969728.82,0.1581,2025-09-30,Increased,13F-NT,James Jackson,james.jackson@capitalgro.com
Goldman Sachs AM,GS,Coca-Cola Co,KO,191216100,30137045,6103423565.58,1.9733,2025-03-31,Decreased,13F-NT,Karen Miller,karen.miller@goldmansac.com
Millennium Management,MLNM,Johnson & Johnson,JNJ,478160104,11772246,6114825075.72,0.4935,2024-03-31,Decreased,13F-HR,Jennifer Jackson,jennifer.jackson@millennium.com
Citadel Advisors,CDLC,Microsoft Corp,MSFT,594918104,15753106,3658602046.02,0.3281,2025-03-31,Increased,13F-HR,Michael Smith,michael.smith@citadeladv.com
Morgan Stanley IM,MS,NVIDIA Corp,NVDA,67066G104,47562154,34513578392.80,2.4588,2024-03-31,Increased,13F-HR,Susan Anderson,susan.anderson@morganstan.com
Morgan Stanley IM,MS,Coca-Cola Co,KO,191216100,34150234,24692055579.08,0.5039,2025-06-30,Increased,13F-HR,Margaret Davis,margaret.davis@morganstan.com
Vanguard Group,VGI,Microsoft Corp,MSFT,594918104,43922967,12746409330.14,0.6968,2027-04-20,Decreased,13F-HR,Jennifer Lopez,jennifer.lopez@vanguardgr.com
T. Rowe Price,TROW,Procter & Gamble,PG,742718109,7287492,3774084894.47,0.1003,2024-09-30,Unchanged,13F-HR,Margaret Taylor,margaret.taylor@troweprice.com
Point72 Asset Mgmt,PT72,Home Depot,HD,437076102,25909636,6422850754.97,0.8135,2025-06-30,Unchanged,13F-HR,Elizabeth Moore,elizabeth.moore@point72ass.com
Vanguard Group,VGI,Coca-Cola Co,KO,191216100,29187914,10970109366.17,0.8831,2024-03-31,New,13F-HR,Dorothy Miller,dorothy.miller@vanguardgr.com
Morgan Stanley IM,MS,UnitedHealth Group,UNH,91324P102,5143880,1354527571.73,0.2832,2025-09-30,New,13F-NT,Steven Hernandez,steven.hernandez@morganstan.com
BlackRock Inc,BLK,Pfizer Inc,PFE,717081103,39361466,3585192883.72,0.6710,2024-06-30,Decreased,13F-HR,Thomas Smith,thomas.smith@blackrocki.com
Citadel Advisors,CDLC,Visa Inc,V,92826C839,28261918,10637339471.49,0.5242,2024-09-30,Unchanged,13F-HR,Robert Davis,robert.davis@citadeladv.com
Capital Group,CGBL,Alphabet Inc,GOOGL,02079K305,14617652,7302050494.14,-0.2033,2025-12-31,Increased,13F-HR,Sarah Brown,sarah.brown@capitalgro.com
T. Rowe Price,TROW,Intel Corp,INTC,458140100,48905888,35173823037.43,0.9066,2025-09-30,New,13F-HR,Susan Lopez,susan.lopez@troweprice.com
Baupost Group,BPST,NVIDIA Corp,NVDA,67066G104,7239717,2240821211.00,0.2539,2025-09-30,New,13F-HR,Richard Smith,richard.smith@baupostgro.com
Wellington Management,WMGI,Johnson & Johnson,JNJ,478160104,7290778,4473414641.88,0.1123,2025-03-31,Unchanged,13F-HR,Jennifer Williams,jennifer.williams@wellington.com
Renaissance Technologies,RNTC,Intel Corp,INTC,458140100,5980110,986366876.81,0.1865,2025-03-31,New,13F-HR,Elizabeth Williams,elizabeth.williams@renaissanc.com
Wellington Management,WMGI,Exxon Mobil,XOM,30231G102,9626367,5970229396.79,0.1845,2025-06-30,Increased,13F-HR,Nancy Jones,nancy.jones@wellington.com
BlackRock Inc,BLK,Coca-Cola Co,KO,191216100,1843507,356787935.92,0.0407,2025-03-31,Unchanged,13F-NT,Patricia Rodriguez,patricia.rodriguez@blackrocki.com
BlackRock Inc,BLK,Apple Inc,AAPL,037833100,47872742,16354678141.39,1.1542,2025-03-31,Unchanged,13F-HR,Patricia Lopez,patricia.lopez@blackrocki.com
Capital Group,CGBL,UnitedHealth Group,UNH,91324P102,14253976,3201996474.92,0.1908,2024-12-31,Unchanged,13F-HR,Richard Jones,richard.jones@capitalgro.com
Appaloosa Management,APLS,Visa Inc,V,92826C839,46740007,19684848552.80,1.0325,2025-09-30,Unchanged,13F-HR,David White,david.white@appaloosam.com
Baupost Group,BPST,Berkshire Hathaway,BRK.B,084670702,47367866,35852974154.94,2.9418,2024-12-31,Decreased,13F-HR,Susan Moore,susan.moore@baupostgro.com
BlackRock Inc,BLK,Meta Platforms,META,30303M102,3035187,1271661751.61,0.0419,2024-12-31,Decreased,13F-HR,Susan Thomas,susan.thomas@blackrocki.com
Two Sigma Investments,TWSM,Procter & Gamble,PG,742718109,44721756,26970791923.10,0.7523,2024-12-31,Unchanged,13F-HR,Jennifer Martinez,jennifer.martinez@twosigmain.com
Renaissance Technologies,RNTC,Chevron Corp,CVX,166764100,429228,169779784.70,0.0085,2025-06-30,Increased,13F-HR,Thomas Thompson,thomas.thompson@renaissanc.com
Bridgewater Associates,BWTR,Salesforce Inc,CRM,79466L302,39336912,3886687238.30,2.1902,2025-09-30,Increased,13F-HR,Richard Garcia,richard.garcia@bridgewate.com
Renaissance Technologies,RNTC,Microsoft Corp,MSFT,594918104,8769518,2013175383.66,0.4632,2025-03-31,Unchanged,13F-HR,Sarah Taylor,sarah.taylor@renaissanc.com
Capital Group,CGBL,Adobe Inc,ADBE,00724F101,4120124,283781026.80,0.1003,2025-12-31,Increased,13F-HR,Dorothy Miller,dorothy.miller@capitalgro.com
State Street Corp,STT,JPMorgan Chase,JPM,46625H100,35676359,3774284193.21,1.2495,2024-06-30,Increased,13F-HR,Michael Anderson,michael.anderson@statestree.com
Appaloosa Management,APLS,Meta Platforms,META,30303M102,47465048,6981644333.72,0.6598,2024-12-31,Unchanged,13F-HR,Thomas Smith,thomas.smith@appaloosam.com
Baupost Group,BPST,Chevron Corp,CVX,166764100,44271299,8072099655.25,0.9962,2024-06-30,Unchanged,13F-HR,Mark Anderson,mark.anderson@baupostgro.com
Two Sigma Investments,TWSM,Adobe Inc,ADBE,00724F101,41151339,29407952940.99,0.7630,2024-12-31,Increased,13F-HR,Elizabeth Miller,elizabeth.miller@twosigmain.com
Citadel Advisors,CDLC,Visa Inc,V,92826C839,6537557,3614357649.65,0.0902,2025-06-30,Increased,13F-HR,Jennifer Garcia,jennifer.garcia@citadeladv.com
T. Rowe Price,TROW,Tesla Inc,TSLA,88160R101,48120093,23811918278.30,0.9217,2024-12-31,Increased,13F-HR,Margaret Jackson,margaret.jackson@troweprice.com
Wellington Management,WMGI,Netflix Inc,NFLX,64110L106,38656284,8326614004.23,0.6964,2024-03-31,New,13F-HR,Michael Thompson,michael.thompson@wellington.com
State Street Corp,STT,NVIDIA Corp,NVDA,67066G104,22230397,4718661720.53,0.3266,2024-03-31,Increased,13F-HR,Nancy Martin,nancy.martin@statestree.com
Millennium Management,MLNM,Visa Inc,V,92826C839,13463082,10158916778.47,0.5077,2025-12-31,Decreased,13F-HR,Karen White,karen.white@millennium.com
Fidelity Investments,FNF,Bank of America,BAC,060505104,24938718,18366438408.17,4.3634,2025-03-31,Increased,13F-HR,Dorothy Lopez,dorothy.lopez@fidelityin.com
Morgan Stanley IM,MS,NVIDIA Corp,NVDA,67066G104,30441866,14773316494.83,3.8259,2025-06-30,Increased,13F-HR,Daniel Thomas,daniel.thomas@morganstan.com
Bridgewater Associates,BWTR,UnitedHealth Group,UNH,91324P102,34272678,24871525124.09,0.4525,2024-03-31,Increased,13F-HR,Nancy Garcia,nancy.garcia@bridgewate.com
Appaloosa Management,APLS,JPMorgan Chase,JPM,46625H100,8405476,6169547802.81,0.1162,2025-09-30,Increased,13F-HR,Margaret Johnson,margaret.johnson@appaloosam.com
Fidelity Investments,FNF,Microsoft Corp,MSFT,594918104,33055890,4282402651.64,0.4198,2024-09-30,Decreased,13F-NT,Mark Brown,mark.brown@fidelityin.com
Goldman Sachs AM,GS,Walt Disney Co,DIS,254687106,22445317,5840263299.87,0.4824,2024-06-30,Increased,13F-HR,Elizabeth Martinez,elizabeth.martinez@goldmansac.com
Point72 Asset Mgmt,PT72,Microsoft Corp,MSFT,594918104,26640122,14739070586.30,1.0198,2025-03-31,New,13F-HR,David Davis,david.davis@point72ass.com
T. Rowe Price,TROW,Microsoft Corp,MSFT,594918104,19567068,15404894936.81,0.3072,2024-09-30,New,13F-HR,Thomas White,thomas.white@troweprice.com
Citadel Advisors,CDLC,Home Depot,HD,437076102,20171870,5448801745.65,1.4803,2024-09-30,Unchanged,13F-HR,William Garcia,william.garcia@citadeladv.com
Fidelity Investments,FNF,Tesla Inc,TSLA,88160R101,30047271,12938733871.40,0.9716,2024-09-30,Decreased,13F-HR,Margaret Garcia,margaret.garcia@fidelityin.com
Fidelity Investments,FNF,Berkshire Hathaway,BRK.B,084670702,296414,67507333.72,0.0039,2024-03-31,Unchanged,13F-HR,Dorothy Jones,dorothy.jones@fidelityin.com
Point72 Asset Mgmt,PT72,Coca-Cola Co,KO,191216100,43515815,4744859510.18,0.9266,2024-06-30,New,13F-HR,Nancy Hernandez,nancy.hernandez@point72ass.com
Two Sigma Investments,TWSM,Procter & Gamble,PG,742718109,37113950,18685115461.42,1.1088,2024-06-30,New,13F-HR,James Hernandez,james.hernandez@twosigmain.com
Goldman Sachs AM,GS,UnitedHealth Group,UNH,91324P102,27345599,14181339998.36,0.4367,2025-03-31,New,13F-HR,Thomas Anderson,thomas.anderson@goldmansac.com
Fidelity Investments,FNF,Johnson & Johnson,JNJ,478160104,44268068,33937179871.45,1.9147,not_a_date,Unchanged,13F-HR,Richard Rodriguez,richard.rodriguez@fidelityin.com
JP Morgan Asset Mgmt,JPM,Adobe Inc,ADBE,00724F101,25088595,18237613944.66,0.3831,2024-06-30,Unchanged,13F-HR,Lisa Martin,lisa.martin@jpmorganas.com
Morgan Stanley IM,MS,Cisco Systems,CSCO,17275R102,25287195,13398843685.72,0.3974,2024-09-30,Decreased,13F-HR,Michael Jackson,michael.jackson@morganstan.com
Capital Group,CGBL,Exxon Mobil,XOM,30231G102,10081780,7851359116.60,0.1798,2025-03-31,New,13F-HR,Patricia Smith,patricia.smith@capitalgro.com
Morgan Stanley IM,MS,Pfizer Inc,PFE,717081103,14144276,10611572616.69,0.1793,2025-12-31,Unchanged,13F-HR,Richard Garcia,richard.garcia@morganstan.com
JP Morgan Asset Mgmt,JPM,UnitedHealth Group,UNH,91324P102,11058610,3490086620.13,0.2337,2024-03-31,Decreased,13F-HR,Patricia Moore,patricia.moore@jpmorganas.com
Millennium Management,MLNM,Amazon.com Inc,AMZN,023135106,22522684,16021330774.12,1.0016,2025-09-30,New,13F-HR,Daniel Miller,daniel.miller@millennium.com
Renaissance Technologies,RNTC,Adobe Inc,ADBE,00724F101,13683607,5766973823.65,0.1981,2024-06-30,Decreased,13F-HR,Elizabeth Jackson,elizabeth.jackson@renaissanc.com
Vanguard Group,VGI,Johnson & Johnson,JNJ,478160104,18936139,6232375896.96,1.7568,2024-09-30,New,13F-HR,Steven Hernandez,steven.hernandez@vanguardgr.com
Renaissance Technologies,RNTC,Home Depot,HD,437076102,44766468,9042543866.65,0.7868,2025-06-30,Increased,13F-NT,Susan Hernandez,susan.hernandez@renaissanc.com
BlackRock Inc,BLK,Adobe Inc,ADBE,00724F101,2237165,983143909.80,0.1059,2024-09-30,Decreased,13F-HR,Daniel Johnson,daniel.johnson@blackrocki.com
AQR Capital Management,AQRC,Visa Inc,V,92826C839,3093177,302105335.15,0.1250,2024-03-31,Unchanged,13F-HR,David Garcia,david.garcia@aqrcapital.com
State Street Corp,STT,Chevron Corp,CVX,166764100,29868069,13339595254.06,0.4222,2025-06-30,New,13F-NT,Sarah Jackson,sarah.jackson@statestree.com
Goldman Sachs AM,GS,Adobe Inc,ADBE,00724F101,32133538,9714518922.41,2.5348,2025-09-30,Decreased,13F-HR,Thomas Rodriguez,thomas.rodriguez@goldmansac.com
JP Morgan Asset Mgmt,JPM,Procter & Gamble,PG,742718109,18962542,2670675480.95,0.9401,2024-12-31,Unchanged,13F-HR,Daniel Williams,daniel.williams@jpmorganas.com
Goldman Sachs AM,GS,Walt Disney Co,DIS,254687106,38277807,13112096102.85,5.7790,2025-06-30,New,13F-HR,Lisa Miller,lisa.miller@goldmansac.com
DE Shaw & Co,DSHW,Microsoft Corp,MSFT,594918104,26229844,6077731596.86,0.3482,2025-06-30,Unchanged,13F-HR,Mark Anderson,mark.anderson@deshaw&co.com
DE Shaw & Co,DSHW,Alphabet Inc,GOOGL,02079K305,20455252,517079072.64,0.9300,2024-09-30,Decreased,13F-HR,Dorothy Thomas,dorothy.thomas@deshaw&co.com
Fidelity Investments,FNF,NVIDIA Corp,NVDA,67066G104,31873742,4054553793.03,0.5514,2025-03-31,New,13F-HR,,
JP Morgan Asset Mgmt,,Amazon.com Inc,AMZN,023135106,23196643,8261698957.41,0.5797,2024-12-31,Increased,13F-HR,Steven Smith,steven.smith@jpmorganas.com
Wellington Management,WMGI,Procter & Gamble,PG,742718109,15201014,11485234240.78,0.3583,2024-03-31,Increased,13F-HR,Margaret Johnson,margaret.johnson@wellington.com
Morgan Stanley IM,MS,Home Depot,HD,437076102,4604538,747213374.01,0.2641,2024-12-31,Unchanged,13F-HR,Steven Lopez,steven.lopez@morganstan.com
Capital Group,CGBL,Adobe Inc,ADBE,00724F101,33123150,864669816.31,1.1459,2025-09-30,Unchanged,13F-NT,Nancy Jackson,nancy.jackson@capitalgro.com
Baupost Group,BPST,Johnson & Johnson,JNJ,478160104,26868054,5529717488.14,0.4225,not_a_date,Decreased,13F-HR,Karen Garcia,karen.garcia@baupostgro.com
Wellington Management,WMGI,Intel Corp,INTC,458140100,30439644,6289825908.09,0.5773,2025-09-30,Unchanged,13F-NT,James Smith,james.smith@wellington.com
AQR Capital Management,AQRC,Netflix Inc,NFLX,64110L106,19286688,5217257547.83,0.5891,2024-12-31,Increased,13F-NT,Michael White,michael.white@aqrcapital.com
JP Morgan Asset Mgmt,JPM,Alphabet Inc,GOOGL,02079K305,39407908,22273609622.75,0.5438,2024-12-31,Unchanged,13F-HR,Karen White,karen.white@jpmorganas.com
Millennium Management,MLNM,Salesforce Inc,CRM,79466L302,46334603,5170213396.34,2.6220,2025-03-31,Increased,13F-HR,Dorothy Davis,dorothy.davis@millennium.com
Wellington Management,WMGI,Apple Inc,AAPL,037833100,28981936,16454003446.80,0.4467,2024-12-31,Unchanged,13F-HR,William Thomas,william.thomas@wellington.com
Baupost Group,BPST,UnitedHealth Group,UNH,91324P102,27576650,1490377106.71,0.7456,2024-12-31,Increased,13F-HR,Daniel Thomas,daniel.thomas@baupostgro.com
Two Sigma Investments,TWSM,Coca-Cola Co,KO,191216100,29242166,6522207076.64,0.8604,2024-09-30,Unchanged,13F-NT,Michael Lopez,michael.lopez@twosigmain.com
T. Rowe Price,TROW,Berkshire Hathaway,BRK.B,084670702,48465704,37353959467.99,1.0046,2025-12-31,Unchanged,13F-HR,Robert Hernandez,robert.hernandez@troweprice.com
Renaissance Technologies,RNTC,Apple Inc,AAPL,037833100,15038130,6254319693.58,0.2530,2025-06-30,Unchanged,13F-HR,Patricia Martinez,patricia.martinez@renaissanc.com
Morgan Stanley IM,MS,Tesla Inc,TSLA,88160R101,2353179,458514019.31,0.0466,2026-11-14,Unchanged,13F-HR,William Martin,william.martin@morganstan.com
Renaissance Technologies,RNTC,Coca-Cola Co,KO,191216100,8859827,6450094246.41,0.1476,2024-12-31,Increased,13F-NT,Patricia Williams,patricia.williams@renaissanc.com
Millennium Management,MLNM,Visa Inc,V,92826C839,18158631,2910036496.77,0.2946,2025-09-30,Decreased,13F-HR,Lisa Smith,lisa.smith@millennium.com
BlackRock Inc,BLK,Amazon.com Inc,AMZN,023135106,16278754,12041796197.70,0.4599,2025-06-30,Unchanged,13F-HR,Susan Anderson,susan.anderson@blackrocki.com
Millennium Management,MLNM,Intel Corp,INTC,458140100,17566203,8922773172.56,0.2974,2024-03-31,Unchanged,13F-HR,Sarah Thompson,sarah.thompson@millennium.com
Point72 Asset Mgmt,PT72,Visa Inc,V,92826C839,47467100,37721562720.88,0.6167,2024-06-30,Unchanged,13F-HR,Dorothy Martin,dorothy.martin@point72ass.com
State Street Corp,STT,Home Depot,HD,437076102,46674748,18337723535.41,5.1120,2024-03-31,Increased,13F-NT,Susan Brown,susan.brown@statestree.com
Fidelity Investments,FNF,Visa Inc,V,92826C839,37157764,10554017018.85,5.2927,2025-03-31,Increased,13F-HR,Sarah Thomas,sarah.thomas@fidelityin.com
Appaloosa Management,APLS,Home Depot,HD,437076102,1364096,867943862.08,0.0235,2024-12-31,Decreased,13F-HR,Dorothy Lopez,dorothy.lopez@appaloosam.com
T. Rowe Price,TROW,Meta Platforms,META,30303M102,47794698,2868742079.66,2.6216,2024-09-30,Increased,13F-HR,Steven Martinez,steven.martinez@troweprice.com
Renaissance Technologies,RNTC,Johnson & Johnson,JNJ,478160104,41873514,8741388280.71,0.6276,2025-03-31,New,13F-HR,Thomas Jackson,thomas.jackson@renaissanc.com
Baupost Group,BPST,Meta Platforms,META,30303M102,28085722,2326387004.70,1.2678,2024-03-31,Increased,13F-NT,Margaret Williams,margaret.williams@baupostgro.com
Point72 Asset Mgmt,PT72,Netflix Inc,NFLX,64110L106,11911551,6015663900.48,0.2929,2025-06-30,New,13F-HR,Thomas Thomas,thomas.thomas@point72ass.com
Point72 Asset Mgmt,PT72,NVIDIA Corp,NVDA,67066G104,27123682,11515940029.73,0.5247,2025-12-31,Increased,13F-HR,Steven Garcia,steven.garcia@point72ass.com
Goldman Sachs AM,GS,Netflix Inc,NFLX,64110L106,38575977,11728105032.40,0.4975,2024-03-31,Unchanged,13F-NT,Margaret Martin,margaret.martin@goldmansac.com
Point72 Asset Mgmt,PT72,Walt Disney Co,DIS,254687106,532006,135761187.45,0.0178,2025-06-30,Unchanged,13F-HR,James Jackson,james.jackson@point72ass.com
Point72 Asset Mgmt,PT72,Walt Disney Co,DIS,254687106,7349657,4555200970.76,0.0965,2024-06-30,Increased,13F-NT,Thomas Garcia,thomas.garcia@point72ass.com
Fidelity Investments,FNF,UnitedHealth Group,UNH,91324P102,44427786,5926061173.80,0.5898,2024-09-30,Increased,13F-NT,Nancy Martinez,nancy.martinez@fidelityin.com
Citadel Advisors,CDLC,Microsoft Corp,MSFT,594918104,46102210,23903230688.32,2.6322,2025-03-31,Increased,13F-HR,Jennifer Miller,jennifer.miller@citadeladv.com
AQR Capital Management,AQRC,Tesla Inc,TSLA,88160R101,47687377,7824794748.69,0.6882,2025-06-30,Unchanged,13F-HR,Karen Martinez,karen.martinez@aqrcapital.com
Vanguard Group,VGI,Bank of America,BAC,060505104,16364644,2357705361.54,0.2499,2025-03-31,Increased,13F-HR,Dorothy Thompson,dorothy.thompson@vanguardgr.com
Wellington Management,WMGI,Walt Disney Co,DIS,254687106,46359561,25292221187.14,0.5974,2025-06-30,New,13F-HR,Daniel Martinez,daniel.martinez@wellington.com
Renaissance Technologies,RNTC,Alphabet Inc,GOOGL,02079K305,17229500,7604844651.01,1.0048,2025-09-30,Unchanged,13F-NT,Nancy Taylor,nancy.taylor@renaissanc.com
Vanguard Group,VGI,Procter & Gamble,PG,742718109,12130537,3677452970.71,0.2941,2025-09-30,Unchanged,13F-HR,Susan Moore,susan.moore@vanguardgr.com
Two Sigma Investments,TWSM,UnitedHealth Group,UNH,91324P102,25314534,2133087018.29,4.2025,2025-09-30,Unchanged,13F-HR,David Anderson,david.anderson@twosigmain.com
Wellington Management,WMGI,Berkshire Hathaway,BRK.B,084670702,46437768,34460823944.17,0.7541,2024-06-30,Unchanged,13F-HR,Thomas Hernandez,thomas.hernandez@wellington.com
Two Sigma Investments,TWSM,Cisco Systems,CSCO,17275R102,1049880,455793757.28,0.0518,2025-12-31,Unchanged,13F-HR,Steven Anderson,steven.anderson@twosigmain.com
AQR Capital Management,AQRC,Berkshire Hathaway,BRK.B,084670702,48496848,31776600122.22,0.7749,2025-12-31,Increased,13F-HR,Michael Anderson,michael.anderson@aqrcapital.com
Renaissance Technologies,RNTC,Home Depot,HD,437076102,34395729,20666683230.48,2.0716,2024-09-30,Decreased,13F-NT,Jennifer Miller,jennifer.miller@renaissanc.com
Citadel Advisors,CDLC,Intel Corp,INTC,458140100,37827917,12758479918.82,2.0127,2025-06-30,Unchanged,13F-HR,Karen Lopez,karen.lopez@citadeladv.com
Goldman Sachs AM,GS,Coca-Cola Co,KO,191216100,24913987,8779975806.16,1.4107,2024-06-30,Increased,13F-HR,William Davis,william.davis@goldmansac.com
Point72 Asset Mgmt,PT72,Intel Corp,INTC,458140100,5529566,1525773244.35,0.5546,2024-03-31,Unchanged,13F-HR,Elizabeth Moore,elizabeth.moore@point72ass.com
AQR Capital Management,AQRC,Visa Inc,V,92826C839,25038632,18967277713.47,0.7353,2024-12-31,Unchanged,13F-NT,Sarah Rodriguez,sarah.rodriguez@aqrcapital.com
Renaissance Technologies,RNTC,Salesforce Inc,CRM,79466L302,49766669,36913254532.73,1.0589,2024-06-30,Increased,13F-HR,Michael Taylor,michael.taylor@renaissanc.com
AQR Capital Management,AQRC,Walt Disney Co,DIS,254687106,3033384,356268881.12,0.0881,2025-06-30,New,13F-NT,Daniel Moore,daniel.moore@aqrcapital.com
Vanguard Group,VGI,Procter & Gamble,PG,742718109,39661075,31432152109.61,0.5082,2024-06-30,Unchanged,13F-HR,William Hernandez,william.hernandez@vanguardgr.com
Morgan Stanley IM,MS,Alphabet Inc,GOOGL,02079K305,42700132,16396606282.32,1.5527,2025-03-31,Increased,13F-HR,Thomas Smith,thomas.smith@morganstan.com
JP Morgan Asset Mgmt,JPM,Home Depot,HD,437076102,35032562,7901640533.68,6.2377,2025-12-31,Unchanged,13F-HR,Richard Williams,richard.williams@jpmorganas.com
Renaissance Technologies,RNTC,Pfizer Inc,PFE,717081103,25890046,2435686323.27,3.7707,2025-12-31,Increased,13F-HR,Thomas White,thomas.white@renaissanc.com
State Street Corp,STT,Home Depot,HD,437076102,16512594,7775616479.29,0.3669,2024-06-30,Decreased,13F-HR,Richard Williams,richard.williams@statestree.com
T. Rowe Price,TROW,Pfizer Inc,PFE,717081103,12668675,1676062010.27,0.2060,2025-12-31,Increased,13F-HR,Karen Davis,karen.davis@troweprice.com
AQR Capital Management,AQRC,Amazon.com Inc,AMZN,023135106,14394051,7033577473.21,0.1860,2024-12-31,Unchanged,13F-HR,Mark Garcia,mark.garcia@aqrcapital.com
BlackRock Inc,BLK,Tesla Inc,TSLA,88160R101,22413912,13817662754.21,0.5990,2025-03-31,Unchanged,13F-HR,Robert Garcia,robert.garcia@blackrocki.com
BlackRock Inc,BLK,Salesforce Inc,CRM,79466L302,10499772,5947691303.93,0.1975,2024-12-31,Unchanged,13F-HR,Steven Thomas,steven.thomas@blackrocki.com
Capital Group,CGBL,Pfizer Inc,PFE,717081103,41816215,29594680531.58,1.6797,2025-09-30,Increased,13F-NT,James Jackson,james.jackson@capitalgro.com
Baupost Group,BPST,Tesla Inc,TSLA,88160R101,30266654,13521777996.33,0.4780,2025-06-30,Unchanged,13F-HR,Sarah Johnson,sarah.johnson@baupostgro.com
Renaissance Technologies,RNTC,Exxon Mobil,XOM,30231G102,10277027,7308758093.04,0.3107,2024-03-31,Decreased,13F-HR,Karen Moore,karen.moore@renaissanc.com
Renaissance Technologies,RNTC,Walt Disney Co,DIS,254687106,11875122,9469956535.58,0.2122,2025-06-30,Unchanged,13F-HR,David Taylor,david.taylor@renaissanc.com
Vanguard Group,VGI,Johnson & Johnson,JNJ,478160104,34066903,6397178955.68,1.5096,2025-03-31,Decreased,13F-HR,Margaret Anderson,margaret.anderson@vanguardgr.com
Citadel Advisors,CDLC,Netflix Inc,NFLX,64110L106,49617917,5263849482.47,8.1953,2025-06-30,New,13F-HR,Robert Martinez,robert.martinez@citadeladv.com
Baupost Group,BPST,UnitedHealth Group,UNH,91324P102,27318270,13978081530.27,1.9098,2025-06-30,Unchanged,13F-HR,Margaret Martin,margaret.martin@baupostgro.com
Two Sigma Investments,TWSM,JPMorgan Chase,JPM,46625H100,46333766,23615267594.20,1.4901,2024-06-30,Increased,13F-HR,Mark Jackson,mark.jackson@twosigmain.com
Capital Group,CGBL,Chevron Corp,CVX,166764100,21321900,6881403821.39,0.3654,2024-06-30,Increased,13F-HR,Steven Smith,steven.smith@capitalgro.com
T. Rowe Price,TROW,UnitedHealth Group,UNH,91324P102,34149485,21580601871.12,1.0189,2024-03-31,Increased,13F-HR,Lisa White,lisa.white@troweprice.com
Fidelity Investments,FNF,Adobe Inc,ADBE,00724F101,32273571,21826283223.12,0.4110,2024-03-31,Decreased,13F-HR,Michael Rodriguez,michael.rodriguez@fidelityin.com
DE Shaw & Co,DSHW,Coca-Cola Co,KO,191216100,2879288,828929548.76,0.0531,2024-09-30,Increased,13F-HR,William Thompson,william.thompson@deshaw&co.com
Capital Group,CGBL,Pfizer Inc,PFE,717081103,11344440,1578114614.79,0.5980,2025-09-30,Increased,13F-HR,Susan Thomas,susan.thomas@capitalgro.com
JP Morgan Asset Mgmt,JPM,Amazon.com Inc,AMZN,023135106,22821188,6751875218.78,0.8687,2026-08-09,Increased,13F-HR,Robert Miller,robert.miller@jpmorganas.com
Morgan Stanley IM,MS,Alphabet Inc,GOOGL,02079K305,46587326,36745544621.89,1.6229,2024-03-31,New,13F-NT,Mark Martin,mark.martin@morganstan.com
Wellington Management,WMGI,Chevron Corp,CVX,166764100,45254836,4401512464.88,1.8322,2024-03-31,Unchanged,13F-HR,Michael Jones,michael.jones@wellington.com
Bridgewater Associates,BWTR,Apple Inc,AAPL,037833100,40142224,28857042470.92,7.3001,2024-06-30,Unchanged,13F-HR,William Hernandez,william.hernandez@bridgewate.com
Fidelity Investments,FNF,Amazon.com Inc,AMZN,023135106,22129890,13842443728.49,0.5520,2024-06-30,Increased,13F-HR,William Jackson,william.jackson@fidelityin.com
Bridgewater Associates,BWTR,Pfizer Inc,PFE,717081103,12022387,3258331894.21,0.1878,2025-12-31,Unchanged,13F-HR,Karen Martin,karen.martin@bridgewate.com
Appaloosa Management,APLS,Microsoft Corp,MSFT,594918104,21790346,2256810939.87,0.3152,2025-06-30,Increased,13F-NT,Elizabeth Smith,elizabeth.smith@appaloosam.com
Bridgewater Associates,BWTR,Walt Disney Co,DIS,254687106,19633485,2379159611.95,0.8889,2024-12-31,New,13F-HR,David Williams,david.williams@bridgewate.com
Baupost Group,BPST,Berkshire Hathaway,BRK.B,084670702,20065625,1637052788.09,0.5624,2025-12-31,Unchanged,13F-NT,Nancy White,nancy.white@baupostgro.com
Point72 Asset Mgmt,PT72,Berkshire Hathaway,BRK.B,084670702,45213028,18436036770.44,0.7227,2024-03-31,Increased,13F-HR,William Thompson,william.thompson@point72ass.com
T. Rowe Price,TROW,UnitedHealth Group,UNH,91324P102,9330939,2075748086.94,0.3827,2025-09-30,Increased,13F-HR,Lisa Martin,lisa.martin@troweprice.com
Point72 Asset Mgmt,PT72,Amazon.com Inc,AMZN,023135106,7876484,1524259928.44,0.8266,2025-06-30,Unchanged,13F-HR,Karen Jackson,karen.jackson@point72ass.com
Citadel Advisors,CDLC,Amazon.com Inc,AMZN,023135106,45268759,17467843014.46,0.5761,2024-06-30,New,13F-HR,Patricia Martin,patricia.martin@citadeladv.com
Morgan Stanley IM,MS,Amazon.com Inc,AMZN,023135106,28243992,11500718256.68,1.5283,2025-12-31,New,13F-NT,Susan Jackson,susan.jackson@morganstan.com
State Street Corp,STT,Walt Disney Co,DIS,254687106,20583832,823512938.61,0.5691,2025-09-30,Increased,13F-HR,Robert White,robert.white@statestree.com
T. Rowe Price,TROW,Alphabet Inc,GOOGL,02079K305,17047989,4545785162.27,0.4460,2024-03-31,Unchanged,13F-HR,Mark Brown,mark.brown@troweprice.com
Baupost Group,BPST,Meta Platforms,META,30303M102,42033118,16497788545.02,0.6428,2024-09-30,Increased,13F-HR,Susan Lopez,susan.lopez@baupostgro.com
Citadel Advisors,CDLC,Meta Platforms,META,30303M102,6411449,2933177842.80,0.1127,2024-06-30,Increased,13F-HR,Karen White,karen.white@citadeladv.com
JP Morgan Asset Mgmt,JPM,Alphabet Inc,GOOGL,02079K305,42286253,26241641225.06,2.2113,2024-06-30,Unchanged,13F-NT,Jennifer Smith,jennifer.smith@jpmorganas.com
Millennium Management,MLNM,NVIDIA Corp,NVDA,67066G104,10695231,3449844379.25,0.3210,2025-03-31,Increased,13F-HR,David Moore,david.moore@millennium.com
Citadel Advisors,CDLC,Adobe Inc,ADBE,00724F101,26881132,2722066125.93,4.0763,2024-03-31,Increased,13F-HR,Steven Smith,steven.smith@citadeladv.com
Point72 Asset Mgmt,PT72,Intel Corp,INTC,458140100,10975755,4176965868.59,0.1843,2024-12-31,Increased,13F-HR,Margaret Davis,margaret.davis@point72ass.com
Baupost Group,BPST,JPMorgan Chase,JPM,46625H100,49950422,9812871179.06,0.9491,2025-03-31,Decreased,13F-HR,Patricia Williams,patricia.williams@baupostgro.com
Morgan Stanley IM,MS,Johnson & Johnson,JNJ,478160104,8062013,209848773.66,0.2174,2025-06-30,Unchanged,13F-NT,Sarah Jones,sarah.jones@morganstan.com
BlackRock Inc,BLK,NVIDIA Corp,NVDA,67066G104,24432453,16151089477.97,0.3525,2024-06-30,New,13F-HR,Richard Miller,richard.miller@blackrocki.com
AQR Capital Management,AQRC,UnitedHealth Group,UNH,91324P102,28954629,19919146718.32,0.9409,2024-09-30,Unchanged,13F-HR,Elizabeth Miller,elizabeth.miller@aqrcapital.com
BlackRock Inc,BLK,JPMorgan Chase,JPM,46625H100,39526496,11724356022.66,1.1091,2024-03-31,Unchanged,13F-HR,Patricia Williams,patricia.williams@blackrocki.com
DE Shaw & Co,DSHW,Pfizer Inc,PFE,717081103,7041174,466801844.82,0.9735,2024-09-30,Decreased,13F-HR,Patricia Martinez,patricia.martinez@deshaw&co.com
Renaissance Technologies,RNTC,Walt Disney Co,DIS,254687106,6518205,2142434671.06,0.1143,2024-06-30,Decreased,13F-HR,David White,david.white@renaissanc.com
JP Morgan Asset Mgmt,JPM,NVIDIA Corp,NVDA,67066G104,28689692,3734783295.23,0.9140,2024-06-30,Unchanged,13F-HR,Robert Jackson,robert.jackson@jpmorganas.com
State Street Corp,STT,Alphabet Inc,GOOGL,02079K305,15689937,10059918503.99,0.5028,2024-12-31,Increased,13F-HR,,
DE Shaw & Co,DSHW,Tesla Inc,TSLA,88160R101,6745489,4592869380.75,0.1030,2024-12-31,Increased,13F-HR,Steven Moore,steven.moore@deshaw&co.com
Wellington Management,WMGI,UnitedHealth Group,UNH,91324P102,43837955,32645585946.95,0.8338,2024-12-31,Unchanged,13F-NT,Steven Lopez,steven.lopez@wellington.com
Capital Group,CGBL,Visa Inc,V,92826C839,3558652,1199642931.72,0.0498,2025-12-31,Unchanged,13F-NT,James Jones,james.jones@capitalgro.com
Morgan Stanley IM,MS,Adobe Inc,ADBE,00724F101,21067553,16548456529.80,0.3011,2024-03-31,Decreased,13F-NT,Susan Smith,susan.smith@morganstan.com
Two Sigma Investments,TWSM,Home Depot,HD,437076102,35322165,12570398300.07,0.5673,2024-06-30,Increased,13F-HR,Karen Jones,karen.jones@twosigmain.com
Renaissance Technologies,RNTC,Walt Disney Co,DIS,254687106,21413465,14029471342.38,0.7453,2024-03-31,Decreased,13F-NT,Thomas Martin,thomas.martin@renaissanc.com
Goldman Sachs AM,GS,Pfizer Inc,PFE,717081103,25485199,4846890372.47,0.3524,2024-09-30,Unchanged,13F-HR,Thomas Thomas,thomas.thomas@goldmansac.com
State Street Corp,STT,UnitedHealth Group,UNH,91324P102,44501944,30467129922.94,1.3343,2025-03-31,Decreased,13F-HR,David Smith,david.smith@statestree.com
AQR Capital Management,AQRC,Coca-Cola Co,KO,191216100,17481166,10532835089.25,0.2751,2025-06-30,Increased,13F-HR,Patricia Martin,patricia.martin@aqrcapital.com
AQR Capital Management,AQRC,Pfizer Inc,PFE,717081103,23693502,5079250032.64,0.7753,2024-06-30,Unchanged,13F-HR,Sarah Garcia,sarah.garcia@aqrcapital.com
Renaissance Technologies,RNTC,NVIDIA Corp,NVDA,67066G104,11593896,1891917288.64,0.5783,2024-09-30,Increased,13F-HR,David Thompson,david.thompson@renaissanc.com
Capital Group,CGBL,UnitedHealth Group,UNH,91324P102,34481552,5372325871.61,0.8309,2024-03-31,Increased,13F-HR,Sarah Hernandez,sarah.hernandez@capitalgro.com
Bridgewater Associates,BWTR,Cisco Systems,CSCO,17275R102,32042336,10976874759.75,3.1912,2025-03-31,Unchanged,13F-NT,David Johnson,david.johnson@bridgewate.com
Goldman Sachs AM,GS,Home Depot,HD,437076102,30621054,9628196956.10,1.5057,2025-06-30,Unchanged,13F-HR,Elizabeth Anderson,elizabeth.anderson@goldmansac.com
Goldman Sachs AM,GS,Chevron Corp,CVX,166764100,34288161,26419131423.56,2.9004,2024-09-30,Unchanged,13F-HR,Patricia Moore,patricia.moore@goldmansac.com
BlackRock Inc,BLK,Netflix Inc,NFLX,64110L106,10515271,2523812837.75,0.1843,2025-03-31,Unchanged,13F-HR,David Lopez,david.lopez@blackrocki.com
Citadel Advisors,CDLC,Adobe Inc,ADBE,00724F101,13975851,5499679176.46,0.3627,2025-12-31,Unchanged,13F-HR,Dorothy Thomas,dorothy.thomas@citadeladv.com
Vanguard Group,VGI,Exxon Mobil,XOM,30231G102,27225063,17794020592.47,1.1662,2024-06-30,Unchanged,13F-HR,David Jackson,david.jackson@vanguardgr.com
Citadel Advisors,CDLC,UnitedHealth Group,UNH,91324P102,41382809,9451456346.86,0.5634,2025-06-30,Increased,13F-HR,Sarah Johnson,sarah.johnson@citadeladv.com
AQR Capital Management,AQRC,Intel Corp,INTC,458140100,46176598,9518068076.30,0.7510,2025-03-31,Increased,13F-HR,Michael Garcia,michael.garcia@aqrcapital.com
Goldman Sachs AM,GS,JPMorgan Chase,JPM,46625H100,21318463,10067550076.79,2.4710,2024-06-30,New,13F-NT,Daniel Hernandez,daniel.hernandez@goldmansac.com
Appaloosa Management,APLS,Walt Disney Co,DIS,254687106,8681494,4270164199.58,0.1779,2025-06-30,New,13F-HR,James Thomas,james.thomas@appaloosam.com
Fidelity Investments,FNF,Pfizer Inc,PFE,717081103,28495938,17530146728.18,0.3769,2025-12-31,Increased,13F-NT,Richard Lopez,richard.lopez@fidelityin.com
BlackRock Inc,BLK,Netflix Inc,NFLX,64110L106,7100811,4450481803.00,0.1481,2024-09-30,Increased,13F-HR,David Hernandez,david.hernandez@blackrocki.com
Renaissance Technologies,RNTC,UnitedHealth Group,UNH,91324P102,31682031,24589786868.62,0.4355,2025-03-31,Increased,13F-HR,Thomas Williams,thomas.williams@renaissanc.com
Capital Group,CGBL,Alphabet Inc,GOOGL,02079K305,33795642,11624474818.16,2.7958,2024-12-31,Unchanged,13F-HR,Margaret Rodriguez,margaret.rodriguez@capitalgro.com
JP Morgan Asset Mgmt,JPM,Meta Platforms,META,30303M102,24820880,9175598582.14,0.5403,2024-12-31,Decreased,13F-NT,Jennifer Jackson,jennifer.jackson@jpmorganas.com
Capital Group,CGBL,Johnson & Johnson,JNJ,478160104,12663567,8377921533.78,0.1994,2024-03-31,Increased,13F-HR,Lisa Garcia,lisa.garcia@capitalgro.com
State Street Corp,STT,Pfizer Inc,PFE,717081103,24384976,10419145041.90,1.2205,2025-12-31,Decreased,13F-NT,Richard Moore,richard.moore@statestree.com
Capital Group,CGBL,Coca-Cola Co,KO,191216100,23170875,6471698733.85,1.0929,2025-12-31,Increased,13F-HR,William Miller,william.miller@capitalgro.com
Baupost Group,BPST,Coca-Cola Co,KO,191216100,15529945,10697416368.42,0.2138,2025-06-30,New,13F-HR,Sarah Thomas,sarah.thomas@baupostgro.com
Renaissance Technologies,RNTC,Coca-Cola Co,KO,191216100,35568600,14088583937.17,0.4840,2025-12-31,Unchanged,13F-HR,Sarah Rodriguez,sarah.rodriguez@renaissanc.com
JP Morgan Asset Mgmt,JPM,Salesforce Inc,CRM,79466L302,37285305,11212736470.26,2.8370,2025-09-30,Unchanged,13F-HR,Thomas Jones,thomas.jones@jpmorganas.com
Fidelity Investments,FNF,Adobe Inc,ADBE,,38456915,29390286860.28,0.8166,2025-09-30,New,13F-HR,Susan Jackson,susan.jackson@fidelityin.com
JP Morgan Asset Mgmt,JPM,Alphabet Inc,GOOGL,02079K305,1664661,1114534874.39,0.0692,2025-12-31,Decreased,13F-HR,Robert Brown,robert.brown@jpmorganas.com
Renaissance Technologies,RNTC,Berkshire Hathaway,BRK.B,084670702,40972393,20214307577.42,0.8879,2024-12-31,New,13F-HR,Susan Martin,susan.martin@renaissanc.com
Capital Group,CGBL,Cisco Systems,CSCO,17275R102,4614349,3078960883.73,0.1602,2024-12-31,Increased,13F-HR,Susan Miller,susan.miller@capitalgro.com
Vanguard Group,VGI,Pfizer Inc,PFE,717081103,34281192,19166934193.31,3.1778,2024-03-31,Unchanged,13F-HR,Robert Jackson,robert.jackson@vanguardgr.com
Fidelity Investments,FNF,Cisco Systems,CSCO,17275R102,28652227,15043394676.18,0.3887,2025-06-30,Unchanged,13F-HR,Daniel Martinez,daniel.martinez@fidelityin.com
AQR Capital Management,AQRC,Tesla Inc,TSLA,88160R101,35653591,1972483725.09,2.2765,2025-12-31,New,13F-NT,Richard Taylor,richard.taylor@aqrcapital.com
Point72 Asset Mgmt,PT72,Johnson & Johnson,JNJ,478160104,4580205,3473203580.64,0.8030,2025-12-31,Increased,13F-HR,Steven Garcia,steven.garcia@point72ass.com
JP Morgan Asset Mgmt,JPM,Alphabet Inc,GOOGL,02079K305,38329978,19953294870.22,0.5930,2024-03-31,Unchanged,13F-NT,Karen Jackson,karen.jackson@jpmorganas.com
Vanguard Group,VGI,Bank of America,BAC,060505104,42333849,18053312443.74,7.0126,2024-12-31,Unchanged,13F-HR,Daniel Anderson,daniel.anderson@vanguardgr.com
Morgan Stanley IM,MS,Pfizer Inc,PFE,717081103,6056671,2291732300.68,0.4919,2024-09-30,Unchanged,13F-HR,Lisa Taylor,lisa.taylor@morganstan.com
JP Morgan Asset Mgmt,JPM,Amazon.com Inc,AMZN,023135106,48611453,20050973457.16,4.4086,2024-03-31,Increased,13F-HR,Daniel Martinez,daniel.martinez@jpmorganas.com
Morgan Stanley IM,MS,Johnson & Johnson,JNJ,478160104,37578732,27887059728.21,1.3571,2024-12-31,Unchanged,13F-HR,Daniel White,daniel.white@morganstan.com
Vanguard Group,VGI,Coca-Cola Co,KO,191216100,31162544,19951147199.98,0.9863,2025-09-30,Unchanged,13F-NT,William Smith,william.smith@vanguardgr.com
Vanguard Group,VGI,Alphabet Inc,GOOGL,02079K305,32401895,7764227432.12,0.4430,2024-09-30,Unchanged,13F-HR,James Brown,james.brown@vanguardgr.com
Baupost Group,BPST,Procter & Gamble,PG,742718109,7404764,5747477957.98,0.1067,2025-03-31,Increased,13F-HR,Richard Moore,richard.moore@baupostgro.com
Citadel Advisors,CDLC,JPMorgan Chase,JPM,46625H100,3743186,2034260932.06,0.1304,2025-12-31,Unchanged,13F-HR,Steven Moore,steven.moore@citadeladv.com
Renaissance Technologies,RNTC,Meta Platforms,META,30303M102,38593381,11367925641.15,0.7362,2024-09-30,Decreased,13F-NT,James Jackson,james.jackson@renaissanc.com
Fidelity Investments,FNF,UnitedHealth Group,UNH,91324P102,19303846,5492691899.48,0.4271,2025-12-31,Decreased,13F-HR,Steven Brown,steven.brown@fidelityin.com
Two Sigma Investments,TWSM,NVIDIA Corp,NVDA,67066G104,13706471,8069632693.70,0.6678,2025-09-30,Unchanged,13F-NT,Elizabeth Martinez,elizabeth.martinez@twosigmain.com
Capital Group,CGBL,Cisco Systems,CSCO,17275R102,42355888,29702198603.68,0.8069,2025-12-31,Increased,13F-HR,David Johnson,david.johnson@capitalgro.com
Vanguard Group,VGI,Salesforce Inc,CRM,79466L302,26194099,20009634018.29,1.0436,2025-03-31,Increased,13F-HR,David Hernandez,david.hernandez@vanguardgr.com
BlackRock Inc,BLK,Tesla Inc,TSLA,88160R101,45890413,16056040029.63,0.7808,2024-03-31,Increased,13F-HR,Sarah Williams,sarah.williams@blackrocki.com
Vanguard Group,VGI,JPMorgan Chase,JPM,46625H100,12575893,9181461954.59,0.4905,2024-03-31,Unchanged,13F-HR,Margaret Lopez,margaret.lopez@vanguardgr.com
Fidelity Investments,FNF,Visa Inc,V,92826C839,47910169,34923006568.65,3.7022,2024-06-30,Unchanged,13F-NT,James Thomas,james.thomas@fidelityin.com
JP Morgan Asset Mgmt,,Chevron Corp,CVX,166764100,45668076,35351191425.20,6.0482,2024-09-30,New,13F-HR,Michael Johnson,michael.johnson@jpmorganas.com
DE Shaw & Co,DSHW,Johnson & Johnson,JNJ,478160104,18389058,763807376.65,-0.7537,2025-12-31,Increased,13F-NT,Dorothy Martin,dorothy.martin@deshaw&co.com
DE Shaw & Co,DSHW,Adobe Inc,ADBE,00724F101,35067809,18900391190.38,0.4635,2024-03-31,Increased,13F-HR,Lisa White,lisa.white@deshaw&co.com
Point72 Asset Mgmt,PT72,Bank of America,BAC,060505104,43911893,28732014906.29,0.7497,2024-06-30,Increased,13F-HR,Michael Lopez,michael.lopez@point72ass.com
Baupost Group,BPST,Chevron Corp,CVX,166764100,30567204,18477298658.04,0.4820,2024-09-30,Decreased,13F-HR,Robert Williams,robert.williams@baupostgro.com
Bridgewater Associates,BWTR,Netflix Inc,NFLX,64110L106,29548271,15196642740.26,0.9372,2025-03-31,Decreased,13F-HR,Robert Moore,robert.moore@bridgewate.com
Morgan Stanley IM,MS,Salesforce Inc,CRM,79466L302,19448509,1078366848.78,0.6634,2024-09-30,Unchanged,13F-NT,Jennifer Thomas,jennifer.thomas@morganstan.com
Baupost Group,BPST,Walt Disney Co,DIS,254687106,48474651,2679940693.58,0.6084,2024-06-30,Unchanged,13F-HR,Thomas Moore,thomas.moore@baupostgro.com
Citadel Advisors,CDLC,Apple Inc,AAPL,037833100,47799142,29085000205.68,1.5811,2024-03-31,New,13F-NT,Michael Lopez,michael.lopez@citadeladv.com
Renaissance Technologies,RNTC,Amazon.com Inc,AMZN,023135106,4151410,3053237334.32,0.0715,2025-03-31,Decreased,13F-HR,Margaret Martinez,margaret.martinez@renaissanc.com
Two Sigma Investments,TWSM,Johnson & Johnson,JNJ,478160104,30323080,4577458021.43,0.4515,2025-09-30,Increased,13F-NT,Daniel Miller,daniel.miller@twosigmain.com
Goldman Sachs AM,GS,Apple Inc,AAPL,037833100,16511244,4943612245.06,0.3557,2024-09-30,New,13F-HR,Thomas Rodriguez,thomas.rodriguez@goldmansac.com
Morgan Stanley IM,MS,Coca-Cola Co,KO,191216100,44281590,17137844608.65,1.8636,2025-06-30,Unchanged,13F-HR,Karen Lopez,karen.lopez@morganstan.com
Wellington Management,WMGI,Alphabet Inc,GOOGL,02079K305,9686989,5865561195.73,0.1358,2024-09-30,Unchanged,13F-NT,Steven Smith,steven.smith@wellington.com
T. Rowe Price,TROW,Netflix Inc,NFLX,64110L106,32999061,23677739040.64,0.4505,2024-06-30,Increased,13F-HR,Sarah Brown,sarah.brown@troweprice.com
Wellington Management,WMGI,Home Depot,HD,437076102,41269172,12182515582.47,1.3985,2024-03-31,Unchanged,13F-HR,Sarah Williams,sarah.williams@wellington.com
Renaissance Technologies,RNTC,Visa Inc,V,92826C839,10796945,3492821110.09,0.3342,2024-03-31,Unchanged,13F-NT,Michael Jones,michael.jones@renaissanc.com
Wellington Management,WMGI,Bank of America,BAC,060505104,23333889,12655615346.84,0.5680,2024-06-30,Unchanged,13F-HR,,
BlackRock Inc,BLK,Coca-Cola Co,KO,191216100,11987465,7659073484.41,1.6596,2025-06-30,Increased,13F-HR,Lisa Miller,lisa.miller@blackrocki.com
Baupost Group,BPST,Exxon Mobil,XOM,30231G102,19209366,13381834253.27,0.4488,2024-06-30,Unchanged,13F-HR,Mark Rodriguez,mark.rodriguez@baupostgro.com
Point72 Asset Mgmt,PT72,Visa Inc,V,92826C839,23905501,6377143313.63,0.5641,2025-03-31,New,13F-NT,Jennifer Lopez,jennifer.lopez@point72ass.com
Goldman Sachs AM,GS,Bank of America,BAC,060505104,43304592,8488351846.47,0.6841,2025-12-31,Increased,13F-HR,Michael Thompson,michael.thompson@goldmansac.com
BlackRock Inc,BLK,Apple Inc,AAPL,037833100,31200437,24213376839.19,0.4191,2025-12-31,New,13F-HR,Robert Miller,robert.miller@blackrocki.com
Appaloosa Management,,Adobe Inc,ADBE,00724F101,16957463,1801000115.10,1.8835,2025-06-30,Decreased,13F-HR,James Hernandez,james.hernandez@appaloosam.com
Two Sigma Investments,TWSM,NVIDIA Corp,NVDA,67066G104,48041453,15202412091.65,6.3547,2024-12-31,Increased,13F-HR,Daniel Johnson,daniel.johnson@twosigmain.com
Capital Group,CGBL,Bank of America,BAC,060505104,18319786,3121561292.69,1.8621,2025-12-31,Increased,13F-HR,Sarah Moore,sarah.moore@capitalgro.com
Vanguard Group,VGI,Alphabet Inc,GOOGL,02079K305,9292383,6587919140.44,0.2297,2024-06-30,Increased,13F-NT,James Johnson,james.johnson@vanguardgr.com
Baupost Group,BPST,Johnson & Johnson,JNJ,478160104,1489104,1063179306.11,0.1810,2025-09-30,Unchanged,13F-HR,Elizabeth Hernandez,elizabeth.hernandez@baupostgro.com
Vanguard Group,VGI,Netflix Inc,NFLX,64110L106,6715556,3900752949.76,0.1068,2025-03-31,Decreased,13F-HR,Margaret Anderson,margaret.anderson@vanguardgr.com
AQR Capital Management,AQRC,Pfizer Inc,PFE,717081103,24579040,11380235741.11,0.3874,2025-12-31,New,13F-HR,Margaret Hernandez,margaret.hernandez@aqrcapital.com
T. Rowe Price,TROW,Microsoft Corp,MSFT,594918104,28768449,8250070102.40,0.7703,2024-06-30,Decreased,13F-HR,Sarah Miller,sarah.miller@troweprice.com
Wellington Management,WMGI,Walt Disney Co,DIS,254687106,14634269,5863114154.54,0.2032,2025-09-30,Unchanged,13F-HR,Michael Williams,michael.williams@wellington.com
Vanguard Group,VGI,Berkshire Hathaway,BRK.B,084670702,34741831,23496301448.81,1.7296,2025-03-31,Decreased,13F-HR,Jennifer Hernandez,jennifer.hernandez@vanguardgr.com
JP Morgan Asset Mgmt,JPM,Adobe Inc,ADBE,00724F101,25088595,18237613944.66,0.3831,2024-06-30,Unchanged,13F-HR,Lisa Martin,lisa.martin@jpmorganas.com
Millennium Management,MLNM,Meta Platforms,META,30303M102,45151975,17923153139.99,1.1228,2024-03-31,Decreased,13F-HR,Michael Anderson,michael.anderson@millennium.com
Morgan Stanley IM,MS,Exxon Mobil,XOM,30231G102,15596942,3929366539.20,0.7937,2024-06-30,Unchanged,13F-NT,Susan Jackson,susan.jackson@morganstan.com
State Street Corp,STT,Adobe Inc,ADBE,00724F101,19523209,13422489411.38,0.5064,2025-06-30,Unchanged,13F-HR,Robert Moore,robert.moore@statestree.com
State Street Corp,STT,Amazon.com Inc,AMZN,023135106,15903295,11769167540.09,0.4895,2025-12-31,Increased,13F-HR,Steven Martin,steven.martin@statestree.com
Millennium Management,MLNM,Intel Corp,INTC,458140100,29925692,9331227666.70,0.4411,2024-12-31,Increased,13F-HR,Susan Jackson,susan.jackson@millennium.com
Goldman Sachs AM,GS,Exxon Mobil,XOM,30231G102,10675342,2226432649.07,0.4600,2025-03-31,Unchanged,13F-HR,Robert Moore,robert.moore@goldmansac.com
Citadel Advisors,CDLC,Alphabet Inc,GOOGL,02079K305,5818015,3524275304.04,0.0735,2024-09-30,Unchanged,13F-HR,Margaret Smith,margaret.smith@citadeladv.com
Vanguard Group,VGI,Procter & Gamble,PG,742718109,12752759,8730580079.15,0.1947,2024-06-30,Increased,13F-HR,Mark Moore,mark.moore@vanguardgr.com
Point72 Asset Mgmt,PT72,Chevron Corp,CVX,166764100,12854156,7517956053.56,0.2199,2025-09-30,Unchanged,13F-HR,Steven Davis,steven.davis@point72ass.com
Wellington Management,WMGI,NVIDIA Corp,NVDA,67066G104,11655363,2534868080.07,0.3212,2025-12-31,Increased,13F-NT,William Miller,william.miller@wellington.com
Vanguard Group,VGI,Berkshire Hathaway,BRK.B,084670702,25846639,8805471314.83,0.6848,2025-09-30,New,13F-HR,Daniel Smith,daniel.smith@vanguardgr.com
AQR Capital Management,AQRC,Salesforce Inc,CRM,79466L302,36867310,24660317582.04,0.5141,2024-09-30,New,13F-HR,Richard White,richard.white@aqrcapital.com
Baupost Group,BPST,Adobe Inc,ADBE,00724F101,39840977,6324668635.24,0.5981,2024-12-31,Unchanged,13F-HR,Lisa White,lisa.white@baupostgro.com
Point72 Asset Mgmt,PT72,Tesla Inc,TSLA,88160R101,43491285,15967470929.48,2.4077,2025-12-31,Increased,13F-HR,Thomas Rodriguez,thomas.rodriguez@point72ass.com
Bridgewater Associates,BWTR,Tesla Inc,TSLA,,11992584,929231768.42,0.1989,2025-03-31,Decreased,13F-HR,Nancy Miller,nancy.miller@bridgewate.com
JP Morgan Asset Mgmt,JPM,Bank of America,BAC,060505104,39411060,10473787596.89,1.1119,2025-03-31,Increased,13F-HR,Daniel Davis,daniel.davis@jpmorganas.com
Bridgewater Associates,BWTR,Visa Inc,V,92826C839,10421170,1997627165.45,0.5003,2024-09-30,Decreased,13F-NT,Richard Thompson,richard.thompson@bridgewate.com
Wellington Management,WMGI,Meta Platforms,META,30303M102,22431095,10285305231.66,0.9702,2025-03-31,Unchanged,13F-HR,Steven Garcia,steven.garcia@wellington.com
Renaissance Technologies,RNTC,Exxon Mobil,XOM,30231G102,6118567,4296979656.59,0.1157,2025-12-31,Increased,13F-NT,Richard Johnson,richard.johnson@renaissanc.com
Millennium Management,MLNM,Visa Inc,V,92826C839,35839454,28627774060.57,0.5351,2024-09-30,Unchanged,13F-HR,Thomas Anderson,thomas.anderson@millennium.com
Renaissance Technologies,RNTC,Salesforce Inc,CRM,79466L302,20922181,15600449292.77,0.3253,2025-12-31,Decreased,13F-HR,Elizabeth Williams,elizabeth.williams@renaissanc.com
Capital Group,CGBL,Chevron Corp,CVX,166764100,28071629,18482106726.50,0.3711,2024-09-30,Increased,13F-NT,Mark Anderson,mark.anderson@capitalgro.com
Morgan Stanley IM,MS,Apple Inc,AAPL,037833100,42060767,13270451562.88,1.1187,2024-09-30,Unchanged,13F-HR,Margaret White,margaret.white@morganstan.com
T. Rowe Price,TROW,Salesforce Inc,CRM,79466L302,20147786,11083805049.65,0.4971,2024-06-30,Increased,13F-HR,Jennifer Anderson,jennifer.anderson@troweprice.com
Appaloosa Management,APLS,Apple Inc,AAPL,037833100,34254359,16516032192.76,0.5606,2025-12-31,Unchanged,13F-HR,Karen Hernandez,karen.hernandez@appaloosam.com
Appaloosa Management,APLS,Home Depot,HD,437076102,48504590,1270349528.90,1.2204,2024-12-31,Decreased,13F-NT,Susan Miller,susan.miller@appaloosam.com
Two Sigma Investments,TWSM,Tesla Inc,TSLA,88160R101,45626398,29853400327.48,0.5860,2025-03-31,Unchanged,13F-HR,Dorothy Jackson,dorothy.jackson@twosigmain.com
DE Shaw & Co,DSHW,Home Depot,HD,437076102,6964022,932254939.61,0.1176,2024-06-30,Increased,13F-HR,Susan Brown,susan.brown@deshaw&co.com
Fidelity Investments,FNF,Netflix Inc,NFLX,64110L106,30167403,2479417604.52,0.7731,2024-12-31,Decreased,13F-HR,Robert White,robert.white@fidelityin.com
Fidelity Investments,FNF,Coca-Cola Co,KO,191216100,27430259,7538863527.83,0.8216,2025-03-31,Unchanged,13F-NT,William Davis,william.davis@fidelityin.com
DE Shaw & Co,DSHW,Chevron Corp,CVX,166764100,37513871,28273824048.51,5.9254,2024-09-30,Unchanged,13F-NT,William Hernandez,william.hernandez@deshaw&co.com
AQR Capital Management,AQRC,Microsoft Corp,MSFT,594918104,33718188,26063343355.25,0.5420,2024-09-30,New,13F-NT,David Moore,david.moore@aqrcapital.com
Capital Group,CGBL,Procter & Gamble,PG,742718109,7691059,1717853438.06,0.1137,2024-06-30,Unchanged,13F-HR,Nancy Moore,nancy.moore@capitalgro.com
Appaloosa Management,APLS,Exxon Mobil,XOM,30231G102,14575602,8014256266.17,0.2296,2025-09-30,Decreased,13F-HR,Karen Moore,karen.moore@appaloosam.com
AQR Capital Management,AQRC,Pfizer Inc,PFE,717081103,29366827,1708211714.06,5.7231,2025-03-31,New,13F-HR,Steven Garcia,steven.garcia@aqrcapital.com
DE Shaw & Co,DSHW,Chevron Corp,CVX,166764100,40347942,11301521164.24,0.5440,2025-09-30,Decreased,13F-NT,Jennifer Smith,jennifer.smith@deshaw&co.com
Two Sigma Investments,TWSM,UnitedHealth Group,UNH,91324P102,23720226,12599813684.61,0.4114,2024-09-30,Unchanged,13F-HR,Daniel Brown,daniel.brown@twosigmain.com
Bridgewater Associates,BWTR,Alphabet Inc,GOOGL,02079K305,37374408,16003299782.15,0.5179,2024-03-31,Increased,13F-HR,,
State Street Corp,STT,Coca-Cola Co,KO,191216100,35838983,12538380784.21,0.8813,2024-03-31,Increased,13F-HR,Dorothy Rodriguez,dorothy.rodriguez@statestree.com
Appaloosa Management,APLS,Coca-Cola Co,KO,191216100,12727569,7726340589.31,0.2575,2024-06-30,Increased,13F-HR,Steven Garcia,steven.garcia@appaloosam.com
AQR Capital Management,AQRC,Meta Platforms,META,30303M102,34952755,26656429127.58,5.8503,2024-12-31,Increased,13F-HR,Mark Thompson,mark.thompson@aqrcapital.com
Wellington Management,WMGI,Walt Disney Co,DIS,254687106,44142219,34827384119.59,0.8298,2024-06-30,Increased,13F-HR,Susan Martinez,susan.martinez@wellington.com
BlackRock Inc,BLK,Microsoft Corp,MSFT,594918104,49660440,26595286538.01,0.7770,2024-12-31,Unchanged,13F-HR,Mark Garcia,mark.garcia@blackrocki.com
Wellington Management,WMGI,Chevron Corp,CVX,166764100,42662891,22022445663.73,1.4043,2025-09-30,Unchanged,13F-HR,Nancy Rodriguez,nancy.rodriguez@wellington.com
T. Rowe Price,TROW,Meta Platforms,META,30303M102,32541988,18701797286.50,0.6082,2024-09-30,New,13F-HR,Nancy Jackson,nancy.jackson@troweprice.com
State Street Corp,STT,Coca-Cola Co,KO,191216100,27812214,10784221089.28,5.3080,2024-06-30,Increased,13F-HR,Daniel Rodriguez,daniel.rodriguez@statestree.com
Wellington Management,WMGI,JPMorgan Chase,JPM,46625H100,7262169,2188490088.79,-0.1733,2025-09-30,Decreased,13F-HR,Richard Davis,richard.davis@wellington.com
Citadel Advisors,CDLC,Intel Corp,INTC,458140100,47624996,25808035622.05,1.8800,2025-06-30,Increased,13F-HR,Mark Miller,mark.miller@citadeladv.com
BlackRock Inc,BLK,UnitedHealth Group,UNH,91324P102,21820361,12676878123.54,0.3137,2024-12-31,Unchanged,13F-HR,Richard Rodriguez,richard.rodriguez@blackrocki.com
Wellington Management,WMGI,Walt Disney Co,DIS,254687106,18133977,11790216397.71,0.2784,2024-09-30,Increased,13F-HR,Margaret Lopez,margaret.lopez@wellington.com
Baupost Group,BPST,Pfizer Inc,PFE,717081103,9548896,4098263571.15,0.2211,2024-09-30,Increased,13F-HR,Margaret Jones,margaret.jones@baupostgro.com
Morgan Stanley IM,MS,Chevron Corp,CVX,166764100,48826357,36032785235.19,4.1930,2025-06-30,Increased,13F-HR,Michael Garcia,michael.garcia@morganstan.com
State Street Corp,STT,Adobe Inc,ADBE,00724F101,30573410,11519516188.48,2.5208,2024-03-31,Decreased,13F-NT,Margaret Moore,margaret.moore@statestree.com
Citadel Advisors,CDLC,UnitedHealth Group,UNH,91324P102,19942672,15392741341.29,0.3329,2024-03-31,Unchanged,13F-HR,Patricia Hernandez,patricia.hernandez@citadeladv.com
Appaloosa Management,APLS,Apple Inc,AAPL,037833100,31613169,15936498954.27,0.4462,2025-03-31,Increased,13F-HR,Robert Brown,robert.brown@appaloosam.com
Wellington Management,,Netflix Inc,NFLX,64110L106,8325867,5374051518.51,0.1148,2025-12-31,Increased,13F-HR,Karen Thomas,karen.thomas@wellington.com
Bridgewater Associates,BWTR,Berkshire Hathaway,BRK.B,084670702,10578140,6821424415.29,0.3252,2025-06-30,Increased,13F-NT,Karen Moore,karen.moore@bridgewate.com
Appaloosa Management,APLS,Pfizer Inc,PFE,717081103,17470230,7557083078.76,0.6480,2025-09-30,Increased,13F-HR,Susan Hernandez,susan.hernandez@appaloosam.com
Appaloosa Management,APLS,Salesforce Inc,CRM,79466L302,43619799,3604999729.43,0.7028,2025-09-30,Decreased,13F-HR,Margaret Thomas,margaret.thomas@appaloosam.com
Morgan Stanley IM,MS,Visa Inc,V,92826C839,26894367,7511907562.08,0.5501,2024-06-30,Decreased,13F-HR,Sarah Taylor,sarah.taylor@morganstan.com
Baupost Group,BPST,Berkshire Hathaway,BRK.B,084670702,45445047,32688172322.16,2.3611,2025-09-30,Unchanged,13F-HR,Richard Williams,richard.williams@baupostgro.com
Renaissance Technologies,RNTC,Bank of America,BAC,060505104,44553603,3960077122.28,2.7762,2025-12-31,Unchanged,13F-NT,Dorothy Miller,dorothy.miller@renaissanc.com
BlackRock Inc,BLK,Chevron Corp,CVX,166764100,19779490,1771700566.96,2.9229,2099-13-45,Unchanged,13F-HR,Mark Johnson,mark.johnson@blackrocki.com
Fidelity Investments,FNF,Cisco Systems,CSCO,17275R102,24018002,12866954904.48,0.3184,2024-12-31,Increased,13F-HR,Sarah Miller,sarah.miller@fidelityin.com
Millennium Management,MLNM,Procter & Gamble,PG,742718109,15191514,9929128921.55,2.9269,2025-06-30,Increased,13F-HR,Richard Garcia,richard.garcia@millennium.com
Capital Group,CGBL,JPMorgan Chase,JPM,46625H100,21405559,6370703961.30,0.9020,2025-03-31,Increased,13F-HR,,
Goldman Sachs AM,GS,Salesforce Inc,CRM,79466L302,9815132,2670591029.07,0.4785,2025-09-30,Decreased,13F-HR,Michael Rodriguez,michael.rodriguez@goldmansac.com
Bridgewater Associates,BWTR,Berkshire Hathaway,BRK.B,084670702,34465859,13813151370.54,0.7697,2025-09-30,Increased,13F-HR,Robert Lopez,robert.lopez@bridgewate.com
T. Rowe Price,TROW,Walt Disney Co,DIS,254687106,13876010,9082588068.15,0.3505,2024-09-30,Unchanged,13F-HR,Susan Taylor,susan.taylor@troweprice.com
Goldman Sachs AM,GS,Netflix Inc,NFLX,64110L106,29837973,18019336340.82,2.3293,2025-12-31,Decreased,13F-NT,Robert Anderson,robert.anderson@goldmansac.com
Bridgewater Associates,BWTR,Chevron Corp,CVX,166764100,7719822,4746396633.10,0.2603,2025-06-30,Unchanged,13F-NT,Mark Thompson,mark.thompson@bridgewate.com
Vanguard Group,VGI,NVIDIA Corp,NVDA,67066G104,39178077,16429682555.06,1.6712,2025-03-31,Increased,13F-HR,Patricia Garcia,patricia.garcia@vanguardgr.com
Renaissance Technologies,RNTC,Apple Inc,AAPL,037833100,24651720,7262568243.13,0.4594,2024-03-31,Increased,13F-HR,Richard Hernandez,richard.hernandez@renaissanc.com
Vanguard Group,VGI,Johnson & Johnson,JNJ,478160104,31798221,17779279350.24,0.5531,2025-06-30,Increased,13F-HR,Thomas Davis,thomas.davis@vanguardgr.com
Morgan Stanley IM,MS,NVIDIA Corp,NVDA,67066G104,884333,126980801.71,0.0161,2024-03-31,Decreased,13F-HR,Karen Thompson,karen.thompson@morganstan.com
Wellington Management,WMGI,NVIDIA Corp,NVDA,67066G104,15300855,4872519978.07,0.8598,2025-06-30,New,13F-HR,Richard Thompson,richard.thompson@wellington.com
BlackRock Inc,BLK,UnitedHealth Group,UNH,91324P102,43439969,29906931115.33,0.9366,2024-06-30,Increased,13F-HR,James Rodriguez,james.rodriguez@blackrocki.com
Citadel Advisors,CDLC,UnitedHealth Group,UNH,91324P102,21354492,7968452709.46,1.4205,2025-06-30,Unchanged,13F-HR,Jennifer Jones,jennifer.jones@citadeladv.com
Two Sigma Investments,TWSM,Procter & Gamble,PG,742718109,10355601,5632627551.87,0.1797,2025-12-31,Unchanged,13F-HR,Steven Thomas,steven.thomas@twosigmain.com
AQR Capital Management,AQRC,Procter & Gamble,PG,742718109,5553964,3260862410.37,0.6620,2025-03-31,Unchanged,13F-HR,Dorothy Garcia,dorothy.garcia@aqrcapital.com
Appaloosa Management,APLS,Salesforce Inc,CRM,79466L302,44457111,30078606887.07,0.6680,2024-12-31,Unchanged,13F-HR,Dorothy Rodriguez,dorothy.rodriguez@appaloosam.com
Fidelity Investments,FNF,Coca-Cola Co,KO,191216100,25727298,9745739657.23,0.4321,2024-03-31,Unchanged,13F-HR,Robert Martin,robert.martin@fidelityin.com
Bridgewater Associates,BWTR,Visa Inc,V,92826C839,43330500,14308810960.83,0.6109,2024-03-31,Unchanged,13F-HR,Daniel White,daniel.white@bridgewate.com
Goldman Sachs AM,GS,JPMorgan Chase,JPM,46625H100,2941382,2141671457.22,0.4118,2024-06-30,New,13F-HR,Richard White,richard.white@goldmansac.com
Morgan Stanley IM,MS,Exxon Mobil,XOM,30231G102,23707996,12857709111.51,0.3627,2025-09-30,New,13F-HR,Jennifer Jackson,jennifer.jackson@morganstan.com
Morgan Stanley IM,MS,NVIDIA Corp,NVDA,67066G104,32955164,19239602083.33,2.2963,2026-11-03,Increased,13F-HR,Jennifer Martinez,jennifer.martinez@morganstan.com
Two Sigma Investments,TWSM,Salesforce Inc,CRM,79466L302,21078583,10076037843.87,0.3123,2025-03-31,Decreased,13F-HR,Steven Lopez,steven.lopez@twosigmain.com
T. Rowe Price,TROW,Home Depot,HD,437076102,27607415,8118905028.64,0.6611,2025-09-30,Increased,13F-HR,Sarah Davis,sarah.davis@troweprice.com
Citadel Advisors,CDLC,Berkshire Hathaway,BRK.B,084670702,33603293,20209792733.09,0.7597,2024-09-30,Increased,13F-HR,Steven Thompson,steven.thompson@citadeladv.com
Baupost Group,BPST,Salesforce Inc,CRM,79466L302,6634684,3914663628.16,0.1737,2025-09-30,Increased,13F-HR,David Anderson,david.anderson@baupostgro.com
T. Rowe Price,TROW,Tesla Inc,TSLA,88160R101,1542805,968228881.66,0.0204,2024-06-30,Increased,13F-HR,Sarah White,sarah.white@troweprice.com
BlackRock Inc,BLK,Netflix Inc,NFLX,64110L106,16521302,4351799800.92,0.4098,2025-06-30,New,13F-HR,Elizabeth Johnson,elizabeth.johnson@blackrocki.com
Renaissance Technologies,RNTC,Salesforce Inc,CRM,79466L302,2805624,1627411578.64,0.4676,2025-06-30,Increased,13F-NT,Michael Jackson,michael.jackson@renaissanc.com
Two Sigma Investments,TWSM,Bank of America,BAC,060505104,49637262,5543553680.29,1.2779,2024-03-31,Unchanged,13F-HR,Mark Smith,mark.smith@twosigmain.com
Capital Group,CGBL,Adobe Inc,ADBE,00724F101,24905006,7724796549.86,0.6593,2025-12-31,Unchanged,13F-HR,Susan Jones,susan.jones@capitalgro.com
AQR Capital Management,AQRC,Salesforce Inc,CRM,79466L302,7147470,2583043233.51,0.0988,2025-03-31,Decreased,13F-HR,Mark Anderson,mark.anderson@aqrcapital.com
Baupost Group,BPST,Chevron Corp,CVX,166764100,29896315,658751962.50,0.6884,2024-03-31,Unchanged,13F-HR,Steven Jones,steven.jones@baupostgro.com
Appaloosa Management,APLS,Cisco Systems,CSCO,17275R102,31000197,16731402836.20,1.4335,2025-09-30,Unchanged,13F-HR,Sarah Johnson,sarah.johnson@appaloosam.com
Capital Group,CGBL,Adobe Inc,ADBE,00724F101,41481435,3886916361.08,5.5762,2024-03-31,Decreased,13F-HR,Mark Davis,mark.davis@capitalgro.com
AQR Capital Management,AQRC,Walt Disney Co,DIS,254687106,44170151,30973488313.61,-1.3602,2024-12-31,Increased,13F-NT,Dorothy Miller,dorothy.miller@aqrcapital.com
Point72 Asset Mgmt,PT72,Intel Corp,INTC,458140100,5955508,2569235535.15,0.1730,2025-06-30,New,13F-HR,Mark Lopez,mark.lopez@point72ass.com
Appaloosa Management,APLS,Intel Corp,INTC,458140100,11879985,5364078156.94,0.7926,2024-09-30,Decreased,13F-HR,Susan Brown,susan.brown@appaloosam.com
Baupost Group,BPST,Walt Disney Co,DIS,254687106,33817913,3654511656.37,3.4752,2025-03-31,Increased,13F-NT,James Williams,james.williams@baupostgro.com
Morgan Stanley IM,MS,Procter & Gamble,PG,742718109,34395113,8519654724.16,0.5240,2025-09-30,Decreased,13F-HR,Karen White,karen.white@morganstan.com
Wellington Management,WMGI,Coca-Cola Co,KO,191216100,16305108,12441835486.28,0.3537,2025-09-30,Decreased,13F-HR,Margaret Miller,margaret.miller@wellington.com
Citadel Advisors,CDLC,Apple Inc,AAPL,037833100,38838817,4703334814.35,1.3223,2025-09-30,Unchanged,13F-HR,William Thomas,william.thomas@citadeladv.com
Morgan Stanley IM,MS,Pfizer Inc,PFE,717081103,7642719,1263427921.44,0.6493,2024-06-30,Increased,13F-HR,Susan White,susan.white@morganstan.com
AQR Capital Management,AQRC,Johnson & Johnson,JNJ,478160104,11945309,7983499159.09,0.1796,2024-12-31,Unchanged,13F-HR,Sarah Rodriguez,sarah.rodriguez@aqrcapital.com
Millennium Management,MLNM,Bank of America,BAC,060505104,37922944,6196744052.49,1.1568,2025-06-30,New,13F-HR,Patricia Williams,patricia.williams@millennium.com
Vanguard Group,VGI,Procter & Gamble,PG,742718109,26728480,10963181748.68,0.4349,2025-03-31,Increased,13F-HR,Daniel Taylor,daniel.taylor@vanguardgr.com
Morgan Stanley IM,MS,Home Depot,HD,437076102,1181011,797322411.15,0.0503,2024-12-31,New,13F-NT,Mark Jones,mark.jones@morganstan.com
Millennium Management,MLNM,Walt Disney Co,DIS,254687106,26522045,10187859288.91,1.8719,2025-03-31,Unchanged,13F-HR,Jennifer Williams,jennifer.williams@millennium.com
AQR Capital Management,AQRC,Alphabet Inc,GOOGL,02079K305,41798467,31448844359.28,2.1011,2025-12-31,Increased,13F-HR,Mark Smith,mark.smith@aqrcapital.com
Bridgewater Associates,BWTR,NVIDIA Corp,NVDA,67066G104,8800016,5248976031.70,0.1152,2025-06-30,New,13F-HR,Thomas Jones,thomas.jones@bridgewate.com
JP Morgan Asset Mgmt,,Johnson & Johnson,JNJ,478160104,25069555,1555103817.71,0.3205,2025-09-30,Increased,13F-HR,Mark Anderson,mark.anderson@jpmorganas.com
Vanguard Group,VGI,Procter & Gamble,PG,742718109,33189889,6034888271.98,3.5966,2025-06-30,Unchanged,13F-HR,Margaret Jackson,margaret.jackson@vanguardgr.com
Point72 Asset Mgmt,PT72,Adobe Inc,ADBE,00724F101,9120688,6544170456.59,0.3361,2024-06-30,Increased,13F-HR,Karen Lopez,karen.lopez@point72ass.com
Appaloosa Management,APLS,Intel Corp,INTC,458140100,32395801,19944488661.32,0.6325,not_a_date,Increased,13F-HR,Mark Thompson,mark.thompson@appaloosam.com
DE Shaw & Co,DSHW,Alphabet Inc,GOOGL,02079K305,27666112,18539972212.97,-0.9105,2025-03-31,Unchanged,13F-HR,Margaret Moore,margaret.moore@deshaw&co.com
DE Shaw & Co,DSHW,Coca-Cola Co,KO,191216100,9545021,5684347999.59,0.4427,2024-09-30,Decreased,13F-HR,James Jones,james.jones@deshaw&co.com
Morgan Stanley IM,MS,Exxon Mobil,XOM,30231G102,4080060,2197111670.39,0.6602,2024-06-30,New,13F-NT,William Anderson,william.anderson@morganstan.com
Vanguard Group,VGI,Apple Inc,AAPL,037833100,19542014,3796100160.92,0.3572,2024-06-30,Increased,13F-HR,Elizabeth Lopez,elizabeth.lopez@vanguardgr.com
Baupost Group,BPST,Meta Platforms,META,30303M102,25310520,16708362202.16,0.6543,2024-03-31,Unchanged,13F-HR,Patricia Jones,patricia.jones@baupostgro.com
T. Rowe Price,TROW,Alphabet Inc,GOOGL,02079K305,2981562,2350395468.30,0.0513,2025-06-30,Increased,13F-HR,Susan Thomas,susan.thomas@troweprice.com
BlackRock Inc,BLK,Cisco Systems,CSCO,17275R102,4956853,600097387.26,0.1416,2025-03-31,New,13F-HR,James Anderson,james.anderson@blackrocki.com
Renaissance Technologies,RNTC,Bank of America,BAC,060505104,21300912,3656496318.94,0.4157,2025-12-31,Increased,13F-HR,Thomas Garcia,thomas.garcia@renaissanc.com
Renaissance Technologies,RNTC,Exxon Mobil,XOM,30231G102,48653446,35170900559.72,1.0349,2024-06-30,Increased,13F-HR,Susan Jackson,susan.jackson@renaissanc.com
Millennium Management,MLNM,Chevron Corp,CVX,166764100,23037611,9859976788.42,1.2297,2025-06-30,Decreased,13F-HR,Richard Martinez,richard.martinez@millennium.com
Appaloosa Management,APLS,Chevron Corp,CVX,166764100,34950169,3679089247.81,0.5172,2024-03-31,Unchanged,13F-NT,Robert Davis,robert.davis@appaloosam.com
Vanguard Group,VGI,Chevron Corp,CVX,166764100,5740526,4016649457.86,0.1080,2025-12-31,Decreased,13F-HR,Susan Rodriguez,susan.rodriguez@vanguardgr.com
Fidelity Investments,FNF,Microsoft Corp,MSFT,594918104,27807377,7638576788.00,1.1993,2025-09-30,Unchanged,13F-HR,Sarah Martinez,sarah.martinez@fidelityin.com
Renaissance Technologies,RNTC,Apple Inc,AAPL,037833100,15148598,2095541630.15,0.3480,2025-03-31,Increased,13F-HR,Richard Williams,richard.williams@renaissanc.com
Fidelity Investments,FNF,Salesforce Inc,CRM,79466L302,3948129,886916238.20,0.0597,2025-12-31,Unchanged,13F-HR,Michael Thompson,michael.thompson@fidelityin.com
State Street Corp,STT,Adobe Inc,ADBE,00724F101,21469395,1246287794.88,0.4545,2025-12-31,Unchanged,13F-HR,Susan Miller,susan.miller@statestree.com
Point72 Asset Mgmt,PT72,Walt Disney Co,DIS,254687106,32943062,18885810923.70,0.6463,2024-03-31,Unchanged,13F-HR,Mark Jones,mark.jones@point72ass.com
Baupost Group,BPST,Chevron Corp,CVX,166764100,47279636,32496265691.89,0.9324,2024-12-31,Increased,13F-HR,Michael Garcia,michael.garcia@baupostgro.com
Citadel Advisors,CDLC,JPMorgan Chase,JPM,46625H100,1845101,527581944.02,0.0277,2024-12-31,New,13F-NT,Mark Johnson,mark.johnson@citadeladv.com
T. Rowe Price,TROW,Alphabet Inc,GOOGL,02079K305,44708907,24651835255.16,7.3606,2025-09-30,Increased,13F-HR,Dorothy Miller,dorothy.miller@troweprice.com
Capital Group,CGBL,Chevron Corp,CVX,166764100,10760204,1974933007.59,0.2337,2024-09-30,Unchanged,13F-HR,Sarah Anderson,sarah.anderson@capitalgro.com
Goldman Sachs AM,GS,Walt Disney Co,DIS,254687106,37095418,10971716315.98,2.4483,2025-03-31,Unchanged,13F-HR,James Thompson,james.thompson@goldmansac.com
AQR Capital Management,AQRC,Adobe Inc,ADBE,00724F101,22886154,7496349661.82,0.3665,2024-03-31,Increased,13F-NT,William Martin,william.martin@aqrcapital.com
State Street Corp,STT,Microsoft Corp,MSFT,594918104,40103932,15000003143.01,-1.3117,2024-09-30,Decreased,13F-HR,Steven Anderson,steven.anderson@statestree.com
Citadel Advisors,CDLC,Amazon.com Inc,AMZN,023135106,19318918,5828024610.24,0.2731,2024-03-31,Decreased,13F-HR,Patricia Martin,patricia.martin@citadeladv.com
State Street Corp,STT,Chevron Corp,CVX,166764100,44541504,19028684272.08,1.0157,2025-09-30,Unchanged,13F-HR,Sarah Martinez,sarah.martinez@statestree.com
Goldman Sachs AM,GS,Microsoft Corp,MSFT,594918104,16173533,5327285877.73,0.2654,2024-06-30,Increased,13F-HR,Dorothy Garcia,dorothy.garcia@goldmansac.com
Wellington Management,WMGI,Microsoft Corp,MSFT,594918104,30325667,5452993022.10,0.5167,2024-12-31,Unchanged,13F-NT,David Thomas,david.thomas@wellington.com
State Street Corp,STT,Bank of America,BAC,060505104,5050658,2064021578.04,0.1375,2025-06-30,New,13F-HR,Mark Smith,mark.smith@statestree.com
Point72 Asset Mgmt,PT72,Procter & Gamble,PG,742718109,48633982,13536589490.85,3.7892,2099-13-45,Increased,13F-HR,Michael Smith,michael.smith@point72ass.com
Baupost Group,BPST,JPMorgan Chase,JPM,46625H100,23907285,9351203060.89,0.3237,2025-09-30,Unchanged,13F-HR,Daniel Martin,daniel.martin@baupostgro.com
Goldman Sachs AM,GS,Coca-Cola Co,KO,191216100,26549520,15887649823.69,0.3428,2025-09-30,Unchanged,13F-HR,Steven Thomas,steven.thomas@goldmansac.com
BlackRock Inc,BLK,Alphabet Inc,GOOGL,02079K305,16607642,12994197781.18,0.2470,2025-09-30,Unchanged,13F-HR,Robert Taylor,robert.taylor@blackrocki.com
Morgan Stanley IM,MS,Walt Disney Co,DIS,254687106,4903831,867870614.09,0.1886,2024-12-31,Increased,13F-HR,Karen Garcia,karen.garcia@morganstan.com
Point72 Asset Mgmt,PT72,Pfizer Inc,PFE,717081103,17809900,10006315891.65,0.3158,2024-12-31,Unchanged,13F-NT,Steven Martin,steven.martin@point72ass.com
Vanguard Group,VGI,Salesforce Inc,CRM,79466L302,34403209,15565287571.05,0.4707,2025-03-31,Increased,13F-HR,David Anderson,david.anderson@vanguardgr.com
Citadel Advisors,CDLC,Pfizer Inc,PFE,717081103,11197085,6907943163.23,0.2177,2025-03-31,Increased,13F-HR,Margaret Thompson,margaret.thompson@citadeladv.com
Millennium Management,MLNM,Meta Platforms,META,30303M102,48488267,29486410908.16,4.0475,2024-09-30,Unchanged,13F-HR,Robert Garcia,robert.garcia@millennium.com
Two Sigma Investments,TWSM,Netflix Inc,NFLX,64110L106,23846696,12010164566.09,0.7967,2027-01-09,Unchanged,13F-NT,Dorothy Thomas,dorothy.thomas@twosigmain.com
Goldman Sachs AM,GS,Netflix Inc,NFLX,64110L106,32506330,14099935532.44,0.7068,2025-06-30,Decreased,13F-HR,Elizabeth Davis,elizabeth.davis@goldmansac.com
Millennium Management,MLNM,Exxon Mobil,XOM,30231G102,17706185,8423840511.04,0.5476,2025-09-30,Increased,13F-HR,Steven Martin,steven.martin@millennium.com
Goldman Sachs AM,GS,Visa Inc,V,92826C839,36240486,21911871105.76,0.4761,2025-12-31,Unchanged,13F-HR,Patricia Anderson,patricia.anderson@goldmansac.com
State Street Corp,STT,Visa Inc,V,92826C839,37454277,20567487696.32,2.1771,2024-06-30,Decreased,13F-HR,Dorothy Jones,dorothy.jones@statestree.com
Vanguard Group,VGI,Alphabet Inc,GOOGL,02079K305,42151378,20874256414.78,2.9613,2024-09-30,New,13F-HR,Margaret Anderson,margaret.anderson@vanguardgr.com
DE Shaw & Co,DSHW,Salesforce Inc,CRM,79466L302,21309094,1637160842.12,0.3161,2024-12-31,Increased,13F-NT,Susan Thompson,susan.thompson@deshaw&co.com
Point72 Asset Mgmt,PT72,Visa Inc,V,92826C839,46911097,23025188622.23,0.5889,2024-06-30,Unchanged,13F-HR,Lisa Jones,lisa.jones@point72ass.com
DE Shaw & Co,DSHW,Visa Inc,V,92826C839,33946002,2001190499.86,0.6822,2025-06-30,Unchanged,13F-NT,James Brown,james.brown@deshaw&co.com
Citadel Advisors,CDLC,Home Depot,HD,437076102,19781475,4857985779.70,0.3999,2025-06-30,Increased,13F-NT,Dorothy Martinez,dorothy.martinez@citadeladv.com
Appaloosa Management,APLS,Salesforce Inc,CRM,79466L302,34302493,18403944547.09,0.8329,2025-12-31,Decreased,13F-HR,William Jones,william.jones@appaloosam.com
JP Morgan Asset Mgmt,JPM,Pfizer Inc,PFE,717081103,27169238,2597592282.33,3.7599,2025-06-30,Increased,13F-HR,Karen Martin,karen.martin@jpmorganas.com
Millennium Management,MLNM,UnitedHealth Group,UNH,91324P102,47227284,30754740839.82,1.0459,2025-09-30,Increased,13F-HR,Daniel Jones,daniel.jones@millennium.com
Millennium Management,MLNM,Exxon Mobil,XOM,30231G102,31325192,12462814658.25,1.0140,2024-06-30,Unchanged,13F-HR,Jennifer Thomas,jennifer.thomas@millennium.com
Renaissance Technologies,RNTC,Visa Inc,V,92826C839,pending,18657265605.74,0.8657,2024-03-31,New,13F-HR,Patricia Davis,patricia.davis@renaissanc.com
State Street Corp,STT,Meta Platforms,META,30303M102,43116613,3356572935.18,0.6345,2025-06-30,Increased,13F-NT,Nancy Taylor,nancy.taylor@statestree.com
Point72 Asset Mgmt,PT72,UnitedHealth Group,UNH,91324P102,23171595,17716883673.42,0.5858,2025-09-30,Decreased,13F-HR,Elizabeth Johnson,elizabeth.johnson@point72ass.com
Baupost Group,BPST,Chevron Corp,CVX,166764100,36317088,20350923104.26,0.5766,2024-12-31,Increased,13F-HR,Karen Garcia,karen.garcia@baupostgro.com
Baupost Group,BPST,Chevron Corp,CVX,166764100,32734714,5011334768.09,5.2397,2025-03-31,New,13F-HR,Patricia Jones,patricia.jones@baupostgro.com
BlackRock Inc,BLK,JPMorgan Chase,JPM,46625H100,36397358,16978981973.98,0.7363,2025-03-31,Increased,13F-HR,Lisa Garcia,lisa.garcia@blackrocki.com
T. Rowe Price,TROW,NVIDIA Corp,NVDA,67066G104,40744312,4009313413.23,2.3106,2024-03-31,Increased,13F-HR,Margaret Thomas,margaret.thomas@troweprice.com
Appaloosa Management,APLS,Exxon Mobil,XOM,30231G102,4266915,625477949.21,0.2167,2024-06-30,Increased,13F-HR,Nancy Thompson,nancy.thompson@appaloosam.com
Vanguard Group,VGI,Intel Corp,INTC,458140100,42804011,11628532257.52,0.8755,2025-06-30,Increased,13F-HR,Elizabeth White,elizabeth.white@vanguardgr.com
Vanguard Group,VGI,NVIDIA Corp,NVDA,67066G104,15024580,311955052.14,0.1961,2025-12-31,Unchanged,13F-HR,Nancy Hernandez,nancy.hernandez@vanguardgr.com
Fidelity Investments,FNF,UnitedHealth Group,UNH,91324P102,33253655,4270017981.18,1.4968,2025-03-31,Increased,13F-HR,Karen Martinez,karen.martinez@fidelityin.com
Renaissance Technologies,RNTC,Netflix Inc,NFLX,64110L106,30905228,12729376284.36,0.4288,2025-06-30,Decreased,13F-HR,James Johnson,james.johnson@renaissanc.com
Two Sigma Investments,TWSM,Bank of America,BAC,060505104,49391203,29011090550.51,1.3987,2025-12-31,Unchanged,13F-HR,Nancy Miller,nancy.miller@twosigmain.com
Appaloosa Management,APLS,Microsoft Corp,MSFT,594918104,37890388,17924352216.58,0.7468,2025-06-30,Unchanged,13F-HR,Elizabeth Martinez,elizabeth.martinez@appaloosam.com
Renaissance Technologies,RNTC,Intel Corp,INTC,458140100,5980110,986366876.81,0.1865,2025-03-31,New,13F-HR,Elizabeth Williams,elizabeth.williams@renaissanc.com
Baupost Group,BPST,Meta Platforms,META,30303M102,21629403,2560741440.38,0.6584,2025-06-30,Unchanged,13F-HR,William Smith,william.smith@baupostgro.com
Point72 Asset Mgmt,PT72,Visa Inc,V,92826C839,37317944,27444182003.66,1.6211,2025-12-31,Unchanged,13F-HR,David Jones,david.jones@point72ass.com
BlackRock Inc,BLK,Netflix Inc,NFLX,64110L106,15745134,4248182562.54,0.2385,2024-12-31,Unchanged,13F-HR,Jennifer Thomas,jennifer.thomas@blackrocki.com
Morgan Stanley IM,MS,Pfizer Inc,PFE,717081103,6431221,1363615027.37,0.2864,2024-06-30,Unchanged,13F-HR,Lisa Moore,lisa.moore@morganstan.com
Renaissance Technologies,RNTC,Exxon Mobil,XOM,30231G102,4799656,2387446806.26,0.1127,2025-06-30,Unchanged,13F-HR,Jennifer Moore,jennifer.moore@renaissanc.com
Fidelity Investments,FNF,Salesforce Inc,CRM,79466L302,16300288,7773796634.24,0.2837,2025-12-31,New,13F-HR,Mark Rodriguez,mark.rodriguez@fidelityin.com
State Street Corp,STT,Cisco Systems,CSCO,17275R102,42551085,9945577780.97,0.6748,2024-03-31,Decreased,13F-HR,Daniel Garcia,daniel.garcia@statestree.com
Fidelity Investments,FNF,Walt Disney Co,DIS,254687106,28491054,6284957606.16,1.9486,2025-12-31,Decreased,13F-HR,Dorothy Hernandez,dorothy.hernandez@fidelityin.com
JP Morgan Asset Mgmt,JPM,JPMorgan Chase,JPM,46625H100,41469958,18492836639.22,0.9989,2024-03-31,Unchanged,13F-HR,Patricia Rodriguez,patricia.rodriguez@jpmorganas.com
Vanguard Group,VGI,Adobe Inc,ADBE,00724F101,41938600,1720883167.66,1.4267,2024-12-31,Unchanged,13F-HR,Karen Thomas,karen.thomas@vanguardgr.com
Goldman Sachs AM,GS,Apple Inc,AAPL,037833100,37092117,23321083234.13,0.5486,2024-03-31,Decreased,13F-NT,Nancy White,nancy.white@goldmansac.com
Appaloosa Management,APLS,Johnson & Johnson,JNJ,478160104,41971297,31174792077.69,0.8918,2024-09-30,New,13F-HR,Richard Jones,richard.jones@appaloosam.com
Two Sigma Investments,TWSM,Bank of America,BAC,060505104,45796799,27471412286.48,0.9413,2024-09-30,Unchanged,13F-HR,William Anderson,william.anderson@twosigmain.com
Bridgewater Associates,BWTR,Meta Platforms,META,30303M102,35228571,13851313771.42,0.4769,2024-06-30,Decreased,13F-HR,Lisa Jackson,lisa.jackson@bridgewate.com
Wellington Management,WMGI,Exxon Mobil,XOM,30231G102,14237925,9683879772.22,0.2410,2024-09-30,New,13F-HR,Michael Jones,michael.jones@wellington.com
Citadel Advisors,CDLC,UnitedHealth Group,UNH,91324P102,14620409,11683066501.26,0.2890,2025-09-30,Unchanged,13F-HR,Daniel Miller,daniel.miller@citadeladv.com
AQR Capital Management,AQRC,JPMorgan Chase,JPM,46625H100,42390893,22834039748.76,1.5347,2025-06-30,Increased,13F-HR,Susan Jackson,susan.jackson@aqrcapital.com
Vanguard Group,VGI,Visa Inc,V,92826C839,20563021,854800170.09,0.7043,2025-09-30,Increased,13F-NT,Michael Garcia,michael.garcia@vanguardgr.com
Fidelity Investments,FNF,UnitedHealth Group,UNH,91324P102,11218535,795662002.37,1.6110,2025-03-31,Increased,13F-NT,Elizabeth Moore,elizabeth.moore@fidelityin.com
Citadel Advisors,CDLC,Amazon.com Inc,AMZN,023135106,36760060,3654163437.08,0.8532,2024-06-30,Increased,13F-HR,Nancy Miller,nancy.miller@citadeladv.com
Millennium Management,MLNM,Johnson & Johnson,JNJ,478160104,45144908,10539098817.96,3.8078,2024-06-30,Unchanged,13F-HR,Richard Martinez,richard.martinez@millennium.com
Vanguard Group,VGI,JPMorgan Chase,JPM,46625H100,25582160,7377239278.35,0.6066,2024-06-30,New,13F-NT,Sarah Thomas,sarah.thomas@vanguardgr.com
Point72 Asset Mgmt,PT72,Coca-Cola Co,KO,191216100,45920161,7222409248.93,2.0316,2025-09-30,Decreased,13F-HR,Robert Martin,robert.martin@point72ass.com
Millennium Management,MLNM,Chevron Corp,CVX,166764100,39341147,10237491590.76,0.5995,2025-09-30,Increased,13F-NT,Michael Brown,michael.brown@millennium.com
T. Rowe Price,TROW,Coca-Cola Co,KO,191216100,18301163,12608547224.47,0.2618,2024-03-31,Unchanged,13F-HR,William Jones,william.jones@troweprice.com
Goldman Sachs AM,GS,Procter & Gamble,PG,742718109,28714565,12876175574.54,1.4788,2025-03-31,Increased,13F-HR,Steven Martinez,steven.martinez@goldmansac.com
Fidelity Investments,FNF,UnitedHealth Group,UNH,91324P102,29106336,804015878.86,0.4117,2025-06-30,New,13F-NT,Robert Rodriguez,robert.rodriguez@fidelityin.com
Wellington Management,WMGI,Microsoft Corp,MSFT,594918104,32214998,14992665570.18,2.0569,2025-12-31,Unchanged,13F-HR,Sarah Anderson,sarah.anderson@wellington.com
Goldman Sachs AM,GS,Tesla Inc,TSLA,88160R101,6842293,3628224460.66,0.0894,2024-12-31,New,13F-HR,David Jackson,david.jackson@goldmansac.com
Capital Group,CGBL,Visa Inc,V,92826C839,38726233,23034206728.56,2.1106,2025-09-30,Increased,13F-HR,Susan Thompson,susan.thompson@capitalgro.com
T. Rowe Price,TROW,Alphabet Inc,GOOGL,02079K305,27574423,1732763639.75,0.5036,2024-06-30,New,13F-NT,James Rodriguez,james.rodriguez@troweprice.com
Wellington Management,WMGI,Apple Inc,AAPL,037833100,8253049,6137995425.78,0.2550,2025-03-31,Increased,13F-HR,William Jackson,william.jackson@wellington.com
Renaissance Technologies,RNTC,UnitedHealth Group,UNH,91324P102,46020670,17311855482.25,6.9249,2025-06-30,Decreased,13F-NT,David Garcia,david.garcia@renaissanc.com
Point72 Asset Mgmt,PT72,Tesla Inc,TSLA,88160R101,14816835,4043887122.73,0.2613,2025-12-31,Unchanged,13F-HR,Daniel Jones,daniel.jones@point72ass.com
Vanguard Group,VGI,Pfizer Inc,PFE,717081103,1446569,963446440.59,0.0201,2024-09-30,Unchanged,13F-HR,James Taylor,james.taylor@vanguardgr.com
Morgan Stanley IM,MS,Salesforce Inc,CRM,79466L302,44910989,13710490562.82,0.6084,2025-09-30,New,13F-HR,David Thomas,david.thomas@morganstan.com
T. Rowe Price,TROW,UnitedHealth Group,UNH,91324P102,24902443,16310547745.06,0.3453,2025-09-30,Unchanged,13F-HR,Michael Rodriguez,michael.rodriguez@troweprice.com
Baupost Group,BPST,Home Depot,HD,437076102,18828056,9819866678.64,0.4357,2024-06-30,Decreased,13F-HR,Jennifer Williams,jennifer.williams@baupostgro.com
Vanguard Group,VGI,Home Depot,HD,437076102,13829912,2291876947.44,0.2734,2025-09-30,Increased,13F-NT,Michael Thomas,michael.thomas@vanguardgr.com
Point72 Asset Mgmt,PT72,Adobe Inc,ADBE,00724F101,30414017,4342202594.82,0.4294,2025-06-30,Unchanged,13F-HR,Susan Miller,susan.miller@point72ass.com
BlackRock Inc,BLK,Procter & Gamble,PG,742718109,2524798,422523217.70,0.0351,2024-06-30,Unchanged,13F-HR,James Jones,james.jones@blackrocki.com
T. Rowe Price,TROW,Procter & Gamble,PG,742718109,13168257,7006552836.59,0.7754,2025-03-31,New,13F-HR,Sarah Davis,sarah.davis@troweprice.com
JP Morgan Asset Mgmt,JPM,NVIDIA Corp,NVDA,67066G104,38590675,14422911008.17,1.1296,2024-09-30,New,13F-HR,William Rodriguez,william.rodriguez@jpmorganas.com
Fidelity Investments,FNF,Tesla Inc,TSLA,88160R101,17562388,8866769780.23,0.3379,2024-09-30,Decreased,13F-HR,Susan Miller,susan.miller@fidelityin.com
DE Shaw & Co,DSHW,Visa Inc,V,92826C839,6564872,1951730804.03,0.1004,2024-03-31,Decreased,13F-HR,Susan Moore,susan.moore@deshaw&co.com
Bridgewater Associates,BWTR,Apple Inc,AAPL,037833100,2633904,420085813.00,0.0340,2025-03-31,Increased,13F-NT,Margaret Lopez,margaret.lopez@bridgewate.com
T. Rowe Price,TROW,Walt Disney Co,DIS,254687106,367287,166264573.48,0.0093,2024-09-30,Increased,13F-NT,David Johnson,david.johnson@troweprice.com
Two Sigma Investments,TWSM,Johnson & Johnson,JNJ,478160104,32159574,8229896839.09,2.3384,2025-12-31,New,13F-NT,Jennifer Taylor,jennifer.taylor@twosigmain.com
Two Sigma Investments,TWSM,Alphabet Inc,GOOGL,02079K305,19988908,14039243117.08,3.1310,2024-12-31,New,13F-HR,Patricia Taylor,patricia.taylor@twosigmain.com
Vanguard Group,VGI,Pfizer Inc,PFE,717081103,30785994,5635218703.00,0.7227,2024-12-31,New,13F-HR,Michael Taylor,michael.taylor@vanguardgr.com
Morgan Stanley IM,MS,Johnson & Johnson,JNJ,478160104,44333917,33260280177.99,1.3668,2025-12-31,Increased,13F-HR,Patricia Hernandez,patricia.hernandez@morganstan.com
BlackRock Inc,BLK,Adobe Inc,ADBE,00724F101,14235572,3452798649.92,0.2373,2025-06-30,Unchanged,13F-HR,Dorothy Brown,dorothy.brown@blackrocki.com
Millennium Management,MLNM,Netflix Inc,NFLX,64110L106,44010816,27798447323.80,0.8436,2025-09-30,Increased,13F-HR,Richard Smith,richard.smith@millennium.com
AQR Capital Management,AQRC,Salesforce Inc,CRM,79466L302,4094565,469750162.22,0.0560,2025-06-30,Increased,13F-HR,Nancy Johnson,nancy.johnson@aqrcapital.com
Morgan Stanley IM,MS,Meta Platforms,META,30303M102,46316333,28387974215.01,0.9595,2024-09-30,Increased,13F-HR,Robert Moore,robert.moore@morganstan.com
Capital Group,CGBL,Johnson & Johnson,JNJ,478160104,2653934,1731581328.16,0.0342,2024-03-31,Unchanged,13F-HR,Richard Smith,richard.smith@capitalgro.com
Appaloosa Management,APLS,Apple Inc,AAPL,037833100,21475349,2035079992.18,0.3831,2024-09-30,Increased,13F-HR,Daniel Rodriguez,daniel.rodriguez@appaloosam.com
DE Shaw & Co,DSHW,Microsoft Corp,MSFT,594918104,403499,123037823.62,0.0056,2025-09-30,Increased,13F-HR,David Martin,david.martin@deshaw&co.com
JP Morgan Asset Mgmt,JPM,Berkshire Hathaway,BRK.B,084670702,12575845,3563275050.84,1.3773,2024-06-30,Unchanged,13F-HR,Margaret Moore,margaret.moore@jpmorganas.com
Two Sigma Investments,TWSM,Meta Platforms,META,30303M102,23311536,10315734620.10,0.3587,2025-09-30,New,13F-HR,Jennifer Thomas,jennifer.thomas@twosigmain.com
AQR Capital Management,AQRC,Walt Disney Co,DIS,254687106,34994953,18755631522.75,0.5603,2025-09-30,Increased,13F-NT,Dorothy Johnson,dorothy.johnson@aqrcapital.com
Morgan Stanley IM,MS,Johnson & Johnson,JNJ,478160104,1025391,48894662.44,0.0415,2024-12-31,New,13F-HR,,
JP Morgan Asset Mgmt,JPM,Meta Platforms,META,30303M102,47042177,2948316710.09,3.4020,2025-12-31,Increased,13F-HR,Steven Rodriguez,steven.rodriguez@jpmorganas.com
Renaissance Technologies,RNTC,Salesforce Inc,CRM,79466L302,11955648,2840559726.04,0.4085,2025-03-31,Increased,13F-HR,Mark Davis,mark.davis@renaissanc.com
Point72 Asset Mgmt,PT72,Meta Platforms,META,30303M102,14319746,8822363266.06,0.4699,2025-06-30,New,13F-HR,William Williams,william.williams@point72ass.com
BlackRock Inc,BLK,Coca-Cola Co,KO,191216100,24323618,6181176750.22,0.3879,2024-09-30,Unchanged,13F-HR,Richard Martin,richard.martin@blackrocki.com
Baupost Group,BPST,Tesla Inc,TSLA,88160R101,9343173,4488277307.12,0.1481,2024-06-30,New,13F-NT,Daniel Taylor,daniel.taylor@baupostgro.com
Renaissance Technologies,RNTC,Salesforce Inc,CRM,79466L302,41889345,19572409135.57,0.7971,2025-03-31,Decreased,13F-HR,Richard Jackson,richard.jackson@renaissanc.com
Appaloosa Management,APLS,Johnson & Johnson,JNJ,478160104,26139452,20435736658.85,0.4189,2025-06-30,Increased,13F-NT,Karen Moore,karen.moore@appaloosam.com
T. Rowe Price,TROW,Walt Disney Co,DIS,254687106,40158769,1833029178.48,-1.3685,2025-06-30,Decreased,13F-HR,Elizabeth Williams,elizabeth.williams@troweprice.com
Renaissance Technologies,RNTC,Exxon Mobil,XOM,30231G102,31506075,8913657783.04,0.9080,2024-09-30,Unchanged,13F-NT,William Thompson,william.thompson@renaissanc.com
Citadel Advisors,CDLC,Microsoft Corp,MSFT,594918104,29828716,22164804527.76,0.8458,2025-12-31,Unchanged,13F-NT,Daniel Taylor,daniel.taylor@citadeladv.com
DE Shaw & Co,DSHW,UnitedHealth Group,UNH,91324P102,39017766,4360920888.33,0.5201,2024-06-30,Unchanged,13F-NT,David Martinez,david.martinez@deshaw&co.com
Citadel Advisors,CDLC,Home Depot,HD,437076102,15525497,12340458000.68,0.7155,2024-09-30,New,13F-NT,Margaret Smith,margaret.smith@citadeladv.com
Capital Group,CGBL,Cisco Systems,CSCO,17275R102,29113971,17211467055.09,1.0388,2025-06-30,Unchanged,13F-HR,Dorothy Lopez,dorothy.lopez@capitalgro.com
Vanguard Group,VGI,Coca-Cola Co,KO,191216100,48808327,28555577833.93,1.2662,2024-12-31,New,13F-HR,Margaret Davis,margaret.davis@vanguardgr.com
Point72 Asset Mgmt,PT72,Bank of America,BAC,060505104,14254965,10676369240.29,0.3011,2025-12-31,Increased,13F-HR,Dorothy Thomas,dorothy.thomas@point72ass.com
State Street Corp,STT,Tesla Inc,TSLA,88160R101,72368,37535664.21,0.0036,2025-03-31,Decreased,13F-HR,James Hernandez,james.hernandez@statestree.com
T. Rowe Price,TROW,Home Depot,HD,437076102,37096179,27110865774.32,0.5289,2024-09-30,Increased,13F-NT,Daniel Taylor,daniel.taylor@troweprice.com
Wellington Management,WMGI,Adobe Inc,ADBE,00724F101,35347318,6570730713.38,5.9553,2025-12-31,Decreased,13F-HR,David Rodriguez,david.rodriguez@wellington.com
Morgan Stanley IM,MS,Amazon.com Inc,AMZN,023135106,6186035,1828142391.31,0.0957,2025-06-30,Decreased,13F-HR,Jennifer Thompson,jennifer.thompson@morganstan.com
Wellington Management,WMGI,Intel Corp,INTC,458140100,1372280,94844945.21,0.1429,2025-09-30,Increased,13F-NT,Elizabeth Rodriguez,elizabeth.rodriguez@wellington.com
State Street Corp,STT,Meta Platforms,META,30303M102,1341285,414453458.76,0.0172,2025-09-30,New,13F-HR,Karen Martinez,karen.martinez@statestree.com
Wellington Management,WMGI,Coca-Cola Co,KO,191216100,5777887,3047927769.69,0.1377,2024-12-31,Unchanged,13F-HR,Daniel Davis,daniel.davis@wellington.com
Vanguard Group,VGI,Meta Platforms,META,30303M102,16269340,5089658833.44,0.3032,2025-03-31,Decreased,13F-HR,Elizabeth Johnson,elizabeth.johnson@vanguardgr.com
Goldman Sachs AM,GS,Adobe Inc,ADBE,00724F101,35276154,12997972433.62,1.0014,2024-06-30,New,13F-HR,Michael White,michael.white@goldmansac.com
Goldman Sachs AM,GS,Adobe Inc,ADBE,00724F101,36423882,20958213965.18,1.2263,2024-12-31,Increased,13F-HR,Margaret Hernandez,margaret.hernandez@goldmansac.com
T. Rowe Price,TROW,Home Depot,HD,437076102,629088,322470263.52,0.0177,2024-03-31,Decreased,13F-HR,Dorothy Taylor,dorothy.taylor@troweprice.com
DE Shaw & Co,DSHW,UnitedHealth Group,UNH,91324P102,21707284,11311807579.12,0.5294,2024-09-30,Unchanged,13F-HR,Susan Garcia,susan.garcia@deshaw&co.com
DE Shaw & Co,DSHW,Pfizer Inc,PFE,717081103,34757007,10710794716.06,1.5669,2024-12-31,Increased,13F-HR,Richard Miller,richard.miller@deshaw&co.com
Point72 Asset Mgmt,PT72,Home Depot,HD,437076102,12468055,5049358762.89,0.2064,2024-06-30,New,13F-HR,Richard Brown,richard.brown@point72ass.com
Citadel Advisors,CDLC,Intel Corp,INTC,458140100,17531617,13941156460.45,0.4061,2025-03-31,Increased,13F-NT,Margaret Thompson,margaret.thompson@citadeladv.com
Goldman Sachs AM,GS,JPMorgan Chase,JPM,46625H100,8920439,1799552404.92,0.1704,2027-01-02,Increased,13F-HR,Mark Garcia,mark.garcia@goldmansac.com
JP Morgan Asset Mgmt,JPM,Alphabet Inc,GOOGL,02079K305,12115134,535996832.53,0.3793,2025-06-30,New,13F-HR,Lisa White,lisa.white@jpmorganas.com
Bridgewater Associates,BWTR,Salesforce Inc,CRM,79466L302,35731373,2055021178.58,1.2407,2025-09-30,Decreased,13F-NT,Sarah Taylor,sarah.taylor@bridgewate.com
Wellington Management,WMGI,Johnson & Johnson,JNJ,478160104,30317040,12506559585.82,0.5168,2024-09-30,Decreased,13F-HR,William Anderson,william.anderson@wellington.com
DE Shaw & Co,DSHW,Microsoft Corp,MSFT,594918104,13538542,733367860.24,0.2395,2025-03-31,Decreased,13F-NT,Robert Anderson,robert.anderson@deshaw&co.com
Two Sigma Investments,TWSM,Intel Corp,INTC,458140100,34966597,4140723027.53,1.4276,2025-12-31,Unchanged,13F-HR,David Brown,david.brown@twosigmain.com
State Street Corp,STT,Adobe Inc,ADBE,00724F101,3194492,1600371321.39,0.1420,2024-06-30,Decreased,13F-HR,Dorothy Thompson,dorothy.thompson@statestree.com
DE Shaw & Co,DSHW,Apple Inc,AAPL,037833100,24050311,1032583705.44,0.4282,2025-12-31,Unchanged,13F-HR,Dorothy Miller,dorothy.miller@deshaw&co.com
Morgan Stanley IM,MS,Cisco Systems,CSCO,17275R102,29653143,12080345085.69,0.4986,2025-12-31,Unchanged,13F-HR,Michael Davis,michael.davis@morganstan.com
Citadel Advisors,CDLC,Bank of America,BAC,060505104,18228282,8231197564.12,0.2570,2024-06-30,New,13F-HR,Margaret Williams,margaret.williams@citadeladv.com
Vanguard Group,VGI,Procter & Gamble,PG,742718109,8455828,6319559582.79,0.1187,2025-03-31,Decreased,13F-HR,Patricia Garcia,patricia.garcia@vanguardgr.com
Vanguard Group,VGI,Tesla Inc,TSLA,88160R101,1774994,759226613.37,0.0546,2024-12-31,Unchanged,13F-HR,David Martinez,david.martinez@vanguardgr.com
Capital Group,CGBL,Alphabet Inc,GOOGL,,17732240,4772707163.73,0.4028,2025-03-31,Increased,13F-HR,David Anderson,david.anderson@capitalgro.com
Two Sigma Investments,TWSM,Pfizer Inc,PFE,717081103,15761719,2890032453.35,0.3154,2025-03-31,Decreased,13F-HR,James Taylor,james.taylor@twosigmain.com
Millennium Management,MLNM,Exxon Mobil,XOM,30231G102,40261822,17583249600.27,1.1156,2024-03-31,Unchanged,13F-HR,,
Baupost Group,BPST,Meta Platforms,META,30303M102,30750856,20869531648.23,0.9215,2024-09-30,Increased,13F-HR,Sarah Anderson,sarah.anderson@baupostgro.com
Point72 Asset Mgmt,PT72,Exxon Mobil,XOM,30231G102,33283595,17072278812.39,0.8084,2025-09-30,New,13F-NT,David Martinez,david.martinez@point72ass.com
Goldman Sachs AM,GS,Alphabet Inc,GOOGL,02079K305,pending,6170226856.80,4.4503,2025-12-31,Unchanged,13F-HR,Daniel Brown,daniel.brown@goldmansac.com
Point72 Asset Mgmt,PT72,Apple Inc,AAPL,037833100,1953015,313897429.93,0.0250,2025-03-31,Decreased,13F-HR,Elizabeth Anderson,elizabeth.anderson@point72ass.com
Millennium Management,MLNM,Tesla Inc,TSLA,88160R101,6907079,3170887592.48,1.2704,2025-03-31,New,13F-HR,Steven Williams,steven.williams@millennium.com
Morgan Stanley IM,MS,Johnson & Johnson,JNJ,478160104,29220665,7414533893.72,0.6448,2024-06-30,Decreased,13F-HR,David Thomas,david.thomas@morganstan.com
Vanguard Group,VGI,Berkshire Hathaway,BRK.B,084670702,8780349,2478768038.17,0.1150,2025-03-31,Unchanged,13F-HR,David Lopez,david.lopez@vanguardgr.com
Goldman Sachs AM,GS,Tesla Inc,TSLA,,28562087,20523135587.34,1.0487,2025-12-31,New,13F-HR,James Lopez,james.lopez@goldmansac.com
State Street Corp,STT,Apple Inc,AAPL,037833100,35148165,7850475180.01,0.4466,2024-12-31,Decreased,13F-HR,Steven Brown,steven.brown@statestree.com
T. Rowe Price,TROW,Procter & Gamble,PG,,41406081,8806644909.94,1.5849,2025-06-30,New,13F-NT,Thomas Williams,thomas.williams@troweprice.com
Appaloosa Management,APLS,Microsoft Corp,MSFT,594918104,30282933,10009233431.95,0.8663,2024-03-31,Unchanged,13F-HR,Sarah Moore,sarah.moore@appaloosam.com
DE Shaw & Co,DSHW,Alphabet Inc,GOOGL,02079K305,44556869,18659416378.32,0.9279,2024-03-31,Unchanged,13F-HR,Patricia Taylor,patricia.taylor@deshaw&co.com
Renaissance Technologies,RNTC,Intel Corp,INTC,458140100,1266268,637430438.62,0.0199,2024-09-30,Decreased,13F-HR,Dorothy Davis,dorothy.davis@renaissanc.com
Wellington Management,WMGI,UnitedHealth Group,UNH,91324P102,20402702,4974029790.69,0.3072,2024-03-31,Increased,13F-HR,Susan Lopez,susan.lopez@wellington.com
Morgan Stanley IM,MS,JPMorgan Chase,JPM,46625H100,43247826,29623307408.71,0.6285,2024-09-30,New,13F-HR,James Johnson,james.johnson@morganstan.com
DE Shaw & Co,DSHW,Netflix Inc,NFLX,64110L106,8819857,3800114975.19,0.7155,2024-09-30,Decreased,13F-HR,Robert Taylor,robert.taylor@deshaw&co.com
AQR Capital Management,AQRC,Meta Platforms,META,30303M102,11546086,392933864.25,0.4306,2025-09-30,Increased,13F-NT,Daniel Martin,daniel.martin@aqrcapital.com
Bridgewater Associates,BWTR,Procter & Gamble,PG,742718109,45706796,25333425643.87,7.2756,2024-06-30,Unchanged,13F-HR,William Smith,william.smith@bridgewate.com
AQR Capital Management,AQRC,Apple Inc,AAPL,037833100,24369226,17190126704.82,1.3384,2024-06-30,Unchanged,13F-HR,Robert Davis,robert.davis@aqrcapital.com
Renaissance Technologies,RNTC,Salesforce Inc,CRM,79466L302,3442588,1980094439.46,0.0713,2024-12-31,Increased,13F-HR,James Martin,james.martin@renaissanc.com
Renaissance Technologies,RNTC,JPMorgan Chase,JPM,46625H100,40933934,27318161332.81,0.7078,2024-09-30,New,13F-HR,Dorothy Davis,dorothy.davis@renaissanc.com
Millennium Management,MLNM,Coca-Cola Co,KO,,20841035,14601523529.66,0.8967,2024-03-31,Unchanged,13F-NT,Daniel Lopez,daniel.lopez@millennium.com
State Street Corp,STT,Microsoft Corp,MSFT,594918104,34890450,11938964444.77,0.8027,2024-12-31,Unchanged,13F-HR,Steven Williams,steven.williams@statestree.com
Goldman Sachs AM,GS,Netflix Inc,NFLX,64110L106,42999117,18182562149.07,1.5732,2024-06-30,Unchanged,13F-HR,William Hernandez,william.hernandez@goldmansac.com
Capital Group,CGBL,Microsoft Corp,MSFT,594918104,691869,36994493.48,0.0116,2024-12-31,Unchanged,13F-HR,Mark Martinez,mark.martinez@capitalgro.com
Capital Group,CGBL,Procter & Gamble,PG,742718109,N/A,7187669653.58,0.7476,2025-09-30,New,13F-HR,Mark Thompson,mark.thompson@capitalgro.com
Point72 Asset Mgmt,PT72,Johnson & Johnson,JNJ,478160104,24999020,12146634443.31,0.8116,2025-06-30,New,13F-HR,William Garcia,william.garcia@point72ass.com
T. Rowe Price,TROW,Cisco Systems,CSCO,17275R102,5813194,1983014124.88,0.2121,2024-12-31,Unchanged,13F-HR,Jennifer White,jennifer.white@troweprice.com
Renaissance Technologies,RNTC,Exxon Mobil,XOM,30231G102,38512871,19882551075.11,0.7805,2024-12-31,New,13F-HR,Dorothy Rodriguez,dorothy.rodriguez@renaissanc.com
Millennium Management,MLNM,Pfizer Inc,PFE,717081103,32490584,23385559625.51,0.6691,2024-09-30,Increased,13F-HR,Michael Anderson,michael.anderson@millennium.com
Millennium Management,MLNM,Apple Inc,AAPL,037833100,839488,158504042.29,0.0151,2025-03-31,Unchanged,13F-HR,William Miller,william.miller@millennium.com
Baupost Group,BPST,Walt Disney Co,DIS,254687106,39438015,24066242875.25,0.8888,2024-12-31,New,13F-HR,David Taylor,david.taylor@baupostgro.com
DE Shaw & Co,DSHW,Amazon.com Inc,AMZN,023135106,17763960,11271336730.74,0.2375,2024-12-31,New,13F-NT,Jennifer Hernandez,jennifer.hernandez@deshaw&co.com
AQR Capital Management,AQRC,Netflix Inc,NFLX,64110L106,24451674,3474439743.79,1.8490,2024-03-31,New,13F-HR,Michael Johnson,michael.johnson@aqrcapital.com
Bridgewater Associates,BWTR,Tesla Inc,TSLA,88160R101,46865441,24195282526.93,1.5512,2024-03-31,Increased,13F-NT,Michael Rodriguez,michael.rodriguez@bridgewate.com
BlackRock Inc,BLK,Tesla Inc,TSLA,88160R101,31468870,5618034979.93,0.5491,2024-09-30,Unchanged,13F-HR,Richard Martinez,richard.martinez@blackrocki.com
State Street Corp,STT,Procter & Gamble,PG,742718109,36653188,6459726534.79,0.6499,2024-03-31,Decreased,13F-HR,William Rodriguez,william.rodriguez@statestree.com
Fidelity Investments,FNF,Exxon Mobil,XOM,30231G102,30397281,10857179048.02,0.5185,2025-09-30,Increased,13F-HR,Patricia Jones,patricia.jones@fidelityin.com
JP Morgan Asset Mgmt,JPM,Coca-Cola Co,KO,191216100,43668872,25243628000.08,0.9921,2024-09-30,Unchanged,13F-HR,Michael Thompson,michael.thompson@jpmorganas.com
DE Shaw & Co,DSHW,Meta Platforms,META,30303M102,34944962,20369242736.22,3.7675,2024-12-31,Unchanged,13F-HR,Michael Jones,michael.jones@deshaw&co.com
Vanguard Group,VGI,Pfizer Inc,PFE,717081103,19836120,6832766443.48,0.4284,2024-06-30,Decreased,13F-HR,David Jones,david.jones@vanguardgr.com
Baupost Group,BPST,Adobe Inc,ADBE,00724F101,27569591,1111994420.55,0.5156,2024-09-30,New,13F-NT,Daniel Williams,daniel.williams@baupostgro.com
State Street Corp,STT,Bank of America,BAC,060505104,31121623,6668758610.75,1.3285,2024-09-30,Decreased,13F-NT,Elizabeth Davis,elizabeth.davis@statestree.com
Renaissance Technologies,RNTC,Pfizer Inc,PFE,717081103,1623324,521700569.21,0.0401,2025-12-31,Decreased,13F-HR,Mark Miller,mark.miller@renaissanc.com
Goldman Sachs AM,GS,Cisco Systems,CSCO,17275R102,49589053,1878263353.41,0.6772,2025-12-31,Increased,13F-HR,Mark Thomas,mark.thomas@goldmansac.com
Goldman Sachs AM,GS,Berkshire Hathaway,BRK.B,084670702,31171838,22631883865.22,0.6962,2024-12-31,Decreased,13F-HR,Margaret Jackson,margaret.jackson@goldmansac.com
Millennium Management,MLNM,Pfizer Inc,PFE,717081103,25062599,10134451337.72,0.3527,2025-06-30,Increased,13F-HR,Lisa Jones,lisa.jones@millennium.com
JP Morgan Asset Mgmt,,Salesforce Inc,CRM,79466L302,29552336,17525948501.80,0.5071,2024-03-31,Unchanged,13F-HR,Dorothy Jackson,dorothy.jackson@jpmorganas.com
State Street Corp,STT,Cisco Systems,CSCO,17275R102,24929919,16307894889.94,0.5970,2024-09-30,Increased,13F-NT,Richard Anderson,richard.anderson@statestree.com
Goldman Sachs AM,GS,Pfizer Inc,PFE,717081103,49272337,11774443305.19,0.7956,2025-03-31,Decreased,13F-HR,Susan Martin,susan.martin@goldmansac.com
Fidelity Investments,FNF,NVIDIA Corp,NVDA,67066G104,4472760,729147894.92,0.2347,2025-12-31,Decreased,13F-NT,Patricia Thomas,patricia.thomas@fidelityin.com
Goldman Sachs AM,GS,Pfizer Inc,PFE,717081103,31264674,10864956464.78,1.2302,2025-09-30,Increased,13F-HR,James Rodriguez,james.rodriguez@goldmansac.com
Citadel Advisors,CDLC,Alphabet Inc,GOOGL,02079K305,N/A,14559195306.23,1.3707,2025-09-30,New,13F-HR,Margaret Jackson,margaret.jackson@citadeladv.com
JP Morgan Asset Mgmt,JPM,Apple Inc,AAPL,037833100,29131808,20208875776.70,0.4847,2024-03-31,Decreased,13F-HR,Michael Moore,michael.moore@jpmorganas.com
Goldman Sachs AM,GS,Amazon.com Inc,AMZN,023135106,2303959,1666988616.38,0.0444,2025-12-31,Unchanged,13F-HR,William Thompson,william.thompson@goldmansac.com
JP Morgan Asset Mgmt,JPM,Tesla Inc,TSLA,88160R101,46328754,26455812110.98,1.3235,2024-09-30,Increased,13F-NT,Jennifer Jones,jennifer.jones@jpmorganas.com
Morgan Stanley IM,MS,Berkshire Hathaway,BRK.B,084670702,9442884,1203285535.20,0.3662,2025-06-30,Decreased,13F-HR,Richard Thompson,richard.thompson@morganstan.com
Bridgewater Associates,BWTR,Microsoft Corp,MSFT,594918104,49407825,4597933287.15,2.0630,2026-06-25,Unchanged,13F-NT,Steven Garcia,steven.garcia@bridgewate.com
DE Shaw & Co,DSHW,Amazon.com Inc,AMZN,023135106,12074253,7575510584.27,0.1551,2024-06-30,Unchanged,13F-HR,Richard Thomas,richard.thomas@deshaw&co.com
Vanguard Group,VGI,Home Depot,HD,437076102,9672587,514512112.38,0.1475,2025-03-31,Unchanged,13F-HR,Margaret Davis,margaret.davis@vanguardgr.com
Wellington Management,WMGI,Cisco Systems,CSCO,17275R102,17761471,12097733643.22,0.7382,2025-06-30,New,13F-HR,James Moore,james.moore@wellington.com
State Street Corp,STT,Adobe Inc,ADBE,00724F101,32314144,21878221115.92,0.6761,2024-03-31,Unchanged,13F-HR,Daniel Hernandez,daniel.hernandez@statestree.com
Fidelity Investments,FNF,Berkshire Hathaway,BRK.B,084670702,unknown,264171173.78,0.0924,2025-06-30,Decreased,13F-NT,James Martin,james.martin@fidelityin.com
Point72 Asset Mgmt,PT72,UnitedHealth Group,UNH,91324P102,4475853,749096254.80,0.0992,2024-03-31,Unchanged,13F-NT,Karen Moore,karen.moore@point72ass.com
Renaissance Technologies,RNTC,Amazon.com Inc,AMZN,023135106,8545736,5386053848.30,0.4799,2024-06-30,Increased,13F-HR,David Martin,david.martin@renaissanc.com
Point72 Asset Mgmt,PT72,Procter & Gamble,PG,742718109,49689131,32557540310.82,3.7505,2025-12-31,Increased,13F-HR,James Brown,james.brown@point72ass.com
Appaloosa Management,APLS,Adobe Inc,ADBE,00724F101,369769,80555052.49,0.0117,2024-03-31,Increased,13F-HR,Elizabeth Thomas,elizabeth.thomas@appaloosam.com
Morgan Stanley IM,MS,Bank of America,BAC,060505104,13377415,3039976621.67,0.2837,2025-09-30,New,13F-HR,Karen Lopez,karen.lopez@morganstan.com
Two Sigma Investments,TWSM,Adobe Inc,ADBE,00724F101,20064875,9599874783.95,0.6991,2024-06-30,Increased,13F-HR,Richard Taylor,richard.taylor@twosigmain.com
Renaissance Technologies,RNTC,Microsoft Corp,MSFT,594918104,27661282,6730212126.66,0.8015,2024-06-30,Decreased,13F-HR,Daniel Garcia,daniel.garcia@renaissanc.com
Fidelity Investments,FNF,NVIDIA Corp,NVDA,67066G104,9775871,5739629284.64,0.2581,2025-06-30,Decreased,13F-HR,Mark Hernandez,mark.hernandez@fidelityin.com
Vanguard Group,VGI,Netflix Inc,NFLX,64110L106,34835137,7838689451.29,0.5397,2025-12-31,New,13F-NT,Margaret Anderson,margaret.anderson@vanguardgr.com
Renaissance Technologies,RNTC,Meta Platforms,META,30303M102,15252778,1025512670.31,0.3018,2025-06-30,New,13F-HR,Richard Rodriguez,richard.rodriguez@renaissanc.com
T. Rowe Price,TROW,Microsoft Corp,MSFT,594918104,37052459,8760376414.42,1.0037,2025-03-31,Unchanged,13F-HR,Michael Jones,michael.jones@troweprice.com
Millennium Management,MLNM,Netflix Inc,NFLX,64110L106,22553364,12747969701.40,1.3291,2024-12-31,Unchanged,13F-HR,William Thompson,william.thompson@millennium.com
Vanguard Group,VGI,Coca-Cola Co,KO,191216100,4926443,2164456552.38,0.1843,2024-06-30,New,13F-HR,Richard Taylor,richard.taylor@vanguardgr.com
Renaissance Technologies,RNTC,Amazon.com Inc,AMZN,023135106,7847237,5259955994.15,0.2077,2024-03-31,New,13F-HR,Nancy Miller,nancy.miller@renaissanc.com
Citadel Advisors,CDLC,Salesforce Inc,CRM,79466L302,13491438,2476702914.69,0.3781,2024-12-31,Increased,13F-HR,Thomas Jones,thomas.jones@citadeladv.com
DE Shaw & Co,DSHW,Bank of America,BAC,060505104,40806231,14127928350.93,0.5101,2024-12-31,Decreased,13F-HR,Sarah Williams,sarah.williams@deshaw&co.com
Bridgewater Associates,BWTR,Meta Platforms,META,30303M102,34163253,11705174433.38,0.5523,2025-06-30,Decreased,13F-HR,Daniel Thompson,daniel.thompson@bridgewate.com
Capital Group,CGBL,Johnson & Johnson,JNJ,478160104,1944160,1027051655.94,0.0515,2024-03-31,Unchanged,13F-HR,Michael Taylor,michael.taylor@capitalgro.com
AQR Capital Management,AQRC,Pfizer Inc,PFE,717081103,29105690,8768095577.25,0.3901,00-00-0000,Unchanged,13F-HR,Thomas Lopez,thomas.lopez@aqrcapital.com
JP Morgan Asset Mgmt,JPM,Tesla Inc,TSLA,88160R101,47025619,18275390722.49,0.6080,2025-06-30,Increased,13F-HR,James Garcia,james.garcia@jpmorganas.com
Capital Group,CGBL,NVIDIA Corp,NVDA,67066G104,16106596,603035298.32,0.2782,2025-03-31,New,13F-HR,Richard Johnson,richard.johnson@capitalgro.com
Point72 Asset Mgmt,PT72,Procter & Gamble,PG,742718109,47964609,31597492420.13,4.0803,2024-12-31,Decreased,13F-HR,Lisa Davis,lisa.davis@point72ass.com
Millennium Management,MLNM,Amazon.com Inc,AMZN,023135106,40948519,21585427024.17,0.7293,2025-12-31,Decreased,13F-HR,Michael Hernandez,michael.hernandez@millennium.com
Bridgewater Associates,BWTR,JPMorgan Chase,JPM,46625H100,17576233,13734427165.12,-0.3890,2024-06-30,Increased,13F-HR,Mark Davis,mark.davis@bridgewate.com
Renaissance Technologies,RNTC,Intel Corp,INTC,458140100,25422692,11421647515.78,0.5101,2024-09-30,Unchanged,13F-HR,Sarah Anderson,sarah.anderson@renaissanc.com
Point72 Asset Mgmt,PT72,NVIDIA Corp,NVDA,67066G104,1960534,780974580.01,0.1963,2024-09-30,Unchanged,13F-NT,Lisa Moore,lisa.moore@point72ass.com
Baupost Group,BPST,NVIDIA Corp,NVDA,67066G104,31816983,21339745266.83,1.2969,2024-06-30,Unchanged,13F-HR,Elizabeth Davis,elizabeth.davis@baupostgro.com
Morgan Stanley IM,MS,Coca-Cola Co,KO,191216100,20377331,13700353883.56,0.6574,2025-06-30,Unchanged,13F-HR,Elizabeth Martin,elizabeth.martin@morganstan.com
BlackRock Inc,BLK,Pfizer Inc,PFE,717081103,48435614,35652435329.15,0.6550,2026-08-18,Increased,13F-HR,Steven Moore,steven.moore@blackrocki.com
Fidelity Investments,FNF,Alphabet Inc,GOOGL,02079K305,8013421,635720208.29,0.1778,2025-09-30,Unchanged,13F-HR,Patricia Rodriguez,patricia.rodriguez@fidelityin.com
JP Morgan Asset Mgmt,JPM,Tesla Inc,TSLA,88160R101,31740541,10715268721.22,0.9968,2024-09-30,Unchanged,13F-NT,Daniel Thompson,daniel.thompson@jpmorganas.com
Vanguard Group,VGI,Johnson & Johnson,JNJ,478160104,41630318,5031067368.06,0.7450,2025-03-31,New,13F-HR,Robert Lopez,robert.lopez@vanguardgr.com
Appaloosa Management,APLS,Pfizer Inc,PFE,717081103,5171896,2794578141.33,-0.1078,2025-06-30,Increased,13F-HR,James Thomas,james.thomas@appaloosam.com
AQR Capital Management,AQRC,Meta Platforms,META,30303M102,36045281,25910224211.90,0.5315,2025-12-31,Unchanged,13F-HR,Mark Johnson,mark.johnson@aqrcapital.com
Two Sigma Investments,TWSM,Bank of America,BAC,060505104,47193793,4155657524.42,2.2982,2024-12-31,Decreased,13F-NT,Jennifer Smith,jennifer.smith@twosigmain.com
Point72 Asset Mgmt,PT72,UnitedHealth Group,UNH,91324P102,49417528,25441785513.27,2.2861,2025-12-31,Increased,13F-HR,Sarah Brown,sarah.brown@point72ass.com
Renaissance Technologies,RNTC,Meta Platforms,META,30303M102,39698263,6790389374.52,0.9595,2024-03-31,New,13F-HR,Thomas Thomas,thomas.thomas@renaissanc.com
Citadel Advisors,CDLC,Alphabet Inc,GOOGL,02079K305,36108085,23623892721.35,1.2161,2025-03-31,Unchanged,13F-HR,Steven Thomas,steven.thomas@citadeladv.com
Appaloosa Management,APLS,Visa Inc,V,92826C839,39529942,2177595493.08,6.5893,2025-09-30,Unchanged,13F-HR,Mark Garcia,mark.garcia@appaloosam.com
Millennium Management,MLNM,Walt Disney Co,DIS,254687106,47720519,3387892722.88,0.8812,2025-09-30,Increased,13F-NT,Richard Miller,richard.miller@millennium.com
Morgan Stanley IM,MS,Exxon Mobil,XOM,30231G102,17216065,9430162070.79,0.3212,2025-09-30,New,13F-HR,Susan Thomas,susan.thomas@morganstan.com
Goldman Sachs AM,GS,Netflix Inc,NFLX,64110L106,11305446,8789280548.91,0.4823,2024-12-31,Unchanged,13F-NT,Thomas Thompson,thomas.thompson@goldmansac.com
Two Sigma Investments,TWSM,Berkshire Hathaway,BRK.B,084670702,8498115,5870570104.24,0.1201,2024-09-30,Decreased,13F-HR,David Anderson,david.anderson@twosigmain.com
Millennium Management,MLNM,Bank of America,BAC,060505104,11627950,4026138180.36,0.3281,2025-12-31,New,13F-HR,Susan Garcia,susan.garcia@millennium.com
Citadel Advisors,CDLC,Coca-Cola Co,KO,191216100,37763622,17146843305.19,1.5492,2025-06-30,New,13F-HR,Susan Garcia,susan.garcia@citadeladv.com
Bridgewater Associates,BWTR,Berkshire Hathaway,BRK.B,084670702,7249958,2900115182.08,0.0929,2025-03-31,Unchanged,13F-HR,Thomas Martinez,thomas.martinez@bridgewate.com
Renaissance Technologies,RNTC,Bank of America,BAC,060505104,48855732,38273825415.38,1.1958,2024-09-30,Unchanged,13F-NT,James Martinez,james.martinez@renaissanc.com
Baupost Group,BPST,Netflix Inc,NFLX,64110L106,48298001,28390529308.06,1.1992,2024-03-31,Unchanged,13F-NT,Michael Miller,michael.miller@baupostgro.com
DE Shaw & Co,DSHW,Apple Inc,AAPL,037833100,24050311,1032583705.44,0.4282,2025-12-31,Unchanged,13F-HR,Dorothy Miller,dorothy.miller@deshaw&co.com
State Street Corp,STT,Netflix Inc,NFLX,64110L106,16744813,7091351381.42,0.2777,2025-09-30,Unchanged,13F-HR,Lisa Hernandez,lisa.hernandez@statestree.com
Fidelity Investments,FNF,NVIDIA Corp,NVDA,67066G104,unknown,5189329404.85,2.2358,2025-06-30,Unchanged,13F-HR,Karen Hernandez,karen.hernandez@fidelityin.com
State Street Corp,STT,Visa Inc,V,92826C839,8237137,5554624454.87,0.3688,2025-09-30,Increased,13F-HR,Michael Martin,michael.martin@statestree.com
Renaissance Technologies,RNTC,Coca-Cola Co,KO,191216100,32061289,5542474267.38,0.9655,2025-09-30,Unchanged,13F-HR,James Lopez,james.lopez@renaissanc.com
Renaissance Technologies,RNTC,Pfizer Inc,PFE,717081103,46128663,1878036430.98,0.9760,2025-12-31,Unchanged,13F-HR,Richard Williams,richard.williams@renaissanc.com
Bridgewater Associates,BWTR,Cisco Systems,CSCO,17275R102,26657244,6814335328.75,1.1022,2025-09-30,New,13F-HR,David Davis,david.davis@bridgewate.com
Point72 Asset Mgmt,PT72,JPMorgan Chase,JPM,46625H100,12741348,6922429331.47,0.1594,2025-03-31,Unchanged,13F-HR,Patricia Anderson,patricia.anderson@point72ass.com
DE Shaw & Co,DSHW,UnitedHealth Group,UNH,91324P102,46721307,26029929127.86,0.9206,2024-09-30,Decreased,13F-HR,David Smith,david.smith@deshaw&co.com
AQR Capital Management,AQRC,Alphabet Inc,GOOGL,02079K305,47267020,7996871224.91,4.4819,2025-12-31,New,13F-HR,Dorothy Thompson,dorothy.thompson@aqrcapital.com
Baupost Group,BPST,Tesla Inc,TSLA,88160R101,31355515,1151823542.30,0.4524,2025-06-30,New,13F-NT,Daniel Taylor,daniel.taylor@baupostgro.com
Bridgewater Associates,BWTR,Visa Inc,V,92826C839,30057249,7149613470.27,2.0065,2025-09-30,Increased,13F-NT,Nancy Martinez,nancy.martinez@bridgewate.com
Renaissance Technologies,RNTC,UnitedHealth Group,UNH,91324P102,3678952,2378827371.99,0.1123,2024-09-30,New,13F-HR,Jennifer Rodriguez,jennifer.rodriguez@renaissanc.com
Bridgewater Associates,BWTR,Exxon Mobil,XOM,30231G102,13972279,2226019505.77,0.4981,2026-09-02,Increased,13F-HR,Sarah Miller,sarah.miller@bridgewate.com
AQR Capital Management,AQRC,Alphabet Inc,GOOGL,02079K305,40914643,7529427751.96,1.2084,2025-03-31,Increased,13F-HR,William Garcia,william.garcia@aqrcapital.com
Millennium Management,MLNM,UnitedHealth Group,UNH,91324P102,10628737,7639170962.42,0.2408,2025-12-31,New,13F-HR,Dorothy Martin,dorothy.martin@millennium.com
Citadel Advisors,CDLC,Chevron Corp,CVX,166764100,24263712,11280158842.38,0.4805,2025-12-31,Unchanged,13F-HR,Sarah Taylor,sarah.taylor@citadeladv.com
Morgan Stanley IM,MS,Alphabet Inc,GOOGL,02079K305,34030286,24954230506.80,0.5051,2024-12-31,Unchanged,13F-HR,Susan Jones,susan.jones@morganstan.com
Citadel Advisors,CDLC,Apple Inc,AAPL,037833100,34071730,17042594532.55,0.8310,2025-12-31,Decreased,13F-HR,Dorothy Miller,dorothy.miller@citadeladv.com
Bridgewater Associates,BWTR,Chevron Corp,CVX,166764100,43651011,3676211532.00,1.3669,2025-03-31,New,13F-HR,Patricia Lopez,patricia.lopez@bridgewate.com
Baupost Group,BPST,Salesforce Inc,CRM,79466L302,31833247,2850793727.97,0.5708,2024-03-31,Unchanged,13F-NT,Susan Lopez,susan.lopez@baupostgro.com
Citadel Advisors,CDLC,Berkshire Hathaway,BRK.B,084670702,802911,38456109.85,0.0103,2025-03-31,New,13F-HR,David Jackson,david.jackson@citadeladv.com
Millennium Management,MLNM,Home Depot,HD,437076102,28552171,19093625623.24,1.1488,2025-12-31,Increased,13F-HR,,
AQR Capital Management,AQRC,Chevron Corp,CVX,166764100,33497186,24499014951.82,-1.0664,2024-03-31,Unchanged,13F-HR,Robert Martinez,robert.martinez@aqrcapital.com
Renaissance Technologies,RNTC,Salesforce Inc,CRM,79466L302,32321691,14024523472.28,4.4649,2024-09-30,New,13F-HR,Thomas White,thomas.white@renaissanc.com
BlackRock Inc,BLK,Berkshire Hathaway,BRK.B,084670702,44962794,8622562064.83,1.3236,2024-06-30,Unchanged,13F-HR,Dorothy Thompson,dorothy.thompson@blackrocki.com
Appaloosa Management,APLS,Procter & Gamble,PG,742718109,49976764,33790469349.89,1.2078,2025-12-31,Increased,13F-HR,Susan Brown,susan.brown@appaloosam.com
Capital Group,CGBL,Walt Disney Co,DIS,254687106,45352541,22124390714.99,2.2219,2025-06-30,Decreased,13F-NT,Lisa Williams,lisa.williams@capitalgro.com
Baupost Group,BPST,Adobe Inc,ADBE,00724F101,23486075,6152899667.31,0.3085,2024-09-30,Unchanged,13F-HR,Daniel Jones,daniel.jones@baupostgro.com
JP Morgan Asset Mgmt,JPM,Walt Disney Co,DIS,254687106,4942605,1024656687.22,0.2940,2024-09-30,New,13F-HR,William Hernandez,william.hernandez@jpmorganas.com
Wellington Management,WMGI,Salesforce Inc,CRM,79466L302,14607152,10719783814.00,0.7155,2025-12-31,Unchanged,13F-HR,Karen Lopez,karen.lopez@wellington.com
Two Sigma Investments,TWSM,Amazon.com Inc,AMZN,023135106,3242784,1005280943.75,0.0926,2025-09-30,Unchanged,13F-HR,Dorothy White,dorothy.white@twosigmain.com
Appaloosa Management,APLS,NVIDIA Corp,NVDA,67066G104,41411486,11809863979.20,1.4720,2024-06-30,Decreased,13F-HR,Jennifer Smith,jennifer.smith@appaloosam.com
BlackRock Inc,BLK,Exxon Mobil,XOM,30231G102,13075251,2570708099.49,0.2192,2024-06-30,Unchanged,13F-HR,Patricia Miller,patricia.miller@blackrocki.com
Millennium Management,MLNM,Cisco Systems,CSCO,17275R102,6704710,1437209771.97,0.1280,2025-03-31,Unchanged,13F-HR,James White,james.white@millennium.com
Citadel Advisors,CDLC,Pfizer Inc,PFE,717081103,48733863,34009921221.04,1.8121,2024-09-30,Unchanged,13F-HR,Dorothy Moore,dorothy.moore@citadeladv.com
JP Morgan Asset Mgmt,JPM,Cisco Systems,CSCO,17275R102,5863984,4175222072.65,0.1095,2025-09-30,New,13F-NT,Dorothy Brown,dorothy.brown@jpmorganas.com
DE Shaw & Co,DSHW,Meta Platforms,META,,4232034,3049728203.68,0.1639,2024-06-30,Decreased,13F-HR,Richard Anderson,richard.anderson@deshaw&co.com
Point72 Asset Mgmt,PT72,Chevron Corp,CVX,166764100,7100610,4337734164.83,0.1764,2024-06-30,Decreased,13F-HR,Robert Miller,robert.miller@point72ass.com
Morgan Stanley IM,MS,Home Depot,HD,437076102,31454785,4096992401.18,1.5434,2025-12-31,New,13F-HR,Steven Brown,steven.brown@morganstan.com
Fidelity Investments,FNF,Amazon.com Inc,AMZN,023135106,29677266,7989133433.39,0.4063,2025-12-31,Decreased,13F-HR,Steven Garcia,steven.garcia@fidelityin.com
Baupost Group,BPST,Exxon Mobil,XOM,30231G102,22152456,7843007547.03,0.4551,2025-06-30,Increased,13F-HR,Michael White,michael.white@baupostgro.com
Baupost Group,BPST,Alphabet Inc,GOOGL,02079K305,38583832,11128236575.10,0.7404,2024-03-31,New,13F-HR,Robert Smith,robert.smith@baupostgro.com
Fidelity Investments,FNF,Salesforce Inc,CRM,79466L302,33850117,3802408284.43,0.4654,2024-09-30,Unchanged,13F-HR,Daniel Rodriguez,daniel.rodriguez@fidelityin.com
Goldman Sachs AM,GS,Coca-Cola Co,KO,191216100,14714634,6001924341.88,1.1688,2024-09-30,Increased,13F-HR,William White,william.white@goldmansac.com
Capital Group,CGBL,Apple Inc,AAPL,037833100,35619932,8476997888.66,0.4568,2024-06-30,Unchanged,13F-NT,Lisa Taylor,lisa.taylor@capitalgro.com
Capital Group,CGBL,Pfizer Inc,PFE,717081103,48965126,5868880724.78,2.6787,2024-09-30,Increased,13F-HR,William Moore,william.moore@capitalgro.com
Renaissance Technologies,RNTC,Adobe Inc,ADBE,00724F101,21187806,16439128896.66,0.2917,2025-03-31,Increased,13F-HR,Daniel Garcia,daniel.garcia@renaissanc.com
AQR Capital Management,AQRC,Exxon Mobil,XOM,30231G102,23158691,1511439822.05,0.6481,2025-09-30,Increased,13F-HR,Steven Taylor,steven.taylor@aqrcapital.com
Wellington Management,WMGI,Netflix Inc,NFLX,64110L106,22582816,13604685662.99,3.6285,2025-06-30,Unchanged,13F-HR,James Jones,james.jones@wellington.com
Point72 Asset Mgmt,PT72,Adobe Inc,ADBE,00724F101,29525259,7306821265.71,0.4147,2024-12-31,Increased,13F-NT,Susan Garcia,susan.garcia@point72ass.com
Renaissance Technologies,RNTC,Bank of America,BAC,060505104,16165025,3035996175.62,0.8020,2025-12-31,Unchanged,13F-NT,Robert Martinez,robert.martinez@renaissanc.com
DE Shaw & Co,DSHW,Pfizer Inc,PFE,717081103,34335765,21226999778.23,0.6733,2024-09-30,Decreased,13F-NT,William Thomas,william.thomas@deshaw&co.com
Two Sigma Investments,TWSM,Meta Platforms,META,30303M102,12524258,5562983444.19,1.3014,2025-12-31,Increased,13F-HR,Steven Miller,steven.miller@twosigmain.com
State Street Corp,STT,Coca-Cola Co,KO,191216100,14326719,11135295608.24,0.3949,2025-03-31,Unchanged,13F-HR,Steven Rodriguez,steven.rodriguez@statestree.com
JP Morgan Asset Mgmt,JPM,UnitedHealth Group,UNH,91324P102,23045186,17225806888.03,0.8289,2024-06-30,Unchanged,13F-HR,Jennifer Thomas,jennifer.thomas@jpmorganas.com
Baupost Group,BPST,Berkshire Hathaway,BRK.B,084670702,14213351,4426947262.72,0.9673,2024-12-31,New,13F-NT,Dorothy Martin,dorothy.martin@baupostgro.com
Goldman Sachs AM,GS,Bank of America,BAC,060505104,39405919,15282787653.14,0.6632,2025-09-30,Increased,13F-HR,Richard Brown,richard.brown@goldmansac.com
T. Rowe Price,TROW,Tesla Inc,TSLA,88160R101,5259290,3169683986.28,0.1700,2024-09-30,Unchanged,13F-HR,David Hernandez,david.hernandez@troweprice.com
Capital Group,,NVIDIA Corp,NVDA,67066G104,38760065,26830118782.16,1.0125,2025-12-31,Decreased,13F-HR,Patricia Martinez,patricia.martinez@capitalgro.com
Wellington Management,WMGI,Bank of America,BAC,060505104,10583010,2279436815.76,0.3006,2024-12-31,Increased,13F-HR,Dorothy Thomas,dorothy.thomas@wellington.com
BlackRock Inc,BLK,NVIDIA Corp,NVDA,67066G104,33765686,11204019957.50,0.8958,2025-06-30,Increased,13F-HR,Robert Davis,robert.davis@blackrocki.com
Vanguard Group,VGI,Netflix Inc,NFLX,64110L106,26363877,6133010605.85,0.4352,2025-12-31,Unchanged,13F-HR,Robert Anderson,robert.anderson@vanguardgr.com
Citadel Advisors,CDLC,Chevron Corp,CVX,166764100,38093758,7353081568.65,1.6224,2024-06-30,Increased,13F-HR,Susan Martinez,susan.martinez@citadeladv.com
Goldman Sachs AM,GS,Johnson & Johnson,JNJ,478160104,35941241,24280331736.28,0.4541,2024-12-31,Increased,13F-HR,Daniel Rodriguez,daniel.rodriguez@goldmansac.com
BlackRock Inc,BLK,Coca-Cola Co,KO,191216100,7454442,5816213647.83,0.1006,2025-12-31,New,13F-NT,David Thompson,david.thompson@blackrocki.com
Wellington Management,WMGI,Apple Inc,AAPL,037833100,34096481,27086696937.92,0.4308,2024-12-31,Increased,13F-HR,James Martinez,james.martinez@wellington.com
Morgan Stanley IM,MS,Procter & Gamble,PG,742718109,14870555,303729884.81,0.2049,2024-06-30,Decreased,13F-HR,Jennifer Johnson,jennifer.johnson@morganstan.com
DE Shaw & Co,DSHW,Cisco Systems,CSCO,17275R102,49488742,4506449194.79,0.6537,2024-03-31,Increased,13F-HR,Steven Taylor,steven.taylor@deshaw&co.com
Goldman Sachs AM,GS,Walt Disney Co,DIS,254687106,2123318,237691561.71,0.1542,2024-09-30,Increased,13F-HR,Elizabeth Hernandez,elizabeth.hernandez@goldmansac.com
AQR Capital Management,AQRC,Bank of America,BAC,060505104,25148812,5006278789.64,1.7619,2024-03-31,Unchanged,13F-NT,Margaret Taylor,margaret.taylor@aqrcapital.com
Bridgewater Associates,BWTR,Exxon Mobil,XOM,30231G102,32690096,14720481786.98,0.5890,2025-03-31,Decreased,13F-HR,Dorothy Williams,dorothy.williams@bridgewate.com
Millennium Management,MLNM,Visa Inc,V,92826C839,26326242,20299920046.66,1.6302,2025-09-30,Unchanged,13F-HR,Robert Brown,robert.brown@millennium.com
Two Sigma Investments,TWSM,UnitedHealth Group,UNH,91324P102,47562757,2593283956.55,0.8895,2025-09-30,Decreased,13F-HR,Margaret Martin,margaret.martin@twosigmain.com
Citadel Advisors,CDLC,Cisco Systems,CSCO,17275R102,49487051,34623245833.63,0.6455,2025-03-31,Increased,13F-HR,Karen Miller,karen.miller@citadeladv.com
Wellington Management,WMGI,Bank of America,BAC,060505104,48597868,3427259906.51,1.7869,2024-09-30,Unchanged,13F-HR,Susan Hernandez,susan.hernandez@wellington.com
BlackRock Inc,BLK,Cisco Systems,CSCO,17275R102,22263077,17215126586.30,0.9479,2025-09-30,Decreased,13F-HR,James Brown,james.brown@blackrocki.com
Millennium Management,MLNM,Johnson & Johnson,JNJ,478160104,43864932,25021118434.66,1.9735,2025-03-31,Increased,13F-HR,Lisa Martinez,lisa.martinez@millennium.com
Bridgewater Associates,BWTR,Cisco Systems,CSCO,17275R102,42916641,6974469445.60,1.2464,2024-09-30,New,13F-HR,Daniel Rodriguez,daniel.rodriguez@bridgewate.com
Renaissance Technologies,RNTC,Meta Platforms,META,30303M102,18568893,14267071984.58,0.6257,2024-12-31,Increased,13F-HR,Jennifer Brown,jennifer.brown@renaissanc.com
Renaissance Technologies,RNTC,Salesforce Inc,CRM,79466L302,10885275,7475459421.40,0.1521,2024-09-30,Increased,13F-NT,Richard Brown,richard.brown@renaissanc.com
Wellington Management,WMGI,Bank of America,BAC,060505104,16138781,2264607078.88,0.4050,2025-06-30,Unchanged,13F-HR,Karen Taylor,karen.taylor@wellington.com
Morgan Stanley IM,MS,Salesforce Inc,CRM,79466L302,16211826,3782447116.32,0.2866,2024-06-30,Unchanged,13F-HR,David Martin,david.martin@morganstan.com
Morgan Stanley IM,MS,Pfizer Inc,PFE,717081103,4314664,2879776039.27,0.0550,2024-06-30,Decreased,13F-HR,James Johnson,james.johnson@morganstan.com
JP Morgan Asset Mgmt,JPM,Alphabet Inc,GOOGL,02079K305,27686269,10123988574.74,0.3828,2025-03-31,Increased,13F-HR,Dorothy Thomas,dorothy.thomas@jpmorganas.com
Wellington Management,WMGI,Salesforce Inc,CRM,79466L302,8478536,1603491124.58,0.3501,2024-06-30,Increased,13F-HR,Elizabeth White,elizabeth.white@wellington.com
Vanguard Group,VGI,Apple Inc,AAPL,037833100,26479010,4045673157.55,0.7611,2025-09-30,Unchanged,13F-HR,Robert Jones,robert.jones@vanguardgr.com
DE Shaw & Co,DSHW,Amazon.com Inc,AMZN,023135106,29002952,17196907693.15,0.9377,2024-03-31,Increased,13F-NT,James Williams,james.williams@deshaw&co.com
AQR Capital Management,AQRC,Visa Inc,V,92826C839,43351694,7230722004.80,1.3990,2024-12-31,Increased,13F-HR,Elizabeth Johnson,elizabeth.johnson@aqrcapital.com
Point72 Asset Mgmt,PT72,Home Depot,HD,437076102,pending,2028754395.62,0.1130,2024-12-31,Decreased,13F-HR,Richard Jackson,richard.jackson@point72ass.com
AQR Capital Management,AQRC,Exxon Mobil,XOM,30231G102,4509559,1914954960.04,0.3527,2025-12-31,Increased,13F-NT,Mark Moore,mark.moore@aqrcapital.com
AQR Capital Management,AQRC,Exxon Mobil,XOM,30231G102,17488003,8837428602.06,0.8752,2025-12-31,New,13F-HR,Susan Jones,susan.jones@aqrcapital.com
Morgan Stanley IM,MS,Alphabet Inc,GOOGL,02079K305,16326702,2369428927.71,0.4529,2024-06-30,New,13F-HR,Susan Martin,susan.martin@morganstan.com
Vanguard Group,VGI,UnitedHealth Group,UNH,91324P102,48857718,2824334368.96,2.5393,2024-06-30,Increased,13F-HR,Steven Davis,steven.davis@vanguardgr.com
Renaissance Technologies,RNTC,Amazon.com Inc,AMZN,023135106,17460267,12379652143.42,0.6218,2025-09-30,Increased,13F-HR,Dorothy Thompson,dorothy.thompson@renaissanc.com
Goldman Sachs AM,GS,Johnson & Johnson,JNJ,478160104,33886660,23778302676.23,1.4169,2025-12-31,Increased,13F-HR,Richard Anderson,richard.anderson@goldmansac.com
State Street Corp,STT,Chevron Corp,CVX,166764100,6540887,362123826.04,0.1933,2025-12-31,Unchanged,13F-HR,Nancy Anderson,nancy.anderson@statestree.com
Fidelity Investments,FNF,Meta Platforms,META,30303M102,2818581,322294299.16,0.0783,2024-09-30,Increased,13F-HR,Steven Jones,steven.jones@fidelityin.com
State Street Corp,STT,Cisco Systems,CSCO,17275R102,32395922,7631299880.57,0.4525,2024-03-31,Decreased,13F-HR,Richard Miller,richard.miller@statestree.com
Wellington Management,WMGI,Johnson & Johnson,JNJ,478160104,421462,45851978.43,0.0218,2025-06-30,Unchanged,13F-HR,Daniel White,daniel.white@wellington.com
Goldman Sachs AM,GS,Adobe Inc,ADBE,00724F101,40816430,28600501505.90,1.4898,2024-12-31,Increased,13F-HR,Sarah Moore,sarah.moore@goldmansac.com
JP Morgan Asset Mgmt,JPM,Chevron Corp,CVX,166764100,46316238,22353484243.54,0.6908,2024-06-30,Decreased,13F-HR,Mark Jackson,mark.jackson@jpmorganas.com
State Street Corp,STT,Exxon Mobil,XOM,30231G102,10082573,7751691760.72,0.2502,2024-06-30,Decreased,13F-NT,Steven White,steven.white@statestree.com
Fidelity Investments,FNF,Bank of America,BAC,060505104,33895275,15105227873.49,0.4492,2024-06-30,Unchanged,13F-HR,Mark Lopez,mark.lopez@fidelityin.com
Morgan Stanley IM,MS,Coca-Cola Co,KO,191216100,30850271,10971708873.60,0.5798,2025-03-31,New,13F-HR,Michael Hernandez,michael.hernandez@morganstan.com
State Street Corp,STT,Amazon.com Inc,AMZN,023135106,29932638,1036762972.07,1.1348,2025-03-31,Increased,13F-HR,James Johnson,james.johnson@statestree.com
JP Morgan Asset Mgmt,JPM,Home Depot,HD,437076102,16690100,5681575132.56,0.2128,2025-06-30,Unchanged,13F-NT,Richard Brown,richard.brown@jpmorganas.com
Wellington Management,WMGI,UnitedHealth Group,UNH,91324P102,45601326,7336971516.47,5.0001,2024-06-30,Unchanged,13F-HR,Robert Brown,robert.brown@wellington.com
BlackRock Inc,BLK,Microsoft Corp,MSFT,594918104,40487194,27054119242.80,1.0264,2025-12-31,Increased,13F-HR,Mark Taylor,mark.taylor@blackrocki.com
T. Rowe Price,TROW,Meta Platforms,META,30303M102,26035517,15719773105.67,1.6554,2025-12-31,Increased,13F-HR,Margaret Moore,margaret.moore@troweprice.com
Renaissance Technologies,RNTC,Microsoft Corp,MSFT,594918104,3225215,1741974614.90,0.0612,2024-03-31,Decreased,13F-HR,Robert Williams,robert.williams@renaissanc.com
JP Morgan Asset Mgmt,JPM,Berkshire Hathaway,BRK.B,084670702,41248970,24114507660.41,5.6556,2025-06-30,Increased,13F-HR,Thomas Moore,thomas.moore@jpmorganas.com
Baupost Group,BPST,Procter & Gamble,PG,742718109,6058748,4419915397.13,0.0977,2024-09-30,Increased,13F-HR,Mark Garcia,mark.garcia@baupostgro.com
Wellington Management,WMGI,Amazon.com Inc,AMZN,023135106,17246150,13775662598.03,0.3376,2025-12-31,Unchanged,13F-HR,Thomas Davis,thomas.davis@wellington.com
T. Rowe Price,TROW,Coca-Cola Co,KO,191216100,16374011,2302640533.58,0.7250,2024-12-31,Increased,13F-HR,Steven Moore,steven.moore@troweprice.com
Goldman Sachs AM,GS,JPMorgan Chase,JPM,46625H100,27190071,748017780.14,0.3514,2024-06-30,Unchanged,13F-HR,James White,james.white@goldmansac.com
Baupost Group,BPST,Alphabet Inc,GOOGL,02079K305,46895255,35529540070.76,0.8051,2025-09-30,Increased,13F-NT,Sarah Rodriguez,sarah.rodriguez@baupostgro.com
Capital Group,CGBL,Alphabet Inc,GOOGL,02079K305,4328735,216473864.20,0.0602,2025-06-30,New,13F-NT,,
Capital Group,CGBL,Apple Inc,AAPL,037833100,6158463,4650137021.23,0.1345,2024-12-31,Unchanged,13F-HR,Richard Hernandez,richard.hernandez@capitalgro.com
Fidelity Investments,FNF,Intel Corp,INTC,458140100,43624286,24546050950.34,2.0034,2025-12-31,Unchanged,13F-NT,Elizabeth Anderson,elizabeth.anderson@fidelityin.com
Renaissance Technologies,RNTC,Procter & Gamble,PG,742718109,20740306,5912199299.96,0.3383,2025-06-30,New,13F-HR,Lisa Johnson,lisa.johnson@renaissanc.com
JP Morgan Asset Mgmt,JPM,Chevron Corp,CVX,166764100,21510679,13649443941.63,1.2446,2025-06-30,Increased,13F-HR,Thomas Hernandez,thomas.hernandez@jpmorganas.com
Appaloosa Management,APLS,Salesforce Inc,CRM,79466L302,2895541,358402527.67,0.0622,2025-09-30,Decreased,13F-HR,Thomas Martin,thomas.martin@appaloosam.com
Wellington Management,WMGI,Intel Corp,INTC,458140100,31143593,9568975759.41,0.6663,2024-12-31,Increased,13F-HR,Jennifer Thompson,jennifer.thompson@wellington.com
DE Shaw & Co,DSHW,Netflix Inc,NFLX,64110L106,47584646,33279495538.03,1.0338,2024-09-30,Increased,13F-HR,Elizabeth Thomas,elizabeth.thomas@deshaw&co.com
DE Shaw & Co,DSHW,Alphabet Inc,GOOGL,02079K305,16213045,3726009331.67,0.2548,2025-09-30,Unchanged,13F-HR,James Thompson,james.thompson@deshaw&co.com
Millennium Management,,Procter & Gamble,PG,742718109,21512926,6862481219.43,0.4286,2024-03-31,Unchanged,13F-HR,Jennifer Brown,jennifer.brown@millennium.com
Goldman Sachs AM,GS,Chevron Corp,CVX,166764100,42398624,20076265844.91,3.0620,2025-12-31,Unchanged,13F-HR,Elizabeth Thomas,elizabeth.thomas@goldmansac.com
Wellington Management,WMGI,Meta Platforms,META,30303M102,16853204,12636067255.20,2.6082,2024-12-31,Decreased,13F-HR,Steven Smith,steven.smith@wellington.com
Appaloosa Management,APLS,Adobe Inc,ADBE,00724F101,49664203,25118378207.13,2.2068,2024-06-30,Increased,13F-HR,Lisa Martinez,lisa.martinez@appaloosam.com
T. Rowe Price,TROW,Pfizer Inc,PFE,717081103,21667654,2675241202.70,0.4271,2024-12-31,Unchanged,13F-HR,James Miller,james.miller@troweprice.com
Citadel Advisors,CDLC,Adobe Inc,ADBE,00724F101,10802773,2995034867.53,0.3105,2024-06-30,Unchanged,13F-HR,Elizabeth Thomas,elizabeth.thomas@citadeladv.com
Fidelity Investments,FNF,Intel Corp,INTC,458140100,18799511,2990883818.08,0.6436,2024-12-31,Unchanged,13F-HR,Richard Jackson,richard.jackson@fidelityin.com
JP Morgan Asset Mgmt,JPM,UnitedHealth Group,UNH,91324P102,37059414,10037902013.38,2.1600,2024-12-31,Increased,13F-HR,Steven Thompson,steven.thompson@jpmorganas.com
State Street Corp,STT,Procter & Gamble,PG,742718109,3800288,829794857.89,0.2038,2024-12-31,New,13F-HR,James Garcia,james.garcia@statestree.com
BlackRock Inc,BLK,Salesforce Inc,CRM,79466L302,46775220,14622435556.07,0.7343,2025-03-31,Unchanged,13F-HR,Nancy Hernandez,nancy.hernandez@blackrocki.com
Renaissance Technologies,RNTC,Apple Inc,AAPL,037833100,1523663,818820659.11,0.1779,2025-12-31,Increased,13F-HR,Patricia Brown,patricia.brown@renaissanc.com
JP Morgan Asset Mgmt,JPM,Alphabet Inc,GOOGL,02079K305,28401877,10977574213.44,0.7868,2025-06-30,Unchanged,13F-HR,Mark Williams,mark.williams@jpmorganas.com
BlackRock Inc,BLK,Home Depot,HD,437076102,44868380,14544020763.71,2.7128,2025-09-30,Increased,13F-HR,Michael Smith,michael.smith@blackrocki.com
Citadel Advisors,CDLC,Meta Platforms,META,30303M102,20429836,3367306160.11,0.9216,2024-12-31,Unchanged,13F-HR,Elizabeth Lopez,elizabeth.lopez@citadeladv.com
BlackRock Inc,BLK,Coca-Cola Co,KO,191216100,44116017,15296379638.02,1.4076,2024-03-31,Decreased,13F-HR,Nancy Smith,nancy.smith@blackrocki.com
Renaissance Technologies,RNTC,Netflix Inc,NFLX,64110L106,22718517,17042727207.80,1.2550,2024-06-30,Decreased,13F-HR,Lisa Taylor,lisa.taylor@renaissanc.com
Two Sigma Investments,TWSM,Home Depot,HD,437076102,21977054,4839378844.89,0.3161,2024-03-31,Increased,13F-HR,William Thomas,william.thomas@twosigmain.com
AQR Capital Management,AQRC,Home Depot,HD,437076102,23038241,5083594633.97,1.0431,2025-06-30,Unchanged,13F-HR,Steven Jones,steven.jones@aqrcapital.com
Bridgewater Associates,BWTR,UnitedHealth Group,UNH,91324P102,28687217,19443665298.01,3.6833,2024-06-30,New,13F-HR,Karen Jones,karen.jones@bridgewate.com
Morgan Stanley IM,MS,UnitedHealth Group,UNH,91324P102,20031043,14052681948.58,0.2975,2024-06-30,Increased,13F-HR,Mark Jackson,mark.jackson@morganstan.com
Goldman Sachs AM,GS,Alphabet Inc,GOOGL,02079K305,15834617,7175697965.42,0.3790,2025-03-31,Increased,13F-HR,Jennifer Jones,jennifer.jones@goldmansac.com
Millennium Management,MLNM,Procter & Gamble,PG,742718109,34589164,22045836241.38,4.4242,2024-03-31,Increased,13F-NT,Nancy Thomas,nancy.thomas@millennium.com
Point72 Asset Mgmt,PT72,Meta Platforms,META,30303M102,3064506,2390161596.46,0.1065,2025-03-31,New,13F-HR,Richard Martin,richard.martin@point72ass.com
JP Morgan Asset Mgmt,JPM,Alphabet Inc,GOOGL,02079K305,19129299,983244435.76,0.8717,2024-12-31,Increased,13F-HR,William Johnson,william.johnson@jpmorganas.com
Two Sigma Investments,TWSM,Meta Platforms,META,30303M102,12525878,1194232196.99,0.6089,2024-12-31,New,13F-NT,Steven Anderson,steven.anderson@twosigmain.com
BlackRock Inc,BLK,Coca-Cola Co,KO,191216100,24007485,2787223629.37,0.3346,2024-12-31,Increased,13F-HR,Mark Garcia,mark.garcia@blackrocki.com
Citadel Advisors,CDLC,Berkshire Hathaway,BRK.B,084670702,26551324,9408786326.70,0.7187,2025-12-31,New,13F-HR,Nancy Brown,nancy.brown@citadeladv.com
Appaloosa Management,APLS,Bank of America,BAC,060505104,39582773,31454752252.50,1.4374,2025-12-31,Decreased,13F-HR,Karen Anderson,karen.anderson@appaloosam.com
Appaloosa Management,APLS,Intel Corp,INTC,458140100,1580006,589440166.36,0.0329,2025-06-30,Decreased,13F-HR,Margaret Hernandez,margaret.hernandez@appaloosam.com
Vanguard Group,VGI,Tesla Inc,TSLA,88160R101,9970139,7675158345.15,0.1538,2025-09-30,New,13F-HR,Steven Hernandez,steven.hernandez@vanguardgr.com
Vanguard Group,VGI,Johnson & Johnson,JNJ,478160104,23003311,18066062592.02,0.8962,2024-06-30,Unchanged,13F-HR,Nancy Smith,nancy.smith@vanguardgr.com
JP Morgan Asset Mgmt,JPM,Bank of America,BAC,060505104,48265009,15261067687.64,1.1992,2024-06-30,New,13F-HR,Elizabeth Rodriguez,elizabeth.rodriguez@jpmorganas.com
BlackRock Inc,BLK,Salesforce Inc,CRM,79466L302,7737151,5347366243.25,0.2052,2024-09-30,Decreased,13F-NT,Karen Anderson,karen.anderson@blackrocki.com
Fidelity Investments,FNF,NVIDIA Corp,NVDA,67066G104,47475587,5045007461.29,0.8828,2025-12-31,Unchanged,13F-HR,Sarah Jackson,sarah.jackson@fidelityin.com
DE Shaw & Co,DSHW,Meta Platforms,META,30303M102,46657471,12321777036.73,0.9759,2025-12-31,Unchanged,13F-HR,Dorothy Thompson,dorothy.thompson@deshaw&co.com
Millennium Management,MLNM,Tesla Inc,TSLA,88160R101,11536942,5960074545.21,0.1996,2024-06-30,Decreased,13F-NT,Mark Taylor,mark.taylor@millennium.com
Renaissance Technologies,RNTC,Home Depot,HD,437076102,36164715,15780151688.44,0.5107,2025-12-31,New,13F-NT,Lisa Thomas,lisa.thomas@renaissanc.com
Capital Group,CGBL,Salesforce Inc,CRM,79466L302,20135771,15990149838.20,0.4114,2024-03-31,New,13F-HR,Sarah Thompson,sarah.thompson@capitalgro.com
BlackRock Inc,BLK,Chevron Corp,CVX,166764100,34496808,13235636800.85,0.5591,2024-06-30,Decreased,13F-HR,Margaret Johnson,margaret.johnson@blackrocki.com
Two Sigma Investments,TWSM,Amazon.com Inc,AMZN,023135106,42392379,33072465826.17,0.6749,2024-09-30,Increased,13F-HR,James Martinez,james.martinez@twosigmain.com
Point72 Asset Mgmt,PT72,Intel Corp,INTC,458140100,20171614,16048186088.68,0.7676,2024-03-31,Decreased,13F-NT,Patricia Hernandez,patricia.hernandez@point72ass.com
Wellington Management,WMGI,Alphabet Inc,GOOGL,02079K305,25807082,1786928606.43,0.3441,2025-12-31,Increased,13F-HR,Lisa Smith,lisa.smith@wellington.com
Goldman Sachs AM,GS,Adobe Inc,ADBE,00724F101,26505423,6016344374.81,0.9536,2025-03-31,Unchanged,13F-HR,Robert Davis,robert.davis@goldmansac.com
DE Shaw & Co,DSHW,Johnson & Johnson,JNJ,478160104,13902790,8391122312.77,0.7335,2025-09-30,Unchanged,13F-HR,Lisa Anderson,lisa.anderson@deshaw&co.com
Fidelity Investments,FNF,Salesforce Inc,CRM,79466L302,3558138,2811691688.21,0.2597,2025-09-30,New,13F-NT,Robert Miller,robert.miller@fidelityin.com
Wellington Management,WMGI,Salesforce Inc,CRM,79466L302,2959588,402345220.26,0.1270,2025-06-30,Increased,13F-NT,Sarah Martin,sarah.martin@wellington.com
DE Shaw & Co,DSHW,Chevron Corp,CVX,166764100,25413012,2070249535.91,0.4198,2024-06-30,Unchanged,13F-HR,Dorothy Taylor,dorothy.taylor@deshaw&co.com
Two Sigma Investments,TWSM,Salesforce Inc,CRM,79466L302,24509968,16823013306.67,1.4409,2025-06-30,Increased,13F-NT,Sarah White,sarah.white@twosigmain.com
Fidelity Investments,FNF,Apple Inc,AAPL,037833100,46200522,1316844190.78,2.4157,2025-06-30,Decreased,13F-HR,Steven White,steven.white@fidelityin.com
Morgan Stanley IM,MS,Procter & Gamble,PG,742718109,2911202,246682432.98,0.1559,2025-12-31,New,13F-HR,Steven Hernandez,steven.hernandez@morganstan.com
Citadel Advisors,CDLC,Microsoft Corp,MSFT,594918104,10334211,647885428.48,0.1396,2025-03-31,Decreased,13F-HR,Daniel Jackson,daniel.jackson@citadeladv.com
Appaloosa Management,APLS,Cisco Systems,CSCO,17275R102,21742285,17384312162.40,0.3247,2024-06-30,Unchanged,13F-HR,Robert Davis,robert.davis@appaloosam.com
Capital Group,CGBL,Cisco Systems,CSCO,17275R102,21888050,5241179216.94,0.9998,00-00-0000,Unchanged,13F-HR,Patricia Martin,patricia.martin@capitalgro.com
Capital Group,CGBL,Exxon Mobil,XOM,30231G102,3988608,3167510189.61,0.0747,2025-09-30,Increased,13F-HR,Richard Davis,richard.davis@capitalgro.com
Fidelity Investments,FNF,Exxon Mobil,XOM,30231G102,22661244,2599753519.65,0.3336,2025-12-31,Increased,13F-NT,David Martin,david.martin@fidelityin.com
T. Rowe Price,TROW,Home Depot,HD,437076102,N/A,4337433697.36,0.1828,2025-03-31,Increased,13F-HR,Daniel Rodriguez,daniel.rodriguez@troweprice.com
Millennium Management,MLNM,Tesla Inc,TSLA,88160R101,8726825,4690293245.28,0.1736,2024-09-30,Increased,13F-HR,Michael Martinez,michael.martinez@millennium.com
Millennium Management,,Chevron Corp,CVX,166764100,40654616,4333937130.72,0.5727,2025-03-31,New,13F-HR,Mark Thomas,mark.thomas@millennium.com
BlackRock Inc,BLK,Alphabet Inc,GOOGL,02079K305,32986772,3867745343.20,1.4976,2024-03-31,Increased,13F-NT,Thomas Thompson,thomas.thompson@blackrocki.com
Goldman Sachs AM,GS,Johnson & Johnson,JNJ,478160104,8247482,2560547805.04,0.7432,2024-12-31,Increased,13F-HR,Lisa Moore,lisa.moore@goldmansac.com
DE Shaw & Co,DSHW,Visa Inc,V,92826C839,29709440,11245969769.41,4.6339,2025-09-30,Increased,13F-HR,Margaret Martinez,margaret.martinez@deshaw&co.com
Capital Group,CGBL,UnitedHealth Group,UNH,91324P102,29710072,8093434065.26,0.4106,2024-03-31,New,13F-HR,Dorothy Lopez,dorothy.lopez@capitalgro.com
Baupost Group,BPST,Home Depot,HD,437076102,23308070,9222730886.11,0.4039,2025-03-31,Decreased,13F-HR,Michael Moore,michael.moore@baupostgro.com
DE Shaw & Co,DSHW,UnitedHealth Group,UNH,91324P102,43022789,22104712319.66,1.8284,2024-06-30,Unchanged,13F-HR,Thomas Williams,thomas.williams@deshaw&co.com
AQR Capital Management,AQRC,Berkshire Hathaway,BRK.B,084670702,21517763,5633092611.12,0.4803,2025-06-30,New,13F-HR,Elizabeth Moore,elizabeth.moore@aqrcapital.com
AQR Capital Management,AQRC,Amazon.com Inc,AMZN,023135106,45829654,26947569212.69,0.7942,2025-09-30,Unchanged,13F-HR,Dorothy Thompson,dorothy.thompson@aqrcapital.com
JP Morgan Asset Mgmt,JPM,Netflix Inc,NFLX,64110L106,29180589,2441914051.53,0.9485,2024-06-30,Unchanged,13F-HR,Thomas Anderson,thomas.anderson@jpmorganas.com
BlackRock Inc,BLK,Bank of America,BAC,060505104,9454721,354449630.78,0.2427,2025-06-30,Unchanged,13F-HR,Jennifer Rodriguez,jennifer.rodriguez@blackrocki.com
DE Shaw & Co,DSHW,Pfizer Inc,PFE,717081103,27032010,18692774109.41,1.0269,2024-03-31,Increased,13F-HR,Daniel Jackson,daniel.jackson@deshaw&co.com
JP Morgan Asset Mgmt,JPM,Walt Disney Co,DIS,254687106,5103203,1664290556.18,0.0645,2024-12-31,Increased,13F-HR,James White,james.white@jpmorganas.com
Morgan Stanley IM,MS,Intel Corp,INTC,458140100,1383754,1010176248.45,0.0236,2024-12-31,Unchanged,13F-HR,Richard Lopez,richard.lopez@morganstan.com
Wellington Management,WMGI,NVIDIA Corp,NVDA,67066G104,11248405,8038325662.11,0.1626,2024-12-31,Increased,13F-HR,James Brown,james.brown@wellington.com
Point72 Asset Mgmt,PT72,UnitedHealth Group,UNH,91324P102,35179726,19451393360.38,0.6447,2024-12-31,Unchanged,13F-HR,Elizabeth Anderson,elizabeth.anderson@point72ass.com
Two Sigma Investments,TWSM,JPMorgan Chase,JPM,46625H100,10990818,3279609746.89,0.1513,2025-06-30,Unchanged,13F-HR,Sarah Smith,sarah.smith@twosigmain.com
State Street Corp,STT,Apple Inc,AAPL,037833100,1155949,762631105.63,0.0193,2025-06-30,Decreased,13F-HR,Karen Hernandez,karen.hernandez@statestree.com
Wellington Management,WMGI,Home Depot,HD,437076102,14925143,11554617913.68,0.5130,2024-06-30,Increased,13F-NT,Karen Martinez,karen.martinez@wellington.com
Morgan Stanley IM,MS,Procter & Gamble,PG,742718109,unknown,22652297301.71,1.1556,2024-12-31,Increased,13F-NT,Thomas Moore,thomas.moore@morganstan.com
Two Sigma Investments,TWSM,UnitedHealth Group,UNH,91324P102,12357300,4402219075.71,0.2897,2025-03-31,Increased,13F-HR,Thomas Williams,thomas.williams@twosigmain.com
Two Sigma Investments,TWSM,Pfizer Inc,PFE,717081103,35617033,27186826582.19,0.5514,2099-13-45,Increased,13F-NT,Lisa Jones,lisa.jones@twosigmain.com
Renaissance Technologies,RNTC,Amazon.com Inc,AMZN,023135106,18630544,1587428869.81,0.3629,2024-09-30,Unchanged,13F-HR,Jennifer Jones,jennifer.jones@renaissanc.com
Wellington Management,WMGI,Netflix Inc,NFLX,64110L106,6362597,4951733725.69,0.2362,2024-09-30,Decreased,13F-HR,William Rodriguez,william.rodriguez@wellington.com
Millennium Management,MLNM,Chevron Corp,CVX,166764100,43251225,25013467318.64,1.1899,2024-09-30,Increased,13F-HR,David Johnson,david.johnson@millennium.com
Fidelity Investments,FNF,Berkshire Hathaway,BRK.B,084670702,5602494,4467930103.09,0.0826,2024-06-30,New,13F-NT,Nancy Thomas,nancy.thomas@fidelityin.com
Renaissance Technologies,RNTC,Pfizer Inc,PFE,717081103,38703590,13083384687.04,0.6199,2024-09-30,Increased,13F-HR,Mark Taylor,mark.taylor@renaissanc.com
Vanguard Group,VGI,Pfizer Inc,PFE,717081103,26041810,12380724576.70,2.2878,2024-12-31,Decreased,13F-HR,Jennifer Jackson,jennifer.jackson@vanguardgr.com
Renaissance Technologies,RNTC,Intel Corp,INTC,458140100,14529950,1942484018.20,0.2349,2024-03-31,Unchanged,13F-HR,Elizabeth Williams,elizabeth.williams@renaissanc.com
Vanguard Group,VGI,Microsoft Corp,MSFT,594918104,46208180,22413073536.62,0.7231,2025-12-31,Increased,13F-HR,Michael Davis,michael.davis@vanguardgr.com
DE Shaw & Co,DSHW,Walt Disney Co,DIS,254687106,5326751,185493611.10,0.0931,2024-03-31,Increased,13F-NT,Richard Thompson,richard.thompson@deshaw&co.com
Fidelity Investments,FNF,Intel Corp,INTC,458140100,40321423,26261655422.39,0.7882,2025-09-30,Increased,13F-HR,James Anderson,james.anderson@fidelityin.com
Vanguard Group,VGI,Exxon Mobil,XOM,30231G102,18611514,8613318297.56,0.5621,2024-12-31,Unchanged,13F-HR,Daniel Martinez,daniel.martinez@vanguardgr.com
Baupost Group,BPST,Salesforce Inc,CRM,79466L302,44337611,30871333104.70,4.6765,2024-06-30,Unchanged,13F-HR,Dorothy Martinez,dorothy.martinez@baupostgro.com
Morgan Stanley IM,MS,Home Depot,HD,437076102,31454785,4096992401.18,1.5434,2025-12-31,New,13F-HR,Steven Brown,steven.brown@morganstan.com
Capital Group,CGBL,Tesla Inc,TSLA,88160R101,33410599,8490753993.36,2.7979,2025-03-31,Increased,13F-NT,Daniel Moore,daniel.moore@capitalgro.com
DE Shaw & Co,DSHW,Netflix Inc,NFLX,64110L106,45305133,27926976611.69,0.6690,2025-09-30,Unchanged,13F-NT,William White,william.white@deshaw&co.com
State Street Corp,STT,Tesla Inc,TSLA,88160R101,5636907,1573967144.84,0.1733,2024-12-31,New,13F-HR,Thomas Miller,thomas.miller@statestree.com
AQR Capital Management,AQRC,Coca-Cola Co,KO,191216100,27503816,8651775311.48,0.3792,2024-12-31,New,13F-NT,William White,william.white@aqrcapital.com
Bridgewater Associates,BWTR,Berkshire Hathaway,BRK.B,084670702,27282469,1815510622.48,1.1586,2025-03-31,New,13F-HR,William Thomas,william.thomas@bridgewate.com
Wellington Management,WMGI,Alphabet Inc,GOOGL,02079K305,30864420,4918805514.68,0.4530,2024-12-31,Decreased,13F-HR,Daniel Jackson,daniel.jackson@wellington.com
T. Rowe Price,TROW,Amazon.com Inc,AMZN,023135106,46146192,8664106570.67,0.6890,2025-12-31,Increased,13F-NT,Jennifer White,jennifer.white@troweprice.com
Renaissance Technologies,RNTC,Chevron Corp,CVX,166764100,28040301,18964188109.14,0.6377,2025-06-30,Unchanged,13F-HR,Steven Johnson,steven.johnson@renaissanc.com
Point72 Asset Mgmt,,Microsoft Corp,MSFT,594918104,2620269,1689132529.55,0.0652,2024-06-30,New,13F-HR,Sarah Garcia,sarah.garcia@point72ass.com
BlackRock Inc,BLK,Amazon.com Inc,AMZN,023135106,25461977,7999956184.72,1.0007,2025-09-30,New,13F-HR,James Garcia,james.garcia@blackrocki.com
T. Rowe Price,TROW,JPMorgan Chase,JPM,46625H100,23191161,4454413090.29,1.4780,2025-06-30,Decreased,13F-HR,Thomas Thomas,thomas.thomas@troweprice.com
Morgan Stanley IM,MS,Microsoft Corp,MSFT,594918104,22227555,6377145724.81,0.3679,2024-09-30,Unchanged,13F-HR,Mark Jackson,mark.jackson@morganstan.com
Vanguard Group,VGI,Bank of America,BAC,060505104,42384361,9806564915.72,0.5842,2024-12-31,New,13F-HR,Michael Smith,michael.smith@vanguardgr.com
Goldman Sachs AM,GS,Pfizer Inc,PFE,717081103,12421178,9061556190.01,0.1623,2024-03-31,Unchanged,13F-HR,Lisa Thompson,lisa.thompson@goldmansac.com
Wellington Management,WMGI,Visa Inc,V,92826C839,25170182,4595817384.33,0.3793,2025-09-30,Increased,13F-NT,Susan Martin,susan.martin@wellington.com
Renaissance Technologies,RNTC,Walt Disney Co,DIS,254687106,21413465,14029471342.38,0.7453,2024-03-31,Decreased,13F-NT,Thomas Martin,thomas.martin@renaissanc.com
State Street Corp,STT,Bank of America,BAC,060505104,11611371,6640558411.70,0.2212,2024-12-31,New,13F-HR,Richard Miller,richard.miller@statestree.com
Capital Group,CGBL,Meta Platforms,META,30303M102,39636281,8746250026.20,1.8553,2024-12-31,Increased,13F-NT,Richard Brown,richard.brown@capitalgro.com
T. Rowe Price,TROW,Visa Inc,V,92826C839,13912145,6648449392.20,0.1771,2024-03-31,Decreased,13F-HR,Daniel Williams,daniel.williams@troweprice.com
Baupost Group,BPST,Walt Disney Co,DIS,254687106,31700126,22626038728.71,1.1964,2024-06-30,Decreased,13F-HR,Daniel Jackson,daniel.jackson@baupostgro.com
Wellington Management,WMGI,Pfizer Inc,PFE,717081103,4900947,3095166269.11,0.0796,2025-06-30,Unchanged,13F-HR,Lisa Garcia,lisa.garcia@wellington.com
Vanguard Group,VGI,Visa Inc,V,92826C839,33285081,8873761222.08,0.7834,2024-03-31,Unchanged,13F-HR,Nancy Williams,nancy.williams@vanguardgr.com
State Street Corp,STT,Adobe Inc,ADBE,00724F101,34816488,16009051957.51,0.6989,2025-06-30,Unchanged,13F-HR,Patricia Brown,patricia.brown@statestree.com
AQR Capital Management,AQRC,Meta Platforms,META,30303M102,44875604,14245080753.09,1.6751,2024-12-31,Increased,13F-HR,Robert Rodriguez,robert.rodriguez@aqrcapital.com
Millennium Management,MLNM,Pfizer Inc,PFE,717081103,913199,530798792.68,0.0891,2025-06-30,Unchanged,13F-HR,Dorothy Brown,dorothy.brown@millennium.com
Appaloosa Management,APLS,Chevron Corp,CVX,166764100,1522800,296544826.52,0.0335,2025-06-30,Increased,13F-HR,Patricia Thomas,patricia.thomas@appaloosam.com
DE Shaw & Co,DSHW,Microsoft Corp,MSFT,594918104,48847901,15271693286.87,0.6857,2025-09-30,Unchanged,13F-HR,Steven Taylor,steven.taylor@deshaw&co.com
T. Rowe Price,TROW,Bank of America,BAC,060505104,41192434,17182808444.11,1.0878,2025-03-31,New,13F-HR,William Taylor,william.taylor@troweprice.com
Millennium Management,MLNM,Home Depot,HD,437076102,19344169,3972506490.17,1.8903,2024-06-30,Increased,13F-NT,Lisa Hernandez,lisa.hernandez@millennium.com
DE Shaw & Co,DSHW,Tesla Inc,TSLA,88160R101,48177239,38408609101.27,1.1135,2024-12-31,Increased,13F-NT,Margaret Jackson,margaret.jackson@deshaw&co.com
Appaloosa Management,APLS,Cisco Systems,CSCO,17275R102,16936947,4036750764.84,0.3462,2024-12-31,Unchanged,13F-NT,Daniel Smith,daniel.smith@appaloosam.com
Vanguard Group,VGI,Visa Inc,V,92826C839,47636442,35786670851.84,7.0936,2025-12-31,New,13F-NT,William Lopez,william.lopez@vanguardgr.com
Fidelity Investments,FNF,Berkshire Hathaway,BRK.B,084670702,18922235,5652074719.49,0.6018,2024-06-30,New,13F-HR,David Taylor,david.taylor@fidelityin.com
Two Sigma Investments,TWSM,Netflix Inc,NFLX,64110L106,32849523,16431618081.07,1.9307,2024-06-30,Unchanged,13F-HR,Thomas Miller,thomas.miller@twosigmain.com
T. Rowe Price,TROW,UnitedHealth Group,UNH,91324P102,7226784,1651447543.39,0.1195,2025-12-31,Unchanged,13F-HR,Nancy Williams,nancy.williams@troweprice.com
Renaissance Technologies,RNTC,Meta Platforms,META,30303M102,32254048,15594068912.19,0.5395,2025-03-31,Increased,13F-HR,Patricia Davis,patricia.davis@renaissanc.com
Renaissance Technologies,RNTC,Visa Inc,V,92826C839,42924441,7092399960.08,2.0024,2025-12-31,Decreased,13F-HR,Patricia Martin,patricia.martin@renaissanc.com
JP Morgan Asset Mgmt,JPM,Adobe Inc,ADBE,,3565375,658556186.27,0.1063,2024-09-30,Unchanged,13F-HR,Mark Thomas,mark.thomas@jpmorganas.com
BlackRock Inc,BLK,Intel Corp,INTC,458140100,17009530,6724872177.18,0.9538,2024-06-30,Increased,13F-HR,Thomas Johnson,thomas.johnson@blackrocki.com
Bridgewater Associates,BWTR,Microsoft Corp,MSFT,594918104,44279034,25325712269.50,0.8484,2025-12-31,Increased,13F-HR,Nancy Williams,nancy.williams@bridgewate.com
Bridgewater Associates,BWTR,Visa Inc,V,92826C839,4170953,1735433005.83,0.1173,2024-06-30,Unchanged,13F-HR,Richard Moore,richard.moore@bridgewate.com
Fidelity Investments,FNF,Exxon Mobil,XOM,30231G102,14094685,9194641249.55,0.1925,2024-12-31,Increased,13F-HR,Thomas Lopez,thomas.lopez@fidelityin.com
BlackRock Inc,BLK,Microsoft Corp,MSFT,594918104,41354925,1589200350.49,0.9273,2025-03-31,Decreased,13F-HR,Patricia Martinez,patricia.martinez@blackrocki.com
Bridgewater Associates,BWTR,Amazon.com Inc,AMZN,023135106,25054543,8218959479.84,1.1207,2024-09-30,New,13F-HR,Susan Jones,susan.jones@bridgewate.com
Baupost Group,BPST,NVIDIA Corp,NVDA,67066G104,11143625,1841073952.68,0.2173,2024-03-31,Increased,13F-NT,Thomas Martinez,thomas.martinez@baupostgro.com
Morgan Stanley IM,MS,Home Depot,HD,437076102,25232916,6131190601.89,0.3552,2025-12-31,Unchanged,13F-NT,Dorothy Moore,dorothy.moore@morganstan.com
Goldman Sachs AM,GS,Walt Disney Co,DIS,254687106,2314662,629219003.60,0.0323,2025-12-31,Unchanged,13F-HR,Steven Miller,steven.miller@goldmansac.com
DE Shaw & Co,DSHW,Pfizer Inc,PFE,717081103,19903346,14343538460.64,1.5001,2024-03-31,New,13F-HR,Nancy Williams,nancy.williams@deshaw&co.com
Morgan Stanley IM,MS,NVIDIA Corp,NVDA,67066G104,28195051,19007469261.38,0.4659,2025-12-31,New,13F-HR,Nancy Miller,nancy.miller@morganstan.com
Goldman Sachs AM,GS,Tesla Inc,TSLA,88160R101,14819157,7232700450.22,2.3114,2025-06-30,Increased,13F-HR,Daniel Brown,daniel.brown@goldmansac.com
Millennium Management,MLNM,Microsoft Corp,MSFT,594918104,46777434,13583763581.44,0.6035,2024-12-31,New,13F-HR,Mark Lopez,mark.lopez@millennium.com
Renaissance Technologies,RNTC,Adobe Inc,ADBE,00724F101,1862240,204784138.69,0.0399,2025-06-30,Decreased,13F-HR,Sarah White,sarah.white@renaissanc.com
Goldman Sachs AM,GS,Coca-Cola Co,KO,191216100,26549520,15887649823.69,0.3428,2025-09-30,Unchanged,13F-HR,Steven Thomas,steven.thomas@goldmansac.com
Appaloosa Management,APLS,Visa Inc,V,92826C839,40879762,3637822332.99,1.3114,2025-06-30,Decreased,13F-HR,Lisa Davis,lisa.davis@appaloosam.com
Fidelity Investments,FNF,Bank of America,BAC,060505104,21373487,1969015308.06,0.2892,2024-06-30,Decreased,13F-NT,Thomas Rodriguez,thomas.rodriguez@fidelityin.com
Citadel Advisors,CDLC,Salesforce Inc,CRM,79466L302,13587575,1747355035.64,0.3136,2024-06-30,Decreased,13F-HR,Sarah Martinez,sarah.martinez@citadeladv.com
Two Sigma Investments,TWSM,Home Depot,HD,437076102,41566532,14065367021.75,0.6372,2024-06-30,New,13F-HR,Steven Thomas,steven.thomas@twosigmain.com
Citadel Advisors,CDLC,Home Depot,HD,437076102,37760395,26205192143.37,1.0251,2024-03-31,Unchanged,13F-NT,James Rodriguez,james.rodriguez@citadeladv.com
DE Shaw & Co,DSHW,Cisco Systems,CSCO,17275R102,18632344,12068213508.47,0.2988,2026-06-19,Decreased,13F-HR,Sarah Jones,sarah.jones@deshaw&co.com
State Street Corp,STT,UnitedHealth Group,UNH,91324P102,37057729,10167859222.96,0.6196,2025-09-30,Increased,13F-NT,Steven Smith,steven.smith@statestree.com
Two Sigma Investments,TWSM,Home Depot,HD,437076102,41566532,14065367021.75,0.6372,2024-06-30,New,13F-HR,Steven Thomas,steven.thomas@twosigmain.com
Wellington Management,WMGI,Visa Inc,V,92826C839,24450210,9834433312.01,1.0175,2025-09-30,Unchanged,13F-HR,Margaret Smith,margaret.smith@wellington.com
Wellington Management,WMGI,Johnson & Johnson,JNJ,478160104,35520049,18721975377.38,2.2583,2024-06-30,Increased,13F-HR,Mark Johnson,mark.johnson@wellington.com
Two Sigma Investments,TWSM,Coca-Cola Co,KO,191216100,4260410,954579099.02,0.2303,2024-03-31,Increased,13F-NT,Nancy White,nancy.white@twosigmain.com
Point72 Asset Mgmt,PT72,UnitedHealth Group,UNH,91324P102,8974163,5889453593.52,0.6280,2024-06-30,Increased,13F-HR,Margaret Hernandez,margaret.hernandez@point72ass.com
Citadel Advisors,,Coca-Cola Co,KO,191216100,38099120,14283127607.82,3.0337,2024-06-30,Decreased,13F-HR,Margaret Brown,margaret.brown@citadeladv.com
Point72 Asset Mgmt,PT72,Johnson & Johnson,JNJ,478160104,34043135,19924477843.68,0.6272,2025-03-31,Increased,13F-HR,Lisa Martin,lisa.martin@point72ass.com
Morgan Stanley IM,MS,JPMorgan Chase,JPM,46625H100,24831653,9007474922.99,0.8754,2024-06-30,Increased,13F-HR,Elizabeth Miller,elizabeth.miller@morganstan.com
Fidelity Investments,FNF,Walt Disney Co,DIS,254687106,40539191,4876411367.88,1.7818,2025-12-31,Unchanged,13F-HR,,
Baupost Group,BPST,Tesla Inc,TSLA,88160R101,8855948,6941163588.01,0.1882,2024-06-30,Unchanged,13F-HR,Daniel Miller,daniel.miller@baupostgro.com
AQR Capital Management,AQRC,NVIDIA Corp,NVDA,67066G104,7885013,6186706355.98,0.2395,2024-03-31,Increased,13F-HR,Susan Hernandez,susan.hernandez@aqrcapital.com
Bridgewater Associates,BWTR,Berkshire Hathaway,BRK.B,084670702,9262157,5596671656.61,0.1812,2024-03-31,New,13F-HR,Margaret Martinez,margaret.martinez@bridgewate.com
Two Sigma Investments,TWSM,JPMorgan Chase,JPM,46625H100,11673509,7092133049.52,0.2373,2024-06-30,New,13F-NT,Patricia Jackson,patricia.jackson@twosigmain.com
State Street Corp,STT,Netflix Inc,NFLX,64110L106,15870121,869581333.58,1.0797,2025-12-31,Unchanged,13F-HR,Patricia White,patricia.white@statestree.com
JP Morgan Asset Mgmt,JPM,Chevron Corp,CVX,166764100,9002434,6213578511.53,1.4688,2025-12-31,Unchanged,13F-HR,William Moore,william.moore@jpmorganas.com
Goldman Sachs AM,GS,Walt Disney Co,DIS,254687106,2066937,1239185911.46,0.0369,2024-06-30,Unchanged,13F-HR,Lisa Brown,lisa.brown@goldmansac.com
Point72 Asset Mgmt,PT72,Cisco Systems,CSCO,17275R102,18245238,13135789353.93,0.6531,2024-03-31,Unchanged,13F-HR,Jennifer Rodriguez,jennifer.rodriguez@point72ass.com
Renaissance Technologies,RNTC,Apple Inc,AAPL,037833100,37670062,18662428301.48,0.9246,2025-12-31,New,13F-NT,Karen Anderson,karen.anderson@renaissanc.com
DE Shaw & Co,DSHW,UnitedHealth Group,UNH,91324P102,48445533,30144223948.56,1.4997,2025-03-31,Increased,13F-HR,Jennifer Taylor,jennifer.taylor@deshaw&co.com
Morgan Stanley IM,MS,Visa Inc,V,92826C839,40241351,2556648255.13,1.5566,2025-06-30,Unchanged,13F-NT,Robert Smith,robert.smith@morganstan.com
State Street Corp,STT,Intel Corp,INTC,458140100,42613427,22927395036.68,0.6728,2025-12-31,Unchanged,13F-HR,Michael Thompson,michael.thompson@statestree.com
State Street Corp,STT,Procter & Gamble,PG,742718109,23159702,11822587081.54,0.5164,2024-12-31,Unchanged,13F-NT,Patricia Martinez,patricia.martinez@statestree.com
Millennium Management,MLNM,Pfizer Inc,PFE,717081103,5271839,1672413841.94,0.3046,2025-12-31,Increased,13F-HR,Richard Garcia,richard.garcia@millennium.com
BlackRock Inc,BLK,Alphabet Inc,GOOGL,02079K305,16331464,1419266294.89,0.2875,2025-12-31,New,13F-HR,Michael Anderson,michael.anderson@blackrocki.com
DE Shaw & Co,DSHW,Chevron Corp,CVX,166764100,7694039,1327506297.57,0.1130,2025-09-30,Unchanged,13F-HR,David Taylor,david.taylor@deshaw&co.com
Baupost Group,BPST,Home Depot,HD,437076102,22566851,16758949837.70,0.3693,2025-03-31,Decreased,13F-HR,Thomas Lopez,thomas.lopez@baupostgro.com
Baupost Group,BPST,UnitedHealth Group,UNH,91324P102,10891805,2575795601.98,0.5225,2024-03-31,Increased,13F-HR,Robert Davis,robert.davis@baupostgro.com
AQR Capital Management,AQRC,Adobe Inc,ADBE,00724F101,24191259,18624400447.49,0.4683,2025-09-30,Decreased,13F-HR,Patricia Jones,patricia.jones@aqrcapital.com
Two Sigma Investments,TWSM,Meta Platforms,META,30303M102,45184103,33896190342.43,1.4584,2024-06-30,New,13F-HR,Daniel Anderson,daniel.anderson@twosigmain.com
AQR Capital Management,AQRC,Johnson & Johnson,JNJ,478160104,43850663,16230424085.44,0.6226,2025-06-30,Unchanged,13F-HR,Margaret Jackson,margaret.jackson@aqrcapital.com
Vanguard Group,VGI,Cisco Systems,CSCO,17275R102,45235139,23817916160.64,2.1243,2025-06-30,Unchanged,13F-NT,Steven Garcia,steven.garcia@vanguardgr.com
Vanguard Group,VGI,JPMorgan Chase,JPM,46625H100,14237862,8495540711.35,0.1854,2025-06-30,Increased,13F-NT,Sarah Taylor,sarah.taylor@vanguardgr.com
Capital Group,CGBL,Walt Disney Co,DIS,254687106,5135039,461497937.03,0.1264,2024-09-30,Decreased,13F-HR,Patricia Moore,patricia.moore@capitalgro.com
T. Rowe Price,TROW,Netflix Inc,NFLX,64110L106,12566221,4801266444.39,0.1801,2024-03-31,Decreased,13F-HR,David Rodriguez,david.rodriguez@troweprice.com
T. Rowe Price,TROW,Berkshire Hathaway,BRK.B,084670702,9287439,6920659433.20,0.1201,2024-06-30,Increased,13F-HR,Daniel Anderson,daniel.anderson@troweprice.com
Wellington Management,WMGI,Meta Platforms,META,30303M102,1596125,601943175.47,0.0360,2025-06-30,Increased,13F-HR,Lisa Jackson,lisa.jackson@wellington.com
DE Shaw & Co,DSHW,Walt Disney Co,DIS,254687106,22272775,15518927994.12,-1.2472,2024-12-31,Increased,13F-HR,Patricia Garcia,patricia.garcia@deshaw&co.com
Baupost Group,BPST,Netflix Inc,NFLX,64110L106,771562,144961541.85,0.0130,2025-03-31,Increased,13F-HR,Michael Brown,michael.brown@baupostgro.com
DE Shaw & Co,,Amazon.com Inc,AMZN,023135106,21730307,16552387196.27,1.5232,2024-12-31,New,13F-HR,Nancy White,nancy.white@deshaw&co.com
Millennium Management,MLNM,Tesla Inc,TSLA,88160R101,19001146,11674864023.40,0.2921,2025-03-31,Increased,13F-NT,Daniel Garcia,daniel.garcia@millennium.com
Capital Group,CGBL,Berkshire Hathaway,BRK.B,084670702,9857190,4729422284.87,0.8814,2025-12-31,Increased,13F-HR,Margaret Lopez,margaret.lopez@capitalgro.com
Vanguard Group,VGI,Intel Corp,INTC,458140100,40351019,25472582507.66,5.2946,2025-12-31,Decreased,13F-HR,Steven Johnson,steven.johnson@vanguardgr.com
JP Morgan Asset Mgmt,JPM,Netflix Inc,NFLX,64110L106,24089456,4623786582.30,0.3841,2024-03-31,Decreased,13F-NT,Mark Garcia,mark.garcia@jpmorganas.com
Point72 Asset Mgmt,PT72,JPMorgan Chase,JPM,46625H100,30938145,20051118859.03,0.4017,2024-03-31,Increased,13F-NT,Susan Anderson,susan.anderson@point72ass.com
Baupost Group,BPST,Johnson & Johnson,JNJ,478160104,18578554,4902020039.47,0.2403,2025-03-31,Decreased,13F-HR,Patricia Martinez,patricia.martinez@baupostgro.com
AQR Capital Management,AQRC,Johnson & Johnson,JNJ,478160104,16145986,3321745634.68,0.4593,2025-12-31,Unchanged,13F-HR,Thomas Lopez,thomas.lopez@aqrcapital.com
State Street Corp,STT,Meta Platforms,META,,27603563,11121830831.79,2.3914,2025-12-31,Decreased,13F-HR,Jennifer Anderson,jennifer.anderson@statestree.com
AQR Capital Management,AQRC,Pfizer Inc,PFE,717081103,18425709,6422558214.81,1.7838,2024-03-31,Decreased,13F-NT,Sarah Lopez,sarah.lopez@aqrcapital.com
T. Rowe Price,TROW,Procter & Gamble,PG,742718109,40068756,19711284762.88,0.7627,2026-11-17,Increased,13F-HR,Elizabeth Anderson,elizabeth.anderson@troweprice.com
Bridgewater Associates,BWTR,Exxon Mobil,XOM,30231G102,3174121,141310962.03,0.0697,2025-03-31,Increased,13F-HR,Patricia Martinez,patricia.martinez@bridgewate.com
Vanguard Group,VGI,JPMorgan Chase,JPM,46625H100,16539993,10174131301.13,0.2178,2024-06-30,Unchanged,13F-HR,Richard Martinez,richard.martinez@vanguardgr.com
Capital Group,CGBL,Microsoft Corp,MSFT,594918104,3412934,805652465.26,0.0434,2024-12-31,Increased,13F-HR,Richard Davis,richard.davis@capitalgro.com
Goldman Sachs AM,GS,Apple Inc,AAPL,037833100,4651459,864339271.42,0.0607,2025-03-31,Unchanged,13F-HR,James White,james.white@goldmansac.com
Bridgewater Associates,BWTR,Amazon.com Inc,AMZN,023135106,33859364,20921717356.97,1.7819,2024-06-30,Decreased,13F-HR,Steven Garcia,steven.garcia@bridgewate.com
Baupost Group,BPST,Home Depot,HD,437076102,36675345,20270272404.49,0.9713,2025-06-30,Unchanged,13F-HR,Michael Smith,michael.smith@baupostgro.com
Point72 Asset Mgmt,PT72,Adobe Inc,ADBE,00724F101,22732292,2928320785.15,0.5019,2024-09-30,Unchanged,13F-HR,Nancy Thompson,nancy.thompson@point72ass.com
AQR Capital Management,AQRC,Adobe Inc,ADBE,00724F101,46023269,10743346623.82,1.1763,2024-12-31,Unchanged,13F-NT,Elizabeth Johnson,elizabeth.johnson@aqrcapital.com
State Street Corp,STT,Intel Corp,INTC,458140100,34980696,13116354600.76,6.2769,2025-12-31,Decreased,13F-NT,Nancy Martin,nancy.martin@statestree.com
JP Morgan Asset Mgmt,JPM,Salesforce Inc,CRM,79466L302,25776386,8615164037.93,0.4512,2024-03-31,New,13F-NT,Michael Taylor,michael.taylor@jpmorganas.com
DE Shaw & Co,DSHW,Netflix Inc,NFLX,64110L106,23575073,12316190714.13,0.6209,2024-06-30,Unchanged,13F-HR,Dorothy Lopez,dorothy.lopez@deshaw&co.com
Bridgewater Associates,BWTR,Bank of America,BAC,060505104,12166751,9689786864.58,0.2377,2024-12-31,New,13F-HR,Susan Johnson,susan.johnson@bridgewate.com
Vanguard Group,VGI,NVIDIA Corp,NVDA,67066G104,23427679,2359417495.01,1.0833,2026-08-25,Unchanged,13F-NT,Mark Thompson,mark.thompson@vanguardgr.com
Renaissance Technologies,RNTC,Intel Corp,INTC,458140100,37436677,12060986377.06,0.8078,2024-03-31,Unchanged,13F-HR,Jennifer Martinez,jennifer.martinez@renaissanc.com
State Street Corp,STT,Adobe Inc,ADBE,00724F101,13175166,2548515142.80,0.1971,2024-09-30,Unchanged,13F-HR,Mark Williams,mark.williams@statestree.com
State Street Corp,STT,Home Depot,HD,437076102,39296859,14875630445.92,1.3490,2024-06-30,Increased,13F-NT,Patricia Lopez,patricia.lopez@statestree.com
Capital Group,CGBL,Apple Inc,AAPL,037833100,11333095,4068416746.97,0.2070,2025-03-31,Unchanged,13F-HR,James Williams,james.williams@capitalgro.com
Vanguard Group,VGI,Johnson & Johnson,JNJ,478160104,3061583,740202727.82,0.0979,2024-06-30,New,13F-HR,Margaret Miller,margaret.miller@vanguardgr.com
BlackRock Inc,BLK,Coca-Cola Co,KO,191216100,7281632,2367423626.92,0.3737,2025-06-30,Increased,13F-HR,Michael Rodriguez,michael.rodriguez@blackrocki.com
JP Morgan Asset Mgmt,JPM,Procter & Gamble,PG,742718109,38630055,16354260591.23,0.7924,2025-09-30,New,13F-HR,Patricia Anderson,patricia.anderson@jpmorganas.com
Point72 Asset Mgmt,PT72,Intel Corp,INTC,458140100,pending,1060260620.48,0.6625,2025-03-31,Increased,13F-HR,Michael Johnson,michael.johnson@point72ass.com
Goldman Sachs AM,GS,Chevron Corp,CVX,166764100,3289138,647373629.16,0.0774,2026-10-19,Unchanged,13F-HR,Richard Thomas,richard.thomas@goldmansac.com
Morgan Stanley IM,MS,Home Depot,HD,437076102,18983320,8874089804.63,1.1520,2024-06-30,Increased,13F-NT,Dorothy Martin,dorothy.martin@morganstan.com
DE Shaw & Co,DSHW,Berkshire Hathaway,BRK.B,084670702,19511119,15380041792.76,0.8345,2025-09-30,Increased,13F-HR,Michael Martin,michael.martin@deshaw&co.com
JP Morgan Asset Mgmt,JPM,Microsoft Corp,MSFT,594918104,15536844,6228685094.75,0.5559,2025-06-30,New,13F-NT,Lisa Miller,lisa.miller@jpmorganas.com
Bridgewater Associates,BWTR,Tesla Inc,TSLA,88160R101,28272270,20051400641.25,0.4174,2025-09-30,Unchanged,13F-HR,Steven Moore,steven.moore@bridgewate.com
Two Sigma Investments,TWSM,Coca-Cola Co,KO,191216100,1281129,502141528.65,0.0429,2024-09-30,Increased,13F-HR,Patricia Rodriguez,patricia.rodriguez@twosigmain.com
DE Shaw & Co,DSHW,Berkshire Hathaway,BRK.B,084670702,174193,24411179.93,0.0029,2024-03-31,Increased,13F-HR,Karen Brown,karen.brown@deshaw&co.com
BlackRock Inc,BLK,JPMorgan Chase,JPM,46625H100,4043917,976729545.76,0.1282,2024-09-30,Increased,13F-HR,Robert Moore,robert.moore@blackrocki.com
Capital Group,CGBL,Walt Disney Co,DIS,254687106,24400672,7950226861.24,0.3128,2025-03-31,Unchanged,13F-HR,William Anderson,william.anderson@capitalgro.com
DE Shaw & Co,DSHW,Salesforce Inc,CRM,79466L302,20667062,2196423660.12,1.0755,2024-09-30,Unchanged,13F-HR,Lisa Thomas,lisa.thomas@deshaw&co.com
Citadel Advisors,CDLC,Salesforce Inc,CRM,79466L302,11920310,7299207410.78,0.1932,2024-03-31,Increased,13F-HR,Mark Johnson,mark.johnson@citadeladv.com
DE Shaw & Co,DSHW,Adobe Inc,ADBE,00724F101,18651705,5181896913.26,0.2437,2025-09-30,Decreased,13F-HR,Nancy Thomas,nancy.thomas@deshaw&co.com
BlackRock Inc,BLK,Microsoft Corp,MSFT,594918104,23738901,2870821481.60,0.4024,2024-03-31,Unchanged,13F-HR,David Johnson,david.johnson@blackrocki.com
Goldman Sachs AM,GS,Alphabet Inc,GOOGL,02079K305,8958235,5779001735.88,0.1169,2025-12-31,Decreased,13F-HR,Margaret Lopez,margaret.lopez@goldmansac.com
Capital Group,CGBL,Chevron Corp,CVX,166764100,14095856,7016479142.40,0.3670,2025-03-31,Unchanged,13F-NT,Elizabeth Jackson,elizabeth.jackson@capitalgro.com
DE Shaw & Co,DSHW,Alphabet Inc,GOOGL,02079K305,1716168,628603027.65,0.0215,2025-09-30,New,13F-HR,Jennifer Thomas,jennifer.thomas@deshaw&co.com
Fidelity Investments,FNF,Chevron Corp,CVX,166764100,22408436,3925790856.74,0.2919,2024-03-31,Unchanged,13F-HR,Jennifer Lopez,jennifer.lopez@fidelityin.com
DE Shaw & Co,DSHW,NVIDIA Corp,NVDA,67066G104,29779576,10658716819.81,0.5105,2025-03-31,Unchanged,13F-HR,Margaret Smith,margaret.smith@deshaw&co.com
Goldman Sachs AM,GS,JPMorgan Chase,JPM,46625H100,4737104,757424404.09,0.1712,2025-06-30,Decreased,13F-HR,Dorothy Rodriguez,dorothy.rodriguez@goldmansac.com
Bridgewater Associates,BWTR,Visa Inc,V,92826C839,20228600,8631810993.70,0.3545,2025-12-31,New,13F-HR,Richard Thompson,richard.thompson@bridgewate.com
Point72 Asset Mgmt,PT72,Adobe Inc,ADBE,00724F101,37480584,9323006294.18,0.4894,2026-11-05,Decreased,13F-HR,Karen Martin,karen.martin@point72ass.com
Morgan Stanley IM,MS,JPMorgan Chase,JPM,46625H100,8506376,1612708748.23,0.1449,2025-06-30,New,13F-HR,Patricia Williams,patricia.williams@morganstan.com
Baupost Group,BPST,JPMorgan Chase,JPM,46625H100,2266631,631757425.13,0.0527,2025-12-31,Decreased,13F-NT,Karen Thomas,karen.thomas@baupostgro.com
Morgan Stanley IM,MS,Salesforce Inc,CRM,79466L302,39797436,6417549202.83,0.5789,2024-06-30,Unchanged,13F-HR,Mark Martinez,mark.martinez@morganstan.com
Vanguard Group,VGI,UnitedHealth Group,UNH,91324P102,18016772,11248971990.57,1.4121,2024-12-31,Increased,13F-HR,James Taylor,james.taylor@vanguardgr.com
AQR Capital Management,AQRC,Intel Corp,INTC,458140100,8298126,1595262678.70,0.3548,2025-06-30,Increased,13F-HR,James Lopez,james.lopez@aqrcapital.com
Vanguard Group,VGI,NVIDIA Corp,NVDA,67066G104,47061310,21975298667.72,2.3375,2025-06-30,Increased,13F-HR,Margaret Thompson,margaret.thompson@vanguardgr.com
JP Morgan Asset Mgmt,JPM,JPMorgan Chase,JPM,46625H100,23887021,1447568187.48,0.3597,2025-06-30,Unchanged,13F-NT,Margaret Garcia,margaret.garcia@jpmorganas.com
AQR Capital Management,AQRC,Visa Inc,V,92826C839,34410922,19905226357.01,2.1205,2025-09-30,New,13F-NT,David Thompson,david.thompson@aqrcapital.com
Baupost Group,BPST,JPMorgan Chase,JPM,46625H100,8030659,3200801047.53,0.1623,2025-09-30,Increased,13F-HR,Thomas Williams,thomas.williams@baupostgro.com
Citadel Advisors,CDLC,JPMorgan Chase,JPM,46625H100,29606883,21784340382.09,0.8350,2025-09-30,Decreased,13F-HR,Elizabeth Martin,elizabeth.martin@citadeladv.com
State Street Corp,STT,Pfizer Inc,PFE,717081103,28669082,14188294089.94,1.5419,2025-03-31,Unchanged,13F-HR,Nancy White,nancy.white@statestree.com
Fidelity Investments,FNF,Amazon.com Inc,AMZN,023135106,25240143,13427448412.56,0.3493,2024-09-30,Increased,13F-HR,Sarah Brown,sarah.brown@fidelityin.com
Wellington Management,WMGI,Salesforce Inc,CRM,79466L302,45037645,27175872963.79,1.7341,2024-06-30,Increased,13F-HR,Daniel Lopez,daniel.lopez@wellington.com
Two Sigma Investments,TWSM,Bank of America,BAC,060505104,5830873,1939639509.11,0.6410,2025-06-30,Decreased,13F-HR,Richard Martin,richard.martin@twosigmain.com
State Street Corp,STT,Exxon Mobil,XOM,30231G102,9385721,341388555.77,0.1643,2024-09-30,Increased,13F-HR,Michael Jackson,michael.jackson@statestree.com
Citadel Advisors,CDLC,Intel Corp,INTC,458140100,10161205,4607357306.87,0.1350,2025-12-31,Increased,13F-HR,Steven Johnson,steven.johnson@citadeladv.com
Baupost Group,BPST,NVIDIA Corp,NVDA,67066G104,2487581,736818777.75,0.0603,2024-09-30,Unchanged,13F-HR,Jennifer Taylor,jennifer.taylor@baupostgro.com
BlackRock Inc,BLK,Meta Platforms,META,30303M102,35315002,3836849927.24,4.5687,2025-09-30,Unchanged,13F-NT,Steven Taylor,steven.taylor@blackrocki.com
Renaissance Technologies,,Johnson & Johnson,JNJ,478160104,4631220,2288972632.83,0.1110,2024-06-30,Decreased,13F-HR,Jennifer Hernandez,jennifer.hernandez@renaissanc.com
Bridgewater Associates,BWTR,Walt Disney Co,DIS,254687106,42330515,30892093289.80,0.6430,2024-06-30,New,13F-NT,,
Bridgewater Associates,BWTR,Procter & Gamble,PG,742718109,16695033,1784548592.37,2.7228,2025-12-31,Unchanged,13F-NT,Sarah Smith,sarah.smith@bridgewate.com
Capital Group,CGBL,Microsoft Corp,MSFT,594918104,20598061,11408442420.57,0.5212,2025-09-30,New,13F-HR,James Hernandez,james.hernandez@capitalgro.com
Goldman Sachs AM,GS,Amazon.com Inc,AMZN,023135106,251604,15073456.94,0.0168,2025-03-31,New,13F-HR,Daniel Davis,daniel.davis@goldmansac.com
Renaissance Technologies,RNTC,Netflix Inc,NFLX,64110L106,13290585,10420268962.00,2.3669,2024-03-31,Increased,13F-HR,Robert Davis,robert.davis@renaissanc.com
AQR Capital Management,AQRC,Walt Disney Co,DIS,254687106,298599,195741813.94,0.0078,2024-12-31,Unchanged,13F-HR,James Jones,james.jones@aqrcapital.com
Millennium Management,MLNM,Microsoft Corp,MSFT,594918104,19402794,5647619663.43,0.4740,2024-09-30,Unchanged,13F-HR,Michael Brown,michael.brown@millennium.com
JP Morgan Asset Mgmt,JPM,Exxon Mobil,XOM,30231G102,38683423,23840489698.72,0.5608,2024-09-30,Unchanged,13F-HR,Michael Jones,michael.jones@jpmorganas.com
T. Rowe Price,TROW,Exxon Mobil,XOM,30231G102,25144236,5765359666.77,0.4507,2025-06-30,Unchanged,13F-NT,Nancy Thomas,nancy.thomas@troweprice.com
Two Sigma Investments,TWSM,Walt Disney Co,DIS,254687106,28223134,20990217051.73,1.8669,2024-03-31,Increased,13F-HR,Steven Jones,steven.jones@twosigmain.com
Fidelity Investments,FNF,NVIDIA Corp,NVDA,67066G104,40517408,26879161497.96,1.6991,2025-12-31,Increased,13F-HR,Sarah White,sarah.white@fidelityin.com
T. Rowe Price,TROW,Procter & Gamble,PG,742718109,31604899,14186385937.80,0.4872,2024-06-30,Increased,13F-HR,Jennifer Martin,jennifer.martin@troweprice.com
Morgan Stanley IM,MS,Alphabet Inc,GOOGL,02079K305,21306129,16557802204.55,0.4437,not_a_date,Increased,13F-HR,Jennifer Jackson,jennifer.jackson@morganstan.com
Millennium Management,MLNM,Coca-Cola Co,KO,191216100,22455640,16504890749.00,0.3225,2024-03-31,Unchanged,13F-HR,James Martin,james.martin@millennium.com
Goldman Sachs AM,GS,Pfizer Inc,PFE,717081103,26608240,12744551763.18,1.1874,2025-12-31,Increased,13F-NT,Lisa Martinez,lisa.martinez@goldmansac.com
State Street Corp,STT,NVIDIA Corp,NVDA,67066G104,5028207,2196575103.31,0.0862,2025-03-31,Unchanged,13F-HR,Nancy Lopez,nancy.lopez@statestree.com
Wellington Management,WMGI,Meta Platforms,META,30303M102,12624963,3475718037.25,0.7759,2024-03-31,Increased,13F-HR,David Smith,david.smith@wellington.com
Morgan Stanley IM,MS,Alphabet Inc,GOOGL,02079K305,44052181,29721954531.91,3.6861,2025-12-31,New,13F-HR,Thomas Hernandez,thomas.hernandez@morganstan.com
Baupost Group,BPST,Apple Inc,AAPL,037833100,26114749,9418536725.40,0.5049,2025-06-30,Unchanged,13F-HR,Jennifer Moore,jennifer.moore@baupostgro.com
Point72 Asset Mgmt,PT72,Berkshire Hathaway,BRK.B,084670702,2633330,1366434851.78,0.0440,2025-03-31,New,13F-HR,Richard Rodriguez,richard.rodriguez@point72ass.com
Goldman Sachs AM,GS,Johnson & Johnson,JNJ,478160104,36767648,26303292685.84,0.9708,2024-06-30,Unchanged,13F-HR,Robert Miller,robert.miller@goldmansac.com
DE Shaw & Co,DSHW,Amazon.com Inc,AMZN,023135106,pending,17450367921.96,0.7377,2024-09-30,Unchanged,13F-HR,Thomas Rodriguez,thomas.rodriguez@deshaw&co.com
Morgan Stanley IM,MS,Bank of America,BAC,060505104,11527197,5378191702.99,0.1843,2025-09-30,Unchanged,13F-HR,Karen Lopez,karen.lopez@morganstan.com
Morgan Stanley IM,MS,Microsoft Corp,MSFT,,7046239,4529742816.20,0.0985,2025-06-30,Increased,13F-HR,Steven Smith,steven.smith@morganstan.com
Fidelity Investments,FNF,Amazon.com Inc,AMZN,023135106,6025500,3173674096.57,0.0810,2024-06-30,Unchanged,13F-NT,Mark Brown,mark.brown@fidelityin.com
Baupost Group,BPST,Visa Inc,V,92826C839,34104361,3010730292.52,1.7333,2025-03-31,Increased,13F-HR,Daniel Lopez,daniel.lopez@baupostgro.com
Citadel Advisors,CDLC,Amazon.com Inc,AMZN,023135106,3770669,859232869.08,0.1725,2024-09-30,Increased,13F-HR,Margaret Martin,margaret.martin@citadeladv.com
Fidelity Investments,FNF,JPMorgan Chase,JPM,46625H100,29729225,6875735339.13,0.4238,2024-06-30,Decreased,13F-NT,David Davis,david.davis@fidelityin.com
JP Morgan Asset Mgmt,JPM,Bank of America,BAC,060505104,9028769,6341670635.36,0.9972,2025-12-31,Unchanged,13F-HR,James Miller,james.miller@jpmorganas.com
Morgan Stanley IM,MS,Intel Corp,INTC,458140100,19140682,792642096.34,2.6836,2024-06-30,Increased,13F-HR,Susan Miller,susan.miller@morganstan.com
Capital Group,CGBL,JPMorgan Chase,JPM,46625H100,15558037,11080011868.11,0.8797,2024-06-30,Increased,13F-HR,Robert Davis,robert.davis@capitalgro.com
Appaloosa Management,APLS,Berkshire Hathaway,BRK.B,084670702,19832844,10783050158.18,1.5467,2025-09-30,Unchanged,13F-HR,Jennifer Moore,jennifer.moore@appaloosam.com
Morgan Stanley IM,MS,Intel Corp,INTC,458140100,9196642,677085199.29,0.3038,2024-03-31,New,13F-HR,David Martin,david.martin@morganstan.com
BlackRock Inc,BLK,JPMorgan Chase,JPM,46625H100,246771,85467459.45,0.0110,2024-06-30,Unchanged,13F-HR,Steven Garcia,steven.garcia@blackrocki.com
Two Sigma Investments,TWSM,Procter & Gamble,PG,742718109,12793550,3456509180.02,0.1742,2025-06-30,Increased,13F-HR,James Martinez,james.martinez@twosigmain.com
Renaissance Technologies,RNTC,Tesla Inc,TSLA,88160R101,27085066,6729214263.77,0.5019,2024-12-31,Decreased,13F-HR,Sarah Martinez,sarah.martinez@renaissanc.com
Vanguard Group,VGI,Exxon Mobil,XOM,30231G102,39271552,13751410960.36,0.5144,2024-09-30,New,13F-HR,Thomas Hernandez,thomas.hernandez@vanguardgr.com
T. Rowe Price,TROW,Visa Inc,V,92826C839,11991712,2073010812.72,0.2160,2024-12-31,New,13F-HR,Patricia Brown,patricia.brown@troweprice.com
Goldman Sachs AM,,Berkshire Hathaway,BRK.B,084670702,18777308,14786350219.45,0.5402,2024-09-30,Unchanged,13F-HR,Karen Miller,karen.miller@goldmansac.com
BlackRock Inc,BLK,UnitedHealth Group,UNH,91324P102,47134463,15810505650.60,0.9853,2025-09-30,Increased,13F-HR,Mark Smith,mark.smith@blackrocki.com
Citadel Advisors,CDLC,Adobe Inc,ADBE,00724F101,4049365,3071323433.26,0.0564,2025-12-31,Increased,13F-HR,Patricia Garcia,patricia.garcia@citadeladv.com
DE Shaw & Co,DSHW,Pfizer Inc,PFE,717081103,12023787,4994499976.11,0.2568,2025-03-31,Unchanged,13F-HR,Thomas Moore,thomas.moore@deshaw&co.com
Capital Group,CGBL,Coca-Cola Co,KO,191216100,21829674,13497338753.93,0.6359,2025-03-31,New,13F-NT,Michael Thomas,michael.thomas@capitalgro.com
T. Rowe Price,TROW,UnitedHealth Group,UNH,91324P102,5111181,2904851255.90,0.5502,2025-12-31,Increased,13F-HR,Thomas Davis,thomas.davis@troweprice.com
Wellington Management,WMGI,Amazon.com Inc,AMZN,023135106,11668837,5926606862.65,0.2963,2025-03-31,Increased,13F-NT,William Taylor,william.taylor@wellington.com
Point72 Asset Mgmt,PT72,Intel Corp,INTC,458140100,47438136,20513216740.46,1.1189,2027-04-15,Unchanged,13F-HR,David Thompson,david.thompson@point72ass.com
AQR Capital Management,AQRC,UnitedHealth Group,UNH,91324P102,35110687,26209282726.91,1.5562,2024-03-31,Unchanged,13F-HR,Michael Smith,michael.smith@aqrcapital.com
T. Rowe Price,TROW,NVIDIA Corp,NVDA,67066G104,45801047,19398203801.75,4.7853,2025-09-30,Increased,13F-HR,Michael Taylor,michael.taylor@troweprice.com
Capital Group,CGBL,Bank of America,BAC,060505104,10190460,1526603564.11,0.1318,2025-12-31,Unchanged,13F-HR,Jennifer Martinez,jennifer.martinez@capitalgro.com
AQR Capital Management,AQRC,Procter & Gamble,PG,742718109,29010096,17050933101.67,0.6050,2025-09-30,Unchanged,13F-NT,William Williams,william.williams@aqrcapital.com
Two Sigma Investments,TWSM,Visa Inc,V,92826C839,15881335,7297516029.90,0.2762,2024-12-31,Increased,13F-NT,Daniel Davis,daniel.davis@twosigmain.com
JP Morgan Asset Mgmt,JPM,Alphabet Inc,GOOGL,02079K305,4979548,1855346194.40,0.0742,2024-09-30,Increased,13F-HR,Michael Anderson,michael.anderson@jpmorganas.com
Wellington Management,WMGI,Chevron Corp,CVX,166764100,48010511,4430891867.08,0.9688,2025-06-30,New,13F-NT,Robert Jones,robert.jones@wellington.com
JP Morgan Asset Mgmt,JPM,Home Depot,HD,437076102,26234865,14720111666.50,2.7279,2024-03-31,Increased,13F-HR,Thomas Johnson,thomas.johnson@jpmorganas.com
Bridgewater Associates,BWTR,Meta Platforms,META,30303M102,38917320,19101929139.04,6.4045,00-00-0000,Unchanged,13F-HR,Nancy Rodriguez,nancy.rodriguez@bridgewate.com
Renaissance Technologies,RNTC,NVIDIA Corp,NVDA,67066G104,12745433,1542083978.59,1.0399,2025-12-31,New,13F-HR,Richard Hernandez,richard.hernandez@renaissanc.com
DE Shaw & Co,DSHW,Home Depot,HD,437076102,14476588,8814152426.36,1.4640,2025-03-31,Decreased,13F-NT,Mark Brown,mark.brown@deshaw&co.com
Baupost Group,BPST,Apple Inc,AAPL,037833100,24448484,14240965829.17,0.3057,2025-03-31,Unchanged,13F-NT,Nancy Thomas,nancy.thomas@baupostgro.com
Appaloosa Management,APLS,Exxon Mobil,XOM,30231G102,35119687,3984214347.29,2.1869,2024-03-31,Unchanged,13F-HR,Dorothy Jackson,dorothy.jackson@appaloosam.com
Bridgewater Associates,BWTR,Intel Corp,INTC,458140100,39998877,6255720348.39,2.4155,2024-03-31,Increased,13F-HR,Steven Garcia,steven.garcia@bridgewate.com
Renaissance Technologies,RNTC,Exxon Mobil,XOM,30231G102,30872711,22875702294.69,0.5579,2024-09-30,Unchanged,13F-HR,Sarah Garcia,sarah.garcia@renaissanc.com
T. Rowe Price,TROW,Apple Inc,AAPL,037833100,4239922,2372230740.78,0.1965,2024-03-31,New,13F-HR,Mark Thomas,mark.thomas@troweprice.com
Bridgewater Associates,BWTR,Visa Inc,V,92826C839,19457481,5749489508.17,0.2605,2024-12-31,Unchanged,13F-HR,William Taylor,william.taylor@bridgewate.com
T. Rowe Price,TROW,Tesla Inc,TSLA,88160R101,13008620,10227589416.27,-0.1904,2025-09-30,New,13F-HR,Richard Anderson,richard.anderson@troweprice.com
DE Shaw & Co,DSHW,Netflix Inc,NFLX,64110L106,4924050,3141659830.76,0.0960,00-00-0000,Unchanged,13F-HR,Thomas Moore,thomas.moore@deshaw&co.com
Bridgewater Associates,BWTR,Visa Inc,V,92826C839,6121995,2757417287.03,0.2009,2025-06-30,Unchanged,13F-HR,Thomas Garcia,thomas.garcia@bridgewate.com
Renaissance Technologies,RNTC,Chevron Corp,CVX,166764100,35307891,18463456427.13,2.1051,2025-09-30,Decreased,13F-HR,Elizabeth Brown,elizabeth.brown@renaissanc.com
Morgan Stanley IM,MS,Bank of America,BAC,060505104,573250,402568034.74,0.0191,2024-06-30,Decreased,13F-HR,William Garcia,william.garcia@morganstan.com
BlackRock Inc,BLK,Exxon Mobil,XOM,30231G102,27685173,3522755370.12,0.8628,2024-03-31,New,13F-HR,Michael Jones,michael.jones@blackrocki.com
Citadel Advisors,CDLC,Amazon.com Inc,AMZN,023135106,18698292,10130784475.27,0.3272,2024-12-31,Unchanged,13F-HR,Richard White,richard.white@citadeladv.com
Baupost Group,BPST,Walt Disney Co,DIS,254687106,31096432,4551691276.22,1.3497,2024-03-31,New,13F-HR,Dorothy Rodriguez,dorothy.rodriguez@baupostgro.com
Goldman Sachs AM,GS,Meta Platforms,META,30303M102,31466254,1392192966.79,1.0773,2025-03-31,Decreased,13F-HR,Daniel Jones,daniel.jones@goldmansac.com
JP Morgan Asset Mgmt,JPM,Home Depot,HD,437076102,30371384,11497092310.36,0.4120,2025-09-30,Unchanged,13F-HR,Daniel Hernandez,daniel.hernandez@jpmorganas.com
Bridgewater Associates,BWTR,Coca-Cola Co,KO,191216100,45842017,12806872479.13,0.6496,2025-03-31,Unchanged,13F-HR,Robert Martin,robert.martin@bridgewate.com
Capital Group,CGBL,Visa Inc,V,92826C839,12081456,1707477417.87,0.3933,2024-06-30,Unchanged,13F-HR,Susan Anderson,susan.anderson@capitalgro.com
Point72 Asset Mgmt,PT72,Cisco Systems,CSCO,17275R102,26746299,2599749448.81,2.2260,2024-03-31,Unchanged,13F-HR,Jennifer Rodriguez,jennifer.rodriguez@point72ass.com
Fidelity Investments,FNF,Johnson & Johnson,JNJ,478160104,19093275,13057418318.50,0.2709,2025-03-31,Unchanged,13F-NT,Daniel Thomas,daniel.thomas@fidelityin.com
State Street Corp,STT,Netflix Inc,NFLX,64110L106,29075332,18883591993.50,1.9018,2024-06-30,Increased,13F-HR,Lisa Johnson,lisa.johnson@statestree.com
Wellington Management,WMGI,Intel Corp,INTC,458140100,22520390,12921817585.74,0.3818,2024-06-30,Decreased,13F-HR,Richard Taylor,richard.taylor@wellington.com
BlackRock Inc,BLK,Meta Platforms,META,30303M102,44104413,4415373636.89,0.6248,2025-12-31,Unchanged,13F-HR,Margaret Miller,margaret.miller@blackrocki.com
T. Rowe Price,TROW,Microsoft Corp,MSFT,594918104,32927458,22495746575.49,2.3830,2025-09-30,Unchanged,13F-HR,Lisa Williams,lisa.williams@troweprice.com
Appaloosa Management,APLS,Exxon Mobil,XOM,30231G102,28755788,16019924929.00,0.4588,2025-03-31,Increased,13F-HR,,
Morgan Stanley IM,MS,Chevron Corp,CVX,166764100,29468906,906123421.48,1.2103,2024-03-31,Increased,13F-NT,David Martinez,david.martinez@morganstan.com
T. Rowe Price,TROW,Visa Inc,V,92826C839,40139903,11045355752.02,0.6259,2024-09-30,New,13F-HR,Michael Brown,michael.brown@troweprice.com
Capital Group,CGBL,Pfizer Inc,PFE,717081103,29391504,3121065028.91,0.5379,2024-03-31,Increased,13F-HR,Steven White,steven.white@capitalgro.com
Morgan Stanley IM,MS,Tesla Inc,TSLA,88160R101,22759280,11846546712.17,0.4028,2025-12-31,Unchanged,13F-HR,David Anderson,david.anderson@morganstan.com
Capital Group,CGBL,Procter & Gamble,PG,742718109,38088897,12085022208.35,0.9971,00-00-0000,Unchanged,13F-HR,Susan Anderson,susan.anderson@capitalgro.com
Vanguard Group,VGI,Microsoft Corp,MSFT,594918104,10116850,7000677964.45,0.1842,2025-09-30,Unchanged,13F-NT,Mark Taylor,mark.taylor@vanguardgr.com
Millennium Management,MLNM,Netflix Inc,NFLX,64110L106,35618286,14879988073.65,1.7804,2024-06-30,New,13F-HR,Richard Davis,richard.davis@millennium.com
Vanguard Group,VGI,Tesla Inc,TSLA,88160R101,13819277,927729852.04,0.2123,2025-09-30,New,13F-HR,Steven Smith,steven.smith@vanguardgr.com
DE Shaw & Co,DSHW,Coca-Cola Co,KO,191216100,5444511,2316344441.09,0.1297,2024-06-30,Increased,13F-HR,Daniel Moore,daniel.moore@deshaw&co.com
Baupost Group,BPST,Intel Corp,INTC,458140100,35058918,6188090496.58,1.4100,2024-03-31,Increased,13F-HR,Lisa Jones,lisa.jones@baupostgro.com
Appaloosa Management,APLS,UnitedHealth Group,UNH,91324P102,37087376,14690131775.83,0.5743,2024-03-31,Unchanged,13F-HR,Daniel Jones,daniel.jones@appaloosam.com
Wellington Management,WMGI,Procter & Gamble,PG,742718109,13549792,5523197852.78,0.3492,2025-09-30,Decreased,13F-HR,Margaret Miller,margaret.miller@wellington.com
Two Sigma Investments,TWSM,Intel Corp,INTC,458140100,9718493,879996658.36,0.2036,2025-03-31,Decreased,13F-HR,Sarah Thomas,sarah.thomas@twosigmain.com
AQR Capital Management,AQRC,Home Depot,HD,437076102,37528457,23622062926.72,0.6520,2024-12-31,New,13F-NT,Michael White,michael.white@aqrcapital.com
Wellington Management,WMGI,NVIDIA Corp,NVDA,67066G104,27294952,4972364458.23,2.8346,2025-03-31,Increased,13F-HR,Elizabeth Davis,elizabeth.davis@wellington.com
JP Morgan Asset Mgmt,JPM,Procter & Gamble,PG,742718109,19786335,14471997046.16,0.9708,2025-03-31,Unchanged,13F-HR,Patricia Martin,patricia.martin@jpmorganas.com
Renaissance Technologies,RNTC,UnitedHealth Group,UNH,91324P102,33177822,11642929761.44,0.9153,2024-09-30,Increased,13F-HR,James Martinez,james.martinez@renaissanc.com
Two Sigma Investments,TWSM,Exxon Mobil,XOM,30231G102,34047710,7914044293.76,2.3465,2024-06-30,Unchanged,13F-HR,Karen Moore,karen.moore@twosigmain.com
JP Morgan Asset Mgmt,JPM,NVIDIA Corp,NVDA,67066G104,15335111,6156147749.93,2.2413,2025-03-31,Unchanged,13F-HR,Dorothy Williams,dorothy.williams@jpmorganas.com
JP Morgan Asset Mgmt,JPM,Coca-Cola Co,KO,191216100,10375230,4296622193.31,0.1930,2025-03-31,Increased,13F-HR,Richard Smith,richard.smith@jpmorganas.com
Baupost Group,BPST,Johnson & Johnson,JNJ,478160104,36566295,22395289793.47,0.6534,2024-03-31,Unchanged,13F-HR,James Hernandez,james.hernandez@baupostgro.com
T. Rowe Price,TROW,Cisco Systems,CSCO,17275R102,46908283,33061649524.70,0.8635,2024-09-30,New,13F-HR,Patricia Miller,patricia.miller@troweprice.com
BlackRock Inc,BLK,Cisco Systems,CSCO,17275R102,12813319,445533794.09,0.6936,2024-06-30,Increased,13F-HR,Richard Hernandez,richard.hernandez@blackrocki.com
Renaissance Technologies,RNTC,UnitedHealth Group,UNH,91324P102,31685651,16799447200.35,0.6908,2024-03-31,Increased,13F-HR,Daniel Davis,daniel.davis@renaissanc.com
Two Sigma Investments,TWSM,Adobe Inc,ADBE,00724F101,351476,225513910.28,0.0117,2025-09-30,New,13F-HR,Robert Lopez,robert.lopez@twosigmain.com
Baupost Group,BPST,JPMorgan Chase,JPM,46625H100,49798590,32975053414.46,0.7288,2025-03-31,Unchanged,13F-HR,Sarah Thomas,sarah.thomas@baupostgro.com
Morgan Stanley IM,MS,NVIDIA Corp,NVDA,67066G104,20601669,15471986282.56,0.3079,2025-03-31,Unchanged,13F-HR,Jennifer Thomas,jennifer.thomas@morganstan.com
T. Rowe Price,TROW,Intel Corp,INTC,458140100,6466874,1420918274.71,0.1735,2025-12-31,Decreased,13F-HR,Dorothy Miller,dorothy.miller@troweprice.com
Point72 Asset Mgmt,PT72,Microsoft Corp,MSFT,594918104,44733990,26734861770.58,1.9154,2024-12-31,Unchanged,13F-HR,Daniel Martin,daniel.martin@point72ass.com
Morgan Stanley IM,MS,Adobe Inc,ADBE,00724F101,17569219,3940289213.78,0.3497,2025-06-30,Unchanged,13F-HR,Margaret Miller,margaret.miller@morganstan.com
Appaloosa Management,APLS,Intel Corp,INTC,458140100,32189951,22736258816.90,1.4704,2025-09-30,Increased,13F-HR,Michael Jackson,michael.jackson@appaloosam.com
JP Morgan Asset Mgmt,JPM,NVIDIA Corp,NVDA,67066G104,16631164,5613412896.85,0.7804,2024-06-30,Increased,13F-HR,Nancy Johnson,nancy.johnson@jpmorganas.com
Vanguard Group,VGI,Berkshire Hathaway,BRK.B,084670702,28640473,17530274498.04,1.1754,2024-09-30,Increased,13F-NT,Lisa Williams,lisa.williams@vanguardgr.com
Vanguard Group,VGI,Pfizer Inc,PFE,717081103,22815084,4469080240.78,0.3445,2025-06-30,Decreased,13F-HR,Daniel Thompson,daniel.thompson@vanguardgr.com
State Street Corp,STT,Pfizer Inc,PFE,717081103,23096793,15393133049.56,0.3763,2025-03-31,Increased,13F-HR,Lisa Moore,lisa.moore@statestree.com
Two Sigma Investments,TWSM,Tesla Inc,TSLA,88160R101,24062198,6032790883.15,0.3176,2024-09-30,Unchanged,13F-HR,Michael Smith,michael.smith@twosigmain.com
BlackRock Inc,BLK,Berkshire Hathaway,BRK.B,084670702,28334043,8165207052.42,0.6036,2024-03-31,Decreased,13F-HR,Jennifer Williams,jennifer.williams@blackrocki.com
Citadel Advisors,CDLC,Tesla Inc,TSLA,88160R101,6623546,5022755669.48,0.1112,2024-12-31,Unchanged,13F-HR,William Smith,william.smith@citadeladv.com
Wellington Management,WMGI,Visa Inc,V,92826C839,43120527,16141602815.87,0.5492,2025-03-31,Increased,13F-HR,William Smith,william.smith@wellington.com
State Street Corp,STT,Intel Corp,INTC,458140100,31835178,5976775569.00,0.6321,2025-09-30,Increased,13F-HR,Susan Anderson,susan.anderson@statestree.com
Two Sigma Investments,TWSM,Chevron Corp,CVX,166764100,1426579,722465401.57,0.0215,2024-03-31,Unchanged,13F-HR,Robert Hernandez,robert.hernandez@twosigmain.com
Point72 Asset Mgmt,PT72,Meta Platforms,META,30303M102,37375674,24594285562.16,0.6366,2024-12-31,Increased,13F-HR,Robert Martinez,robert.martinez@point72ass.com
T. Rowe Price,TROW,Tesla Inc,TSLA,88160R101,25207624,19748482761.52,1.2142,2024-03-31,New,13F-HR,Jennifer Hernandez,jennifer.hernandez@troweprice.com
Renaissance Technologies,RNTC,Apple Inc,AAPL,037833100,30180468,14544524766.91,1.3908,2024-12-31,Decreased,13F-HR,Jennifer Miller,jennifer.miller@renaissanc.com
Citadel Advisors,CDLC,Procter & Gamble,PG,742718109,24452529,18816669222.56,2.0638,2024-06-30,Increased,13F-HR,Susan Garcia,susan.garcia@citadeladv.com
Baupost Group,BPST,Pfizer Inc,PFE,717081103,36344060,19230481713.42,7.2429,2024-06-30,New,13F-HR,Michael Garcia,michael.garcia@baupostgro.com
T. Rowe Price,TROW,Coca-Cola Co,KO,191216100,48180952,19762679187.28,2.5756,2025-09-30,New,13F-NT,Steven Jackson,steven.jackson@troweprice.com
Wellington Management,WMGI,JPMorgan Chase,JPM,46625H100,29064760,8232997441.05,0.4871,2025-12-31,Decreased,13F-NT,Steven Williams,steven.williams@wellington.com
Point72 Asset Mgmt,PT72,Home Depot,HD,437076102,32153098,14587282649.92,0.4592,2025-03-31,Increased,13F-HR,Mark Jones,mark.jones@point72ass.com
DE Shaw & Co,DSHW,Microsoft Corp,MSFT,594918104,18231165,8054527513.07,0.4357,2025-09-30,Unchanged,13F-NT,Susan Hernandez,susan.hernandez@deshaw&co.com
Appaloosa Management,APLS,Meta Platforms,META,30303M102,23084940,18368163151.57,0.6137,2025-06-30,New,13F-NT,Mark Jackson,mark.jackson@appaloosam.com
Capital Group,CGBL,Meta Platforms,META,30303M102,29585762,5843186078.97,0.7485,2025-09-30,Decreased,13F-HR,Sarah Miller,sarah.miller@capitalgro.com
Morgan Stanley IM,MS,Intel Corp,INTC,458140100,18091298,9988348845.98,2.2181,2025-12-31,Unchanged,13F-HR,Karen Miller,karen.miller@morganstan.com
Morgan Stanley IM,MS,Salesforce Inc,CRM,79466L302,6452683,3847314844.93,0.2192,2024-09-30,Unchanged,13F-HR,Karen White,karen.white@morganstan.com
Capital Group,CGBL,Meta Platforms,META,30303M102,34459592,12696840682.09,0.5709,2024-12-31,Unchanged,13F-HR,James Jones,james.jones@capitalgro.com
Two Sigma Investments,TWSM,Pfizer Inc,PFE,717081103,46852894,14220833055.55,0.6024,2025-03-31,Increased,13F-HR,Elizabeth Anderson,elizabeth.anderson@twosigmain.com
Citadel Advisors,CDLC,Exxon Mobil,XOM,30231G102,45650944,11143290671.10,2.8110,2025-12-31,Decreased,13F-NT,James Miller,james.miller@citadeladv.com
Morgan Stanley IM,MS,Pfizer Inc,PFE,717081103,45566786,11079549408.17,0.8052,2025-12-31,Unchanged,13F-HR,Sarah Hernandez,sarah.hernandez@morganstan.com
JP Morgan Asset Mgmt,JPM,Netflix Inc,NFLX,64110L106,46528520,34936195161.97,1.6711,2025-03-31,Increased,13F-HR,Robert Jones,robert.jones@jpmorganas.com
State Street Corp,STT,Alphabet Inc,GOOGL,02079K305,46936246,3776183684.59,0.8787,2025-09-30,Unchanged,13F-HR,James Garcia,james.garcia@statestree.com
Baupost Group,BPST,Home Depot,HD,437076102,36267058,24238442111.77,0.7349,2025-09-30,Unchanged,13F-HR,William Jones,william.jones@baupostgro.com
Bridgewater Associates,BWTR,Walt Disney Co,DIS,254687106,44376317,8860625402.67,1.1139,2024-06-30,Increased,13F-HR,David Martin,david.martin@bridgewate.com
Baupost Group,BPST,Bank of America,BAC,060505104,2047295,1097603817.23,0.0364,2024-06-30,Unchanged,13F-HR,Richard Hernandez,richard.hernandez@baupostgro.com
AQR Capital Management,AQRC,Tesla Inc,TSLA,88160R101,27098781,13759236422.87,0.4567,2025-03-31,New,13F-HR,William Smith,william.smith@aqrcapital.com
Wellington Management,WMGI,Amazon.com Inc,AMZN,023135106,8445909,6256509405.23,0.1093,2025-09-30,Increased,13F-NT,James Hernandez,james.hernandez@wellington.com
DE Shaw & Co,DSHW,Coca-Cola Co,KO,191216100,19319663,9647428562.93,1.1861,2024-12-31,Increased,13F-NT,Michael Rodriguez,michael.rodriguez@deshaw&co.com
DE Shaw & Co,DSHW,Microsoft Corp,MSFT,594918104,24517464,19537898582.35,0.6590,2024-09-30,Decreased,13F-HR,Michael Taylor,michael.taylor@deshaw&co.com
Capital Group,CGBL,Amazon.com Inc,AMZN,023135106,31583402,24570604123.63,0.5361,2025-03-31,Unchanged,13F-HR,Margaret Rodriguez,margaret.rodriguez@capitalgro.com
Citadel Advisors,CDLC,Home Depot,HD,437076102,13094832,5042346450.46,1.3379,2024-12-31,Increased,13F-HR,Robert Johnson,robert.johnson@citadeladv.com
Point72 Asset Mgmt,PT72,NVIDIA Corp,NVDA,67066G104,7305518,4493076686.81,0.5160,2024-12-31,Decreased,13F-NT,Nancy Martinez,nancy.martinez@point72ass.com
T. Rowe Price,TROW,NVIDIA Corp,NVDA,67066G104,48120622,21100250000.22,1.0021,2024-09-30,Increased,13F-HR,David Jackson,david.jackson@troweprice.com
Citadel Advisors,CDLC,Johnson & Johnson,JNJ,478160104,34053039,27070522424.74,0.9480,2024-03-31,Unchanged,13F-HR,Susan White,susan.white@citadeladv.com
BlackRock Inc,BLK,Home Depot,HD,437076102,30852605,3513812638.80,1.6318,2025-12-31,Increased,13F-HR,Daniel Smith,daniel.smith@blackrocki.com
AQR Capital Management,AQRC,Exxon Mobil,XOM,30231G102,43531672,6459743759.15,0.5984,2025-06-30,Unchanged,13F-HR,Susan Williams,susan.williams@aqrcapital.com
Goldman Sachs AM,GS,Home Depot,HD,437076102,30443796,10077187023.08,0.8378,2025-06-30,Decreased,13F-HR,William Hernandez,william.hernandez@goldmansac.com
AQR Capital Management,AQRC,JPMorgan Chase,JPM,46625H100,5439587,3115026394.10,0.1254,2099-13-45,New,13F-HR,Karen Anderson,karen.anderson@aqrcapital.com
Fidelity Investments,FNF,Cisco Systems,CSCO,17275R102,12032560,1587072939.45,0.1799,2024-03-31,Increased,13F-NT,Susan Moore,susan.moore@fidelityin.com
Millennium Management,MLNM,Procter & Gamble,PG,742718109,28629857,2950775362.22,1.8779,2025-03-31,Increased,13F-HR,Margaret Moore,margaret.moore@millennium.com
Wellington Management,WMGI,Alphabet Inc,GOOGL,02079K305,31874702,2671133426.50,0.9799,2025-06-30,Increased,13F-NT,Mark Miller,mark.miller@wellington.com
Citadel Advisors,CDLC,Apple Inc,AAPL,037833100,47799142,29085000205.68,1.5811,2024-03-31,New,13F-NT,Michael Lopez,michael.lopez@citadeladv.com
Wellington Management,WMGI,Bank of America,BAC,060505104,45752416,12381697894.23,2.7500,2027-04-23,New,13F-HR,Jennifer Smith,jennifer.smith@wellington.com
Two Sigma Investments,TWSM,Salesforce Inc,CRM,79466L302,6188351,3069774662.83,-0.2833,2025-06-30,Decreased,13F-HR,Karen Williams,karen.williams@twosigmain.com
Goldman Sachs AM,GS,Netflix Inc,NFLX,64110L106,6481572,234541396.31,0.0821,2025-06-30,Unchanged,13F-NT,,
Wellington Management,WMGI,Visa Inc,V,92826C839,12428189,933052744.44,0.6026,2025-06-30,Unchanged,13F-NT,Elizabeth White,elizabeth.white@wellington.com
State Street Corp,STT,Home Depot,HD,437076102,9350152,4805997865.52,0.6074,2025-12-31,Unchanged,13F-HR,Richard Hernandez,richard.hernandez@statestree.com
Two Sigma Investments,TWSM,Procter & Gamble,PG,742718109,11935237,8721276575.28,0.7121,2024-03-31,Unchanged,13F-HR,Jennifer Jackson,jennifer.jackson@twosigmain.com
Two Sigma Investments,TWSM,Johnson & Johnson,JNJ,478160104,49030459,26793758959.40,0.7927,00-00-0000,New,13F-HR,Lisa Davis,lisa.davis@twosigmain.com
Wellington Management,WMGI,Microsoft Corp,MSFT,594918104,3935176,1427250383.93,0.0599,2025-06-30,Unchanged,13F-HR,Patricia Thompson,patricia.thompson@wellington.com
DE Shaw & Co,DSHW,Alphabet Inc,GOOGL,02079K305,29138833,13132201296.28,3.0143,2024-12-31,Increased,13F-NT,Michael Miller,michael.miller@deshaw&co.com
Vanguard Group,VGI,Meta Platforms,META,30303M102,33071079,23789132361.43,0.4245,2025-09-30,New,13F-HR,Richard Johnson,richard.johnson@vanguardgr.com
Appaloosa Management,APLS,Exxon Mobil,XOM,30231G102,23550423,2583257324.17,1.1491,2025-12-31,Increased,13F-HR,Dorothy Smith,dorothy.smith@appaloosam.com
Appaloosa Management,APLS,Meta Platforms,META,30303M102,10361727,1518540368.17,0.1882,2025-09-30,Unchanged,13F-HR,Steven Johnson,steven.johnson@appaloosam.com
Baupost Group,BPST,Bank of America,BAC,060505104,14188360,583124921.95,0.2065,2024-12-31,New,13F-HR,Steven Miller,steven.miller@baupostgro.com
Appaloosa Management,APLS,Microsoft Corp,MSFT,594918104,48974720,2311394797.84,2.4088,2024-03-31,New,13F-HR,Susan Thompson,susan.thompson@appaloosam.com
Renaissance Technologies,RNTC,Netflix Inc,NFLX,64110L106,26857530,10091256135.37,0.5893,2024-09-30,Unchanged,13F-HR,Mark Jones,mark.jones@renaissanc.com
AQR Capital Management,AQRC,Amazon.com Inc,AMZN,023135106,9180852,5302799790.41,0.6848,2025-06-30,New,13F-NT,Jennifer Smith,jennifer.smith@aqrcapital.com
DE Shaw & Co,DSHW,Procter & Gamble,PG,742718109,31861849,2050571557.65,2.0485,2024-06-30,Decreased,13F-HR,Lisa Moore,lisa.moore@deshaw&co.com
Baupost Group,BPST,NVIDIA Corp,NVDA,67066G104,5757495,3772674269.53,0.1369,2024-09-30,Increased,13F-NT,David Martinez,david.martinez@baupostgro.com
T. Rowe Price,TROW,Amazon.com Inc,AMZN,023135106,40298691,21807716525.52,1.4294,2024-09-30,Unchanged,13F-HR,Elizabeth Martin,elizabeth.martin@troweprice.com
Bridgewater Associates,BWTR,NVIDIA Corp,NVDA,67066G104,49480850,24149998188.67,1.1846,2025-12-31,Decreased,13F-HR,Nancy Martin,nancy.martin@bridgewate.com
AQR Capital Management,AQRC,Johnson & Johnson,JNJ,478160104,8356677,4636262482.91,0.2186,2024-12-31,Decreased,13F-HR,Jennifer Jones,jennifer.jones@aqrcapital.com
State Street Corp,STT,Amazon.com Inc,AMZN,023135106,36182680,11482325410.19,3.8575,2025-09-30,Increased,13F-HR,Daniel Smith,daniel.smith@statestree.com
Morgan Stanley IM,MS,Alphabet Inc,GOOGL,02079K305,35066766,6936082476.79,0.7749,2025-03-31,New,13F-NT,William Thomas,william.thomas@morganstan.com
Millennium Management,MLNM,UnitedHealth Group,UNH,91324P102,19752398,1356599349.37,0.4241,2024-09-30,Decreased,13F-HR,James Thompson,james.thompson@millennium.com
Millennium Management,,Netflix Inc,NFLX,64110L106,4294668,1604636411.56,0.0765,2024-06-30,Unchanged,13F-NT,James Thomas,james.thomas@millennium.com
Two Sigma Investments,TWSM,Chevron Corp,CVX,166764100,44468787,6904218661.67,4.0526,2024-12-31,Decreased,13F-HR,Margaret Thomas,margaret.thomas@twosigmain.com
Millennium Management,MLNM,Visa Inc,V,92826C839,31697590,22999457882.67,1.7930,2024-09-30,Increased,13F-HR,Michael Martinez,michael.martinez@millennium.com
AQR Capital Management,AQRC,Intel Corp,INTC,458140100,2573128,793131738.06,0.0346,2024-06-30,Increased,13F-HR,Richard Garcia,richard.garcia@aqrcapital.com
Goldman Sachs AM,GS,Adobe Inc,ADBE,00724F101,42615246,5754355756.20,0.5533,2024-06-30,Decreased,13F-HR,James Hernandez,james.hernandez@goldmansac.com
State Street Corp,STT,Netflix Inc,NFLX,64110L106,18437711,485339491.19,1.3399,2024-03-31,New,13F-HR,Elizabeth Thompson,elizabeth.thompson@statestree.com
Bridgewater Associates,BWTR,Bank of America,BAC,060505104,11541028,3172423338.78,0.2618,2024-03-31,New,13F-HR,Daniel Garcia,daniel.garcia@bridgewate.com
Morgan Stanley IM,MS,Tesla Inc,TSLA,88160R101,9024785,5668158307.74,0.2196,2025-12-31,Increased,13F-HR,Sarah Hernandez,sarah.hernandez@morganstan.com
Vanguard Group,VGI,Berkshire Hathaway,BRK.B,084670702,14737683,2562433260.26,0.6540,2024-03-31,Increased,13F-HR,Steven Williams,steven.williams@vanguardgr.com
Fidelity Investments,FNF,Amazon.com Inc,AMZN,023135106,13904904,6644731808.49,0.2114,2024-12-31,Increased,13F-HR,Jennifer Garcia,jennifer.garcia@fidelityin.com
DE Shaw & Co,DSHW,Netflix Inc,NFLX,64110L106,4143654,173366015.51,0.1175,2026-09-11,Decreased,13F-NT,Dorothy Martin,dorothy.martin@deshaw&co.com
AQR Capital Management,AQRC,Pfizer Inc,PFE,717081103,1246717,683282408.87,0.1345,2024-12-31,Unchanged,13F-HR,Karen Thompson,karen.thompson@aqrcapital.com
Citadel Advisors,CDLC,Johnson & Johnson,JNJ,478160104,20440955,7350225623.04,2.0542,2025-12-31,Increased,13F-NT,Steven Johnson,steven.johnson@citadeladv.com
Goldman Sachs AM,GS,Pfizer Inc,PFE,717081103,30572461,10494424903.51,0.4076,2024-06-30,Unchanged,13F-HR,Jennifer Thomas,jennifer.thomas@goldmansac.com
T. Rowe Price,TROW,Adobe Inc,ADBE,00724F101,38925807,10413465373.80,0.5428,2025-12-31,Increased,13F-HR,Lisa Johnson,lisa.johnson@troweprice.com
Bridgewater Associates,BWTR,Johnson & Johnson,JNJ,478160104,37660288,3326417701.20,0.4754,2025-12-31,Unchanged,13F-HR,Steven Hernandez,steven.hernandez@bridgewate.com
Appaloosa Management,APLS,Home Depot,HD,437076102,20042708,2107828252.49,0.6399,2025-12-31,Decreased,13F-HR,Daniel Johnson,daniel.johnson@appaloosam.com
BlackRock Inc,BLK,Visa Inc,V,92826C839,17517434,3090053992.51,2.3199,2025-09-30,Increased,13F-HR,Jennifer Thompson,jennifer.thompson@blackrocki.com
T. Rowe Price,TROW,Visa Inc,V,92826C839,14468667,1660414608.86,0.4133,2025-06-30,Unchanged,13F-HR,Karen Miller,karen.miller@troweprice.com
Renaissance Technologies,RNTC,Pfizer Inc,PFE,717081103,46424406,5938761415.74,1.5009,2025-09-30,Unchanged,13F-NT,Jennifer Jackson,jennifer.jackson@renaissanc.com
Morgan Stanley IM,MS,Intel Corp,INTC,458140100,17887871,13141741360.76,0.3409,2025-06-30,Increased,13F-HR,Margaret Taylor,margaret.taylor@morganstan.com
Fidelity Investments,FNF,Cisco Systems,CSCO,17275R102,49243592,13096636932.99,1.0771,2024-09-30,Decreased,13F-HR,Dorothy Jones,dorothy.jones@fidelityin.com
DE Shaw & Co,DSHW,Netflix Inc,NFLX,64110L106,2412462,1356572455.10,0.1007,2025-12-31,Increased,13F-NT,Thomas Garcia,thomas.garcia@deshaw&co.com
State Street Corp,STT,Home Depot,HD,437076102,38750224,18983963601.37,0.6873,2025-06-30,Increased,13F-HR,James Jones,james.jones@statestree.com
Renaissance Technologies,RNTC,NVIDIA Corp,NVDA,67066G104,35548354,17554116511.70,1.3034,2025-03-31,Increased,13F-HR,David Johnson,david.johnson@renaissanc.com
Fidelity Investments,FNF,Adobe Inc,ADBE,00724F101,5165346,905567814.50,0.1996,2024-09-30,Increased,13F-HR,James Thomas,james.thomas@fidelityin.com
Goldman Sachs AM,GS,Berkshire Hathaway,BRK.B,084670702,11447565,6954818910.23,0.1501,2024-12-31,Unchanged,13F-HR,Michael Brown,michael.brown@goldmansac.com
T. Rowe Price,TROW,Coca-Cola Co,KO,191216100,48988244,34304983048.68,4.1341,2025-06-30,Unchanged,13F-HR,Jennifer Jones,jennifer.jones@troweprice.com
Citadel Advisors,CDLC,Adobe Inc,ADBE,00724F101,5794054,4599769829.04,0.0751,2024-09-30,Decreased,13F-NT,Thomas Smith,thomas.smith@citadeladv.com
Millennium Management,,Tesla Inc,TSLA,88160R101,31678963,13266225505.11,0.4889,2024-12-31,Increased,13F-NT,David Taylor,david.taylor@millennium.com
Two Sigma Investments,TWSM,Coca-Cola Co,KO,191216100,16612481,8915689102.23,1.6655,2025-06-30,Increased,13F-HR,Steven Anderson,steven.anderson@twosigmain.com
Wellington Management,WMGI,Apple Inc,AAPL,037833100,48275401,30756838240.59,0.6056,2025-09-30,Increased,13F-HR,Mark White,mark.white@wellington.com
Morgan Stanley IM,MS,Amazon.com Inc,AMZN,023135106,43993672,9001110816.40,3.7898,2024-09-30,New,13F-HR,Elizabeth Hernandez,elizabeth.hernandez@morganstan.com
Point72 Asset Mgmt,PT72,Meta Platforms,META,,22893579,14252318800.07,0.6628,2025-03-31,Decreased,13F-HR,Sarah Jackson,sarah.jackson@point72ass.com
Point72 Asset Mgmt,PT72,Home Depot,HD,437076102,40345948,21297788123.10,0.5860,2026-08-27,Increased,13F-HR,Patricia Lopez,patricia.lopez@point72ass.com
Citadel Advisors,CDLC,Exxon Mobil,XOM,30231G102,563963,286623588.46,0.0130,2024-09-30,New,13F-HR,William Miller,william.miller@citadeladv.com
Bridgewater Associates,BWTR,JPMorgan Chase,JPM,46625H100,40015216,19029034169.46,2.4362,2024-12-31,Increased,13F-NT,Margaret Taylor,margaret.taylor@bridgewate.com
Appaloosa Management,APLS,Exxon Mobil,XOM,30231G102,48145828,9401984177.31,2.1022,2024-12-31,Increased,13F-NT,James Martinez,james.martinez@appaloosam.com
Millennium Management,MLNM,Visa Inc,V,92826C839,40288969,13076734563.30,5.2424,2025-03-31,Decreased,13F-HR,Sarah Brown,sarah.brown@millennium.com
Two Sigma Investments,TWSM,Netflix Inc,NFLX,64110L106,27827564,4352691512.44,0.4105,2025-03-31,Increased,13F-HR,Susan Jones,susan.jones@twosigmain.com
Capital Group,CGBL,Amazon.com Inc,AMZN,023135106,38633032,4094819047.43,0.5790,2024-09-30,Increased,13F-HR,Thomas Smith,thomas.smith@capitalgro.com
Renaissance Technologies,RNTC,Pfizer Inc,PFE,717081103,19222155,12770968736.72,0.7909,2025-12-31,Decreased,13F-HR,Sarah Thomas,sarah.thomas@renaissanc.com
Morgan Stanley IM,MS,Chevron Corp,CVX,166764100,19339308,6995618599.84,0.5527,2024-09-30,Increased,13F-NT,David Smith,david.smith@morganstan.com
AQR Capital Management,AQRC,Adobe Inc,ADBE,00724F101,38993719,26991532061.07,0.6450,2024-03-31,Decreased,13F-HR,Robert Brown,robert.brown@aqrcapital.com
Appaloosa Management,APLS,UnitedHealth Group,UNH,91324P102,39403219,4298931273.94,0.6248,2025-09-30,Increased,13F-HR,Steven Lopez,steven.lopez@appaloosam.com
Fidelity Investments,FNF,Coca-Cola Co,KO,191216100,27653874,5534297822.22,0.4688,2026-07-18,Unchanged,13F-HR,James Rodriguez,james.rodriguez@fidelityin.com
AQR Capital Management,AQRC,Exxon Mobil,XOM,30231G102,45954911,25327986859.44,1.3451,2024-09-30,Unchanged,13F-HR,Dorothy Taylor,dorothy.taylor@aqrcapital.com
Bridgewater Associates,BWTR,Apple Inc,AAPL,037833100,22058738,5574541035.30,2.2971,2025-12-31,Unchanged,13F-HR,Thomas Garcia,thomas.garcia@bridgewate.com
JP Morgan Asset Mgmt,JPM,Exxon Mobil,XOM,30231G102,3316471,1328346633.77,0.1591,2025-06-30,Increased,13F-HR,Dorothy Miller,dorothy.miller@jpmorganas.com
Bridgewater Associates,BWTR,Exxon Mobil,XOM,30231G102,42357465,23546137859.82,3.4376,2025-12-31,Increased,13F-NT,Susan Thomas,susan.thomas@bridgewate.com
Bridgewater Associates,BWTR,Procter & Gamble,PG,742718109,9618149,4164059126.17,1.8225,2025-03-31,Unchanged,13F-HR,Lisa Moore,lisa.moore@bridgewate.com
Point72 Asset Mgmt,PT72,Salesforce Inc,CRM,79466L302,37651822,1037020250.59,0.7357,2025-09-30,New,13F-HR,Richard Thompson,richard.thompson@point72ass.com
Baupost Group,BPST,Apple Inc,AAPL,037833100,9347174,1307474911.04,0.1504,2024-03-31,Unchanged,13F-HR,Dorothy Lopez,dorothy.lopez@baupostgro.com
DE Shaw & Co,DSHW,Johnson & Johnson,JNJ,478160104,4987068,3657565932.23,0.1478,2024-12-31,Increased,13F-HR,Jennifer Martinez,jennifer.martinez@deshaw&co.com
Millennium Management,MLNM,Home Depot,HD,437076102,2925093,1650224531.50,0.1249,2025-06-30,Decreased,13F-NT,Karen Thomas,karen.thomas@millennium.com
State Street Corp,STT,Home Depot,HD,437076102,32418831,6415120144.61,1.4198,2025-06-30,Unchanged,13F-HR,Elizabeth Garcia,elizabeth.garcia@statestree.com
Bridgewater Associates,BWTR,Meta Platforms,META,30303M102,11017585,978814439.43,1.1245,2024-03-31,Unchanged,13F-HR,Mark Moore,mark.moore@bridgewate.com
Wellington Management,WMGI,Johnson & Johnson,JNJ,478160104,29335193,4183360384.11,0.4445,2025-12-31,Increased,13F-HR,Elizabeth Thompson,elizabeth.thompson@wellington.com
Bridgewater Associates,BWTR,Adobe Inc,ADBE,00724F101,27517546,1230842547.49,0.7306,2024-09-30,Unchanged,13F-HR,James Thomas,james.thomas@bridgewate.com
Baupost Group,BPST,Amazon.com Inc,AMZN,023135106,16694591,12815606767.64,0.5989,2024-03-31,Decreased,13F-HR,Susan Martin,susan.martin@baupostgro.com
DE Shaw & Co,DSHW,Walt Disney Co,DIS,254687106,27259958,13933585701.17,0.5680,2024-09-30,Decreased,13F-HR,Elizabeth Smith,elizabeth.smith@deshaw&co.com
Millennium Management,MLNM,Visa Inc,V,92826C839,37959085,12707806813.83,1.4478,2025-06-30,Unchanged,13F-NT,Karen Brown,karen.brown@millennium.com
JP Morgan Asset Mgmt,JPM,Procter & Gamble,PG,742718109,18962542,2670675480.95,0.9401,2024-12-31,Unchanged,13F-HR,Daniel Williams,daniel.williams@jpmorganas.com
Appaloosa Management,APLS,Cisco Systems,CSCO,17275R102,1542338,421853876.84,0.0980,2025-09-30,Increased,13F-HR,Susan Martin,susan.martin@appaloosam.com
Goldman Sachs AM,GS,NVIDIA Corp,NVDA,67066G104,4956553,3188906233.54,0.7702,2025-12-31,Decreased,13F-HR,James Anderson,james.anderson@goldmansac.com
JP Morgan Asset Mgmt,JPM,Intel Corp,INTC,458140100,39466622,20579855370.65,0.5757,2024-09-30,New,13F-HR,Elizabeth Williams,elizabeth.williams@jpmorganas.com
Two Sigma Investments,TWSM,Berkshire Hathaway,BRK.B,084670702,15103609,1995814834.80,-0.4375,2024-06-30,Unchanged,13F-HR,Patricia White,patricia.white@twosigmain.com
T. Rowe Price,TROW,UnitedHealth Group,UNH,91324P102,15338891,2990633753.97,0.3243,2024-03-31,Unchanged,13F-NT,Jennifer Smith,jennifer.smith@troweprice.com
Appaloosa Management,APLS,Netflix Inc,NFLX,64110L106,33762159,19109914504.77,1.2994,2024-09-30,Decreased,13F-HR,Margaret Moore,margaret.moore@appaloosam.com
Two Sigma Investments,TWSM,Johnson & Johnson,JNJ,478160104,N/A,21548503724.56,0.9340,2024-03-31,Unchanged,13F-HR,Dorothy Lopez,dorothy.lopez@twosigmain.com
Capital Group,CGBL,Apple Inc,AAPL,037833100,30931932,13379192098.19,0.4483,2025-03-31,Unchanged,13F-HR,Daniel Thompson,daniel.thompson@capitalgro.com
DE Shaw & Co,DSHW,Chevron Corp,CVX,166764100,35822172,9142413667.05,0.8044,2024-09-30,Increased,13F-HR,Daniel Martin,daniel.martin@deshaw&co.com
Bridgewater Associates,BWTR,Johnson & Johnson,JNJ,478160104,27459755,18904963469.16,2.6053,2025-09-30,Unchanged,13F-HR,Thomas Jackson,thomas.jackson@bridgewate.com
State Street Corp,STT,Chevron Corp,CVX,166764100,25249404,1139772871.45,0.9782,2025-09-30,Increased,13F-NT,Steven Davis,steven.davis@statestree.com
Citadel Advisors,CDLC,NVIDIA Corp,NVDA,67066G104,15335773,4753956920.61,0.3742,2025-09-30,Increased,13F-NT,Robert Jones,robert.jones@citadeladv.com
Wellington Management,WMGI,Microsoft Corp,MSFT,594918104,42172229,20224148462.34,1.9428,2025-12-31,Unchanged,13F-HR,Michael Jackson,michael.jackson@wellington.com
State Street Corp,STT,UnitedHealth Group,UNH,91324P102,19362363,14859453293.21,2.3314,2024-09-30,New,13F-HR,Sarah Rodriguez,sarah.rodriguez@statestree.com
Bridgewater Associates,BWTR,Coca-Cola Co,KO,191216100,7461150,2895193877.64,0.9124,2025-03-31,Increased,13F-NT,Mark Jones,mark.jones@bridgewate.com
Fidelity Investments,FNF,Meta Platforms,META,30303M102,30228872,23867421362.96,0.6117,2024-03-31,Unchanged,13F-NT,Thomas Martin,thomas.martin@fidelityin.com
State Street Corp,STT,Coca-Cola Co,KO,191216100,21955991,16615187337.40,0.3400,2024-09-30,Unchanged,13F-NT,Robert Brown,robert.brown@statestree.com
T. Rowe Price,TROW,Bank of America,BAC,060505104,27102071,18982196319.60,0.4342,00-00-0000,Unchanged,13F-HR,Michael Martin,michael.martin@troweprice.com
Two Sigma Investments,TWSM,Exxon Mobil,XOM,30231G102,37608033,1636174248.67,1.2118,2024-09-30,Increased,13F-HR,Mark Thomas,mark.thomas@twosigmain.com
Bridgewater Associates,BWTR,Bank of America,BAC,060505104,40573558,15680478152.52,1.0600,2025-06-30,Unchanged,13F-NT,Sarah Martinez,sarah.martinez@bridgewate.com
Capital Group,CGBL,Exxon Mobil,XOM,30231G102,36727678,25587301617.62,0.8454,2025-03-31,Unchanged,13F-HR,Karen Brown,karen.brown@capitalgro.com
DE Shaw & Co,DSHW,Coca-Cola Co,KO,191216100,22427639,458812795.95,0.5843,2025-06-30,Unchanged,13F-HR,Jennifer Anderson,jennifer.anderson@deshaw&co.com
AQR Capital Management,AQRC,NVIDIA Corp,NVDA,67066G104,26120484,3938704619.98,0.8790,2025-06-30,Increased,13F-HR,Daniel White,daniel.white@aqrcapital.com
Vanguard Group,VGI,Bank of America,BAC,060505104,27955405,20628916570.37,0.4777,2024-09-30,Decreased,13F-HR,Karen Brown,karen.brown@vanguardgr.com
Millennium Management,MLNM,Walt Disney Co,DIS,254687106,47006006,15750382206.47,1.4395,2024-09-30,Unchanged,13F-HR,Margaret Lopez,margaret.lopez@millennium.com
Fidelity Investments,FNF,Walt Disney Co,DIS,254687106,48335512,14099825348.70,0.6188,2024-12-31,Unchanged,13F-HR,Margaret Davis,margaret.davis@fidelityin.com
Bridgewater Associates,BWTR,Johnson & Johnson,JNJ,478160104,44131333,15843463429.97,0.7262,2025-09-30,Decreased,13F-HR,William Rodriguez,william.rodriguez@bridgewate.com
Fidelity Investments,FNF,Adobe Inc,ADBE,00724F101,8898473,5113357916.58,0.1538,2024-12-31,Increased,13F-HR,Lisa Johnson,lisa.johnson@fidelityin.com
Appaloosa Management,APLS,Meta Platforms,META,30303M102,6678043,5315193620.43,0.1161,2025-12-31,Decreased,13F-HR,Mark White,mark.white@appaloosam.com
Bridgewater Associates,BWTR,Walt Disney Co,DIS,254687106,22104596,4525977563.82,0.6657,2025-06-30,Increased,13F-HR,Sarah Garcia,sarah.garcia@bridgewate.com
Bridgewater Associates,BWTR,Salesforce Inc,CRM,79466L302,10212146,2005185986.89,0.2524,2025-12-31,Unchanged,13F-HR,Jennifer Brown,jennifer.brown@bridgewate.com
DE Shaw & Co,DSHW,Bank of America,BAC,060505104,13689462,4688030050.04,0.3195,2025-03-31,Decreased,13F-HR,Richard Martinez,richard.martinez@deshaw&co.com
Millennium Management,MLNM,Adobe Inc,ADBE,00724F101,633236,16647016.99,0.0101,2025-12-31,Increased,13F-HR,David Hernandez,david.hernandez@millennium.com
DE Shaw & Co,DSHW,Procter & Gamble,PG,742718109,21234239,5818442278.42,0.3092,2024-03-31,Unchanged,13F-HR,Karen Martin,karen.martin@deshaw&co.com
Fidelity Investments,FNF,JPMorgan Chase,JPM,46625H100,30662056,24258574624.66,1.7309,2024-12-31,New,13F-HR,Steven Johnson,steven.johnson@fidelityin.com
JP Morgan Asset Mgmt,JPM,Pfizer Inc,PFE,717081103,19473999,4786129529.56,0.3727,2025-12-31,Decreased,13F-HR,Susan Martin,susan.martin@jpmorganas.com
BlackRock Inc,BLK,Bank of America,BAC,060505104,2866161,1391042729.04,0.0577,2025-12-31,Increased,13F-NT,David Lopez,david.lopez@blackrocki.com
Fidelity Investments,FNF,Apple Inc,AAPL,037833100,5806697,2699696527.36,0.1731,2024-09-30,Decreased,13F-NT,Steven Thompson,steven.thompson@fidelityin.com
State Street Corp,STT,Cisco Systems,CSCO,17275R102,2505006,1665228976.13,0.0368,2024-06-30,Unchanged,13F-HR,David Davis,david.davis@statestree.com
Capital Group,CGBL,Walt Disney Co,DIS,254687106,34656583,6055628984.57,0.6948,2025-03-31,Unchanged,13F-HR,Thomas Brown,thomas.brown@capitalgro.com
AQR Capital Management,AQRC,Home Depot,HD,437076102,7143248,4705560182.47,0.1501,2024-09-30,New,13F-HR,Jennifer Thomas,jennifer.thomas@aqrcapital.com
BlackRock Inc,BLK,NVIDIA Corp,NVDA,67066G104,3649302,599635782.77,0.1373,2024-12-31,Increased,13F-HR,William Anderson,william.anderson@blackrocki.com
Point72 Asset Mgmt,PT72,Chevron Corp,CVX,166764100,22767418,9779953406.48,2.5248,2024-06-30,Unchanged,13F-HR,Patricia Anderson,patricia.anderson@point72ass.com
Capital Group,CGBL,JPMorgan Chase,JPM,46625H100,39096069,9728968118.39,1.4726,2025-06-30,Decreased,13F-HR,Dorothy Davis,dorothy.davis@capitalgro.com
Point72 Asset Mgmt,PT72,Apple Inc,AAPL,037833100,39761017,22052649394.74,0.5043,2025-09-30,Increased,13F-HR,Daniel Brown,daniel.brown@point72ass.com
State Street Corp,STT,Microsoft Corp,MSFT,594918104,31116627,17040187627.79,0.4107,2025-06-30,Unchanged,13F-NT,Richard Martin,richard.martin@statestree.com
Millennium Management,MLNM,Adobe Inc,ADBE,00724F101,29995571,10564696439.94,0.4518,2025-06-30,New,13F-HR,Patricia Martin,patricia.martin@millennium.com
Two Sigma Investments,TWSM,Johnson & Johnson,JNJ,478160104,3285505,1179869565.11,0.0509,2024-03-31,Increased,13F-HR,Margaret Jackson,margaret.jackson@twosigmain.com
T. Rowe Price,TROW,Apple Inc,AAPL,037833100,28438708,15650525279.88,0.6672,2025-09-30,Unchanged,13F-NT,Margaret Rodriguez,margaret.rodriguez@troweprice.com
State Street Corp,STT,Bank of America,BAC,060505104,42156376,6868666833.62,0.8106,2024-12-31,Decreased,13F-HR,Sarah Thompson,sarah.thompson@statestree.com
State Street Corp,STT,NVIDIA Corp,NVDA,67066G104,39942130,2916153879.10,0.9507,2024-06-30,Unchanged,13F-HR,Daniel Brown,daniel.brown@statestree.com
BlackRock Inc,BLK,Meta Platforms,META,30303M102,48598376,12877921356.65,9.1155,2025-12-31,Unchanged,13F-HR,Thomas Hernandez,thomas.hernandez@blackrocki.com
Baupost Group,BPST,Walt Disney Co,DIS,254687106,31159294,8794361785.48,2.1801,2027-04-11,New,13F-HR,David Smith,david.smith@baupostgro.com
Vanguard Group,VGI,UnitedHealth Group,UNH,91324P102,226957,97769668.09,-0.0036,2024-06-30,New,13F-HR,Lisa Moore,lisa.moore@vanguardgr.com
BlackRock Inc,BLK,Procter & Gamble,PG,742718109,42808214,29048530639.27,2.9818,2025-12-31,New,13F-HR,Robert White,robert.white@blackrocki.com
Baupost Group,BPST,Visa Inc,V,92826C839,48373499,32641377884.70,1.5250,2025-09-30,Decreased,13F-HR,Sarah Johnson,sarah.johnson@baupostgro.com
Vanguard Group,VGI,JPMorgan Chase,JPM,46625H100,2682735,1984182583.98,0.0412,2024-12-31,Unchanged,13F-HR,Elizabeth Jackson,elizabeth.jackson@vanguardgr.com
Fidelity Investments,FNF,JPMorgan Chase,JPM,46625H100,4790016,1426725375.74,0.0782,2026-12-13,Unchanged,13F-HR,Robert White,robert.white@fidelityin.com
BlackRock Inc,BLK,UnitedHealth Group,UNH,91324P102,49738369,35087226336.36,0.6725,2024-12-31,New,13F-HR,Sarah Martinez,sarah.martinez@blackrocki.com
Capital Group,CGBL,Alphabet Inc,GOOGL,02079K305,6185503,3987519193.12,-0.1830,2024-09-30,Unchanged,13F-HR,Mark Miller,mark.miller@capitalgro.com
Goldman Sachs AM,GS,JPMorgan Chase,JPM,46625H100,36151541,16387712715.79,1.0495,2024-06-30,Increased,13F-HR,Karen White,karen.white@goldmansac.com
State Street Corp,STT,Cisco Systems,CSCO,17275R102,45787098,27922663675.14,0.7433,2025-09-30,Increased,13F-HR,William Miller,william.miller@statestree.com
AQR Capital Management,AQRC,Chevron Corp,CVX,166764100,13183420,362824706.06,0.5569,2025-12-31,Decreased,13F-HR,William Williams,william.williams@aqrcapital.com
AQR Capital Management,AQRC,Netflix Inc,NFLX,64110L106,38465874,8306610343.21,0.7889,2024-12-31,Increased,13F-NT,William White,william.white@aqrcapital.com
JP Morgan Asset Mgmt,JPM,Berkshire Hathaway,BRK.B,084670702,6011563,3064954656.95,0.1810,2025-06-30,New,13F-HR,Nancy Thompson,nancy.thompson@jpmorganas.com
Vanguard Group,VGI,Tesla Inc,TSLA,88160R101,23937315,7844210072.81,0.3103,2025-03-31,Unchanged,13F-HR,Nancy Rodriguez,nancy.rodriguez@vanguardgr.com
Point72 Asset Mgmt,PT72,Tesla Inc,TSLA,88160R101,13126565,4320947847.73,0.1820,2025-12-31,Increased,13F-NT,Jennifer Jones,jennifer.jones@point72ass.com
Baupost Group,BPST,Chevron Corp,CVX,166764100,24907014,15070984754.17,1.1381,2024-12-31,Unchanged,13F-NT,Daniel Miller,daniel.miller@baupostgro.com
Baupost Group,BPST,Berkshire Hathaway,BRK.B,084670702,39169584,15462195293.29,0.5559,2024-03-31,Increased,13F-HR,Dorothy Thomas,dorothy.thomas@baupostgro.com
JP Morgan Asset Mgmt,JPM,Adobe Inc,ADBE,00724F101,43126757,17810757075.39,5.1961,2025-12-31,Increased,13F-HR,Robert Anderson,robert.anderson@jpmorganas.com
Goldman Sachs AM,GS,Exxon Mobil,XOM,30231G102,15562473,1074304059.25,0.7458,2025-12-31,Unchanged,13F-HR,Robert Miller,robert.miller@goldmansac.com
Capital Group,CGBL,Pfizer Inc,PFE,717081103,42080319,12842632686.15,1.2825,2024-12-31,Increased,13F-HR,Robert Johnson,robert.johnson@capitalgro.com
Goldman Sachs AM,GS,Walt Disney Co,DIS,254687106,21042611,5825499779.15,0.2881,2024-06-30,Unchanged,13F-HR,Daniel Davis,daniel.davis@goldmansac.com
Goldman Sachs AM,GS,Amazon.com Inc,AMZN,023135106,48607633,25706187173.81,1.9973,2024-03-31,Decreased,13F-HR,Richard Smith,richard.smith@goldmansac.com
Two Sigma Investments,TWSM,Apple Inc,AAPL,037833100,25803925,10406411568.74,1.4691,2024-06-30,Increased,13F-HR,Susan Garcia,susan.garcia@twosigmain.com
JP Morgan Asset Mgmt,JPM,Netflix Inc,NFLX,64110L106,27281853,18879725352.99,0.5245,2025-06-30,New,13F-HR,Mark Miller,mark.miller@jpmorganas.com
Two Sigma Investments,TWSM,Adobe Inc,ADBE,00724F101,32199165,13146534592.03,0.4161,2024-09-30,Unchanged,13F-HR,Margaret Brown,margaret.brown@twosigmain.com
Renaissance Technologies,RNTC,Cisco Systems,CSCO,17275R102,18036039,10578121651.95,1.8393,2027-02-17,Unchanged,13F-NT,Daniel Moore,daniel.moore@renaissanc.com
JP Morgan Asset Mgmt,JPM,Berkshire Hathaway,BRK.B,084670702,2875513,1607050607.92,0.1272,2024-09-30,Unchanged,13F-HR,Steven Anderson,steven.anderson@jpmorganas.com
Fidelity Investments,FNF,JPMorgan Chase,JPM,46625H100,21290464,15000560243.67,0.6394,2025-12-31,Decreased,13F-NT,Mark Jones,mark.jones@fidelityin.com
Goldman Sachs AM,GS,Coca-Cola Co,KO,191216100,47671331,5039022872.62,3.0440,2024-09-30,New,13F-HR,Dorothy Johnson,dorothy.johnson@goldmansac.com
Citadel Advisors,CDLC,Home Depot,HD,437076102,3473186,2630509431.71,0.0936,2024-09-30,Decreased,13F-HR,Jennifer Rodriguez,jennifer.rodriguez@citadeladv.com
State Street Corp,STT,Berkshire Hathaway,BRK.B,084670702,41303481,12775310518.24,1.1251,2025-09-30,New,13F-NT,Steven Lopez,steven.lopez@statestree.com
Capital Group,CGBL,Exxon Mobil,XOM,30231G102,26760118,18024166835.12,1.8158,2025-09-30,New,13F-HR,David Thomas,david.thomas@capitalgro.com
State Street Corp,STT,Bank of America,BAC,060505104,2636783,562267882.22,0.0395,2024-09-30,Unchanged,13F-NT,Steven Jackson,steven.jackson@statestree.com
Citadel Advisors,CDLC,Johnson & Johnson,JNJ,478160104,14224178,10682138843.26,0.2684,2024-03-31,Increased,13F-NT,Karen Davis,karen.davis@citadeladv.com
Morgan Stanley IM,MS,Johnson & Johnson,JNJ,478160104,unknown,3713591986.29,0.4447,2024-03-31,Increased,13F-HR,David Jones,david.jones@morganstan.com
Fidelity Investments,FNF,Home Depot,HD,437076102,9753644,3149922249.31,1.8795,2025-03-31,Increased,13F-HR,James Miller,james.miller@fidelityin.com
DE Shaw & Co,DSHW,Berkshire Hathaway,BRK.B,084670702,46607425,25324515838.55,0.7497,2025-06-30,Unchanged,13F-HR,David Martinez,david.martinez@deshaw&co.com
Baupost Group,BPST,Procter & Gamble,PG,742718109,28613701,9626741109.61,-0.5681,2024-06-30,New,13F-HR,David Thompson,david.thompson@baupostgro.com
BlackRock Inc,BLK,UnitedHealth Group,UNH,91324P102,42947510,19002843511.76,0.6048,2025-06-30,Increased,13F-HR,Steven Jones,steven.jones@blackrocki.com
Renaissance Technologies,RNTC,UnitedHealth Group,UNH,91324P102,47405272,18492457243.03,0.7728,2025-09-30,Unchanged,13F-HR,Nancy Anderson,nancy.anderson@renaissanc.com
Millennium Management,MLNM,Alphabet Inc,GOOGL,02079K305,18937718,2980550408.63,2.1351,2024-09-30,Increased,13F-HR,James Thompson,james.thompson@millennium.com
Point72 Asset Mgmt,PT72,Bank of America,BAC,060505104,46494904,31418696654.59,0.9783,2024-09-30,Decreased,13F-HR,Steven Johnson,steven.johnson@point72ass.com
State Street Corp,STT,Microsoft Corp,MSFT,594918104,27991505,22256421856.35,0.5101,2024-06-30,Increased,13F-NT,Elizabeth Lopez,elizabeth.lopez@statestree.com
Two Sigma Investments,TWSM,Visa Inc,V,92826C839,46232341,24754969845.62,0.6297,2025-09-30,Increased,13F-NT,Sarah Taylor,sarah.taylor@twosigmain.com
Goldman Sachs AM,GS,Coca-Cola Co,KO,191216100,16050296,6339578688.18,0.4014,2024-12-31,Unchanged,13F-HR,Daniel Miller,daniel.miller@goldmansac.com
Two Sigma Investments,TWSM,JPMorgan Chase,JPM,46625H100,30837004,4746065132.32,0.7608,2024-03-31,Increased,13F-NT,Patricia Martin,patricia.martin@twosigmain.com
Morgan Stanley IM,MS,Exxon Mobil,XOM,30231G102,45120602,34886511811.58,4.7954,2024-06-30,Decreased,13F-HR,Dorothy Thompson,dorothy.thompson@morganstan.com
AQR Capital Management,AQRC,Pfizer Inc,PFE,717081103,48836828,6351989286.37,1.5660,2025-03-31,New,13F-HR,,
State Street Corp,STT,Cisco Systems,CSCO,17275R102,4375386,522404068.35,0.1048,2024-09-30,Increased,13F-HR,Nancy Rodriguez,nancy.rodriguez@statestree.com
Citadel Advisors,CDLC,Adobe Inc,ADBE,00724F101,35812343,7628657726.33,0.8121,2025-09-30,Increased,13F-HR,Dorothy Taylor,dorothy.taylor@citadeladv.com
Renaissance Technologies,RNTC,Home Depot,HD,437076102,25682048,13423250920.64,0.5245,not_a_date,Unchanged,13F-HR,James Martin,james.martin@renaissanc.com
Wellington Management,WMGI,NVIDIA Corp,NVDA,67066G104,42641100,11155324630.23,1.3583,2025-12-31,Increased,13F-HR,Mark Thomas,mark.thomas@wellington.com
T. Rowe Price,TROW,Visa Inc,V,92826C839,46900689,17382216674.17,0.8739,2024-06-30,Increased,13F-HR,Susan Thompson,susan.thompson@troweprice.com
Appaloosa Management,APLS,JPMorgan Chase,JPM,46625H100,42392956,29471179042.90,0.7230,2025-12-31,Unchanged,13F-HR,Mark Lopez,mark.lopez@appaloosam.com
DE Shaw & Co,DSHW,Salesforce Inc,CRM,79466L302,30481149,15548990594.51,0.5121,2025-12-31,New,13F-NT,James Anderson,james.anderson@deshaw&co.com
Appaloosa Management,APLS,Salesforce Inc,CRM,79466L302,8083835,4435822256.23,0.1108,2025-09-30,Unchanged,13F-HR,Karen Brown,karen.brown@appaloosam.com
DE Shaw & Co,DSHW,Apple Inc,AAPL,037833100,33189579,16707089580.38,1.1347,2024-06-30,Increased,13F-HR,Sarah Martinez,sarah.martinez@deshaw&co.com
State Street Corp,STT,Tesla Inc,TSLA,88160R101,7942856,262213448.10,0.1132,2025-03-31,Decreased,13F-HR,Susan Martin,susan.martin@statestree.com
Wellington Management,WMGI,NVIDIA Corp,NVDA,67066G104,36794969,14981317287.28,0.6470,2024-03-31,Increased,13F-HR,Karen Anderson,karen.anderson@wellington.com
Goldman Sachs AM,GS,Intel Corp,INTC,458140100,26349931,1618287354.24,0.6226,2024-06-30,Increased,13F-HR,Steven Brown,steven.brown@goldmansac.com
DE Shaw & Co,DSHW,Chevron Corp,CVX,166764100,36822250,13512994222.57,0.4726,2025-03-31,Unchanged,13F-HR,Sarah White,sarah.white@deshaw&co.com
JP Morgan Asset Mgmt,JPM,Alphabet Inc,GOOGL,02079K305,45038565,28992893515.73,1.0826,2024-09-30,Increased,13F-NT,Margaret Moore,margaret.moore@jpmorganas.com
BlackRock Inc,BLK,Bank of America,BAC,060505104,3470306,369774652.74,0.1676,2025-06-30,Decreased,13F-HR,Dorothy Johnson,dorothy.johnson@blackrocki.com
Millennium Management,MLNM,Amazon.com Inc,AMZN,023135106,48304191,27174039578.43,2.1420,2025-06-30,New,13F-NT,Robert Miller,robert.miller@millennium.com
State Street Corp,STT,Coca-Cola Co,KO,191216100,6215153,2720967372.30,0.1530,2025-06-30,Unchanged,13F-NT,Robert Rodriguez,robert.rodriguez@statestree.com
Vanguard Group,VGI,Coca-Cola Co,KO,191216100,45483696,20301490669.39,5.5656,2025-03-31,Decreased,13F-HR,Thomas White,thomas.white@vanguardgr.com
State Street Corp,STT,Microsoft Corp,MSFT,594918104,19755359,13392064418.37,3.8862,2024-03-31,New,13F-HR,James Martinez,james.martinez@statestree.com
Appaloosa Management,APLS,Meta Platforms,META,30303M102,11578108,7489768556.45,0.6868,2025-12-31,Increased,13F-HR,Elizabeth Johnson,elizabeth.johnson@appaloosam.com
AQR Capital Management,AQRC,Pfizer Inc,PFE,717081103,36412405,10487508417.27,1.2787,2025-03-31,New,13F-HR,Robert Hernandez,robert.hernandez@aqrcapital.com
Goldman Sachs AM,GS,Exxon Mobil,XOM,30231G102,37333097,26743679482.98,0.9560,2024-03-31,New,13F-HR,Steven Jackson,steven.jackson@goldmansac.com
Fidelity Investments,FNF,Tesla Inc,TSLA,88160R101,15897096,10118358330.31,2.5938,2024-09-30,Decreased,13F-HR,Margaret White,margaret.white@fidelityin.com
Vanguard Group,VGI,Pfizer Inc,PFE,717081103,13104851,8595058099.37,0.1881,2024-09-30,Increased,13F-HR,Karen Hernandez,karen.hernandez@vanguardgr.com
Appaloosa Management,APLS,Coca-Cola Co,KO,191216100,6829892,5137197364.14,0.0894,2024-03-31,Unchanged,13F-HR,William Taylor,william.taylor@appaloosam.com
Capital Group,CGBL,UnitedHealth Group,UNH,91324P102,28745743,12600313114.46,1.3989,2025-09-30,Increased,13F-HR,,
Appaloosa Management,APLS,Netflix Inc,NFLX,64110L106,17808459,13279132840.98,0.2931,2024-09-30,Decreased,13F-NT,Lisa Taylor,lisa.taylor@appaloosam.com
Appaloosa Management,APLS,Berkshire Hathaway,BRK.B,084670702,36605536,27374050402.34,2.6758,2024-03-31,Increased,13F-HR,Susan Brown,susan.brown@appaloosam.com
Renaissance Technologies,RNTC,Johnson & Johnson,JNJ,478160104,2844202,1882245644.59,0.0467,2025-12-31,Unchanged,13F-NT,Susan Martinez,susan.martinez@renaissanc.com
Vanguard Group,VGI,Amazon.com Inc,AMZN,023135106,24226388,6107346630.59,0.5304,2025-12-31,Decreased,13F-NT,Michael Thomas,michael.thomas@vanguardgr.com
Baupost Group,BPST,Berkshire Hathaway,BRK.B,084670702,25462396,13141720970.25,2.3948,2024-06-30,Increased,13F-HR,Richard Jackson,richard.jackson@baupostgro.com
AQR Capital Management,AQRC,Tesla Inc,TSLA,88160R101,10482123,4486104916.34,0.2051,2024-06-30,Increased,13F-HR,David Williams,david.williams@aqrcapital.com
Bridgewater Associates,BWTR,Cisco Systems,CSCO,17275R102,18186738,5939087034.79,0.2475,2025-12-31,New,13F-HR,Nancy Thomas,nancy.thomas@bridgewate.com
JP Morgan Asset Mgmt,JPM,Exxon Mobil,XOM,30231G102,21981067,8119414946.62,0.5497,2024-09-30,Increased,13F-HR,Karen Davis,karen.davis@jpmorganas.com
Bridgewater Associates,BWTR,Home Depot,HD,437076102,17170553,1009040690.12,0.2671,2025-12-31,Decreased,13F-HR,Karen Miller,karen.miller@bridgewate.com
AQR Capital Management,AQRC,Pfizer Inc,PFE,717081103,41451776,17533716080.98,1.2379,2025-12-31,Unchanged,13F-HR,Steven Moore,steven.moore@aqrcapital.com
State Street Corp,STT,Visa Inc,V,92826C839,13948319,7369702369.32,1.0012,2025-12-31,New,13F-HR,Dorothy White,dorothy.white@statestree.com
BlackRock Inc,BLK,Visa Inc,V,92826C839,37618847,24403870603.76,2.6643,2025-06-30,Decreased,13F-HR,Jennifer Martinez,jennifer.martinez@blackrocki.com
Vanguard Group,VGI,Amazon.com Inc,AMZN,023135106,7962764,5252909195.49,0.1819,2024-12-31,Unchanged,13F-HR,Jennifer Davis,jennifer.davis@vanguardgr.com
Appaloosa Management,APLS,Home Depot,HD,437076102,9459571,6490753035.73,0.5658,00-00-0000,Increased,13F-NT,Margaret Hernandez,margaret.hernandez@appaloosam.com
Wellington Management,WMGI,Meta Platforms,META,30303M102,11096021,5962588809.17,0.5208,2025-09-30,Unchanged,13F-HR,Elizabeth Brown,elizabeth.brown@wellington.com
DE Shaw & Co,DSHW,NVIDIA Corp,NVDA,67066G104,26126580,755214323.29,0.5441,2024-12-31,Decreased,13F-HR,Karen Thomas,karen.thomas@deshaw&co.com
Wellington Management,WMGI,Meta Platforms,META,30303M102,14648890,9483685317.29,0.2599,2024-12-31,Increased,13F-NT,James Taylor,james.taylor@wellington.com
Point72 Asset Mgmt,PT72,Microsoft Corp,MSFT,594918104,40727667,25721548724.53,0.8791,2024-06-30,Decreased,13F-HR,Robert Rodriguez,robert.rodriguez@point72ass.com
Citadel Advisors,CDLC,Home Depot,HD,437076102,21561656,11921977627.56,0.4597,2025-09-30,Increased,13F-HR,Patricia Williams,patricia.williams@citadeladv.com
Bridgewater Associates,BWTR,Alphabet Inc,GOOGL,,31879315,13288709938.32,1.1883,2025-03-31,Unchanged,13F-NT,Dorothy Moore,dorothy.moore@bridgewate.com
Capital Group,CGBL,Walt Disney Co,DIS,254687106,25795015,5692920951.48,1.7442,2025-03-31,Decreased,13F-HR,Jennifer White,jennifer.white@capitalgro.com
Two Sigma Investments,TWSM,Johnson & Johnson,JNJ,478160104,17787147,1543334663.83,2.1820,2024-03-31,Increased,13F-HR,Steven Johnson,steven.johnson@twosigmain.com
State Street Corp,STT,JPMorgan Chase,JPM,46625H100,35960322,5189682064.61,1.2859,2024-03-31,Decreased,13F-NT,Elizabeth Thomas,elizabeth.thomas@statestree.com
T. Rowe Price,TROW,Johnson & Johnson,JNJ,478160104,40593871,30139209152.69,0.5198,2024-03-31,Unchanged,13F-HR,Elizabeth Lopez,elizabeth.lopez@troweprice.com
Baupost Group,BPST,Johnson & Johnson,JNJ,478160104,2037159,368466106.38,0.0262,2024-09-30,New,13F-HR,Margaret Davis,margaret.davis@baupostgro.com
Fidelity Investments,FNF,JPMorgan Chase,JPM,46625H100,49666965,15200659012.77,1.5161,2024-12-31,Unchanged,13F-HR,Thomas Johnson,thomas.johnson@fidelityin.com
State Street Corp,STT,Walt Disney Co,DIS,254687106,TBD,4382151948.67,0.9094,2025-12-31,Increased,13F-HR,Robert Hernandez,robert.hernandez@statestree.com
DE Shaw & Co,DSHW,Procter & Gamble,PG,742718109,11320742,3076441371.21,1.1566,2024-09-30,Unchanged,13F-NT,Susan Martinez,susan.martinez@deshaw&co.com
Morgan Stanley IM,MS,Bank of America,BAC,060505104,23622679,8227283374.89,0.2980,2024-06-30,Unchanged,13F-HR,Margaret Anderson,margaret.anderson@morganstan.com
Baupost Group,BPST,JPMorgan Chase,JPM,46625H100,4925824,2490883693.97,0.0710,2024-09-30,Increased,13F-HR,Jennifer Brown,jennifer.brown@baupostgro.com
Wellington Management,WMGI,Walt Disney Co,DIS,254687106,38031635,27668703511.67,4.4274,2024-03-31,New,13F-HR,Robert Lopez,robert.lopez@wellington.com
Millennium Management,MLNM,Adobe Inc,ADBE,00724F101,12045595,2337861446.32,0.1718,2024-03-31,New,13F-HR,Robert Thomas,robert.thomas@millennium.com
Renaissance Technologies,RNTC,Coca-Cola Co,KO,191216100,41437074,28607478761.38,1.2543,2025-09-30,Unchanged,13F-HR,Patricia Garcia,patricia.garcia@renaissanc.com
Millennium Management,MLNM,Tesla Inc,TSLA,88160R101,45682572,8818953437.55,7.9891,2024-09-30,Unchanged,13F-HR,Thomas Jackson,thomas.jackson@millennium.com
T. Rowe Price,TROW,Tesla Inc,TSLA,88160R101,48120093,23811918278.30,0.9217,2024-12-31,Increased,13F-HR,Margaret Jackson,margaret.jackson@troweprice.com
Baupost Group,BPST,Netflix Inc,NFLX,64110L106,771562,144961541.85,0.0130,2025-03-31,Increased,13F-HR,Michael Brown,michael.brown@baupostgro.com
BlackRock Inc,BLK,Cisco Systems,CSCO,17275R102,30231419,15175263414.21,1.0760,2025-12-31,Increased,13F-HR,Richard Davis,richard.davis@blackrocki.com
T. Rowe Price,TROW,Visa Inc,V,92826C839,15289499,5801246878.05,0.7921,2025-12-31,Unchanged,13F-HR,Patricia Rodriguez,patricia.rodriguez@troweprice.com
DE Shaw & Co,DSHW,Chevron Corp,CVX,166764100,11691529,3192449180.99,0.2365,2025-12-31,New,13F-HR,,
Renaissance Technologies,RNTC,Salesforce Inc,CRM,79466L302,TBD,20661399861.78,0.4428,2024-12-31,Increased,13F-HR,Jennifer Brown,jennifer.brown@renaissanc.com
Two Sigma Investments,TWSM,Adobe Inc,ADBE,00724F101,38031784,26513645739.14,2.9479,2025-06-30,Unchanged,13F-HR,Sarah Rodriguez,sarah.rodriguez@twosigmain.com
Fidelity Investments,FNF,Meta Platforms,META,30303M102,41671909,14671190831.56,0.6200,2024-03-31,New,13F-NT,Lisa Smith,lisa.smith@fidelityin.com
Point72 Asset Mgmt,PT72,Bank of America,BAC,060505104,14206476,8441006943.88,1.6044,2025-09-30,Unchanged,13F-NT,Steven White,steven.white@point72ass.com
JP Morgan Asset Mgmt,JPM,Berkshire Hathaway,BRK.B,084670702,41604152,32475782106.05,2.1790,2025-09-30,Decreased,13F-HR,William Taylor,william.taylor@jpmorganas.com
State Street Corp,STT,Intel Corp,INTC,458140100,34795180,9583624331.49,0.5350,2024-06-30,Decreased,13F-HR,Susan Moore,susan.moore@statestree.com
Two Sigma Investments,TWSM,Chevron Corp,CVX,166764100,21516275,15385259086.34,0.3010,2024-03-31,Unchanged,13F-HR,Michael Johnson,michael.johnson@twosigmain.com
Morgan Stanley IM,MS,Bank of America,BAC,060505104,11003548,4921269149.71,0.1675,2025-06-30,New,13F-HR,Karen Moore,karen.moore@morganstan.com
Millennium Management,MLNM,Exxon Mobil,XOM,30231G102,14455133,8379812212.37,0.2817,2025-09-30,Decreased,13F-NT,Lisa White,lisa.white@millennium.com
JP Morgan Asset Mgmt,JPM,Apple Inc,AAPL,037833100,10975013,7571614370.85,0.1849,2024-06-30,Increased,13F-HR,Karen Williams,karen.williams@jpmorganas.com
Bridgewater Associates,BWTR,Adobe Inc,ADBE,00724F101,19425711,3941618212.19,0.5776,2024-06-30,Increased,13F-HR,,
Baupost Group,BPST,Microsoft Corp,MSFT,594918104,28497747,11588542775.18,0.9879,2024-12-31,Unchanged,13F-HR,Steven Taylor,steven.taylor@baupostgro.com
AQR Capital Management,AQRC,NVIDIA Corp,NVDA,67066G104,23179198,2216703415.95,0.2999,2024-12-31,Decreased,13F-NT,Richard Lopez,richard.lopez@aqrcapital.com
Capital Group,CGBL,Adobe Inc,ADBE,00724F101,5136815,630479666.72,0.0795,2025-09-30,Decreased,13F-NT,Mark White,mark.white@capitalgro.com
Capital Group,CGBL,Home Depot,HD,437076102,16432490,4652590552.78,0.3569,2024-06-30,New,13F-NT,Richard Williams,richard.williams@capitalgro.com
Baupost Group,BPST,Microsoft Corp,MSFT,594918104,41537363,15017390949.92,1.3670,2025-12-31,New,13F-NT,Michael Garcia,michael.garcia@baupostgro.com
Point72 Asset Mgmt,PT72,Meta Platforms,META,30303M102,8487719,1747234711.27,0.2406,2025-06-30,New,13F-HR,Susan Moore,susan.moore@point72ass.com
BlackRock Inc,BLK,Procter & Gamble,PG,742718109,18396318,5653455332.55,0.2710,2024-12-31,Increased,13F-HR,Daniel Brown,daniel.brown@blackrocki.com
Appaloosa Management,APLS,UnitedHealth Group,UNH,91324P102,45523785,11027306330.43,8.7261,2024-09-30,Unchanged,13F-HR,Jennifer Smith,jennifer.smith@appaloosam.com
JP Morgan Asset Mgmt,JPM,Salesforce Inc,CRM,79466L302,41116340,31125625863.76,0.6694,2025-06-30,New,13F-NT,Susan Thompson,susan.thompson@jpmorganas.com
Fidelity Investments,FNF,Netflix Inc,NFLX,64110L106,28592374,13618069898.67,0.3682,2025-12-31,Increased,13F-NT,Karen Martinez,karen.martinez@fidelityin.com
Millennium Management,MLNM,Intel Corp,INTC,458140100,9935426,7782788796.84,0.2378,2024-03-31,Unchanged,13F-HR,Richard Taylor,richard.taylor@millennium.com
Capital Group,CGBL,JPMorgan Chase,JPM,46625H100,24620736,7521667100.70,2.0547,2024-03-31,Unchanged,13F-HR,David Martin,david.martin@capitalgro.com
Fidelity Investments,FNF,Berkshire Hathaway,BRK.B,084670702,8902905,3451450699.36,0.2346,2025-03-31,Unchanged,13F-HR,Steven Thomas,steven.thomas@fidelityin.com
Citadel Advisors,CDLC,Home Depot,HD,437076102,14410018,644468758.14,0.3263,2025-03-31,Increased,13F-NT,David Jackson,david.jackson@citadeladv.com
Morgan Stanley IM,MS,Apple Inc,AAPL,037833100,13580196,1182976492.38,2.4618,2025-03-31,Increased,13F-NT,Karen Brown,karen.brown@morganstan.com
Point72 Asset Mgmt,PT72,Home Depot,HD,437076102,14152345,9421230360.97,0.2811,2024-12-31,Increased,13F-HR,Richard Brown,richard.brown@point72ass.com
Goldman Sachs AM,GS,Tesla Inc,TSLA,88160R101,20920882,10350789917.47,0.2985,2025-09-30,Decreased,13F-NT,Elizabeth Martin,elizabeth.martin@goldmansac.com
Renaissance Technologies,RNTC,NVIDIA Corp,NVDA,67066G104,49015313,27892763981.81,1.6055,2024-09-30,Unchanged,13F-NT,James Jackson,james.jackson@renaissanc.com
BlackRock Inc,BLK,Salesforce Inc,CRM,79466L302,28022480,9115654204.76,0.4168,00-00-0000,Unchanged,13F-HR,Mark Garcia,mark.garcia@blackrocki.com
Bridgewater Associates,BWTR,Visa Inc,V,92826C839,35538606,21161430637.65,0.6459,2024-09-30,New,13F-HR,Lisa Johnson,lisa.johnson@bridgewate.com
Millennium Management,MLNM,Home Depot,HD,437076102,21672746,6926021037.16,0.5775,2025-03-31,Increased,13F-HR,Richard Johnson,richard.johnson@millennium.com
Goldman Sachs AM,GS,Bank of America,BAC,060505104,6660869,4391360887.43,0.1763,2024-06-30,Increased,13F-HR,Nancy Miller,nancy.miller@goldmansac.com
JP Morgan Asset Mgmt,JPM,Salesforce Inc,CRM,79466L302,36219385,13168439683.42,0.5063,2024-12-31,Increased,13F-NT,Robert Anderson,robert.anderson@jpmorganas.com
Two Sigma Investments,TWSM,Apple Inc,AAPL,037833100,43066760,19796266144.29,0.7832,2025-12-31,Decreased,13F-NT,Michael Rodriguez,michael.rodriguez@twosigmain.com
Morgan Stanley IM,MS,Microsoft Corp,MSFT,594918104,24921622,11278075216.03,0.4760,2025-12-31,Decreased,13F-HR,Nancy Brown,nancy.brown@morganstan.com
Millennium Management,MLNM,Berkshire Hathaway,BRK.B,084670702,27073460,17796483857.35,3.2285,2025-09-30,Unchanged,13F-HR,Steven White,steven.white@millennium.com
Two Sigma Investments,TWSM,Cisco Systems,CSCO,17275R102,48685683,34091531651.42,1.5202,2025-03-31,Decreased,13F-NT,Dorothy Martin,dorothy.martin@twosigmain.com
Citadel Advisors,CDLC,Berkshire Hathaway,BRK.B,084670702,14755692,9921154438.28,0.3788,2025-12-31,Decreased,13F-HR,William Miller,william.miller@citadeladv.com
JP Morgan Asset Mgmt,JPM,Alphabet Inc,GOOGL,02079K305,5542852,3427982350.73,0.1156,not_a_date,Increased,13F-NT,Dorothy Lopez,dorothy.lopez@jpmorganas.com
Wellington Management,WMGI,Meta Platforms,META,30303M102,43385097,6645472502.03,2.6116,2024-09-30,Increased,13F-HR,Dorothy Jackson,dorothy.jackson@wellington.com
Renaissance Technologies,RNTC,Apple Inc,AAPL,037833100,21419457,2579262855.75,0.8000,2024-09-30,Unchanged,13F-HR,Steven Smith,steven.smith@renaissanc.com
Appaloosa Management,APLS,NVIDIA Corp,NVDA,67066G104,9867397,3008475508.82,1.1757,2024-03-31,Unchanged,13F-HR,Michael Smith,michael.smith@appaloosam.com
State Street Corp,STT,Walt Disney Co,DIS,254687106,42799706,30945729103.77,1.1792,2024-12-31,Unchanged,13F-HR,William Garcia,william.garcia@statestree.com
T. Rowe Price,TROW,Meta Platforms,META,30303M102,33192438,14960226746.64,1.0711,2025-03-31,New,13F-NT,Richard Anderson,richard.anderson@troweprice.com
Fidelity Investments,FNF,Amazon.com Inc,AMZN,023135106,18089696,858940397.66,0.2332,2025-06-30,Increased,13F-HR,Daniel Garcia,daniel.garcia@fidelityin.com
DE Shaw & Co,DSHW,Cisco Systems,CSCO,17275R102,21587295,10618888645.10,0.8136,2024-12-31,New,13F-HR,Robert Moore,robert.moore@deshaw&co.com
Appaloosa Management,APLS,Cisco Systems,CSCO,17275R102,45114544,5615825067.13,4.4836,2024-06-30,Increased,13F-HR,Elizabeth Brown,elizabeth.brown@appaloosam.com
Goldman Sachs AM,GS,Chevron Corp,CVX,166764100,11298313,7106383015.35,0.1564,2025-03-31,Unchanged,13F-HR,Karen Thompson,karen.thompson@goldmansac.com
Baupost Group,BPST,Netflix Inc,NFLX,64110L106,46279578,11684163691.56,1.0666,2024-03-31,Unchanged,13F-HR,Nancy Lopez,nancy.lopez@baupostgro.com
BlackRock Inc,BLK,Amazon.com Inc,AMZN,023135106,25461977,7999956184.72,1.0007,2025-09-30,New,13F-HR,James Garcia,james.garcia@blackrocki.com
State Street Corp,STT,Bank of America,BAC,060505104,35280877,14355806201.34,1.4533,2025-12-31,Increased,13F-HR,Nancy Garcia,nancy.garcia@statestree.com
Bridgewater Associates,BWTR,NVIDIA Corp,NVDA,67066G104,23851813,4374791825.71,0.4014,2025-06-30,Increased,13F-HR,Michael Lopez,michael.lopez@bridgewate.com
BlackRock Inc,BLK,Cisco Systems,CSCO,17275R102,19353659,8658673565.86,0.4257,2024-09-30,New,13F-HR,Sarah Davis,sarah.davis@blackrocki.com
Vanguard Group,VGI,Berkshire Hathaway,BRK.B,084670702,27444118,12999768987.38,0.8869,2024-12-31,Decreased,13F-HR,Richard Thompson,richard.thompson@vanguardgr.com
Bridgewater Associates,BWTR,Meta Platforms,META,30303M102,328575,85030670.30,0.0110,2025-03-31,Unchanged,13F-HR,Thomas Brown,thomas.brown@bridgewate.com
Millennium Management,MLNM,Exxon Mobil,XOM,30231G102,45392555,22073486186.39,1.1209,2025-06-30,Increased,13F-NT,Daniel Martin,daniel.martin@millennium.com
Goldman Sachs AM,GS,Adobe Inc,ADBE,00724F101,18566624,581226820.88,0.3695,2024-06-30,Decreased,13F-NT,Karen Anderson,karen.anderson@goldmansac.com
Vanguard Group,VGI,Amazon.com Inc,AMZN,023135106,22276875,5515383170.36,2.2936,2024-06-30,Increased,13F-HR,Thomas Jackson,thomas.jackson@vanguardgr.com
JP Morgan Asset Mgmt,,Visa Inc,V,92826C839,5556485,3118559179.32,0.0769,2024-09-30,Unchanged,13F-HR,Daniel Smith,daniel.smith@jpmorganas.com
Bridgewater Associates,BWTR,Walt Disney Co,DIS,254687106,33050403,23813956800.35,0.4551,2025-06-30,Increased,13F-NT,Patricia Martin,patricia.martin@bridgewate.com
BlackRock Inc,BLK,Intel Corp,INTC,458140100,3668413,1129650393.35,0.1383,2024-12-31,Unchanged,13F-HR,Margaret Johnson,margaret.johnson@blackrocki.com
Citadel Advisors,CDLC,NVIDIA Corp,NVDA,67066G104,2894565,1272672370.37,0.1662,2024-12-31,Decreased,13F-HR,Jennifer Miller,jennifer.miller@citadeladv.com
Goldman Sachs AM,GS,Chevron Corp,CVX,166764100,47370427,37859095412.81,0.7142,2025-06-30,Decreased,13F-NT,Sarah Thomas,sarah.thomas@goldmansac.com
Two Sigma Investments,TWSM,Salesforce Inc,CRM,79466L302,35842001,8410880336.29,0.8845,2024-06-30,Unchanged,13F-HR,William Miller,william.miller@twosigmain.com
Vanguard Group,VGI,Chevron Corp,CVX,,11652734,7276354136.33,0.1921,2025-09-30,New,13F-HR,Susan Anderson,susan.anderson@vanguardgr.com
Renaissance Technologies,RNTC,Pfizer Inc,PFE,717081103,22171610,4864535095.36,0.5126,2025-06-30,Unchanged,13F-HR,Michael Jackson,michael.jackson@renaissanc.com
BlackRock Inc,BLK,Johnson & Johnson,JNJ,478160104,6091641,3825993986.54,0.2822,2024-03-31,Unchanged,13F-HR,William Lopez,william.lopez@blackrocki.com
Fidelity Investments,FNF,Coca-Cola Co,KO,191216100,11206121,7354941814.24,0.2061,2025-06-30,Decreased,13F-HR,Lisa Jones,lisa.jones@fidelityin.com
AQR Capital Management,AQRC,Procter & Gamble,PG,742718109,9986031,6735036232.82,0.1388,2025-09-30,New,13F-HR,Dorothy Johnson,dorothy.johnson@aqrcapital.com
Capital Group,CGBL,Procter & Gamble,PG,742718109,30606711,23440051900.83,0.4107,2025-03-31,Decreased,13F-HR,Sarah Thompson,sarah.thompson@capitalgro.com
AQR Capital Management,AQRC,Coca-Cola Co,KO,191216100,5549744,2485032520.99,0.0951,2024-06-30,Unchanged,13F-HR,Steven Jones,steven.jones@aqrcapital.com
Capital Group,CGBL,Chevron Corp,CVX,166764100,27364743,14935731434.06,0.8144,2024-12-31,Decreased,13F-HR,Dorothy Rodriguez,dorothy.rodriguez@capitalgro.com
Appaloosa Management,APLS,UnitedHealth Group,UNH,91324P102,1274899,883457570.63,0.0592,2025-12-31,Increased,13F-HR,Robert Davis,robert.davis@appaloosam.com
Wellington Management,WMGI,UnitedHealth Group,UNH,91324P102,30309983,23391232308.44,0.4043,2025-06-30,Decreased,13F-HR,Patricia Thomas,patricia.thomas@wellington.com
Bridgewater Associates,BWTR,Walt Disney Co,DIS,254687106,26903062,6786791049.14,0.5388,2024-12-31,Increased,13F-HR,Richard Thompson,richard.thompson@bridgewate.com
Millennium Management,MLNM,Johnson & Johnson,JNJ,478160104,38460743,19503631790.09,0.4967,2025-09-30,Unchanged,13F-HR,Margaret Thomas,margaret.thomas@millennium.com
Morgan Stanley IM,MS,Apple Inc,AAPL,037833100,15073832,10098463711.79,0.3192,2025-12-31,Unchanged,13F-HR,Lisa Davis,lisa.davis@morganstan.com
Bridgewater Associates,BWTR,Amazon.com Inc,AMZN,023135106,16191686,9580523403.16,0.5063,2025-06-30,Increased,13F-HR,Susan Anderson,susan.anderson@bridgewate.com
Vanguard Group,VGI,Home Depot,HD,437076102,41235498,1500530000.58,1.1390,2025-06-30,New,13F-NT,Lisa Davis,lisa.davis@vanguardgr.com
JP Morgan Asset Mgmt,JPM,Bank of America,BAC,060505104,28838068,13036370374.39,0.5061,00-00-0000,Unchanged,13F-NT,Daniel Jackson,daniel.jackson@jpmorganas.com
Citadel Advisors,CDLC,Visa Inc,V,92826C839,unknown,28289063041.12,1.1738,2024-06-30,Decreased,13F-HR,Elizabeth Brown,elizabeth.brown@citadeladv.com
Wellington Management,WMGI,Johnson & Johnson,JNJ,478160104,47949282,15083849903.53,1.3074,2024-09-30,Unchanged,13F-NT,David Anderson,david.anderson@wellington.com
BlackRock Inc,BLK,Amazon.com Inc,AMZN,023135106,44740721,26938420096.91,1.1494,2025-03-31,Unchanged,13F-HR,William Williams,william.williams@blackrocki.com
Two Sigma Investments,TWSM,Amazon.com Inc,AMZN,023135106,49930148,15125205242.99,2.0871,2024-03-31,Increased,13F-HR,Susan Jones,susan.jones@twosigmain.com
Citadel Advisors,CDLC,Microsoft Corp,MSFT,594918104,17734552,10172845162.18,0.5284,2024-06-30,Increased,13F-HR,Steven Johnson,steven.johnson@citadeladv.com
Goldman Sachs AM,GS,NVIDIA Corp,NVDA,67066G104,49628082,37026188998.74,0.6835,2024-06-30,Unchanged,13F-NT,Karen Brown,karen.brown@goldmansac.com
Millennium Management,MLNM,Coca-Cola Co,KO,191216100,4066738,2041142504.55,0.0531,2025-06-30,Increased,13F-HR,Dorothy Martin,dorothy.martin@millennium.com
Bridgewater Associates,BWTR,Apple Inc,AAPL,037833100,26134018,16680793473.11,1.1087,2025-06-30,Increased,13F-HR,Nancy Thomas,nancy.thomas@bridgewate.com
JP Morgan Asset Mgmt,JPM,Tesla Inc,TSLA,88160R101,6629444,519788775.68,0.0928,2025-12-31,Increased,13F-HR,William Martinez,william.martinez@jpmorganas.com
Wellington Management,WMGI,Tesla Inc,TSLA,88160R101,23494371,12894451251.38,1.7568,2025-09-30,Increased,13F-NT,Elizabeth Anderson,elizabeth.anderson@wellington.com
Appaloosa Management,APLS,Coca-Cola Co,KO,191216100,13720631,9075351588.75,0.1979,2025-12-31,Increased,13F-HR,David Thompson,david.thompson@appaloosam.com
Appaloosa Management,APLS,Amazon.com Inc,AMZN,023135106,TBD,27349569924.80,1.7636,2025-12-31,Unchanged,13F-NT,Dorothy Johnson,dorothy.johnson@appaloosam.com
Capital Group,CGBL,Home Depot,HD,437076102,31782862,8531521260.39,0.4148,2025-03-31,Decreased,13F-HR,Nancy Thomas,nancy.thomas@capitalgro.com
Two Sigma Investments,TWSM,Home Depot,HD,437076102,4063078,799578080.28,0.1827,2024-06-30,Increased,13F-NT,Karen Rodriguez,karen.rodriguez@twosigmain.com
Appaloosa Management,APLS,Cisco Systems,CSCO,17275R102,44085169,11074243043.22,0.6150,2025-09-30,Increased,13F-HR,Dorothy Lopez,dorothy.lopez@appaloosam.com
Capital Group,CGBL,Intel Corp,INTC,458140100,38032106,2380581295.98,6.1578,2024-12-31,Increased,13F-HR,Thomas Brown,thomas.brown@capitalgro.com
Renaissance Technologies,RNTC,Intel Corp,INTC,458140100,11241584,3814137251.94,0.3214,2024-09-30,Unchanged,13F-HR,,
JP Morgan Asset Mgmt,JPM,Home Depot,HD,437076102,11453762,7745797392.50,0.1850,2025-03-31,New,13F-HR,Jennifer Jones,jennifer.jones@jpmorganas.com
DE Shaw & Co,DSHW,Procter & Gamble,PG,742718109,22035731,1359485451.81,0.3025,2025-12-31,New,13F-HR,Robert Jones,robert.jones@deshaw&co.com
Wellington Management,WMGI,Chevron Corp,CVX,166764100,416966,30023530.35,0.0063,not_a_date,New,13F-HR,Michael Moore,michael.moore@wellington.com
State Street Corp,STT,Visa Inc,V,92826C839,41376086,18198159209.80,0.8901,2025-06-30,New,13F-HR,William Martinez,william.martinez@statestree.com
Baupost Group,BPST,Apple Inc,AAPL,037833100,26944283,16849206297.65,0.4602,2024-06-30,Increased,13F-NT,Dorothy Rodriguez,dorothy.rodriguez@baupostgro.com
T. Rowe Price,TROW,Berkshire Hathaway,BRK.B,084670702,42313051,2551226027.66,1.3400,2025-06-30,Unchanged,13F-HR,Steven Miller,steven.miller@troweprice.com
Baupost Group,BPST,Salesforce Inc,CRM,79466L302,42507752,4422302160.72,1.1257,2025-09-30,Decreased,13F-HR,Margaret Johnson,margaret.johnson@baupostgro.com
Millennium Management,MLNM,Meta Platforms,META,30303M102,14558948,5461207878.26,0.4592,2025-03-31,Unchanged,13F-HR,Nancy Thomas,nancy.thomas@millennium.com
Bridgewater Associates,BWTR,Visa Inc,V,92826C839,41801918,4279468858.70,4.0610,2025-06-30,New,13F-HR,Steven Thomas,steven.thomas@bridgewate.com
Bridgewater Associates,BWTR,Amazon.com Inc,AMZN,023135106,6208442,2290369811.56,0.0847,2025-09-30,Increased,13F-HR,Dorothy Hernandez,dorothy.hernandez@bridgewate.com
Point72 Asset Mgmt,PT72,Intel Corp,INTC,458140100,6858823,2335374528.84,0.1066,2025-03-31,Increased,13F-HR,David Jones,david.jones@point72ass.com
State Street Corp,STT,Walt Disney Co,DIS,,2694466,1513727258.39,0.2054,2025-09-30,Unchanged,13F-HR,Nancy Lopez,nancy.lopez@statestree.com
Vanguard Group,VGI,Walt Disney Co,DIS,254687106,6112573,4243305916.25,0.2865,2024-12-31,Increased,13F-HR,Nancy Martinez,nancy.martinez@vanguardgr.com
Bridgewater Associates,BWTR,Apple Inc,AAPL,037833100,43537175,2124441291.90,0.8700,2024-03-31,Unchanged,13F-HR,Dorothy Johnson,dorothy.johnson@bridgewate.com
Wellington Management,WMGI,Intel Corp,INTC,458140100,38656604,24351341444.25,2.0349,2025-12-31,Decreased,13F-HR,Patricia Thomas,patricia.thomas@wellington.com
DE Shaw & Co,DSHW,Exxon Mobil,XOM,30231G102,44786426,16583441516.35,2.3612,2025-12-31,Unchanged,13F-HR,Dorothy Lopez,dorothy.lopez@deshaw&co.com
Morgan Stanley IM,MS,Microsoft Corp,MSFT,594918104,14822455,7302190955.27,1.8427,2025-06-30,New,13F-HR,Jennifer Martin,jennifer.martin@morganstan.com
Bridgewater Associates,BWTR,Coca-Cola Co,KO,191216100,48785688,34083096253.15,0.7732,2024-03-31,Increased,13F-HR,Mark Rodriguez,mark.rodriguez@bridgewate.com
DE Shaw & Co,DSHW,Salesforce Inc,CRM,79466L302,11249351,6402035050.59,1.2436,2025-12-31,New,13F-HR,Margaret Jackson,margaret.jackson@deshaw&co.com
Wellington Management,WMGI,Procter & Gamble,PG,742718109,16580843,9588742878.14,0.7218,2025-12-31,Decreased,13F-HR,Susan Martinez,susan.martinez@wellington.com
AQR Capital Management,AQRC,JPMorgan Chase,JPM,46625H100,21624501,3400110795.70,0.3630,2026-12-01,Decreased,13F-HR,Steven Moore,steven.moore@aqrcapital.com
Appaloosa Management,APLS,Microsoft Corp,MSFT,594918104,12637424,8184343083.12,0.1727,2024-06-30,Unchanged,13F-HR,Margaret Miller,margaret.miller@appaloosam.com
Two Sigma Investments,,Apple Inc,AAPL,037833100,18310897,3808408556.43,0.2717,2025-06-30,Increased,13F-HR,James Martin,james.martin@twosigmain.com
Two Sigma Investments,TWSM,Tesla Inc,TSLA,88160R101,17353417,5407855540.92,1.1226,2024-09-30,Increased,13F-NT,Richard Moore,richard.moore@twosigmain.com
Fidelity Investments,FNF,Apple Inc,AAPL,037833100,18114064,7822737450.16,1.8782,2024-06-30,New,13F-NT,Susan Moore,susan.moore@fidelityin.com
Vanguard Group,VGI,Coca-Cola Co,KO,191216100,16896111,5615402136.19,0.2301,2024-06-30,Decreased,13F-HR,Steven Brown,steven.brown@vanguardgr.com
BlackRock Inc,BLK,Bank of America,BAC,060505104,25883386,17881815990.97,0.3378,2024-09-30,Increased,13F-HR,Michael Smith,michael.smith@blackrocki.com
State Street Corp,STT,Procter & Gamble,PG,742718109,30370764,12125739697.63,0.4304,2025-06-30,Increased,13F-NT,David Martin,david.martin@statestree.com
Bridgewater Associates,BWTR,Adobe Inc,ADBE,00724F101,20326325,12674635338.12,0.2839,2026-05-30,Unchanged,13F-HR,Elizabeth Martin,elizabeth.martin@bridgewate.com
Point72 Asset Mgmt,PT72,Salesforce Inc,CRM,79466L302,41220227,2145454808.85,1.7376,2024-12-31,Unchanged,13F-HR,Patricia Thomas,patricia.thomas@point72ass.com
Millennium Management,MLNM,Apple Inc,AAPL,037833100,4670692,1597366569.33,0.1985,2025-06-30,Increased,13F-HR,Margaret Brown,margaret.brown@millennium.com
Wellington Management,WMGI,Berkshire Hathaway,BRK.B,084670702,1843440,1124580750.84,0.1092,2024-12-31,Increased,13F-HR,Robert Davis,robert.davis@wellington.com
BlackRock Inc,BLK,Adobe Inc,ADBE,00724F101,28844333,22545366716.14,0.7865,2025-06-30,Decreased,13F-HR,Mark Martin,mark.martin@blackrocki.com
T. Rowe Price,TROW,Procter & Gamble,PG,742718109,25226351,2465102796.21,0.9378,2025-03-31,Unchanged,13F-NT,Elizabeth Rodriguez,elizabeth.rodriguez@troweprice.com
Point72 Asset Mgmt,PT72,Pfizer Inc,PFE,717081103,24854571,11336000502.13,0.9642,2024-09-30,Decreased,13F-HR,Elizabeth White,elizabeth.white@point72ass.com
Vanguard Group,VGI,Johnson & Johnson,JNJ,478160104,27341487,10442489482.27,0.4922,2024-06-30,Increased,13F-HR,David Taylor,david.taylor@vanguardgr.com
Point72 Asset Mgmt,PT72,Adobe Inc,ADBE,00724F101,10398239,1748155439.36,0.1815,2025-12-31,Increased,13F-NT,Robert White,robert.white@point72ass.com
Fidelity Investments,FNF,Meta Platforms,META,30303M102,14665669,7316609972.47,0.2793,2025-09-30,New,13F-HR,Steven Rodriguez,steven.rodriguez@fidelityin.com
AQR Capital Management,AQRC,Tesla Inc,TSLA,88160R101,3045594,2251386363.76,0.0536,2024-03-31,New,13F-HR,David Martinez,david.martinez@aqrcapital.com
Capital Group,CGBL,NVIDIA Corp,NVDA,67066G104,3529001,2041974449.71,0.0602,2025-06-30,New,13F-HR,Margaret Thomas,margaret.thomas@capitalgro.com
DE Shaw & Co,DSHW,Netflix Inc,NFLX,64110L106,42085759,5557236443.56,1.1577,2025-09-30,Decreased,13F-HR,Lisa Rodriguez,lisa.rodriguez@deshaw&co.com
Citadel Advisors,CDLC,Bank of America,BAC,060505104,43321304,33215538684.18,0.9622,2025-09-30,Unchanged,13F-HR,William Martinez,william.martinez@citadeladv.com
Appaloosa Management,APLS,UnitedHealth Group,UNH,91324P102,33404350,26522524095.69,0.8767,2025-03-31,New,13F-HR,Robert Jackson,robert.jackson@appaloosam.com
Two Sigma Investments,TWSM,Exxon Mobil,XOM,30231G102,31768193,20104255502.83,1.1450,2024-03-31,Decreased,13F-HR,Susan Moore,susan.moore@twosigmain.com
Morgan Stanley IM,MS,Intel Corp,INTC,458140100,27413426,19756907994.09,1.5518,2024-09-30,Decreased,13F-HR,Robert Smith,robert.smith@morganstan.com
Baupost Group,BPST,Salesforce Inc,CRM,79466L302,40196015,3150737014.87,3.2431,2025-06-30,Increased,13F-HR,James White,james.white@baupostgro.com
DE Shaw & Co,DSHW,Amazon.com Inc,AMZN,023135106,20641872,6893530842.62,0.7439,2025-09-30,New,13F-HR,David Smith,david.smith@deshaw&co.com
Point72 Asset Mgmt,PT72,JPMorgan Chase,JPM,46625H100,45471424,15958054929.92,0.6503,2025-09-30,Unchanged,13F-HR,Margaret Anderson,margaret.anderson@point72ass.com
Appaloosa Management,APLS,Tesla Inc,TSLA,88160R101,48487759,9922990390.25,1.3484,2024-12-31,New,13F-HR,Richard Miller,richard.miller@appaloosam.com
Appaloosa Management,APLS,Johnson & Johnson,JNJ,478160104,6984125,1616494988.08,0.1006,2025-06-30,Increased,13F-HR,Thomas Rodriguez,thomas.rodriguez@appaloosam.com
Fidelity Investments,FNF,Alphabet Inc,GOOGL,02079K305,14476576,3863702795.93,0.3593,2025-03-31,New,13F-HR,Robert Martinez,robert.martinez@fidelityin.com
State Street Corp,STT,Intel Corp,INTC,458140100,22727120,6714471024.11,0.7052,2025-03-31,Increased,13F-HR,Jennifer Moore,jennifer.moore@statestree.com
Capital Group,CGBL,Cisco Systems,CSCO,17275R102,31185212,23841033566.96,1.2545,2025-09-30,Decreased,13F-HR,Sarah Brown,sarah.brown@capitalgro.com
State Street Corp,STT,Cisco Systems,CSCO,17275R102,42229237,32460314820.04,4.6243,2024-03-31,New,13F-HR,Robert Jones,robert.jones@statestree.com
Citadel Advisors,CDLC,Netflix Inc,NFLX,64110L106,12566841,9202145753.69,0.6922,2024-06-30,Increased,13F-HR,Steven Thompson,steven.thompson@citadeladv.com
State Street Corp,STT,Alphabet Inc,GOOGL,02079K305,18797744,12278382566.13,1.1782,00-00-0000,New,13F-HR,Michael Taylor,michael.taylor@statestree.com
Point72 Asset Mgmt,PT72,Visa Inc,V,92826C839,44046206,6799462203.76,1.0018,2025-12-31,Increased,13F-HR,Daniel White,daniel.white@point72ass.com
Citadel Advisors,CDLC,Visa Inc,V,92826C839,42579205,23112211423.50,0.8729,2025-09-30,New,13F-HR,Elizabeth Martin,elizabeth.martin@citadeladv.com
Baupost Group,BPST,Meta Platforms,META,30303M102,44636659,27775007229.27,0.5950,2024-12-31,Unchanged,13F-NT,Richard Rodriguez,richard.rodriguez@baupostgro.com
Renaissance Technologies,RNTC,Cisco Systems,CSCO,17275R102,3010847,591411057.13,0.2519,2024-12-31,Unchanged,13F-HR,Elizabeth Anderson,elizabeth.anderson@renaissanc.com
Two Sigma Investments,TWSM,Procter & Gamble,PG,742718109,18897303,6708558962.55,2.4449,2025-06-30,Unchanged,13F-HR,Robert Davis,robert.davis@twosigmain.com
AQR Capital Management,AQRC,Apple Inc,AAPL,037833100,241459,43878313.43,0.0118,2025-12-31,New,13F-HR,Lisa Thomas,lisa.thomas@aqrcapital.com
Vanguard Group,VGI,Apple Inc,AAPL,037833100,26782909,18366248552.46,0.3848,2025-09-30,Increased,13F-HR,Nancy Williams,nancy.williams@vanguardgr.com
Morgan Stanley IM,MS,Alphabet Inc,GOOGL,02079K305,24342234,7877333526.60,0.4087,2024-12-31,Decreased,13F-HR,James Martinez,james.martinez@morganstan.com
Wellington Management,WMGI,Microsoft Corp,MSFT,594918104,49518008,25290545604.35,6.8391,2025-06-30,Unchanged,13F-HR,Karen Smith,karen.smith@wellington.com
Appaloosa Management,APLS,Microsoft Corp,MSFT,594918104,5353954,2617362942.23,0.1255,2024-03-31,Decreased,13F-HR,Jennifer Williams,jennifer.williams@appaloosam.com
Vanguard Group,VGI,Microsoft Corp,MSFT,594918104,32017947,13967246848.50,0.5409,2024-12-31,Decreased,13F-HR,Mark Johnson,mark.johnson@vanguardgr.com
JP Morgan Asset Mgmt,JPM,Microsoft Corp,MSFT,594918104,14050370,10817086211.38,-0.4813,2025-06-30,Decreased,13F-HR,Jennifer Martinez,jennifer.martinez@jpmorganas.com
Wellington Management,WMGI,Alphabet Inc,GOOGL,02079K305,35565248,27983813995.09,1.5442,2024-12-31,Increased,13F-HR,Robert Jones,robert.jones@wellington.com
Appaloosa Management,APLS,JPMorgan Chase,JPM,46625H100,39067671,27919523654.02,0.6545,2025-03-31,Unchanged,13F-HR,Daniel Hernandez,daniel.hernandez@appaloosam.com
Bridgewater Associates,BWTR,Coca-Cola Co,KO,191216100,5316515,2267122715.75,0.1723,2024-12-31,New,13F-HR,Susan Davis,susan.davis@bridgewate.com
Morgan Stanley IM,MS,Procter & Gamble,PG,742718109,45118680,4507994674.90,0.5670,2025-03-31,Unchanged,13F-HR,Jennifer Davis,jennifer.davis@morganstan.com
Renaissance Technologies,RNTC,Berkshire Hathaway,BRK.B,084670702,5325675,1860507085.30,0.0914,2025-03-31,Decreased,13F-NT,Dorothy Rodriguez,dorothy.rodriguez@renaissanc.com
AQR Capital Management,AQRC,Bank of America,BAC,060505104,46609602,25661853314.32,0.5920,2025-03-31,Unchanged,13F-HR,Jennifer Miller,jennifer.miller@aqrcapital.com
Millennium Management,MLNM,Apple Inc,AAPL,037833100,40509136,8137714711.39,0.6354,2024-09-30,Decreased,13F-HR,Lisa Jackson,lisa.jackson@millennium.com
Point72 Asset Mgmt,PT72,Walt Disney Co,DIS,254687106,47656656,7574058987.19,0.7231,2024-12-31,Unchanged,13F-NT,Patricia Lopez,patricia.lopez@point72ass.com
Wellington Management,WMGI,Meta Platforms,META,30303M102,42608876,29961448623.37,1.1458,2024-12-31,New,13F-HR,James Hernandez,james.hernandez@wellington.com
Fidelity Investments,FNF,UnitedHealth Group,UNH,91324P102,16777067,3028750448.91,0.2104,2025-09-30,Increased,13F-HR,Richard Jones,richard.jones@fidelityin.com
Wellington Management,WMGI,Chevron Corp,CVX,166764100,34749377,8775305916.25,0.6028,2025-12-31,Increased,13F-HR,Lisa Brown,lisa.brown@wellington.com
DE Shaw & Co,DSHW,Pfizer Inc,PFE,717081103,7041174,466801844.82,0.9735,2024-09-30,Decreased,13F-HR,Patricia Martinez,patricia.martinez@deshaw&co.com
Goldman Sachs AM,GS,Exxon Mobil,XOM,30231G102,2878067,1042330877.48,0.0895,2024-09-30,New,13F-HR,Nancy Hernandez,nancy.hernandez@goldmansac.com
Baupost Group,BPST,Chevron Corp,CVX,166764100,15868504,6597983496.85,0.2395,2024-12-31,Increased,13F-HR,Steven Martinez,steven.martinez@baupostgro.com
BlackRock Inc,BLK,Walt Disney Co,DIS,254687106,47109744,12231312918.99,0.6323,2025-03-31,Unchanged,13F-HR,Nancy Jackson,nancy.jackson@blackrocki.com
AQR Capital Management,AQRC,Johnson & Johnson,JNJ,478160104,27747278,13155749709.73,4.1391,2025-03-31,Unchanged,13F-NT,David Brown,david.brown@aqrcapital.com
JP Morgan Asset Mgmt,JPM,NVIDIA Corp,NVDA,,29890967,10324385131.50,0.5183,2025-09-30,Decreased,13F-HR,David Williams,david.williams@jpmorganas.com
Fidelity Investments,FNF,Adobe Inc,ADBE,00724F101,8855165,279744006.67,0.1522,2024-03-31,Increased,13F-HR,William Smith,william.smith@fidelityin.com
Point72 Asset Mgmt,PT72,Chevron Corp,CVX,166764100,42082766,2990738907.96,0.5484,2024-03-31,New,13F-HR,Jennifer Hernandez,jennifer.hernandez@point72ass.com
Vanguard Group,VGI,Johnson & Johnson,JNJ,478160104,39680587,1337959340.58,4.1934,2025-09-30,Increased,13F-HR,Patricia Lopez,patricia.lopez@vanguardgr.com
Goldman Sachs AM,GS,Bank of America,BAC,060505104,25383050,14726775815.20,0.4532,2024-12-31,Decreased,13F-HR,Michael Thomas,michael.thomas@goldmansac.com
Point72 Asset Mgmt,PT72,Microsoft Corp,MSFT,594918104,47047241,32986316396.63,0.7043,2025-03-31,Unchanged,13F-HR,Jennifer Brown,jennifer.brown@point72ass.com
Bridgewater Associates,BWTR,Pfizer Inc,PFE,717081103,18332026,5834154859.44,1.4421,2025-06-30,Increased,13F-HR,Lisa Rodriguez,lisa.rodriguez@bridgewate.com
Appaloosa Management,APLS,Adobe Inc,ADBE,00724F101,21743478,1527691390.14,0.3345,2024-09-30,Increased,13F-NT,Sarah Jones,sarah.jones@appaloosam.com
Goldman Sachs AM,GS,Berkshire Hathaway,BRK.B,084670702,2116333,1681289706.89,0.0547,2025-12-31,Increased,13F-HR,Susan Williams,susan.williams@goldmansac.com
AQR Capital Management,AQRC,Apple Inc,AAPL,037833100,36754606,10730366669.81,0.8672,2024-06-30,Unchanged,13F-HR,Mark Martin,mark.martin@aqrcapital.com
Wellington Management,WMGI,Pfizer Inc,PFE,717081103,19948331,5171392372.53,-0.2742,2024-12-31,Increased,13F-HR,Jennifer Moore,jennifer.moore@wellington.com
JP Morgan Asset Mgmt,JPM,Amazon.com Inc,AMZN,023135106,43422506,11000683585.03,0.6513,2024-12-31,Increased,13F-HR,Dorothy Taylor,dorothy.taylor@jpmorganas.com
Two Sigma Investments,TWSM,Alphabet Inc,GOOGL,02079K305,13856803,5109254253.68,0.2554,2025-06-30,Decreased,13F-HR,David Taylor,david.taylor@twosigmain.com
Citadel Advisors,CDLC,Visa Inc,V,92826C839,5661287,2310311659.43,0.4710,2024-03-31,Increased,13F-NT,Sarah Moore,sarah.moore@citadeladv.com
Baupost Group,BPST,Salesforce Inc,CRM,79466L302,38127840,3951295128.88,4.7185,2024-12-31,Decreased,13F-HR,David Martin,david.martin@baupostgro.com
Capital Group,CGBL,JPMorgan Chase,JPM,46625H100,33468009,1810474572.16,0.6280,not_a_date,Increased,13F-HR,Lisa Brown,lisa.brown@capitalgro.com
AQR Capital Management,AQRC,Cisco Systems,CSCO,17275R102,41695715,9737025653.47,0.5387,2024-09-30,Increased,13F-HR,Mark Anderson,mark.anderson@aqrcapital.com
Baupost Group,BPST,Pfizer Inc,PFE,717081103,34260710,12590005795.10,4.6364,2024-06-30,Unchanged,13F-HR,Richard Jackson,richard.jackson@baupostgro.com
Morgan Stanley IM,MS,JPMorgan Chase,JPM,46625H100,1068475,308938055.05,0.0354,2025-09-30,Unchanged,13F-HR,Daniel Johnson,daniel.johnson@morganstan.com
AQR Capital Management,AQRC,UnitedHealth Group,UNH,91324P102,5941574,1289123680.64,0.1534,2025-03-31,Increased,13F-NT,Karen Brown,karen.brown@aqrcapital.com
Goldman Sachs AM,GS,Walt Disney Co,DIS,254687106,28386352,15632609899.68,0.3618,2025-03-31,Increased,13F-HR,Elizabeth Miller,elizabeth.miller@goldmansac.com
Morgan Stanley IM,MS,Meta Platforms,META,30303M102,26333894,810967370.74,1.0355,2025-03-31,Increased,13F-NT,Karen Garcia,karen.garcia@morganstan.com
Renaissance Technologies,RNTC,Exxon Mobil,XOM,30231G102,41216467,2865173027.52,0.5502,2024-06-30,Unchanged,13F-NT,Steven Martin,steven.martin@renaissanc.com
Two Sigma Investments,TWSM,Tesla Inc,TSLA,88160R101,18031202,4901508490.19,1.0495,2025-12-31,Increased,13F-NT,Margaret White,margaret.white@twosigmain.com
Capital Group,CGBL,Intel Corp,INTC,458140100,27155390,11886642989.10,0.4122,2024-06-30,Increased,13F-HR,Nancy Jones,nancy.jones@capitalgro.com
JP Morgan Asset Mgmt,JPM,NVIDIA Corp,NVDA,67066G104,17414958,9823697091.71,1.0643,2025-03-31,Unchanged,13F-HR,Karen Taylor,karen.taylor@jpmorganas.com
AQR Capital Management,AQRC,Meta Platforms,META,30303M102,8369706,4190695906.73,0.3573,2025-03-31,Increased,13F-HR,Robert Miller,robert.miller@aqrcapital.com
Millennium Management,MLNM,Exxon Mobil,XOM,30231G102,16698219,2912203429.91,0.2235,2025-12-31,Decreased,13F-NT,Jennifer Johnson,jennifer.johnson@millennium.com
Two Sigma Investments,TWSM,Coca-Cola Co,KO,191216100,29478916,4504015829.33,4.5768,2024-12-31,Increased,13F-HR,Susan Davis,susan.davis@twosigmain.com
Goldman Sachs AM,GS,Berkshire Hathaway,BRK.B,084670702,43502102,11460090739.66,0.8431,2024-12-31,New,13F-HR,Michael Martinez,michael.martinez@goldmansac.com
Fidelity Investments,FNF,Alphabet Inc,GOOGL,02079K305,2947842,1979330925.66,0.2788,2024-06-30,New,13F-HR,Robert Miller,robert.miller@fidelityin.com
Bridgewater Associates,BWTR,Visa Inc,V,92826C839,26894804,1695767015.33,0.8202,2025-03-31,Decreased,13F-HR,Thomas Thompson,thomas.thompson@bridgewate.com
Morgan Stanley IM,MS,Intel Corp,INTC,458140100,26048419,16758238789.15,0.6849,2024-09-30,Decreased,13F-HR,Margaret Martin,margaret.martin@morganstan.com
Appaloosa Management,APLS,Meta Platforms,META,30303M102,6583328,3180333807.50,0.4227,2024-09-30,Decreased,13F-HR,Susan Williams,susan.williams@appaloosam.com
Bridgewater Associates,BWTR,Cisco Systems,CSCO,17275R102,42985413,6578684976.40,1.5829,2024-06-30,Unchanged,13F-NT,Lisa Johnson,lisa.johnson@bridgewate.com
Goldman Sachs AM,GS,Netflix Inc,NFLX,64110L106,6291875,1561843798.83,0.0876,2024-09-30,Increased,13F-HR,Richard Davis,richard.davis@goldmansac.com
Goldman Sachs AM,GS,Procter & Gamble,PG,742718109,46921216,9011727265.31,3.4616,2025-06-30,Decreased,13F-NT,Susan Thomas,susan.thomas@goldmansac.com
Two Sigma Investments,TWSM,Meta Platforms,META,30303M102,18271797,14395658757.58,0.4208,2025-06-30,Decreased,13F-NT,Robert White,robert.white@twosigmain.com
DE Shaw & Co,DSHW,Meta Platforms,META,30303M102,5613643,4385876490.05,0.1211,2024-06-30,Increased,13F-NT,Margaret Jackson,margaret.jackson@deshaw&co.com
DE Shaw & Co,DSHW,Bank of America,BAC,060505104,43121749,26961196096.88,0.5509,2024-09-30,New,13F-HR,Lisa Moore,lisa.moore@deshaw&co.com
Capital Group,CGBL,Netflix Inc,NFLX,64110L106,29255269,19800842946.99,1.0399,2024-12-31,Unchanged,13F-HR,Michael Martinez,michael.martinez@capitalgro.com
Two Sigma Investments,TWSM,Berkshire Hathaway,BRK.B,084670702,26906696,2774359297.89,0.7296,2025-06-30,Unchanged,13F-HR,Daniel Moore,daniel.moore@twosigmain.com
Appaloosa Management,APLS,Bank of America,BAC,060505104,258971,127240096.05,0.0174,2025-12-31,Increased,13F-HR,Dorothy Brown,dorothy.brown@appaloosam.com
Baupost Group,BPST,Microsoft Corp,MSFT,594918104,2971603,241724610.11,0.0494,2024-06-30,New,13F-HR,Mark Brown,mark.brown@baupostgro.com
Vanguard Group,VGI,Meta Platforms,META,,24391925,14607777075.33,0.3566,2025-12-31,Unchanged,13F-HR,Mark Lopez,mark.lopez@vanguardgr.com
JP Morgan Asset Mgmt,JPM,Exxon Mobil,XOM,30231G102,20446993,4113800189.05,2.0869,2024-06-30,Unchanged,13F-NT,Michael Hernandez,michael.hernandez@jpmorganas.com
Capital Group,CGBL,Coca-Cola Co,KO,191216100,7306960,5527669427.95,0.1383,2024-12-31,Increased,13F-HR,Steven Garcia,steven.garcia@capitalgro.com
Fidelity Investments,FNF,Home Depot,HD,437076102,46252489,17538252279.27,0.8737,2024-09-30,Increased,13F-HR,Patricia Williams,patricia.williams@fidelityin.com
State Street Corp,STT,Visa Inc,V,92826C839,30455730,3163365185.64,0.7512,2025-03-31,Increased,13F-HR,Jennifer Brown,jennifer.brown@statestree.com
T. Rowe Price,TROW,JPMorgan Chase,JPM,46625H100,16103248,8513544362.27,2.5939,2024-06-30,Unchanged,13F-HR,Sarah Jackson,sarah.jackson@troweprice.com
Goldman Sachs AM,GS,Berkshire Hathaway,BRK.B,084670702,20162955,1848660583.30,0.3096,2025-03-31,Increased,13F-HR,Jennifer Williams,jennifer.williams@goldmansac.com
JP Morgan Asset Mgmt,JPM,UnitedHealth Group,UNH,91324P102,20790525,7872721546.38,0.2632,2025-12-31,New,13F-HR,Karen Rodriguez,karen.rodriguez@jpmorganas.com
Bridgewater Associates,BWTR,Coca-Cola Co,KO,191216100,44688650,23068716533.52,1.6148,2024-12-31,New,13F-HR,James Moore,james.moore@bridgewate.com
Two Sigma Investments,TWSM,Home Depot,HD,437076102,3860154,2160977310.70,0.0750,2025-09-30,Increased,13F-HR,David Lopez,david.lopez@twosigmain.com
Goldman Sachs AM,GS,Adobe Inc,ADBE,00724F101,34846189,14914882426.10,0.4465,2025-06-30,Increased,13F-HR,David Hernandez,david.hernandez@goldmansac.com
Morgan Stanley IM,MS,Microsoft Corp,MSFT,594918104,46677721,24809380419.55,1.1031,2024-12-31,Unchanged,13F-HR,Margaret Davis,margaret.davis@morganstan.com
T. Rowe Price,TROW,Salesforce Inc,CRM,79466L302,29713850,4254627369.45,1.1496,2024-06-30,Increased,13F-HR,Sarah Lopez,sarah.lopez@troweprice.com
Millennium Management,MLNM,Chevron Corp,CVX,166764100,pending,7526519415.21,0.6367,2025-12-31,Increased,13F-HR,Thomas Johnson,thomas.johnson@millennium.com
Bridgewater Associates,BWTR,Cisco Systems,CSCO,17275R102,18449584,14669850781.38,1.5164,2024-03-31,Unchanged,13F-HR,Thomas Garcia,thomas.garcia@bridgewate.com
Vanguard Group,VGI,Netflix Inc,NFLX,64110L106,7441964,2252359974.42,0.1104,2024-09-30,Unchanged,13F-HR,Sarah Taylor,sarah.taylor@vanguardgr.com
State Street Corp,STT,Home Depot,HD,437076102,22810409,9533614635.88,0.3460,2025-06-30,Unchanged,13F-HR,Richard Rodriguez,richard.rodriguez@statestree.com
Citadel Advisors,CDLC,Pfizer Inc,PFE,717081103,46979672,12030128453.97,0.6915,2025-06-30,Unchanged,13F-NT,Robert Smith,robert.smith@citadeladv.com
Goldman Sachs AM,GS,Johnson & Johnson,JNJ,478160104,34777637,6642990003.15,0.5835,2024-03-31,Increased,13F-HR,Patricia Jones,patricia.jones@goldmansac.com
Two Sigma Investments,TWSM,Netflix Inc,NFLX,64110L106,4782490,3602132846.93,0.0821,2024-12-31,Increased,13F-HR,William Lopez,william.lopez@twosigmain.com
AQR Capital Management,AQRC,Tesla Inc,TSLA,88160R101,31095672,1517902279.62,0.6262,2025-12-31,Unchanged,13F-HR,Mark Moore,mark.moore@aqrcapital.com
Wellington Management,WMGI,Salesforce Inc,CRM,79466L302,28442029,21232861543.34,0.4770,2024-12-31,Unchanged,13F-HR,Michael Jackson,michael.jackson@wellington.com
Renaissance Technologies,RNTC,Apple Inc,AAPL,037833100,30180468,14544524766.91,1.3908,2024-12-31,Decreased,13F-HR,Jennifer Miller,jennifer.miller@renaissanc.com
Capital Group,CGBL,Bank of America,BAC,060505104,28077551,13623568539.46,0.9458,2025-09-30,Unchanged,13F-NT,Mark Garcia,mark.garcia@capitalgro.com
Bridgewater Associates,BWTR,Pfizer Inc,PFE,717081103,27915218,21031947429.70,1.3276,2025-09-30,Increased,13F-NT,Karen Martinez,karen.martinez@bridgewate.com
State Street Corp,STT,UnitedHealth Group,UNH,91324P102,48548795,1098505554.11,3.2244,2024-06-30,Increased,13F-NT,Mark Miller,mark.miller@statestree.com
Two Sigma Investments,TWSM,JPMorgan Chase,JPM,46625H100,41736826,32015435468.41,0.7627,2024-06-30,New,13F-HR,,
State Street Corp,STT,Bank of America,BAC,060505104,47536227,31304413760.42,0.6344,2024-12-31,New,13F-NT,William Thompson,william.thompson@statestree.com
T. Rowe Price,TROW,Pfizer Inc,PFE,717081103,47826957,25606448740.61,0.7670,2025-06-30,Increased,13F-NT,David Martinez,david.martinez@troweprice.com
Point72 Asset Mgmt,PT72,Johnson & Johnson,JNJ,478160104,27272062,16558080969.12,0.8804,2025-12-31,Increased,13F-HR,Dorothy Taylor,dorothy.taylor@point72ass.com
Morgan Stanley IM,MS,Netflix Inc,NFLX,64110L106,24290462,5403231956.42,1.1788,2025-03-31,Increased,13F-NT,Dorothy Martin,dorothy.martin@morganstan.com
Goldman Sachs AM,GS,Exxon Mobil,XOM,30231G102,42558277,25121540937.96,1.3232,2025-03-31,Increased,13F-HR,Sarah Lopez,sarah.lopez@goldmansac.com
Baupost Group,BPST,Bank of America,BAC,060505104,34051449,13786266465.55,1.1926,2024-06-30,Unchanged,13F-HR,Steven Taylor,steven.taylor@baupostgro.com
Morgan Stanley IM,MS,Visa Inc,V,92826C839,6305886,1670315644.51,0.1101,2024-12-31,Increased,13F-HR,Robert Lopez,robert.lopez@morganstan.com
Wellington Management,WMGI,Johnson & Johnson,JNJ,478160104,29727054,20934477806.94,0.7286,2025-03-31,Unchanged,13F-HR,Elizabeth Jackson,elizabeth.jackson@wellington.com
T. Rowe Price,TROW,JPMorgan Chase,JPM,46625H100,44231924,6904889097.70,0.7307,2024-09-30,Unchanged,13F-HR,Susan Thomas,susan.thomas@troweprice.com
Bridgewater Associates,BWTR,Intel Corp,INTC,458140100,10650526,7133170029.58,0.7739,not_a_date,Unchanged,13F-HR,Sarah Rodriguez,sarah.rodriguez@bridgewate.com
Appaloosa Management,APLS,Amazon.com Inc,AMZN,023135106,25933088,3633578747.80,1.0555,2024-03-31,New,13F-HR,William Miller,william.miller@appaloosam.com
Two Sigma Investments,TWSM,UnitedHealth Group,UNH,91324P102,8025803,1035227004.59,0.7808,2025-06-30,New,13F-HR,Robert Johnson,robert.johnson@twosigmain.com
Millennium Management,MLNM,Intel Corp,INTC,458140100,20287210,4742313807.80,1.4803,2024-03-31,Unchanged,13F-HR,Patricia White,patricia.white@millennium.com
AQR Capital Management,AQRC,Bank of America,BAC,060505104,33551778,19269804598.34,1.6957,2025-12-31,New,13F-NT,Sarah Hernandez,sarah.hernandez@aqrcapital.com
Vanguard Group,VGI,UnitedHealth Group,UNH,91324P102,902856,138997907.95,0.0354,2024-06-30,Increased,13F-HR,Daniel Lopez,daniel.lopez@vanguardgr.com
State Street Corp,STT,Coca-Cola Co,KO,191216100,16433447,10031713097.04,0.8339,2025-12-31,Unchanged,13F-HR,Steven Anderson,steven.anderson@statestree.com
DE Shaw & Co,DSHW,Home Depot,HD,437076102,12539860,5591170937.19,0.6308,2024-09-30,Decreased,13F-HR,Michael Martin,michael.martin@deshaw&co.com
State Street Corp,STT,NVIDIA Corp,NVDA,67066G104,16497565,12195088070.40,1.8866,2024-09-30,Increased,13F-NT,Susan White,susan.white@statestree.com
Renaissance Technologies,RNTC,Apple Inc,AAPL,037833100,21419457,2579262855.75,0.8000,2024-09-30,Unchanged,13F-HR,Steven Smith,steven.smith@renaissanc.com
Wellington Management,WMGI,Home Depot,HD,437076102,7880466,2066909070.73,0.1146,2024-09-30,New,13F-HR,James Hernandez,james.hernandez@wellington.com
Renaissance Technologies,RNTC,Johnson & Johnson,JNJ,478160104,17899017,2247146991.57,0.7294,2025-03-31,Increased,13F-HR,Susan Thompson,susan.thompson@renaissanc.com
DE Shaw & Co,DSHW,Berkshire Hathaway,BRK.B,084670702,26864631,16026891223.38,0.6871,2025-12-31,Unchanged,13F-HR,Thomas Hernandez,thomas.hernandez@deshaw&co.com
Capital Group,CGBL,Meta Platforms,META,30303M102,43422661,30713487325.60,0.6567,2025-06-30,Increased,13F-NT,Nancy Hernandez,nancy.hernandez@capitalgro.com
Millennium Management,MLNM,Pfizer Inc,PFE,717081103,32490584,23385559625.51,0.6691,2024-09-30,Increased,13F-HR,Michael Anderson,michael.anderson@millennium.com
Capital Group,CGBL,Berkshire Hathaway,BRK.B,084670702,2579352,360494811.56,0.0339,2025-06-30,Increased,13F-HR,Lisa Smith,lisa.smith@capitalgro.com
Point72 Asset Mgmt,PT72,Chevron Corp,CVX,166764100,13731379,8821915300.72,0.1883,2025-06-30,Increased,13F-HR,Sarah Brown,sarah.brown@point72ass.com
BlackRock Inc,BLK,Netflix Inc,NFLX,64110L106,26223956,14645304138.11,1.0895,2024-06-30,New,13F-HR,Dorothy Smith,dorothy.smith@blackrocki.com
AQR Capital Management,AQRC,Salesforce Inc,CRM,79466L302,38817475,14630136345.72,1.0844,2024-09-30,Increased,13F-HR,Susan Williams,susan.williams@aqrcapital.com
Goldman Sachs AM,GS,NVIDIA Corp,NVDA,67066G104,950112,23209688.01,0.0197,2024-12-31,Unchanged,13F-HR,Mark Williams,mark.williams@goldmansac.com
Vanguard Group,VGI,Berkshire Hathaway,BRK.B,084670702,34325362,1472195708.43,1.0426,2025-09-30,Decreased,13F-HR,Margaret Jackson,margaret.jackson@vanguardgr.com
AQR Capital Management,AQRC,Exxon Mobil,XOM,30231G102,42482792,16446692890.10,0.5594,2025-06-30,Increased,13F-HR,Margaret Jones,margaret.jones@aqrcapital.com
BlackRock Inc,BLK,Intel Corp,INTC,458140100,41103018,2980392034.77,2.3310,2025-06-30,Increased,13F-HR,Susan Hernandez,susan.hernandez@blackrocki.com
Point72 Asset Mgmt,PT72,JPMorgan Chase,JPM,46625H100,20771858,4107889825.78,0.5380,2025-09-30,Unchanged,13F-HR,Patricia Jones,patricia.jones@point72ass.com
T. Rowe Price,TROW,Cisco Systems,CSCO,17275R102,11439389,6307552370.87,0.5756,2025-03-31,Unchanged,13F-HR,William Brown,william.brown@troweprice.com
T. Rowe Price,TROW,UnitedHealth Group,UNH,91324P102,38379576,29853152367.29,0.7593,2025-12-31,Unchanged,13F-HR,Mark Thomas,mark.thomas@troweprice.com
Renaissance Technologies,RNTC,Walt Disney Co,DIS,254687106,3925640,742068364.28,0.0607,2024-12-31,Increased,13F-HR,Patricia Taylor,patricia.taylor@renaissanc.com
Fidelity Investments,FNF,Chevron Corp,CVX,166764100,8238842,2886020892.75,0.2788,2025-12-31,Unchanged,13F-HR,Elizabeth Moore,elizabeth.moore@fidelityin.com
Millennium Management,MLNM,Alphabet Inc,GOOGL,02079K305,2736917,969514791.06,0.0947,2025-09-30,Unchanged,13F-HR,Richard Garcia,richard.garcia@millennium.com
Fidelity Investments,FNF,Berkshire Hathaway,BRK.B,084670702,29778265,20507129196.94,1.0249,2025-09-30,Decreased,13F-HR,Elizabeth Taylor,elizabeth.taylor@fidelityin.com
Capital Group,CGBL,Procter & Gamble,PG,742718109,2014111,793848947.39,0.0439,2025-06-30,Increased,13F-HR,Margaret Jackson,margaret.jackson@capitalgro.com
Vanguard Group,VGI,Johnson & Johnson,JNJ,478160104,25645860,14085343767.94,0.3319,2025-12-31,Unchanged,13F-HR,Robert Brown,robert.brown@vanguardgr.com
Two Sigma Investments,TWSM,Alphabet Inc,GOOGL,02079K305,9374355,2451258838.01,0.4046,2025-09-30,Decreased,13F-HR,Steven Smith,steven.smith@twosigmain.com
Morgan Stanley IM,MS,JPMorgan Chase,JPM,46625H100,24125606,6303460988.11,1.5027,2025-09-30,New,13F-HR,Robert Smith,robert.smith@morganstan.com
Appaloosa Management,APLS,Coca-Cola Co,KO,191216100,35173213,13060252237.16,0.5784,2025-06-30,Increased,13F-HR,Dorothy Taylor,dorothy.taylor@appaloosam.com
AQR Capital Management,AQRC,Home Depot,HD,437076102,47757850,16899051114.59,6.3602,2025-09-30,Increased,13F-HR,Sarah Martin,sarah.martin@aqrcapital.com
JP Morgan Asset Mgmt,JPM,Exxon Mobil,XOM,30231G102,34615939,3490767874.32,0.4801,2024-06-30,New,13F-HR,David Martinez,david.martinez@jpmorganas.com
Bridgewater Associates,BWTR,Cisco Systems,CSCO,17275R102,12197696,3659226573.98,1.7837,2025-03-31,Unchanged,13F-HR,Daniel Taylor,daniel.taylor@bridgewate.com
Appaloosa Management,APLS,Johnson & Johnson,JNJ,478160104,28962750,21572678853.42,0.7205,2024-12-31,Increased,13F-NT,Susan Martinez,susan.martinez@appaloosam.com
Two Sigma Investments,TWSM,Apple Inc,AAPL,037833100,20868376,8871492795.35,0.3791,2024-12-31,Unchanged,13F-NT,Lisa Hernandez,lisa.hernandez@twosigmain.com
State Street Corp,STT,UnitedHealth Group,UNH,91324P102,38567652,2779240665.62,1.4329,2024-12-31,Unchanged,13F-HR,Mark Rodriguez,mark.rodriguez@statestree.com
T. Rowe Price,TROW,Home Depot,HD,437076102,31986729,22340567956.75,0.8910,2024-06-30,Unchanged,13F-HR,James Anderson,james.anderson@troweprice.com
Renaissance Technologies,RNTC,Johnson & Johnson,JNJ,478160104,47787617,6292000891.97,0.6799,2024-12-31,New,13F-HR,Susan Jackson,susan.jackson@renaissanc.com
BlackRock Inc,BLK,Chevron Corp,CVX,166764100,47161909,4901852607.27,0.6864,2024-09-30,Increased,13F-HR,Jennifer Anderson,jennifer.anderson@blackrocki.com
BlackRock Inc,BLK,Procter & Gamble,PG,742718109,47355415,36058283380.74,1.8296,2025-09-30,Increased,13F-NT,Michael Miller,michael.miller@blackrocki.com
Appaloosa Management,APLS,Intel Corp,INTC,458140100,11879985,5364078156.94,0.7926,2024-09-30,Decreased,13F-HR,Susan Brown,susan.brown@appaloosam.com
Goldman Sachs AM,GS,Exxon Mobil,XOM,30231G102,32857019,4300782498.39,1.0216,2025-09-30,Unchanged,13F-HR,Mark Thomas,mark.thomas@goldmansac.com
AQR Capital Management,AQRC,Bank of America,BAC,060505104,44317178,7382765418.13,1.1107,2025-09-30,New,13F-HR,James Taylor,james.taylor@aqrcapital.com
Capital Group,CGBL,Adobe Inc,ADBE,00724F101,32834376,10331757666.44,0.8518,2024-06-30,Unchanged,13F-NT,Nancy Lopez,nancy.lopez@capitalgro.com
Morgan Stanley IM,MS,Bank of America,BAC,060505104,42787043,5517131257.89,0.8854,2025-03-31,Increased,13F-HR,Sarah Garcia,sarah.garcia@morganstan.com
BlackRock Inc,BLK,Johnson & Johnson,JNJ,478160104,45427033,11988718392.52,1.2371,2025-06-30,New,13F-HR,David Johnson,david.johnson@blackrocki.com
T. Rowe Price,TROW,Johnson & Johnson,JNJ,478160104,14954797,5818079785.49,0.5844,2024-06-30,Increased,13F-HR,James Hernandez,james.hernandez@troweprice.com
JP Morgan Asset Mgmt,JPM,Cisco Systems,CSCO,17275R102,1630304,834400337.86,0.0852,2024-09-30,New,13F-HR,Elizabeth Hernandez,elizabeth.hernandez@jpmorganas.com
Point72 Asset Mgmt,PT72,Walt Disney Co,DIS,254687106,45689685,20875181299.96,1.8652,2025-03-31,Decreased,13F-HR,Mark Johnson,mark.johnson@point72ass.com
T. Rowe Price,TROW,Tesla Inc,TSLA,88160R101,7637901,385472026.35,0.3290,2025-12-31,Unchanged,13F-HR,Sarah Jackson,sarah.jackson@troweprice.com
AQR Capital Management,AQRC,Johnson & Johnson,JNJ,478160104,47029156,1674993566.69,0.9298,2024-12-31,Unchanged,13F-HR,Sarah Taylor,sarah.taylor@aqrcapital.com
Two Sigma Investments,TWSM,Amazon.com Inc,AMZN,023135106,17117776,4991876243.62,1.0338,2025-09-30,Increased,13F-HR,Patricia Martin,patricia.martin@twosigmain.com
Goldman Sachs AM,GS,Tesla Inc,TSLA,88160R101,4753053,3713534610.35,0.0708,2024-12-31,Increased,13F-HR,Lisa Williams,lisa.williams@goldmansac.com
Millennium Management,MLNM,Meta Platforms,META,30303M102,596676,280208029.37,0.0096,2025-06-30,Unchanged,13F-HR,Richard Jones,richard.jones@millennium.com
Wellington Management,WMGI,Chevron Corp,CVX,166764100,22191710,4469414663.98,0.3181,2025-03-31,Unchanged,13F-NT,Mark Jones,mark.jones@wellington.com
AQR Capital Management,AQRC,JPMorgan Chase,JPM,46625H100,18454765,10948872513.17,0.8767,2024-03-31,Unchanged,13F-NT,William Hernandez,william.hernandez@aqrcapital.com
Point72 Asset Mgmt,PT72,Johnson & Johnson,JNJ,478160104,2997261,725033907.91,0.5195,2025-12-31,Unchanged,13F-HR,Susan Williams,susan.williams@point72ass.com
Appaloosa Management,APLS,Adobe Inc,ADBE,00724F101,25974666,16416233094.86,0.4425,2024-03-31,Unchanged,13F-HR,Susan Johnson,susan.johnson@appaloosam.com
Appaloosa Management,APLS,Home Depot,HD,437076102,10753563,4264109576.47,0.1435,2025-06-30,Decreased,13F-NT,Sarah Lopez,sarah.lopez@appaloosam.com
Capital Group,CGBL,Pfizer Inc,PFE,717081103,7634028,4868777846.10,0.2249,2025-06-30,Increased,13F-HR,Patricia Jackson,patricia.jackson@capitalgro.com
Capital Group,CGBL,Salesforce Inc,CRM,79466L302,46225378,12823725545.27,0.6864,2025-12-31,Increased,13F-HR,David White,david.white@capitalgro.com
Goldman Sachs AM,GS,Walt Disney Co,DIS,254687106,15031270,8753090916.94,0.3557,2024-09-30,Increased,13F-HR,Richard Johnson,richard.johnson@goldmansac.com
Fidelity Investments,FNF,Pfizer Inc,PFE,717081103,22880832,15315597446.51,0.5679,2024-12-31,New,13F-NT,Nancy Davis,nancy.davis@fidelityin.com
Millennium Management,MLNM,Chevron Corp,CVX,166764100,20718216,8528111108.13,0.3997,2024-03-31,New,13F-HR,Elizabeth Jones,elizabeth.jones@millennium.com
Bridgewater Associates,BWTR,JPMorgan Chase,JPM,46625H100,22551286,2688681052.78,0.2903,2024-12-31,Increased,13F-HR,Robert Rodriguez,robert.rodriguez@bridgewate.com
AQR Capital Management,AQRC,Chevron Corp,CVX,166764100,46654968,7680725854.77,1.6893,2025-12-31,New,13F-NT,Susan Miller,susan.miller@aqrcapital.com
Point72 Asset Mgmt,PT72,Adobe Inc,ADBE,00724F101,31947850,14649981201.56,0.5844,2025-12-31,Decreased,13F-HR,Robert Thomas,robert.thomas@point72ass.com
AQR Capital Management,AQRC,Pfizer Inc,PFE,717081103,21589319,2412325120.05,0.3300,2027-03-30,Unchanged,13F-HR,Thomas Johnson,thomas.johnson@aqrcapital.com
Vanguard Group,VGI,Adobe Inc,ADBE,00724F101,9050657,5780855822.71,0.1392,2024-06-30,Increased,13F-HR,Robert Thompson,robert.thompson@vanguardgr.com
BlackRock Inc,BLK,Procter & Gamble,PG,742718109,26623861,5546282487.74,0.3440,2025-12-31,New,13F-NT,Robert Williams,robert.williams@blackrocki.com
BlackRock Inc,BLK,Amazon.com Inc,AMZN,023135106,45517020,1860013542.18,3.5862,2025-12-31,Increased,13F-HR,Dorothy Anderson,dorothy.anderson@blackrocki.com
Two Sigma Investments,TWSM,Pfizer Inc,PFE,717081103,42901865,17429443142.66,0.8802,2025-09-30,Decreased,13F-NT,Daniel Rodriguez,daniel.rodriguez@twosigmain.com
Morgan Stanley IM,MS,Walt Disney Co,DIS,254687106,45643879,14447188771.30,0.7240,2025-03-31,Unchanged,13F-HR,Jennifer White,jennifer.white@morganstan.com
Morgan Stanley IM,MS,Apple Inc,AAPL,037833100,37398253,2473297431.73,1.7786,2024-03-31,Unchanged,13F-HR,Sarah Smith,sarah.smith@morganstan.com
JP Morgan Asset Mgmt,JPM,Johnson & Johnson,JNJ,478160104,44775400,17760342258.40,3.5985,2024-06-30,Unchanged,13F-HR,Sarah Lopez,sarah.lopez@jpmorganas.com
Wellington Management,WMGI,Coca-Cola Co,KO,191216100,31463788,17530642046.30,0.8976,2024-06-30,Unchanged,13F-HR,Patricia Jackson,patricia.jackson@wellington.com
State Street Corp,STT,Bank of America,BAC,060505104,23469361,8874232237.24,0.5281,2025-03-31,Decreased,13F-NT,Susan Hernandez,susan.hernandez@statestree.com
BlackRock Inc,BLK,Apple Inc,AAPL,,424137,312584561.34,0.0114,2024-06-30,Increased,13F-HR,Richard Brown,richard.brown@blackrocki.com
T. Rowe Price,TROW,Exxon Mobil,XOM,30231G102,34453349,22545530739.54,0.4960,2025-03-31,Increased,13F-HR,Robert Thomas,robert.thomas@troweprice.com
T. Rowe Price,TROW,Johnson & Johnson,JNJ,478160104,21025791,5481368576.81,0.3146,2025-06-30,New,13F-HR,Karen Smith,karen.smith@troweprice.com
JP Morgan Asset Mgmt,JPM,Chevron Corp,CVX,166764100,12828234,491762376.31,2.0248,2024-06-30,Increased,13F-HR,David Miller,david.miller@jpmorganas.com
BlackRock Inc,BLK,Home Depot,HD,437076102,12413563,7350633276.30,0.5252,2024-12-31,New,13F-NT,Elizabeth Smith,elizabeth.smith@blackrocki.com
JP Morgan Asset Mgmt,JPM,Exxon Mobil,XOM,30231G102,36623840,15010502901.97,2.4214,2025-12-31,Unchanged,13F-NT,Steven Martin,steven.martin@jpmorganas.com
BlackRock Inc,BLK,Salesforce Inc,CRM,79466L302,6038283,2397141497.24,0.1037,2025-06-30,Unchanged,13F-HR,Sarah Thompson,sarah.thompson@blackrocki.com
Two Sigma Investments,TWSM,Home Depot,HD,437076102,4333658,2229508606.43,0.1048,2025-06-30,Increased,13F-HR,Patricia Martinez,patricia.martinez@twosigmain.com
Two Sigma Investments,TWSM,Microsoft Corp,MSFT,594918104,7113196,2437067858.16,0.1238,2024-12-31,Increased,13F-HR,Elizabeth Smith,elizabeth.smith@twosigmain.com
Goldman Sachs AM,GS,Johnson & Johnson,JNJ,478160104,17809844,4179643950.00,0.2262,2024-12-31,Unchanged,13F-HR,Steven Smith,steven.smith@goldmansac.com
Morgan Stanley IM,MS,Tesla Inc,TSLA,88160R101,40436311,5630288677.98,4.9095,2024-09-30,Unchanged,13F-NT,Karen Moore,karen.moore@morganstan.com
Appaloosa Management,APLS,Home Depot,HD,437076102,16497663,9925485819.56,0.2398,2024-12-31,Unchanged,13F-HR,,
State Street Corp,STT,Procter & Gamble,PG,742718109,1892327,391396305.19,0.0344,2025-06-30,Increased,13F-NT,David Williams,david.williams@statestree.com
Renaissance Technologies,RNTC,Home Depot,HD,437076102,32911385,18946196580.29,1.3684,2024-06-30,Unchanged,13F-HR,Michael Anderson,michael.anderson@renaissanc.com
JP Morgan Asset Mgmt,JPM,Exxon Mobil,XOM,30231G102,36376426,16523342206.90,6.8833,2024-09-30,Decreased,13F-HR,James Smith,james.smith@jpmorganas.com
T. Rowe Price,TROW,NVIDIA Corp,NVDA,67066G104,10788657,8177713035.41,0.2588,2024-09-30,Increased,13F-HR,Jennifer Jackson,jennifer.jackson@troweprice.com
Two Sigma Investments,TWSM,Alphabet Inc,GOOGL,02079K305,41100542,20340217451.12,0.6712,2025-12-31,New,13F-HR,Sarah Brown,sarah.brown@twosigmain.com
Citadel Advisors,CDLC,Alphabet Inc,GOOGL,02079K305,9811203,1249237700.56,0.1628,2025-06-30,Increased,13F-HR,Karen Jones,karen.jones@citadeladv.com
Renaissance Technologies,RNTC,Johnson & Johnson,JNJ,478160104,4132688,988130162.99,0.0684,2024-03-31,Unchanged,13F-NT,Nancy Thomas,nancy.thomas@renaissanc.com
Bridgewater Associates,BWTR,Salesforce Inc,CRM,79466L302,37023372,8568026282.94,0.7092,2025-03-31,Decreased,13F-HR,Robert Garcia,robert.garcia@bridgewate.com
JP Morgan Asset Mgmt,JPM,UnitedHealth Group,UNH,91324P102,35918564,11018644308.27,0.7137,2024-12-31,Increased,13F-HR,Susan Anderson,susan.anderson@jpmorganas.com
Goldman Sachs AM,GS,Visa Inc,V,92826C839,2089048,970942735.49,0.0304,2024-12-31,Unchanged,13F-HR,Mark Hernandez,mark.hernandez@goldmansac.com
Bridgewater Associates,BWTR,Home Depot,HD,437076102,74511,28224803.50,0.0014,2025-12-31,Unchanged,13F-HR,James Taylor,james.taylor@bridgewate.com
DE Shaw & Co,DSHW,Tesla Inc,TSLA,88160R101,40722281,5377848733.69,0.6604,2025-06-30,Increased,13F-HR,Thomas Thomas,thomas.thomas@deshaw&co.com
Goldman Sachs AM,GS,Alphabet Inc,GOOGL,02079K305,24476430,2517212318.98,0.6756,2024-06-30,Unchanged,13F-HR,Lisa Thomas,lisa.thomas@goldmansac.com
DE Shaw & Co,DSHW,Chevron Corp,CVX,166764100,5390916,484012866.56,0.3198,2024-03-31,Decreased,13F-HR,James Miller,james.miller@deshaw&co.com
Two Sigma Investments,TWSM,Chevron Corp,CVX,166764100,31791189,24464456234.36,0.4014,2024-09-30,Increased,13F-HR,Patricia Moore,patricia.moore@twosigmain.com
Vanguard Group,VGI,Visa Inc,V,92826C839,17638970,13085357343.25,0.4429,2025-03-31,Unchanged,13F-HR,Patricia Miller,patricia.miller@vanguardgr.com
Point72 Asset Mgmt,PT72,Bank of America,BAC,060505104,24323339,12881575715.51,0.7848,2024-06-30,Increased,13F-NT,Steven Hernandez,steven.hernandez@point72ass.com
Point72 Asset Mgmt,PT72,Bank of America,BAC,060505104,38443358,16861061658.91,3.1859,2024-12-31,New,13F-HR,Nancy Moore,nancy.moore@point72ass.com
Morgan Stanley IM,MS,Adobe Inc,ADBE,00724F101,12862131,1159828322.33,0.1731,2025-06-30,Increased,13F-HR,Elizabeth Davis,elizabeth.davis@morganstan.com
State Street Corp,STT,Netflix Inc,NFLX,64110L106,18577695,1010397623.11,0.2983,2025-09-30,Increased,13F-HR,Richard Rodriguez,richard.rodriguez@statestree.com
Vanguard Group,VGI,Intel Corp,INTC,458140100,6536256,4210511191.69,0.1014,2025-09-30,Increased,13F-NT,Patricia Moore,patricia.moore@vanguardgr.com
Goldman Sachs AM,GS,Exxon Mobil,XOM,30231G102,47541869,30224025600.66,1.8559,2025-09-30,Increased,13F-HR,Patricia Martinez,patricia.martinez@goldmansac.com
Morgan Stanley IM,MS,Cisco Systems,CSCO,17275R102,13522129,4132220096.78,0.1692,2024-03-31,New,13F-HR,,
Point72 Asset Mgmt,PT72,UnitedHealth Group,UNH,91324P102,30934495,11930639965.34,4.0554,2025-12-31,Unchanged,13F-NT,Thomas Martinez,thomas.martinez@point72ass.com
Wellington Management,WMGI,Microsoft Corp,MSFT,594918104,1525661,1041050659.80,0.0465,2024-06-30,Unchanged,13F-HR,Sarah Davis,sarah.davis@wellington.com
Citadel Advisors,CDLC,Cisco Systems,CSCO,17275R102,27157210,9067530340.26,0.3977,2024-09-30,Unchanged,13F-NT,James Smith,james.smith@citadeladv.com
T. Rowe Price,TROW,Meta Platforms,META,30303M102,20218577,4637278266.48,1.7944,2025-03-31,Decreased,13F-HR,Sarah Hernandez,sarah.hernandez@troweprice.com
Appaloosa Management,APLS,UnitedHealth Group,UNH,91324P102,25571127,12742483281.14,2.0237,2025-06-30,Increased,13F-HR,Dorothy Hernandez,dorothy.hernandez@appaloosam.com
Bridgewater Associates,BWTR,Apple Inc,AAPL,037833100,27004532,15500613374.42,1.1695,2024-06-30,New,13F-HR,William Williams,william.williams@bridgewate.com
Point72 Asset Mgmt,PT72,Johnson & Johnson,JNJ,478160104,24969508,1213900474.13,0.3683,2024-09-30,Unchanged,13F-NT,Daniel Thomas,daniel.thomas@point72ass.com
Millennium Management,MLNM,Bank of America,BAC,060505104,29333008,12039171465.52,1.9420,2024-12-31,Increased,13F-HR,Elizabeth Martinez,elizabeth.martinez@millennium.com
BlackRock Inc,BLK,Meta Platforms,META,30303M102,36360663,16527557236.68,0.8434,2024-12-31,New,13F-HR,,
Millennium Management,MLNM,Microsoft Corp,MSFT,594918104,11399477,6019366591.29,0.1486,2024-03-31,Increased,13F-HR,Elizabeth Miller,elizabeth.miller@millennium.com
Fidelity Investments,FNF,Procter & Gamble,PG,742718109,11661545,369621604.47,0.3524,2025-06-30,Increased,13F-HR,James Thomas,james.thomas@fidelityin.com
Fidelity Investments,FNF,Berkshire Hathaway,BRK.B,084670702,46305643,18854636846.19,0.8871,2024-06-30,Unchanged,13F-HR,Steven Thompson,steven.thompson@fidelityin.com
Two Sigma Investments,TWSM,Exxon Mobil,XOM,30231G102,28329258,19540088307.51,0.4979,2024-03-31,Decreased,13F-HR,Patricia Lopez,patricia.lopez@twosigmain.com
Morgan Stanley IM,MS,Pfizer Inc,PFE,717081103,31306154,18034048293.02,0.4899,2025-09-30,Increased,13F-HR,Jennifer Moore,jennifer.moore@morganstan.com
Wellington Management,WMGI,Johnson & Johnson,JNJ,478160104,33002006,22752346303.23,0.9590,2025-03-31,Decreased,13F-HR,Lisa Jones,lisa.jones@wellington.com
Vanguard Group,VGI,Bank of America,BAC,060505104,21728476,9162645102.05,0.2934,2024-03-31,Increased,13F-NT,James Anderson,james.anderson@vanguardgr.com
Millennium Management,MLNM,Microsoft Corp,MSFT,594918104,32166380,24459707344.28,0.9013,2024-03-31,Increased,13F-NT,Sarah Smith,sarah.smith@millennium.com
JP Morgan Asset Mgmt,JPM,Meta Platforms,META,30303M102,8722454,2236228446.42,0.3213,2025-09-30,Unchanged,13F-HR,Elizabeth Smith,elizabeth.smith@jpmorganas.com
T. Rowe Price,TROW,Alphabet Inc,GOOGL,02079K305,47983376,35772871405.57,1.2077,2024-09-30,Increased,13F-HR,Sarah Williams,sarah.williams@troweprice.com
Renaissance Technologies,RNTC,Walt Disney Co,DIS,254687106,36647521,20671546130.09,0.6952,2024-03-31,Increased,13F-HR,Karen Rodriguez,karen.rodriguez@renaissanc.com
Morgan Stanley IM,MS,Amazon.com Inc,AMZN,023135106,28672591,5264188607.98,0.7319,2025-12-31,Decreased,13F-HR,Elizabeth Jackson,elizabeth.jackson@morganstan.com
AQR Capital Management,AQRC,Berkshire Hathaway,BRK.B,084670702,37480263,23802898865.36,0.9995,2025-06-30,New,13F-HR,Steven Miller,steven.miller@aqrcapital.com
DE Shaw & Co,DSHW,Adobe Inc,ADBE,00724F101,4597189,2521077707.68,0.0695,2025-12-31,New,13F-HR,Susan White,susan.white@deshaw&co.com
Appaloosa Management,APLS,Tesla Inc,TSLA,88160R101,44681720,32756009085.81,1.7567,2025-09-30,Unchanged,13F-HR,David Moore,david.moore@appaloosam.com
BlackRock Inc,BLK,Walt Disney Co,DIS,254687106,47109744,12231312918.99,0.6323,2025-03-31,Unchanged,13F-HR,Nancy Jackson,nancy.jackson@blackrocki.com
Appaloosa Management,APLS,Tesla Inc,TSLA,88160R101,12945106,9095421563.52,0.2136,2024-12-31,Increased,13F-NT,Lisa Thomas,lisa.thomas@appaloosam.com
Wellington Management,WMGI,Home Depot,HD,437076102,38227305,2308674073.03,1.0142,2025-12-31,Unchanged,13F-HR,James Brown,james.brown@wellington.com
State Street Corp,STT,Amazon.com Inc,AMZN,023135106,41577316,27089717256.21,0.6031,2025-03-31,Decreased,13F-HR,Elizabeth Moore,elizabeth.moore@statestree.com
Citadel Advisors,CDLC,Netflix Inc,NFLX,64110L106,49297018,3891063233.41,0.9497,2024-06-30,Unchanged,13F-HR,Margaret Brown,margaret.brown@citadeladv.com
Fidelity Investments,FNF,Meta Platforms,META,30303M102,49732061,31675877552.44,0.6492,2025-12-31,New,13F-HR,Sarah Garcia,sarah.garcia@fidelityin.com
Morgan Stanley IM,MS,UnitedHealth Group,UNH,91324P102,38709345,4646353948.74,0.5488,2024-12-31,Unchanged,13F-HR,Mark Martin,mark.martin@morganstan.com
Vanguard Group,VGI,Exxon Mobil,XOM,30231G102,11188614,5164848736.01,0.2244,2024-09-30,New,13F-NT,Daniel Rodriguez,daniel.rodriguez@vanguardgr.com
Capital Group,CGBL,Procter & Gamble,PG,742718109,35713184,13123939310.21,0.4489,2025-06-30,Increased,13F-HR,Daniel Martin,daniel.martin@capitalgro.com
Fidelity Investments,FNF,Meta Platforms,META,30303M102,23272442,11347046963.78,0.3218,2025-12-31,Unchanged,13F-HR,Thomas Anderson,thomas.anderson@fidelityin.com
State Street Corp,STT,Visa Inc,V,92826C839,34038232,9583906307.43,0.5048,2024-09-30,Increased,13F-HR,Nancy Williams,nancy.williams@statestree.com
Goldman Sachs AM,GS,Amazon.com Inc,AMZN,023135106,43627070,22103625675.65,6.3345,2025-03-31,Decreased,13F-NT,Jennifer Hernandez,jennifer.hernandez@goldmansac.com
Bridgewater Associates,BWTR,Adobe Inc,ADBE,00724F101,40248144,29151018793.08,0.6123,2024-09-30,Increased,13F-HR,Dorothy Martinez,dorothy.martinez@bridgewate.com
Morgan Stanley IM,MS,UnitedHealth Group,UNH,91324P102,9431897,6411499265.25,0.2800,2024-06-30,Unchanged,13F-HR,Karen Taylor,karen.taylor@morganstan.com
Wellington Management,WMGI,Meta Platforms,META,30303M102,35071205,2378229031.52,1.1418,2025-09-30,Unchanged,13F-HR,Nancy Jones,nancy.jones@wellington.com
Morgan Stanley IM,MS,Meta Platforms,META,30303M102,43471732,28600023567.46,1.2788,2024-09-30,Decreased,13F-HR,William Thomas,william.thomas@morganstan.com
Baupost Group,BPST,Intel Corp,INTC,458140100,49671407,28747896733.81,7.1768,2025-12-31,Increased,13F-HR,James Thompson,james.thompson@baupostgro.com
DE Shaw & Co,DSHW,Alphabet Inc,GOOGL,02079K305,44228718,8534494793.29,2.2495,2024-06-30,Unchanged,13F-HR,Elizabeth Thompson,elizabeth.thompson@deshaw&co.com
Fidelity Investments,FNF,Adobe Inc,ADBE,00724F101,7606514,5574256623.60,0.2476,2024-06-30,Increased,13F-NT,Sarah Johnson,sarah.johnson@fidelityin.com
Millennium Management,MLNM,Cisco Systems,CSCO,17275R102,29198172,18113822749.00,0.3679,2024-12-31,Increased,13F-NT,Robert Moore,robert.moore@millennium.com
Fidelity Investments,FNF,NVIDIA Corp,NVDA,67066G104,13793236,10076909266.00,0.2522,2024-06-30,Unchanged,13F-HR,Elizabeth Moore,elizabeth.moore@fidelityin.com
Morgan Stanley IM,MS,Intel Corp,INTC,458140100,10940916,7901259205.35,0.3644,2024-09-30,Increased,13F-HR,William Brown,william.brown@morganstan.com
Vanguard Group,VGI,Pfizer Inc,PFE,717081103,7118635,2272323238.50,0.8183,2024-03-31,Increased,13F-NT,Daniel Garcia,daniel.garcia@vanguardgr.com
Vanguard Group,VGI,Adobe Inc,ADBE,00724F101,49422345,32084926544.56,0.7264,2024-09-30,Increased,13F-HR,Jennifer Thomas,jennifer.thomas@vanguardgr.com
Fidelity Investments,FNF,Berkshire Hathaway,BRK.B,084670702,13451000,7764403538.66,0.2237,2025-12-31,Unchanged,13F-HR,Sarah Brown,sarah.brown@fidelityin.com
Citadel Advisors,CDLC,Procter & Gamble,PG,742718109,21245088,9767395862.83,0.5784,2025-12-31,Increased,13F-HR,Robert Rodriguez,robert.rodriguez@citadeladv.com
Bridgewater Associates,BWTR,NVIDIA Corp,NVDA,67066G104,46738850,6864200928.89,0.6124,2024-12-31,Decreased,13F-NT,Margaret Johnson,margaret.johnson@bridgewate.com
Vanguard Group,VGI,Exxon Mobil,XOM,30231G102,47458239,34072093603.87,1.1424,2024-03-31,Decreased,13F-HR,Thomas Lopez,thomas.lopez@vanguardgr.com
Millennium Management,MLNM,NVIDIA Corp,NVDA,67066G104,20323413,2114587216.79,0.5159,2026-06-13,Increased,13F-HR,Margaret White,margaret.white@millennium.com
T. Rowe Price,TROW,Amazon.com Inc,AMZN,023135106,26687468,10664638027.46,1.1847,2024-12-31,Unchanged,13F-HR,Lisa Davis,lisa.davis@troweprice.com
Morgan Stanley IM,MS,Meta Platforms,META,30303M102,13891006,6260502568.56,0.1990,2024-06-30,Unchanged,13F-HR,Sarah Smith,sarah.smith@morganstan.com
Appaloosa Management,APLS,Chevron Corp,CVX,166764100,21730026,17028085625.06,1.2369,2024-09-30,Unchanged,13F-HR,Susan Rodriguez,susan.rodriguez@appaloosam.com
Goldman Sachs AM,GS,Netflix Inc,NFLX,64110L106,13342100,5087786372.18,0.1997,2024-06-30,Unchanged,13F-NT,David Hernandez,david.hernandez@goldmansac.com
Bridgewater Associates,BWTR,Pfizer Inc,PFE,717081103,3569747,763898986.92,-0.0542,2025-09-30,Unchanged,13F-HR,Michael Smith,michael.smith@bridgewate.com
Vanguard Group,VGI,Coca-Cola Co,KO,191216100,39984046,29812866744.35,0.6363,2025-09-30,Increased,13F-HR,Thomas Lopez,thomas.lopez@vanguardgr.com
BlackRock Inc,BLK,Walt Disney Co,DIS,254687106,7692205,378350752.38,0.2067,2025-03-31,Unchanged,13F-HR,Steven Taylor,steven.taylor@blackrocki.com
Renaissance Technologies,RNTC,Amazon.com Inc,AMZN,023135106,17133759,2721670624.76,0.4063,2025-09-30,Increased,13F-HR,Michael Smith,michael.smith@renaissanc.com
Capital Group,CGBL,Johnson & Johnson,JNJ,478160104,9021207,262067388.63,0.2746,2024-09-30,Increased,13F-HR,Richard Martin,richard.martin@capitalgro.com
BlackRock Inc,BLK,Bank of America,BAC,060505104,33617925,23937616783.85,1.2763,2025-06-30,Unchanged,13F-HR,William Jones,william.jones@blackrocki.com
Wellington Management,WMGI,Adobe Inc,ADBE,00724F101,6486246,4087951579.58,0.1143,2024-03-31,Increased,13F-HR,Jennifer Garcia,jennifer.garcia@wellington.com
DE Shaw & Co,DSHW,Tesla Inc,TSLA,88160R101,6081625,3274589602.16,0.0864,2024-12-31,Increased,13F-HR,Michael Moore,michael.moore@deshaw&co.com
Point72 Asset Mgmt,PT72,Procter & Gamble,PG,742718109,575100,235851081.03,0.0072,2024-09-30,Unchanged,13F-HR,William Jones,william.jones@point72ass.com
Bridgewater Associates,BWTR,Home Depot,HD,437076102,48722155,13266639271.96,0.8359,2025-09-30,Unchanged,13F-NT,Margaret Miller,margaret.miller@bridgewate.com
Millennium Management,MLNM,Johnson & Johnson,JNJ,478160104,26562767,9708103704.77,0.4610,2025-06-30,Unchanged,13F-HR,Michael Davis,michael.davis@millennium.com
Baupost Group,BPST,Cisco Systems,CSCO,17275R102,37841905,29874870853.94,1.4679,2024-03-31,New,13F-HR,Robert Anderson,robert.anderson@baupostgro.com
Appaloosa Management,APLS,Berkshire Hathaway,BRK.B,084670702,1504980,1137387209.74,0.1407,2024-09-30,Increased,13F-NT,Thomas Moore,thomas.moore@appaloosam.com
Citadel Advisors,CDLC,Bank of America,BAC,060505104,34517393,8330063448.48,1.0551,2025-12-31,Increased,13F-HR,Patricia Thompson,patricia.thompson@citadeladv.com
JP Morgan Asset Mgmt,JPM,Exxon Mobil,XOM,30231G102,TBD,19672962982.48,0.8655,2025-03-31,Unchanged,13F-HR,Elizabeth White,elizabeth.white@jpmorganas.com
Millennium Management,MLNM,Procter & Gamble,PG,742718109,11346748,2385411513.27,0.3408,2024-03-31,Unchanged,13F-HR,Thomas Smith,thomas.smith@millennium.com
Appaloosa Management,APLS,Cisco Systems,CSCO,17275R102,19780590,7556785990.01,0.3947,2024-09-30,New,13F-NT,Steven Taylor,steven.taylor@appaloosam.com
AQR Capital Management,AQRC,Bank of America,BAC,060505104,11217999,1467642097.79,1.1036,2025-06-30,Unchanged,13F-HR,Thomas Thompson,thomas.thompson@aqrcapital.com
Citadel Advisors,CDLC,Exxon Mobil,XOM,30231G102,19373494,8908715568.76,0.2746,2026-09-07,Unchanged,13F-NT,Lisa Lopez,lisa.lopez@citadeladv.com
Goldman Sachs AM,GS,Salesforce Inc,CRM,79466L302,2209299,185334876.84,0.0399,2024-09-30,Unchanged,13F-NT,Karen Taylor,karen.taylor@goldmansac.com
DE Shaw & Co,DSHW,Amazon.com Inc,AMZN,023135106,34125668,1812464983.24,1.3955,2024-12-31,Unchanged,13F-HR,Lisa Johnson,lisa.johnson@deshaw&co.com
T. Rowe Price,TROW,NVIDIA Corp,NVDA,67066G104,47612473,9325703777.79,0.6779,2025-06-30,Decreased,13F-HR,Elizabeth Williams,elizabeth.williams@troweprice.com
State Street Corp,STT,Apple Inc,AAPL,037833100,43178051,13113497975.46,0.5983,2025-06-30,Decreased,13F-NT,Susan Williams,susan.williams@statestree.com
Vanguard Group,VGI,UnitedHealth Group,UNH,91324P102,48010864,29436977534.70,0.9695,2025-09-30,Unchanged,13F-NT,David Johnson,david.johnson@vanguardgr.com
BlackRock Inc,BLK,Meta Platforms,META,30303M102,13451676,3864431248.28,0.2839,2024-09-30,Increased,13F-HR,Richard Anderson,richard.anderson@blackrocki.com
Baupost Group,BPST,Pfizer Inc,PFE,717081103,18421200,9793671521.42,0.6346,2024-06-30,Increased,13F-HR,Jennifer Davis,jennifer.davis@baupostgro.com
Fidelity Investments,FNF,Bank of America,BAC,060505104,2876655,693439292.85,0.0569,2024-06-30,Increased,13F-HR,Richard Martinez,richard.martinez@fidelityin.com
Goldman Sachs AM,GS,UnitedHealth Group,UNH,91324P102,36315523,2024204634.55,0.4732,2025-06-30,Increased,13F-HR,Steven Rodriguez,steven.rodriguez@goldmansac.com
AQR Capital Management,AQRC,Netflix Inc,NFLX,64110L106,35580033,15665116351.34,1.0147,2024-03-31,Decreased,13F-HR,Robert Williams,robert.williams@aqrcapital.com
Fidelity Investments,FNF,Microsoft Corp,MSFT,594918104,16090824,9761728742.25,0.5333,2024-12-31,Unchanged,13F-HR,Karen Jackson,karen.jackson@fidelityin.com
Wellington Management,WMGI,Adobe Inc,ADBE,00724F101,26462287,8239707355.95,0.5040,2024-06-30,New,13F-HR,William Jones,william.jones@wellington.com
Baupost Group,BPST,Pfizer Inc,PFE,717081103,49095706,27474211643.17,3.4442,2024-06-30,New,13F-HR,Daniel Thomas,daniel.thomas@baupostgro.com
DE Shaw & Co,DSHW,Netflix Inc,NFLX,64110L106,37273160,5309306915.43,0.5561,2025-09-30,Decreased,13F-HR,William Brown,william.brown@deshaw&co.com
JP Morgan Asset Mgmt,JPM,Procter & Gamble,PG,742718109,30300069,17007192848.80,1.1027,2026-08-19,Unchanged,13F-HR,Lisa White,lisa.white@jpmorganas.com
Vanguard Group,VGI,Berkshire Hathaway,BRK.B,084670702,46672362,36438832394.23,2.4853,2025-06-30,Unchanged,13F-NT,Margaret Brown,margaret.brown@vanguardgr.com
BlackRock Inc,BLK,Apple Inc,AAPL,037833100,28253764,21901534314.83,1.1329,2024-09-30,Unchanged,13F-HR,Elizabeth Martinez,elizabeth.martinez@blackrocki.com
Two Sigma Investments,TWSM,Apple Inc,AAPL,037833100,10379331,3634778588.31,0.1388,2025-06-30,Increased,13F-HR,Robert Brown,robert.brown@twosigmain.com
Two Sigma Investments,TWSM,Meta Platforms,META,30303M102,37737394,10610843463.72,0.8866,2024-06-30,Increased,13F-HR,David Brown,david.brown@twosigmain.com
Citadel Advisors,CDLC,NVIDIA Corp,NVDA,67066G104,19072956,7021515463.79,0.4000,2025-12-31,Increased,13F-HR,David Taylor,david.taylor@citadeladv.com
Renaissance Technologies,RNTC,Pfizer Inc,PFE,717081103,23541734,11387886441.60,0.5991,2025-09-30,Unchanged,13F-HR,William Jackson,william.jackson@renaissanc.com
T. Rowe Price,TROW,Bank of America,BAC,060505104,49802540,32438671248.57,1.4770,2024-09-30,Increased,13F-HR,Thomas Brown,thomas.brown@troweprice.com
Bridgewater Associates,BWTR,Tesla Inc,TSLA,88160R101,43357729,29662665842.27,3.8996,2025-09-30,Unchanged,13F-HR,Sarah Davis,sarah.davis@bridgewate.com
Baupost Group,BPST,Netflix Inc,NFLX,64110L106,41370222,12302964726.38,0.6649,2025-12-31,New,13F-HR,Jennifer Thompson,jennifer.thompson@baupostgro.com
AQR Capital Management,AQRC,NVIDIA Corp,NVDA,67066G104,36699707,8184467347.78,0.4942,2024-12-31,New,13F-HR,Steven Lopez,steven.lopez@aqrcapital.com
Point72 Asset Mgmt,PT72,Pfizer Inc,PFE,717081103,9522872,2532223183.95,0.2649,2025-06-30,Increased,13F-HR,Margaret Smith,margaret.smith@point72ass.com
State Street Corp,STT,NVIDIA Corp,NVDA,67066G104,22719226,16836418324.56,0.4063,2025-03-31,Decreased,13F-HR,Richard Rodriguez,richard.rodriguez@statestree.com
AQR Capital Management,AQRC,Amazon.com Inc,AMZN,023135106,45178436,36012530854.37,1.8036,2025-03-31,Unchanged,13F-NT,Steven Brown,steven.brown@aqrcapital.com
DE Shaw & Co,DSHW,JPMorgan Chase,JPM,46625H100,22353405,2237432384.12,0.5785,2024-12-31,Unchanged,13F-HR,Dorothy Jones,dorothy.jones@deshaw&co.com
Vanguard Group,VGI,Meta Platforms,META,30303M102,21502016,2908546368.41,0.3203,2024-09-30,New,13F-NT,Karen Williams,karen.williams@vanguardgr.com
BlackRock Inc,BLK,Salesforce Inc,CRM,79466L302,5214180,424302604.42,0.1277,2024-12-31,Unchanged,13F-HR,Nancy Martin,nancy.martin@blackrocki.com
Capital Group,CGBL,Home Depot,HD,437076102,5934682,1080711299.14,0.1007,2024-09-30,Decreased,13F-HR,David Taylor,david.taylor@capitalgro.com
BlackRock Inc,BLK,Berkshire Hathaway,BRK.B,084670702,2416674,934752766.48,0.0440,2024-09-30,New,13F-HR,Steven Hernandez,steven.hernandez@blackrocki.com
Baupost Group,BPST,Pfizer Inc,PFE,717081103,23933316,12024421385.43,0.3327,2025-06-30,Unchanged,13F-HR,Richard Williams,richard.williams@baupostgro.com
DE Shaw & Co,DSHW,Alphabet Inc,GOOGL,02079K305,36308397,10350003510.27,0.8078,2025-03-31,Unchanged,13F-HR,Jennifer Brown,jennifer.brown@deshaw&co.com
Vanguard Group,VGI,Intel Corp,INTC,458140100,14932182,1797794294.11,0.4289,2024-06-30,Increased,13F-HR,Lisa Martinez,lisa.martinez@vanguardgr.com
Renaissance Technologies,RNTC,Visa Inc,V,92826C839,13372252,9654458579.92,2.0377,2025-06-30,Unchanged,13F-HR,Jennifer Smith,jennifer.smith@renaissanc.com
Two Sigma Investments,TWSM,Exxon Mobil,XOM,30231G102,20340933,7149539688.02,0.2548,2024-03-31,Unchanged,13F-NT,David Lopez,david.lopez@twosigmain.com
Baupost Group,BPST,UnitedHealth Group,UNH,91324P102,13914929,2660958836.74,1.0143,2024-03-31,Increased,13F-HR,Lisa Thomas,lisa.thomas@baupostgro.com
State Street Corp,STT,Procter & Gamble,PG,742718109,21771135,9508994019.60,0.8241,2025-06-30,Increased,13F-HR,Susan Rodriguez,susan.rodriguez@statestree.com
Point72 Asset Mgmt,PT72,Tesla Inc,TSLA,88160R101,47338874,28094226629.30,0.7481,2025-12-31,Increased,13F-HR,Lisa Moore,lisa.moore@point72ass.com
Citadel Advisors,CDLC,Exxon Mobil,XOM,30231G102,45603020,5401665399.90,0.6740,2024-06-30,Unchanged,13F-HR,Sarah Thomas,sarah.thomas@citadeladv.com
Two Sigma Investments,TWSM,Apple Inc,AAPL,037833100,25803925,10406411568.74,1.4691,2024-06-30,Increased,13F-HR,Susan Garcia,susan.garcia@twosigmain.com
DE Shaw & Co,DSHW,Apple Inc,AAPL,037833100,4716987,314837192.24,0.0806,2024-06-30,Increased,13F-HR,Elizabeth White,elizabeth.white@deshaw&co.com
Millennium Management,MLNM,Amazon.com Inc,AMZN,023135106,24428604,10057023470.51,0.7300,2025-09-30,Unchanged,13F-HR,Dorothy Garcia,dorothy.garcia@millennium.com
Point72 Asset Mgmt,PT72,Alphabet Inc,GOOGL,02079K305,49054692,5304990547.23,1.3543,2024-09-30,Unchanged,13F-HR,Patricia Jackson,patricia.jackson@point72ass.com
Goldman Sachs AM,GS,Home Depot,HD,437076102,8548309,3113914769.82,0.1164,2024-06-30,Increased,13F-HR,Steven Thomas,steven.thomas@goldmansac.com
Baupost Group,BPST,Procter & Gamble,PG,742718109,2625627,1686791724.34,0.0499,2025-12-31,Increased,13F-HR,Thomas Garcia,thomas.garcia@baupostgro.com
Vanguard Group,VGI,Microsoft Corp,MSFT,594918104,46641061,9496158272.70,2.9212,2025-03-31,Decreased,13F-HR,Thomas Jackson,thomas.jackson@vanguardgr.com
State Street Corp,STT,Intel Corp,INTC,458140100,26558202,13731043373.17,0.3876,2024-09-30,Increased,13F-HR,Mark Rodriguez,mark.rodriguez@statestree.com
Baupost Group,BPST,Bank of America,BAC,060505104,30194202,13296126210.39,1.7755,2025-09-30,Unchanged,13F-HR,Sarah Jones,sarah.jones@baupostgro.com
Morgan Stanley IM,MS,Coca-Cola Co,KO,191216100,31196057,14490029497.52,0.9257,2024-12-31,Unchanged,13F-HR,William Smith,william.smith@morganstan.com
Renaissance Technologies,RNTC,Bank of America,BAC,060505104,42263674,6128108327.80,0.5345,2025-12-31,Increased,13F-HR,Richard Johnson,richard.johnson@renaissanc.com
Wellington Management,WMGI,Adobe Inc,ADBE,00724F101,4748515,3689579067.22,0.1059,2024-03-31,Unchanged,13F-HR,Patricia Martinez,patricia.martinez@wellington.com
Goldman Sachs AM,GS,Cisco Systems,CSCO,17275R102,2445602,1916730704.71,0.1184,2024-12-31,Increased,13F-HR,Lisa Williams,lisa.williams@goldmansac.com
T. Rowe Price,TROW,Procter & Gamble,PG,742718109,14552924,10078853935.22,0.1932,2025-03-31,New,13F-NT,William Taylor,william.taylor@troweprice.com
Citadel Advisors,CDLC,Alphabet Inc,GOOGL,02079K305,22016332,11790119903.75,1.2121,2024-06-30,Increased,13F-HR,Dorothy Hernandez,dorothy.hernandez@citadeladv.com
Vanguard Group,VGI,Apple Inc,AAPL,037833100,17201749,8182091415.35,0.4247,2025-03-31,Increased,13F-HR,Robert Moore,robert.moore@vanguardgr.com
Point72 Asset Mgmt,PT72,Exxon Mobil,XOM,30231G102,45289619,3732186473.76,8.5472,2025-09-30,Increased,13F-NT,Susan Rodriguez,susan.rodriguez@point72ass.com
Goldman Sachs AM,GS,Intel Corp,INTC,458140100,13428808,4202078980.98,0.9276,2025-09-30,Unchanged,13F-HR,Karen White,karen.white@goldmansac.com
Capital Group,CGBL,Berkshire Hathaway,BRK.B,084670702,48486187,10930988520.55,0.8297,2025-03-31,Decreased,13F-HR,William Hernandez,william.hernandez@capitalgro.com
BlackRock Inc,BLK,Pfizer Inc,PFE,717081103,41684261,32262434926.96,-0.5307,2025-12-31,Increased,13F-HR,Patricia Lopez,patricia.lopez@blackrocki.com
Wellington Management,WMGI,Cisco Systems,CSCO,17275R102,36964671,20458814482.28,2.0882,2024-12-31,Increased,13F-HR,Thomas Martinez,thomas.martinez@wellington.com
Capital Group,CGBL,Exxon Mobil,XOM,30231G102,15323035,1955764451.12,0.6543,2025-09-30,Unchanged,13F-HR,Mark Moore,mark.moore@capitalgro.com
BlackRock Inc,BLK,JPMorgan Chase,JPM,46625H100,35739449,13227597792.94,6.8446,2025-09-30,New,13F-NT,Jennifer Anderson,jennifer.anderson@blackrocki.com
Appaloosa Management,APLS,Pfizer Inc,PFE,717081103,21528036,756245671.93,0.4299,2024-12-31,Increased,13F-HR,Margaret Smith,margaret.smith@appaloosam.com
JP Morgan Asset Mgmt,JPM,Home Depot,HD,437076102,2561553,1957203805.52,0.0821,2024-06-30,Increased,13F-HR,Susan Jackson,susan.jackson@jpmorganas.com
Renaissance Technologies,RNTC,Coca-Cola Co,KO,191216100,6366905,2421930767.76,0.5786,2024-12-31,Increased,13F-HR,James Johnson,james.johnson@renaissanc.com
BlackRock Inc,BLK,Adobe Inc,ADBE,00724F101,4077647,1362115961.22,0.0652,2024-06-30,Increased,13F-HR,David Davis,david.davis@blackrocki.com
Bridgewater Associates,BWTR,NVIDIA Corp,NVDA,67066G104,25708157,12860778959.91,0.4833,2025-12-31,Unchanged,13F-NT,Susan Jackson,susan.jackson@bridgewate.com
AQR Capital Management,AQRC,Johnson & Johnson,JNJ,478160104,25699872,3719607773.63,0.4671,2024-03-31,Unchanged,13F-HR,William Smith,william.smith@aqrcapital.com
AQR Capital Management,AQRC,Meta Platforms,META,30303M102,4008170,2929420360.09,0.0632,2024-06-30,Unchanged,13F-HR,Richard Martinez,richard.martinez@aqrcapital.com
Citadel Advisors,CDLC,Netflix Inc,NFLX,64110L106,13191914,5185388576.36,0.5501,2024-06-30,New,13F-NT,Karen Miller,karen.miller@citadeladv.com
Citadel Advisors,CDLC,Coca-Cola Co,KO,191216100,49346565,6125766387.12,0.8907,2025-12-31,Decreased,13F-HR,Susan Anderson,susan.anderson@citadeladv.com
Baupost Group,BPST,Microsoft Corp,MSFT,594918104,21826849,4864887195.48,0.3993,2025-09-30,Increased,13F-NT,Thomas Lopez,thomas.lopez@baupostgro.com
Bridgewater Associates,BWTR,Apple Inc,AAPL,037833100,31837410,5603751608.79,0.4831,2024-09-30,Unchanged,13F-HR,Michael Anderson,michael.anderson@bridgewate.com
Point72 Asset Mgmt,PT72,Exxon Mobil,XOM,30231G102,33339958,25088241972.28,2.0613,2025-03-31,New,13F-HR,Richard Garcia,richard.garcia@point72ass.com
Vanguard Group,VGI,Apple Inc,AAPL,037833100,16206038,10844085735.20,0.2657,2025-03-31,New,13F-HR,Mark Jackson,mark.jackson@vanguardgr.com
JP Morgan Asset Mgmt,JPM,Johnson & Johnson,JNJ,478160104,48626702,37024157674.41,5.8109,2025-09-30,New,13F-HR,Michael Garcia,michael.garcia@jpmorganas.com
DE Shaw & Co,DSHW,Pfizer Inc,PFE,717081103,8545718,4806564964.15,0.9058,2025-06-30,New,13F-HR,Thomas Miller,thomas.miller@deshaw&co.com
BlackRock Inc,BLK,Procter & Gamble,PG,742718109,27841601,8865860610.26,1.7437,2024-06-30,Increased,13F-HR,David Jones,david.jones@blackrocki.com
Two Sigma Investments,TWSM,Tesla Inc,TSLA,88160R101,6102879,3929260199.44,0.2983,2024-12-31,New,13F-HR,Patricia Jackson,patricia.jackson@twosigmain.com
Bridgewater Associates,BWTR,Johnson & Johnson,JNJ,478160104,48372937,31481413928.29,0.7115,2025-12-31,Increased,13F-NT,Margaret Lopez,margaret.lopez@bridgewate.com
DE Shaw & Co,DSHW,Adobe Inc,ADBE,00724F101,34355479,11256587057.36,1.3181,2024-06-30,Unchanged,13F-HR,Dorothy Lopez,dorothy.lopez@deshaw&co.com
Citadel Advisors,CDLC,Netflix Inc,NFLX,64110L106,31018404,20275256387.21,0.3967,2024-03-31,Decreased,13F-NT,Susan Hernandez,susan.hernandez@citadeladv.com
Morgan Stanley IM,MS,UnitedHealth Group,UNH,91324P102,25905547,19477115145.52,0.3609,2024-06-30,Unchanged,13F-HR,David Hernandez,david.hernandez@morganstan.com
Two Sigma Investments,TWSM,Intel Corp,INTC,458140100,24396551,14827226731.11,4.1127,2025-12-31,New,13F-HR,Robert Thompson,robert.thompson@twosigmain.com
Citadel Advisors,CDLC,Amazon.com Inc,AMZN,023135106,38372725,29830528511.10,0.6103,2024-06-30,Unchanged,13F-HR,James Anderson,james.anderson@citadeladv.com
Renaissance Technologies,RNTC,Adobe Inc,ADBE,00724F101,29766860,15991751201.86,2.6419,2025-03-31,Increased,13F-HR,Daniel Taylor,daniel.taylor@renaissanc.com
T. Rowe Price,TROW,Apple Inc,AAPL,037833100,45113564,4603120545.50,0.6757,2025-12-31,Increased,13F-HR,Michael Brown,michael.brown@troweprice.com
Two Sigma Investments,TWSM,JPMorgan Chase,JPM,46625H100,49539983,19523423347.20,1.3928,2025-09-30,Increased,13F-HR,David Thomas,david.thomas@twosigmain.com
Goldman Sachs AM,GS,Bank of America,BAC,060505104,15619918,570852335.18,1.5124,2024-03-31,Increased,13F-NT,Lisa Hernandez,lisa.hernandez@goldmansac.com
Bridgewater Associates,BWTR,Chevron Corp,CVX,166764100,5086023,2353137030.99,0.0662,2024-03-31,Unchanged,13F-HR,William Taylor,william.taylor@bridgewate.com
DE Shaw & Co,DSHW,Johnson & Johnson,JNJ,478160104,20578531,3168166872.52,1.2729,2024-09-30,Decreased,13F-HR,Karen Taylor,karen.taylor@deshaw&co.com
Fidelity Investments,FNF,Walt Disney Co,DIS,254687106,39797872,5010585340.42,0.5753,2024-06-30,New,13F-NT,Margaret Anderson,margaret.anderson@fidelityin.com
Two Sigma Investments,TWSM,Apple Inc,AAPL,037833100,15660948,396428122.21,0.3440,2025-12-31,Unchanged,13F-HR,Steven Miller,steven.miller@twosigmain.com
Bridgewater Associates,BWTR,JPMorgan Chase,JPM,46625H100,948572,359996085.84,0.0241,2025-03-31,Increased,13F-NT,James Moore,james.moore@bridgewate.com
BlackRock Inc,BLK,Microsoft Corp,MSFT,594918104,37202404,14932205481.43,0.4806,2025-03-31,Unchanged,13F-NT,Steven Jackson,steven.jackson@blackrocki.com
Capital Group,CGBL,Amazon.com Inc,AMZN,023135106,9925947,6233289504.74,0.2539,2024-12-31,Unchanged,13F-HR,Robert Jackson,robert.jackson@capitalgro.com
Citadel Advisors,CDLC,NVIDIA Corp,NVDA,67066G104,46600390,17180611458.03,0.6455,2024-06-30,Decreased,13F-HR,Robert Smith,robert.smith@citadeladv.com
Point72 Asset Mgmt,PT72,Microsoft Corp,MSFT,594918104,41674164,20409211415.82,2.6740,2024-06-30,Increased,13F-HR,Richard Brown,richard.brown@point72ass.com
Two Sigma Investments,TWSM,Cisco Systems,CSCO,17275R102,49608530,35507076634.07,0.6898,2025-12-31,Unchanged,13F-NT,Daniel White,daniel.white@twosigmain.com
Goldman Sachs AM,GS,Adobe Inc,ADBE,00724F101,15176970,1537652670.81,0.3464,2025-12-31,Increased,13F-HR,James Thompson,james.thompson@goldmansac.com
Appaloosa Management,APLS,Cisco Systems,CSCO,17275R102,42122109,17172704588.42,1.5211,2024-09-30,Decreased,13F-NT,Richard Smith,richard.smith@appaloosam.com
Morgan Stanley IM,MS,Netflix Inc,NFLX,64110L106,7430298,4472120926.81,0.1468,2024-06-30,Increased,13F-HR,Thomas Taylor,thomas.taylor@morganstan.com
Citadel Advisors,CDLC,Berkshire Hathaway,BRK.B,084670702,41039438,10034488277.21,0.5226,2024-06-30,Unchanged,13F-NT,Steven White,steven.white@citadeladv.com
Point72 Asset Mgmt,PT72,Home Depot,HD,437076102,49881466,3673028372.43,1.1825,2025-12-31,Decreased,13F-HR,Richard Miller,richard.miller@point72ass.com
Two Sigma Investments,TWSM,Exxon Mobil,XOM,30231G102,2839210,2147014592.38,0.0564,2024-03-31,Unchanged,13F-HR,Jennifer Taylor,jennifer.taylor@twosigmain.com
Vanguard Group,VGI,Alphabet Inc,GOOGL,02079K305,46739023,16167724108.51,0.7097,2024-06-30,Increased,13F-HR,Elizabeth Hernandez,elizabeth.hernandez@vanguardgr.com
Morgan Stanley IM,MS,Meta Platforms,META,30303M102,32110347,21488183268.82,0.6167,2025-03-31,Decreased,13F-NT,Michael Taylor,michael.taylor@morganstan.com
Vanguard Group,VGI,Salesforce Inc,CRM,79466L302,17139135,8135284160.53,1.4150,2025-12-31,Unchanged,13F-HR,Dorothy White,dorothy.white@vanguardgr.com
Fidelity Investments,FNF,Procter & Gamble,PG,742718109,2964212,1202276300.19,0.0414,2025-09-30,Unchanged,13F-HR,Lisa Garcia,lisa.garcia@fidelityin.com
Two Sigma Investments,TWSM,Meta Platforms,META,30303M102,35435223,9246754731.53,0.7298,2024-03-31,Decreased,13F-HR,Steven Jackson,steven.jackson@twosigmain.com
Appaloosa Management,APLS,Home Depot,HD,437076102,37702637,16996746222.11,0.5535,2024-09-30,New,13F-HR,Patricia Davis,patricia.davis@appaloosam.com
DE Shaw & Co,DSHW,Exxon Mobil,XOM,30231G102,25600328,8718269871.06,0.3316,2024-03-31,Increased,13F-HR,Karen Johnson,karen.johnson@deshaw&co.com
AQR Capital Management,AQRC,Tesla Inc,TSLA,88160R101,36491757,10625613227.69,1.0010,2024-09-30,Unchanged,13F-HR,Patricia Lopez,patricia.lopez@aqrcapital.com
AQR Capital Management,AQRC,Coca-Cola Co,KO,191216100,7976281,6260767818.20,0.0998,2025-06-30,Unchanged,13F-HR,James Brown,james.brown@aqrcapital.com
AQR Capital Management,AQRC,Cisco Systems,CSCO,17275R102,33711412,2447054059.68,2.0477,2024-09-30,Unchanged,13F-NT,Richard Thomas,richard.thomas@aqrcapital.com
Baupost Group,BPST,Intel Corp,INTC,458140100,18955442,11181312150.63,0.6077,2025-12-31,New,13F-HR,Thomas Johnson,thomas.johnson@baupostgro.com
Vanguard Group,VGI,Berkshire Hathaway,BRK.B,084670702,10548116,2895602500.70,0.2750,2024-12-31,Increased,13F-HR,Elizabeth Martinez,elizabeth.martinez@vanguardgr.com
DE Shaw & Co,DSHW,Meta Platforms,META,30303M102,42710723,22057395999.59,0.6587,2025-03-31,Unchanged,13F-HR,Patricia Lopez,patricia.lopez@deshaw&co.com
Baupost Group,BPST,Chevron Corp,CVX,166764100,28852498,3445204800.35,1.5819,2024-09-30,Increased,13F-HR,Robert Taylor,robert.taylor@baupostgro.com
DE Shaw & Co,DSHW,Intel Corp,INTC,458140100,33652447,10238958695.08,4.9282,2024-09-30,Decreased,13F-HR,Michael Taylor,michael.taylor@deshaw&co.com
Citadel Advisors,CDLC,Amazon.com Inc,AMZN,023135106,13801196,1605193538.14,0.3426,2024-09-30,Increased,13F-HR,Patricia Brown,patricia.brown@citadeladv.com
Bridgewater Associates,BWTR,Walt Disney Co,DIS,254687106,32393891,17793107720.61,1.8105,2025-06-30,New,13F-HR,Lisa Jackson,lisa.jackson@bridgewate.com
Baupost Group,BPST,Alphabet Inc,GOOGL,02079K305,30704780,16383954608.42,0.5714,2025-12-31,Unchanged,13F-HR,Karen Smith,karen.smith@baupostgro.com
Fidelity Investments,FNF,Adobe Inc,ADBE,00724F101,48799965,18997157524.31,0.8829,2025-06-30,Increased,13F-HR,Robert Anderson,robert.anderson@fidelityin.com
Baupost Group,BPST,UnitedHealth Group,UNH,91324P102,405679,306424964.42,0.0067,2025-12-31,Unchanged,13F-NT,Daniel Hernandez,daniel.hernandez@baupostgro.com
Appaloosa Management,APLS,Walt Disney Co,DIS,254687106,5144986,2755875074.64,0.0732,2024-06-30,Increased,13F-HR,Karen Moore,karen.moore@appaloosam.com
Wellington Management,WMGI,Visa Inc,V,92826C839,2600818,1300738925.30,0.1267,2025-09-30,New,13F-HR,Patricia Lopez,patricia.lopez@wellington.com
Capital Group,CGBL,Chevron Corp,CVX,166764100,30144571,21943250633.70,0.4854,2024-06-30,Increased,13F-NT,David Jones,david.jones@capitalgro.com
Baupost Group,BPST,Meta Platforms,META,30303M102,27235125,17912303566.81,0.6944,2024-06-30,Increased,13F-HR,William Thompson,william.thompson@baupostgro.com
Vanguard Group,VGI,Netflix Inc,NFLX,64110L106,5859330,1134156133.77,0.2077,2024-12-31,New,13F-NT,Sarah Williams,sarah.williams@vanguardgr.com
Baupost Group,BPST,Chevron Corp,CVX,166764100,11269743,1506205989.01,0.2260,2024-12-31,Increased,13F-HR,David Smith,david.smith@baupostgro.com
Capital Group,CGBL,Coca-Cola Co,KO,191216100,43568438,27846035627.13,1.9783,2024-09-30,Increased,13F-HR,Richard Smith,richard.smith@capitalgro.com
Two Sigma Investments,TWSM,Apple Inc,AAPL,037833100,42612854,18916613374.28,1.8544,2025-06-30,Unchanged,13F-NT,Robert Rodriguez,robert.rodriguez@twosigmain.com
Bridgewater Associates,BWTR,Walt Disney Co,DIS,254687106,19131138,5873540106.69,0.6345,2025-06-30,Unchanged,13F-NT,Steven Martin,steven.martin@bridgewate.com
T. Rowe Price,TROW,Apple Inc,AAPL,037833100,12209670,1887422221.35,0.1679,2025-06-30,Increased,13F-HR,Susan Lopez,susan.lopez@troweprice.com
DE Shaw & Co,DSHW,Chevron Corp,CVX,166764100,10431610,5787766721.96,0.6761,2025-06-30,Unchanged,13F-HR,Michael Martin,michael.martin@deshaw&co.com
Citadel Advisors,CDLC,NVIDIA Corp,NVDA,67066G104,30497697,21450929486.05,0.6914,2024-06-30,New,13F-HR,Karen Davis,karen.davis@citadeladv.com
T. Rowe Price,TROW,Pfizer Inc,PFE,717081103,47826957,25606448740.61,0.7670,2025-06-30,Increased,13F-NT,David Martinez,david.martinez@troweprice.com
Citadel Advisors,CDLC,Netflix Inc,NFLX,64110L106,11094193,5161839465.80,0.2841,2025-09-30,Unchanged,13F-HR,Daniel Thomas,daniel.thomas@citadeladv.com
Two Sigma Investments,TWSM,Salesforce Inc,CRM,79466L302,12297936,4456634348.37,0.1947,2025-12-31,Decreased,13F-HR,Steven Jackson,steven.jackson@twosigmain.com
Citadel Advisors,CDLC,JPMorgan Chase,JPM,46625H100,38524458,7311336710.50,0.4965,2025-09-30,New,13F-HR,Thomas Brown,thomas.brown@citadeladv.com
Capital Group,CGBL,Alphabet Inc,GOOGL,02079K305,48411776,14971369877.85,0.8220,2025-03-31,Increased,13F-NT,David Rodriguez,david.rodriguez@capitalgro.com
T. Rowe Price,TROW,Apple Inc,AAPL,037833100,25196108,19715436678.51,0.4802,2024-06-30,Unchanged,13F-HR,Nancy Thompson,nancy.thompson@troweprice.com
Appaloosa Management,APLS,Walt Disney Co,DIS,254687106,16432422,11635649052.64,0.2744,2024-03-31,New,13F-HR,Margaret Miller,margaret.miller@appaloosam.com
Millennium Management,MLNM,Adobe Inc,ADBE,00724F101,32713753,679251427.76,1.0024,2025-12-31,Increased,13F-NT,Thomas Lopez,thomas.lopez@millennium.com
Wellington Management,WMGI,Alphabet Inc,GOOGL,02079K305,40544781,25502139431.98,2.0726,2025-03-31,Decreased,13F-NT,David Hernandez,david.hernandez@wellington.com
Goldman Sachs AM,GS,Home Depot,HD,437076102,13764589,5290070757.96,0.1941,2024-03-31,Increased,13F-NT,Michael Brown,michael.brown@goldmansac.com
BlackRock Inc,BLK,Amazon.com Inc,AMZN,023135106,37695492,7878218411.14,3.3790,2024-09-30,New,13F-HR,Michael Smith,michael.smith@blackrocki.com
Morgan Stanley IM,MS,Johnson & Johnson,JNJ,478160104,2265949,1759263919.46,0.1400,2024-09-30,Decreased,13F-HR,Thomas Williams,thomas.williams@morganstan.com
Bridgewater Associates,BWTR,Netflix Inc,NFLX,64110L106,42287313,6123899717.79,0.6423,2025-09-30,Unchanged,13F-HR,Karen Miller,karen.miller@bridgewate.com
Two Sigma Investments,TWSM,Bank of America,BAC,060505104,38606845,27259340429.74,2.0866,2025-03-31,Increased,13F-HR,Thomas Martinez,thomas.martinez@twosigmain.com
Baupost Group,BPST,Bank of America,BAC,060505104,16431018,3610489731.49,0.4470,2024-12-31,Increased,13F-HR,Lisa Davis,lisa.davis@baupostgro.com
Citadel Advisors,CDLC,Microsoft Corp,MSFT,594918104,48511984,34817893157.20,1.0830,2025-12-31,Increased,13F-HR,William Moore,william.moore@citadeladv.com
Citadel Advisors,CDLC,Procter & Gamble,PG,742718109,25295935,9596218421.47,2.0017,2024-06-30,New,13F-NT,Margaret Miller,margaret.miller@citadeladv.com
T. Rowe Price,TROW,Johnson & Johnson,JNJ,478160104,4584263,1093307811.60,0.2225,2024-09-30,Increased,13F-HR,Michael Williams,michael.williams@troweprice.com
Vanguard Group,VGI,Apple Inc,AAPL,037833100,13410,273033.89,0.0003,2024-12-31,Increased,13F-NT,Steven Thompson,steven.thompson@vanguardgr.com
Point72 Asset Mgmt,PT72,Johnson & Johnson,JNJ,478160104,31003901,22297471965.77,3.2526,2025-09-30,Increased,13F-NT,Mark Jones,mark.jones@point72ass.com
DE Shaw & Co,DSHW,Amazon.com Inc,AMZN,023135106,38811076,2595290061.22,2.7881,2024-09-30,Unchanged,13F-HR,James Johnson,james.johnson@deshaw&co.com
Millennium Management,MLNM,JPMorgan Chase,JPM,46625H100,14796520,3716348351.19,0.2488,2025-03-31,Increased,13F-HR,David Garcia,david.garcia@millennium.com
Bridgewater Associates,BWTR,NVIDIA Corp,NVDA,67066G104,8198775,2184224148.66,0.1207,2025-09-30,Increased,13F-NT,Nancy Lopez,nancy.lopez@bridgewate.com
Appaloosa Management,APLS,Pfizer Inc,PFE,717081103,8229619,4552210606.87,0.4002,2024-06-30,Decreased,13F-NT,Lisa Davis,lisa.davis@appaloosam.com
AQR Capital Management,AQRC,Salesforce Inc,CRM,79466L302,28955618,21864530809.87,0.5261,2024-03-31,New,13F-HR,Mark Garcia,mark.garcia@aqrcapital.com
Morgan Stanley IM,MS,Exxon Mobil,XOM,30231G102,14061322,6406516274.28,0.4281,2024-09-30,Increased,13F-HR,Daniel Taylor,daniel.taylor@morganstan.com
Wellington Management,WMGI,Chevron Corp,CVX,166764100,36759697,12928413906.71,0.7666,2024-06-30,New,13F-HR,Daniel Davis,daniel.davis@wellington.com
Point72 Asset Mgmt,PT72,Tesla Inc,TSLA,88160R101,48158895,25397018397.18,0.6988,2024-12-31,Decreased,13F-HR,Jennifer Thomas,jennifer.thomas@point72ass.com
AQR Capital Management,AQRC,Adobe Inc,ADBE,00724F101,29348599,5049962649.02,0.5390,2024-03-31,Increased,13F-HR,Richard Thompson,richard.thompson@aqrcapital.com
Point72 Asset Mgmt,PT72,Amazon.com Inc,AMZN,023135106,37753659,28800639660.32,0.8178,2024-06-30,Unchanged,13F-HR,Karen Garcia,karen.garcia@point72ass.com
Baupost Group,BPST,Adobe Inc,ADBE,00724F101,13823090,5057004095.05,0.4081,2024-09-30,Increased,13F-HR,William Smith,william.smith@baupostgro.com
Appaloosa Management,APLS,JPMorgan Chase,JPM,46625H100,31059347,17768622285.28,0.7623,2024-09-30,New,13F-HR,Michael Taylor,michael.taylor@appaloosam.com
DE Shaw & Co,DSHW,Tesla Inc,TSLA,88160R101,25353046,15374031706.64,0.9700,2025-06-30,Unchanged,13F-HR,Nancy Smith,nancy.smith@deshaw&co.com
State Street Corp,STT,Meta Platforms,META,30303M102,26875338,5316701395.70,1.0906,2024-03-31,Unchanged,13F-HR,Thomas Garcia,thomas.garcia@statestree.com
T. Rowe Price,TROW,Apple Inc,AAPL,037833100,2518369,955744510.22,0.0598,2025-06-30,Unchanged,13F-HR,Susan Jackson,susan.jackson@troweprice.com
Baupost Group,BPST,Berkshire Hathaway,BRK.B,084670702,46678458,30984809750.60,0.8180,2024-12-31,Unchanged,13F-NT,Richard Thomas,richard.thomas@baupostgro.com
Vanguard Group,VGI,NVIDIA Corp,NVDA,67066G104,46961779,34601383774.31,5.5971,2025-09-30,Increased,13F-HR,David Anderson,david.anderson@vanguardgr.com
Bridgewater Associates,BWTR,Intel Corp,INTC,458140100,14356530,7196065250.34,1.0874,2025-09-30,Increased,13F-HR,Thomas Garcia,thomas.garcia@bridgewate.com
Appaloosa Management,APLS,Alphabet Inc,GOOGL,02079K305,19635407,11171887701.14,0.3518,2025-06-30,New,13F-HR,Karen Smith,karen.smith@appaloosam.com
JP Morgan Asset Mgmt,JPM,Coca-Cola Co,KO,191216100,44830408,19960616305.31,2.4646,2024-06-30,Increased,13F-HR,Susan Johnson,susan.johnson@jpmorganas.com
Vanguard Group,VGI,Pfizer Inc,PFE,717081103,49331715,34541178499.47,1.1151,2024-03-31,Unchanged,13F-NT,Robert Thompson,robert.thompson@vanguardgr.com
Appaloosa Management,APLS,JPMorgan Chase,JPM,46625H100,34083206,12236997057.94,0.8581,2024-03-31,Decreased,13F-HR,Elizabeth Garcia,elizabeth.garcia@appaloosam.com
JP Morgan Asset Mgmt,JPM,Procter & Gamble,PG,742718109,33759336,25032348764.55,4.0746,2024-12-31,Decreased,13F-HR,William Martin,william.martin@jpmorganas.com
BlackRock Inc,BLK,Chevron Corp,CVX,166764100,45095974,9658606829.40,1.9136,2024-09-30,Increased,13F-HR,Michael Thomas,michael.thomas@blackrocki.com
State Street Corp,STT,Berkshire Hathaway,BRK.B,084670702,37461647,23086335130.21,0.5063,2024-06-30,Unchanged,13F-HR,Dorothy Davis,dorothy.davis@statestree.com
Millennium Management,MLNM,Coca-Cola Co,KO,191216100,24785963,7909715087.49,0.6197,2025-12-31,Unchanged,13F-NT,Dorothy Williams,dorothy.williams@millennium.com
Fidelity Investments,FNF,JPMorgan Chase,JPM,46625H100,1328545,802756949.46,0.0224,2024-03-31,Unchanged,13F-HR,Lisa Thompson,lisa.thompson@fidelityin.com
JP Morgan Asset Mgmt,,Meta Platforms,META,30303M102,32637792,13680427548.94,0.7786,2025-09-30,Unchanged,13F-HR,Jennifer Taylor,jennifer.taylor@jpmorganas.com
Wellington Management,WMGI,Coca-Cola Co,KO,191216100,6962451,744410790.89,0.1038,2025-12-31,Unchanged,13F-NT,Steven Miller,steven.miller@wellington.com
Two Sigma Investments,TWSM,JPMorgan Chase,JPM,46625H100,20382433,575468208.23,0.2894,2024-09-30,Decreased,13F-HR,Richard Taylor,richard.taylor@twosigmain.com
Citadel Advisors,CDLC,Coca-Cola Co,KO,191216100,49766010,33579115630.19,2.1122,2025-09-30,Decreased,13F-HR,Elizabeth Anderson,elizabeth.anderson@citadeladv.com
DE Shaw & Co,DSHW,Coca-Cola Co,KO,191216100,6312826,4460175150.56,0.0815,2025-09-30,Increased,13F-HR,Jennifer Anderson,jennifer.anderson@deshaw&co.com
JP Morgan Asset Mgmt,JPM,Bank of America,BAC,060505104,pending,20268102806.70,1.3189,2024-12-31,Decreased,13F-HR,Mark Martin,mark.martin@jpmorganas.com
Point72 Asset Mgmt,PT72,Home Depot,HD,,45019155,25902365672.35,0.5767,2025-12-31,Unchanged,13F-HR,Karen Williams,karen.williams@point72ass.com
AQR Capital Management,AQRC,Exxon Mobil,XOM,30231G102,19009862,5489083385.56,0.4416,2024-06-30,Increased,13F-HR,Steven Rodriguez,steven.rodriguez@aqrcapital.com
T. Rowe Price,TROW,Berkshire Hathaway,BRK.B,084670702,47160974,26305378738.65,0.8815,2025-06-30,Increased,13F-HR,Karen Martin,karen.martin@troweprice.com
Point72 Asset Mgmt,PT72,Exxon Mobil,XOM,30231G102,45624724,32926501146.03,1.3781,2024-09-30,Increased,13F-HR,Lisa Taylor,lisa.taylor@point72ass.com
Capital Group,CGBL,Apple Inc,AAPL,037833100,45735067,13910688943.87,1.2901,2025-06-30,Increased,13F-NT,Thomas Thomas,thomas.thomas@capitalgro.com
Capital Group,CGBL,Tesla Inc,TSLA,88160R101,13085987,2735565517.25,0.3233,2024-06-30,Decreased,13F-HR,Jennifer Williams,jennifer.williams@capitalgro.com
Two Sigma Investments,TWSM,Johnson & Johnson,JNJ,478160104,43203452,17884478776.41,3.3934,2025-06-30,Increased,13F-NT,Elizabeth Williams,elizabeth.williams@twosigmain.com
JP Morgan Asset Mgmt,JPM,Salesforce Inc,CRM,79466L302,8613579,5407525117.74,0.2866,2025-06-30,Increased,13F-HR,James Brown,james.brown@jpmorganas.com
Point72 Asset Mgmt,PT72,Johnson & Johnson,JNJ,478160104,41681334,12802578643.16,0.5422,2025-12-31,Unchanged,13F-HR,Michael Miller,michael.miller@point72ass.com
Wellington Management,WMGI,Tesla Inc,TSLA,88160R101,16879945,4739041364.95,0.4493,2025-09-30,Increased,13F-HR,Robert Brown,robert.brown@wellington.com
Baupost Group,BPST,Visa Inc,V,92826C839,7388128,826060000.54,0.1068,2024-06-30,Increased,13F-NT,Steven Jones,steven.jones@baupostgro.com
Wellington Management,WMGI,Chevron Corp,CVX,166764100,8459404,6505450990.89,0.2499,2025-09-30,Increased,13F-HR,Thomas Taylor,thomas.taylor@wellington.com
Renaissance Technologies,RNTC,Pfizer Inc,PFE,717081103,3126365,159837489.33,0.0952,2025-12-31,Increased,13F-HR,David Jackson,david.jackson@renaissanc.com
DE Shaw & Co,DSHW,JPMorgan Chase,JPM,46625H100,37001536,2980871209.01,2.8220,2025-12-31,Decreased,13F-HR,James White,james.white@deshaw&co.com
Two Sigma Investments,TWSM,Procter & Gamble,PG,742718109,36109956,25501336713.15,0.5021,2025-09-30,New,13F-HR,Karen Garcia,karen.garcia@twosigmain.com
JP Morgan Asset Mgmt,JPM,Berkshire Hathaway,BRK.B,084670702,24993806,18865605904.71,0.4492,2024-06-30,Unchanged,13F-HR,Jennifer Smith,jennifer.smith@jpmorganas.com
Morgan Stanley IM,MS,JPMorgan Chase,JPM,46625H100,40213541,25591954293.86,1.2463,2025-12-31,Increased,13F-HR,David Davis,david.davis@morganstan.com
Bridgewater Associates,BWTR,Intel Corp,INTC,458140100,36910755,10104812277.97,2.9826,not_a_date,Unchanged,13F-HR,Dorothy Williams,dorothy.williams@bridgewate.com
DE Shaw & Co,DSHW,Coca-Cola Co,KO,191216100,4789941,2279474119.61,0.2452,2025-09-30,Unchanged,13F-HR,Patricia White,patricia.white@deshaw&co.com
Point72 Asset Mgmt,PT72,JPMorgan Chase,JPM,46625H100,37413293,13983798488.45,0.9178,2024-06-30,Increased,13F-HR,Steven Moore,steven.moore@point72ass.com
JP Morgan Asset Mgmt,JPM,Berkshire Hathaway,BRK.B,084670702,16050561,10699186461.18,0.2407,2024-12-31,Increased,13F-HR,Dorothy Martinez,dorothy.martinez@jpmorganas.com
Fidelity Investments,FNF,Cisco Systems,CSCO,17275R102,20109956,4131690436.64,0.4889,2024-06-30,Unchanged,13F-NT,Nancy Moore,nancy.moore@fidelityin.com
Renaissance Technologies,RNTC,Netflix Inc,NFLX,64110L106,45436860,25758944669.27,1.1542,2024-12-31,Unchanged,13F-NT,Mark Taylor,mark.taylor@renaissanc.com
BlackRock Inc,BLK,NVIDIA Corp,NVDA,67066G104,37615251,7183395394.14,2.0652,2025-03-31,Unchanged,13F-HR,Patricia Williams,patricia.williams@blackrocki.com
Goldman Sachs AM,GS,Intel Corp,INTC,458140100,16822934,2621096278.63,0.2762,2024-09-30,Decreased,13F-HR,James Johnson,james.johnson@goldmansac.com
DE Shaw & Co,DSHW,Apple Inc,AAPL,037833100,13239194,4467658578.57,0.2307,2025-09-30,Unchanged,13F-HR,Richard Jackson,richard.jackson@deshaw&co.com
Citadel Advisors,CDLC,Visa Inc,V,92826C839,18941118,9202125547.53,1.3613,2024-03-31,Decreased,13F-HR,Mark Hernandez,mark.hernandez@citadeladv.com
Two Sigma Investments,TWSM,Microsoft Corp,MSFT,594918104,33699127,10503679559.80,0.5222,2025-09-30,Increased,13F-HR,Michael Taylor,michael.taylor@twosigmain.com
BlackRock Inc,BLK,NVIDIA Corp,NVDA,67066G104,29746915,17273913596.30,0.6411,2024-03-31,Unchanged,13F-HR,Mark Hernandez,mark.hernandez@blackrocki.com
Millennium Management,MLNM,Meta Platforms,META,30303M102,5031788,2423705079.38,0.6556,2025-09-30,Decreased,13F-HR,Richard Davis,richard.davis@millennium.com
Appaloosa Management,APLS,Berkshire Hathaway,BRK.B,084670702,23955415,18239867782.52,0.3361,2024-12-31,Unchanged,13F-HR,Steven Jackson,steven.jackson@appaloosam.com
Appaloosa Management,APLS,Exxon Mobil,XOM,30231G102,22750663,3911160892.89,0.4872,2024-03-31,New,13F-NT,Karen Davis,karen.davis@appaloosam.com
Bridgewater Associates,BWTR,Berkshire Hathaway,BRK.B,084670702,9262157,5596671656.61,0.1812,2024-03-31,New,13F-HR,Margaret Martinez,margaret.martinez@bridgewate.com
Goldman Sachs AM,GS,Alphabet Inc,GOOGL,02079K305,42245431,11400727411.19,1.5875,00-00-0000,Increased,13F-HR,Karen Brown,karen.brown@goldmansac.com
JP Morgan Asset Mgmt,JPM,Walt Disney Co,DIS,254687106,4577577,3465206848.20,0.0578,2024-03-31,Increased,13F-NT,Steven Thomas,steven.thomas@jpmorganas.com
Morgan Stanley IM,MS,Walt Disney Co,DIS,254687106,39580455,9980232008.09,0.9823,2024-03-31,Unchanged,13F-HR,Daniel Lopez,daniel.lopez@morganstan.com
Vanguard Group,VGI,Adobe Inc,ADBE,,6229386,4537402287.67,0.0942,2025-09-30,Increased,13F-HR,Patricia Brown,patricia.brown@vanguardgr.com
Baupost Group,BPST,Bank of America,BAC,060505104,8278528,5848709508.74,0.1732,2024-12-31,Increased,13F-HR,Richard Thompson,richard.thompson@baupostgro.com
Citadel Advisors,CDLC,Adobe Inc,ADBE,00724F101,3073230,665738022.50,0.0420,2024-09-30,Decreased,13F-HR,Robert Moore,robert.moore@citadeladv.com
BlackRock Inc,BLK,Procter & Gamble,PG,742718109,40227425,3714680460.50,1.6588,2025-03-31,Unchanged,13F-HR,Elizabeth Rodriguez,elizabeth.rodriguez@blackrocki.com
Citadel Advisors,CDLC,Berkshire Hathaway,BRK.B,084670702,8198936,4341311231.77,0.4335,2025-03-31,Increased,13F-HR,James Williams,james.williams@citadeladv.com
AQR Capital Management,AQRC,Visa Inc,V,92826C839,2830281,2008624721.79,0.0486,2024-09-30,Decreased,13F-HR,Dorothy Martin,dorothy.martin@aqrcapital.com
Fidelity Investments,FNF,Visa Inc,V,92826C839,39524577,8675003816.02,0.5706,2024-09-30,New,13F-HR,Mark Brown,mark.brown@fidelityin.com
Point72 Asset Mgmt,PT72,Alphabet Inc,GOOGL,02079K305,14997560,9576199773.32,0.6216,2024-06-30,Decreased,13F-HR,Patricia White,patricia.white@point72ass.com
AQR Capital Management,AQRC,Meta Platforms,META,30303M102,18930601,8434872240.60,0.2917,2024-03-31,New,13F-NT,Robert Martinez,robert.martinez@aqrcapital.com
Citadel Advisors,CDLC,UnitedHealth Group,UNH,91324P102,29648078,3674010722.32,1.1754,2025-06-30,New,13F-NT,Thomas Rodriguez,thomas.rodriguez@citadeladv.com
Wellington Management,WMGI,Alphabet Inc,GOOGL,02079K305,38412666,12894624336.46,0.9990,2024-03-31,New,13F-HR,Mark Thomas,mark.thomas@wellington.com
BlackRock Inc,BLK,Pfizer Inc,PFE,717081103,16313186,518304691.16,0.3922,2025-12-31,New,13F-HR,Jennifer White,jennifer.white@blackrocki.com
Wellington Management,WMGI,Cisco Systems,CSCO,17275R102,731086,134159451.58,0.0137,2025-12-31,Increased,13F-HR,James Rodriguez,james.rodriguez@wellington.com
JP Morgan Asset Mgmt,JPM,Coca-Cola Co,KO,191216100,35853702,1982786086.42,0.6256,2024-12-31,Decreased,13F-HR,Michael Jackson,michael.jackson@jpmorganas.com
Bridgewater Associates,BWTR,Chevron Corp,CVX,166764100,47668074,19644613402.55,0.9354,2025-09-30,New,13F-HR,Susan Johnson,susan.johnson@bridgewate.com
Vanguard Group,VGI,Alphabet Inc,GOOGL,02079K305,34613002,9164150994.64,0.9310,2024-12-31,Unchanged,13F-HR,James Garcia,james.garcia@vanguardgr.com
Goldman Sachs AM,GS,UnitedHealth Group,UNH,91324P102,23025004,15511735184.92,0.7626,2025-12-31,Increased,13F-HR,Mark Miller,mark.miller@goldmansac.com
T. Rowe Price,TROW,Netflix Inc,NFLX,64110L106,22551104,12025365586.95,0.9456,2024-12-31,Increased,13F-NT,Steven Williams,steven.williams@troweprice.com
Two Sigma Investments,TWSM,Amazon.com Inc,AMZN,023135106,38853633,11936106882.81,0.5532,2025-06-30,Increased,13F-NT,William Lopez,william.lopez@twosigmain.com
Fidelity Investments,FNF,Exxon Mobil,XOM,30231G102,7540766,2001665961.92,0.3197,2024-06-30,Unchanged,13F-HR,Lisa Davis,lisa.davis@fidelityin.com
Morgan Stanley IM,MS,Procter & Gamble,PG,742718109,17081550,4742503745.33,2.1852,2024-12-31,Unchanged,13F-NT,Daniel Hernandez,daniel.hernandez@morganstan.com
Two Sigma Investments,TWSM,Berkshire Hathaway,BRK.B,084670702,17315495,2095597544.80,0.2445,2024-12-31,Increased,13F-NT,Thomas Thomas,thomas.thomas@twosigmain.com
Millennium Management,MLNM,Alphabet Inc,GOOGL,02079K305,TBD,6424361087.29,0.3934,2025-12-31,Unchanged,13F-HR,Margaret Brown,margaret.brown@millennium.com
Morgan Stanley IM,MS,Salesforce Inc,CRM,79466L302,44392644,11406901650.43,1.0148,2025-09-30,Increased,13F-HR,Robert Davis,robert.davis@morganstan.com
Vanguard Group,VGI,JPMorgan Chase,JPM,46625H100,39882153,2295775834.07,0.5996,2025-12-31,Unchanged,13F-HR,Elizabeth Martinez,elizabeth.martinez@vanguardgr.com
Point72 Asset Mgmt,PT72,Intel Corp,INTC,458140100,11810190,6725603719.93,0.1553,2024-06-30,Unchanged,13F-HR,Lisa Lopez,lisa.lopez@point72ass.com
Point72 Asset Mgmt,PT72,Amazon.com Inc,AMZN,023135106,1707174,1022639746.07,0.0319,2025-09-30,Increased,13F-HR,Steven Taylor,steven.taylor@point72ass.com
State Street Corp,STT,Johnson & Johnson,JNJ,478160104,4937719,3267989466.21,0.1669,2025-09-30,Decreased,13F-HR,Lisa White,lisa.white@statestree.com
Millennium Management,MLNM,UnitedHealth Group,UNH,91324P102,11720287,6230703967.06,0.1859,2024-06-30,Unchanged,13F-HR,Susan Anderson,susan.anderson@millennium.com
T. Rowe Price,TROW,Home Depot,HD,437076102,11166483,3133853803.65,0.2238,2025-09-30,Unchanged,13F-HR,William Johnson,william.johnson@troweprice.com
T. Rowe Price,TROW,Coca-Cola Co,KO,191216100,33713509,5602137517.00,0.9662,2025-03-31,Unchanged,13F-HR,James Johnson,james.johnson@troweprice.com
Morgan Stanley IM,MS,Apple Inc,AAPL,037833100,42692281,10429746188.00,2.2272,2024-09-30,Decreased,13F-NT,Richard Jones,richard.jones@morganstan.com
T. Rowe Price,TROW,Visa Inc,V,92826C839,8423565,5617945952.45,0.1189,2025-09-30,Unchanged,13F-NT,Mark Smith,mark.smith@troweprice.com
Appaloosa Management,APLS,Coca-Cola Co,KO,191216100,7846898,2976348523.34,0.1128,2025-09-30,Unchanged,13F-HR,David Taylor,david.taylor@appaloosam.com
Bridgewater Associates,BWTR,Home Depot,HD,437076102,16397812,7121729272.07,0.2269,2024-09-30,Increased,13F-HR,Sarah Garcia,sarah.garcia@bridgewate.com
BlackRock Inc,BLK,Visa Inc,V,92826C839,22673911,14385854069.90,3.3154,2024-03-31,Increased,13F-NT,David Miller,david.miller@blackrocki.com
Bridgewater Associates,BWTR,Netflix Inc,NFLX,64110L106,9572874,1031921364.23,0.1961,2024-03-31,Increased,13F-HR,James Johnson,james.johnson@bridgewate.com
DE Shaw & Co,DSHW,Apple Inc,AAPL,037833100,19755815,3809813944.07,0.5691,2024-06-30,Decreased,13F-HR,Elizabeth White,elizabeth.white@deshaw&co.com
Bridgewater Associates,BWTR,Adobe Inc,ADBE,00724F101,35262292,12493360036.77,0.5083,2025-12-31,Decreased,13F-HR,Elizabeth Johnson,elizabeth.johnson@bridgewate.com
State Street Corp,STT,Walt Disney Co,DIS,254687106,337839,26454291.86,0.0200,2025-03-31,New,13F-HR,Dorothy Thomas,dorothy.thomas@statestree.com
Two Sigma Investments,TWSM,Walt Disney Co,DIS,254687106,45929710,23067065164.84,0.6431,2024-12-31,Increased,13F-HR,Thomas White,thomas.white@twosigmain.com
Two Sigma Investments,TWSM,Chevron Corp,CVX,166764100,19298404,3422353214.22,1.2903,2024-09-30,Increased,13F-HR,Lisa Johnson,lisa.johnson@twosigmain.com
Vanguard Group,VGI,Visa Inc,V,92826C839,32148622,2778761652.95,1.6620,2025-12-31,Increased,13F-HR,Thomas Lopez,thomas.lopez@vanguardgr.com
Renaissance Technologies,RNTC,UnitedHealth Group,UNH,91324P102,1237189,359906968.82,0.0237,2025-03-31,Increased,13F-HR,David Johnson,david.johnson@renaissanc.com
BlackRock Inc,BLK,Adobe Inc,ADBE,00724F101,41276797,25489318046.38,7.2773,2025-09-30,New,13F-NT,Jennifer Williams,jennifer.williams@blackrocki.com
Vanguard Group,VGI,Johnson & Johnson,JNJ,478160104,36451773,20197825144.52,0.8034,2025-03-31,New,13F-NT,Margaret Jackson,margaret.jackson@vanguardgr.com
Capital Group,CGBL,Johnson & Johnson,JNJ,478160104,49363516,24464034191.59,0.6882,2025-06-30,Decreased,13F-HR,Michael Williams,michael.williams@capitalgro.com
Capital Group,CGBL,Berkshire Hathaway,BRK.B,084670702,14532616,5010110976.16,0.2996,2025-12-31,Decreased,13F-HR,Elizabeth Garcia,elizabeth.garcia@capitalgro.com
Wellington Management,WMGI,JPMorgan Chase,JPM,46625H100,34424535,24392995642.95,1.3762,2025-06-30,Increased,13F-HR,Karen Anderson,karen.anderson@wellington.com
T. Rowe Price,TROW,Meta Platforms,META,30303M102,38414342,5168833262.38,3.1632,2024-03-31,Unchanged,13F-NT,Sarah Jackson,sarah.jackson@troweprice.com
Morgan Stanley IM,MS,Visa Inc,V,92826C839,18680005,1312286616.27,0.2627,2025-06-30,Unchanged,13F-NT,Sarah Anderson,sarah.anderson@morganstan.com
Goldman Sachs AM,GS,Netflix Inc,NFLX,64110L106,17836293,11857073601.83,2.2110,2024-09-30,Unchanged,13F-NT,Sarah Martinez,sarah.martinez@goldmansac.com
Goldman Sachs AM,GS,Cisco Systems,CSCO,17275R102,44387009,17856050177.04,2.6035,2025-12-31,New,13F-HR,Karen Davis,karen.davis@goldmansac.com
Capital Group,CGBL,Adobe Inc,ADBE,00724F101,9505968,5355498310.58,0.1275,2024-06-30,Unchanged,13F-NT,Elizabeth Garcia,elizabeth.garcia@capitalgro.com
JP Morgan Asset Mgmt,JPM,UnitedHealth Group,UNH,91324P102,37059414,10037902013.38,2.1600,2024-12-31,Increased,13F-HR,Steven Thompson,steven.thompson@jpmorganas.com
AQR Capital Management,AQRC,Salesforce Inc,CRM,79466L302,48860191,3021694105.19,1.1217,2025-03-31,Increased,13F-HR,Patricia Smith,patricia.smith@aqrcapital.com
Appaloosa Management,APLS,Walt Disney Co,DIS,254687106,38754386,16569875205.56,0.4952,2024-03-31,Unchanged,13F-HR,Michael Garcia,michael.garcia@appaloosam.com
Vanguard Group,VGI,Meta Platforms,META,30303M102,12162322,2279773604.71,0.4022,2025-06-30,Increased,13F-HR,Michael Jones,michael.jones@vanguardgr.com
AQR Capital Management,AQRC,Salesforce Inc,CRM,79466L302,28166849,9148018825.27,0.4080,2024-06-30,Increased,13F-HR,Nancy Brown,nancy.brown@aqrcapital.com
Fidelity Investments,FNF,Meta Platforms,META,30303M102,45676321,15954043462.38,5.9101,2024-09-30,Unchanged,13F-NT,Daniel Lopez,daniel.lopez@fidelityin.com
JP Morgan Asset Mgmt,JPM,Adobe Inc,ADBE,00724F101,15121099,1074232593.64,0.2263,2026-12-08,Increased,13F-HR,Michael Lopez,michael.lopez@jpmorganas.com
Goldman Sachs AM,GS,Home Depot,HD,437076102,36700168,25583707944.32,0.7990,2025-03-31,Decreased,13F-HR,Richard Johnson,richard.johnson@goldmansac.com
JP Morgan Asset Mgmt,JPM,Exxon Mobil,XOM,30231G102,33448034,26653271285.72,1.3353,2024-09-30,New,13F-HR,Elizabeth Martin,elizabeth.martin@jpmorganas.com
Bridgewater Associates,BWTR,Salesforce Inc,CRM,79466L302,4952577,3936983609.83,0.5633,2024-12-31,Increased,13F-HR,Thomas Thompson,thomas.thompson@bridgewate.com
JP Morgan Asset Mgmt,JPM,Amazon.com Inc,AMZN,023135106,23364952,7218960733.48,4.3262,2024-03-31,Increased,13F-NT,Michael Taylor,michael.taylor@jpmorganas.com
Capital Group,CGBL,Netflix Inc,NFLX,64110L106,12412245,1619986938.72,0.1553,2024-03-31,Unchanged,13F-NT,Lisa Garcia,lisa.garcia@capitalgro.com
Capital Group,CGBL,Home Depot,HD,437076102,13968055,7797858440.58,2.5156,2024-09-30,Unchanged,13F-HR,Mark Smith,mark.smith@capitalgro.com
Millennium Management,MLNM,Pfizer Inc,PFE,717081103,30324814,7546141679.58,2.5292,2024-09-30,Decreased,13F-HR,Elizabeth Lopez,elizabeth.lopez@millennium.com
Citadel Advisors,CDLC,Home Depot,HD,437076102,20171870,5448801745.65,1.4803,2024-09-30,Unchanged,13F-HR,William Garcia,william.garcia@citadeladv.com
Appaloosa Management,APLS,Adobe Inc,ADBE,00724F101,45410017,31308364173.15,2.5534,2024-03-31,Unchanged,13F-HR,Mark Moore,mark.moore@appaloosam.com
Point72 Asset Mgmt,PT72,Johnson & Johnson,JNJ,478160104,30743523,19633592380.68,4.2660,2025-09-30,Increased,13F-HR,Karen Anderson,karen.anderson@point72ass.com
BlackRock Inc,BLK,Adobe Inc,ADBE,00724F101,22429150,17825422663.55,0.3160,2025-09-30,Unchanged,13F-HR,Sarah Thomas,sarah.thomas@blackrocki.com
Point72 Asset Mgmt,PT72,Pfizer Inc,PFE,717081103,16479114,1700222274.06,0.2195,2025-06-30,Decreased,13F-HR,Nancy Smith,nancy.smith@point72ass.com
Two Sigma Investments,TWSM,Walt Disney Co,DIS,254687106,10026078,897011026.41,0.4820,2025-03-31,New,13F-NT,Susan Brown,susan.brown@twosigmain.com
Baupost Group,BPST,Home Depot,HD,437076102,48432409,1144432012.32,0.6089,2099-13-45,Decreased,13F-HR,William Moore,william.moore@baupostgro.com
Capital Group,CGBL,Netflix Inc,NFLX,64110L106,23859900,8312442302.13,0.3017,2025-03-31,Increased,13F-HR,Steven Garcia,steven.garcia@capitalgro.com
Citadel Advisors,CDLC,Johnson & Johnson,JNJ,478160104,211687,56815119.92,0.0026,2024-06-30,Increased,13F-HR,Steven Martin,steven.martin@citadeladv.com
Appaloosa Management,APLS,Home Depot,HD,437076102,TBD,3024882398.31,0.3197,2025-03-31,Unchanged,13F-HR,Margaret Johnson,margaret.johnson@appaloosam.com
Point72 Asset Mgmt,PT72,Visa Inc,V,92826C839,46911097,23025188622.23,0.5889,2024-06-30,Unchanged,13F-HR,Lisa Jones,lisa.jones@point72ass.com
Morgan Stanley IM,MS,Microsoft Corp,MSFT,594918104,21452363,4312860359.06,2.0229,2024-03-31,Decreased,13F-HR,Sarah Johnson,sarah.johnson@morganstan.com
Morgan Stanley IM,MS,Walt Disney Co,DIS,254687106,6428670,1770128407.08,0.0870,2024-12-31,New,13F-HR,Jennifer Lopez,jennifer.lopez@morganstan.com
Goldman Sachs AM,GS,Intel Corp,INTC,458140100,17628910,2405979664.13,-1.7050,2025-03-31,Unchanged,13F-HR,Nancy Johnson,nancy.johnson@goldmansac.com
Appaloosa Management,APLS,Salesforce Inc,CRM,79466L302,2895541,358402527.67,0.0622,2025-09-30,Decreased,13F-HR,Thomas Martin,thomas.martin@appaloosam.com
T. Rowe Price,TROW,Alphabet Inc,GOOGL,02079K305,38838171,1014982367.27,0.5316,2025-09-30,New,13F-HR,Sarah Garcia,sarah.garcia@troweprice.com
Morgan Stanley IM,MS,Exxon Mobil,XOM,30231G102,21371538,15237020555.43,0.3830,2025-06-30,New,13F-HR,Jennifer White,jennifer.white@morganstan.com
Fidelity Investments,FNF,Visa Inc,V,92826C839,43441158,17875315496.98,2.2253,2025-09-30,Unchanged,13F-HR,Dorothy Smith,dorothy.smith@fidelityin.com
State Street Corp,STT,Coca-Cola Co,KO,191216100,20166986,8487839477.44,0.3348,2024-06-30,Increased,13F-NT,Michael Thompson,michael.thompson@statestree.com
Baupost Group,BPST,Alphabet Inc,GOOGL,02079K305,24557954,6735466601.72,0.9962,2024-09-30,Unchanged,13F-HR,Patricia Martin,patricia.martin@baupostgro.com
T. Rowe Price,TROW,Procter & Gamble,PG,742718109,49018483,33485829854.18,3.5477,2025-03-31,Unchanged,13F-HR,James Smith,james.smith@troweprice.com
Capital Group,CGBL,NVIDIA Corp,NVDA,67066G104,37833766,1972333119.18,0.8987,2025-06-30,Increased,13F-NT,Michael Johnson,michael.johnson@capitalgro.com
State Street Corp,STT,Cisco Systems,CSCO,17275R102,47333833,31861276412.91,1.2397,2024-06-30,Unchanged,13F-NT,James Lopez,james.lopez@statestree.com
JP Morgan Asset Mgmt,JPM,Walt Disney Co,DIS,254687106,33569660,1725441140.17,5.0319,2025-09-30,Unchanged,13F-HR,William Martin,william.martin@jpmorganas.com
T. Rowe Price,TROW,NVIDIA Corp,NVDA,67066G104,690503,500502656.76,0.0091,2025-03-31,New,13F-HR,Dorothy Johnson,dorothy.johnson@troweprice.com
T. Rowe Price,TROW,Microsoft Corp,MSFT,594918104,32927458,22495746575.49,2.3830,2025-09-30,Unchanged,13F-HR,Lisa Williams,lisa.williams@troweprice.com
Point72 Asset Mgmt,PT72,Walt Disney Co,DIS,254687106,N/A,38626733358.77,2.6563,2024-12-31,Unchanged,13F-HR,Lisa Anderson,lisa.anderson@point72ass.com
Bridgewater Associates,BWTR,Amazon.com Inc,AMZN,023135106,46175701,25170703080.65,0.6270,2024-03-31,Decreased,13F-HR,Karen Jones,karen.jones@bridgewate.com
Point72 Asset Mgmt,PT72,Chevron Corp,CVX,166764100,36269743,813476450.12,0.5411,2024-12-31,Increased,13F-HR,Patricia Moore,patricia.moore@point72ass.com
T. Rowe Price,TROW,Intel Corp,INTC,458140100,20311177,12631427581.46,0.7888,2024-03-31,Unchanged,13F-HR,Robert Hernandez,robert.hernandez@troweprice.com
Point72 Asset Mgmt,PT72,Alphabet Inc,GOOGL,02079K305,16742152,431949209.94,0.5964,00-00-0000,Decreased,13F-HR,David Rodriguez,david.rodriguez@point72ass.com
Capital Group,CGBL,Intel Corp,INTC,458140100,40496342,3960111189.40,1.8842,2024-03-31,Increased,13F-HR,David Smith,david.smith@capitalgro.com
Wellington Management,WMGI,Salesforce Inc,CRM,79466L302,34870854,10836406117.03,0.4969,2024-06-30,New,13F-HR,Dorothy White,dorothy.white@wellington.com
AQR Capital Management,AQRC,Procter & Gamble,PG,742718109,18355203,2788705459.11,1.0031,2024-03-31,Unchanged,13F-NT,Patricia Johnson,patricia.johnson@aqrcapital.com
JP Morgan Asset Mgmt,,Tesla Inc,TSLA,88160R101,7457677,4725332609.45,0.3272,2025-09-30,New,13F-HR,Elizabeth Thomas,elizabeth.thomas@jpmorganas.com
Two Sigma Investments,TWSM,JPMorgan Chase,JPM,46625H100,45655669,19370344839.17,1.7370,2024-06-30,Increased,13F-HR,Nancy Johnson,nancy.johnson@twosigmain.com
DE Shaw & Co,DSHW,Amazon.com Inc,AMZN,023135106,33552971,16288506302.65,0.6896,2024-06-30,Increased,13F-HR,Nancy White,nancy.white@deshaw&co.com
Two Sigma Investments,TWSM,Cisco Systems,CSCO,17275R102,28087616,11412889981.46,0.4751,2024-03-31,Unchanged,13F-HR,Dorothy Smith,dorothy.smith@twosigmain.com
T. Rowe Price,TROW,Berkshire Hathaway,BRK.B,084670702,2250096,1023835079.95,0.0581,2024-09-30,Increased,13F-HR,Nancy Anderson,nancy.anderson@troweprice.com
BlackRock Inc,BLK,Pfizer Inc,PFE,717081103,8887897,1854921362.06,0.1199,2024-09-30,Decreased,13F-HR,Thomas White,thomas.white@blackrocki.com
Two Sigma Investments,TWSM,Visa Inc,V,92826C839,45597196,34127751589.80,0.8543,2025-06-30,Increased,13F-HR,Dorothy White,dorothy.white@twosigmain.com
Citadel Advisors,CDLC,UnitedHealth Group,UNH,91324P102,41077789,30629924664.01,0.5998,2025-12-31,Increased,13F-HR,Elizabeth Thomas,elizabeth.thomas@citadeladv.com
Baupost Group,BPST,Intel Corp,INTC,458140100,24282421,4905524524.52,1.0152,2024-03-31,Unchanged,13F-HR,Margaret Davis,margaret.davis@baupostgro.com
Baupost Group,BPST,JPMorgan Chase,JPM,46625H100,32683754,10976314509.60,2.1292,2024-03-31,Increased,13F-HR,David Taylor,david.taylor@baupostgro.com
Capital Group,CGBL,UnitedHealth Group,UNH,91324P102,14665813,8400504359.55,0.1866,2025-03-31,New,13F-NT,Thomas Smith,thomas.smith@capitalgro.com
Citadel Advisors,CDLC,Berkshire Hathaway,BRK.B,084670702,16251071,5075011295.19,0.7339,2025-12-31,Decreased,13F-HR,Karen Brown,karen.brown@citadeladv.com
Bridgewater Associates,BWTR,Chevron Corp,CVX,166764100,40068928,19492498182.24,0.6475,2024-06-30,Decreased,13F-HR,Daniel Smith,daniel.smith@bridgewate.com
State Street Corp,STT,Visa Inc,V,92826C839,2579422,346842879.02,0.0342,2025-06-30,Unchanged,13F-HR,David Thomas,david.thomas@statestree.com
AQR Capital Management,AQRC,Walt Disney Co,DIS,254687106,17457954,3803009279.47,0.7368,2025-12-31,Unchanged,13F-NT,Susan Miller,susan.miller@aqrcapital.com
Citadel Advisors,CDLC,Alphabet Inc,GOOGL,02079K305,1032292,614253423.49,0.0209,2024-06-30,Increased,13F-HR,Robert Hernandez,robert.hernandez@citadeladv.com
Millennium Management,MLNM,Pfizer Inc,PFE,717081103,39824658,18139458933.48,0.5781,2024-09-30,Decreased,13F-HR,Richard Moore,richard.moore@millennium.com
Wellington Management,WMGI,Berkshire Hathaway,BRK.B,084670702,18904562,6174297992.43,1.5375,2025-03-31,Increased,13F-HR,Nancy Smith,nancy.smith@wellington.com
Goldman Sachs AM,GS,Exxon Mobil,XOM,30231G102,30802796,16992172826.39,0.7330,2025-06-30,Decreased,13F-HR,Karen Brown,karen.brown@goldmansac.com
Vanguard Group,VGI,Meta Platforms,META,30303M102,5941500,1898548994.17,0.2468,2024-06-30,New,13F-HR,Richard Lopez,richard.lopez@vanguardgr.com
Capital Group,CGBL,Home Depot,HD,437076102,2864226,1054286933.55,0.4058,2025-03-31,Increased,13F-NT,James Jackson,james.jackson@capitalgro.com
State Street Corp,STT,Pfizer Inc,PFE,717081103,2364335,413281970.29,0.1750,2024-09-30,Decreased,13F-HR,Dorothy Taylor,dorothy.taylor@statestree.com
Millennium Management,MLNM,Johnson & Johnson,JNJ,478160104,3182430,1946923003.27,0.0413,2025-03-31,Increased,13F-HR,Lisa Martin,lisa.martin@millennium.com
Goldman Sachs AM,GS,Tesla Inc,TSLA,88160R101,41276830,5541971298.27,3.4173,2024-06-30,New,13F-HR,James Anderson,james.anderson@goldmansac.com
Vanguard Group,VGI,Walt Disney Co,DIS,254687106,45932389,8769049055.74,1.9410,2025-03-31,Unchanged,13F-HR,David Davis,david.davis@vanguardgr.com
Goldman Sachs AM,GS,Cisco Systems,CSCO,17275R102,40398845,10525455926.94,-2.4561,2024-06-30,Unchanged,13F-NT,Steven Jones,steven.jones@goldmansac.com
Renaissance Technologies,RNTC,Salesforce Inc,CRM,79466L302,1168927,77057157.88,0.0150,2024-06-30,Increased,13F-HR,Nancy Jones,nancy.jones@renaissanc.com
AQR Capital Management,AQRC,Tesla Inc,TSLA,88160R101,1648320,895975977.82,0.1260,2025-03-31,Increased,13F-HR,Steven Smith,steven.smith@aqrcapital.com
BlackRock Inc,BLK,Visa Inc,V,92826C839,49307940,14569808157.78,0.6364,00-00-0000,New,13F-HR,Daniel Thomas,daniel.thomas@blackrocki.com
Citadel Advisors,CDLC,Walt Disney Co,DIS,254687106,22595501,6986808988.10,0.5227,2025-09-30,Decreased,13F-HR,William Davis,william.davis@citadeladv.com
Vanguard Group,VGI,Procter & Gamble,PG,,25752492,16229647495.90,0.7592,2024-03-31,Increased,13F-HR,Margaret Garcia,margaret.garcia@vanguardgr.com
JP Morgan Asset Mgmt,JPM,NVIDIA Corp,NVDA,67066G104,12007018,4726107390.15,0.5584,2025-12-31,Increased,13F-HR,Susan Thompson,susan.thompson@jpmorganas.com
Capital Group,CGBL,Exxon Mobil,XOM,30231G102,7260218,837163009.53,0.2791,2025-12-31,New,13F-HR,Lisa Jones,lisa.jones@capitalgro.com
Appaloosa Management,APLS,Amazon.com Inc,AMZN,023135106,23354057,8095753423.43,0.8066,2025-03-31,Unchanged,13F-HR,Jennifer Brown,jennifer.brown@appaloosam.com
Fidelity Investments,FNF,Amazon.com Inc,AMZN,023135106,14945940,2872810350.82,0.6415,2025-03-31,Increased,13F-NT,James Lopez,james.lopez@fidelityin.com
Point72 Asset Mgmt,PT72,Exxon Mobil,XOM,30231G102,19475915,4934395125.44,1.1061,2024-06-30,Increased,13F-NT,Jennifer Smith,jennifer.smith@point72ass.com
Renaissance Technologies,RNTC,NVIDIA Corp,NVDA,67066G104,31115223,16599877206.59,0.4785,2025-12-31,Increased,13F-HR,William Moore,william.moore@renaissanc.com
Vanguard Group,VGI,Cisco Systems,CSCO,17275R102,39499547,7574810743.34,0.7745,2024-12-31,New,13F-HR,Robert Davis,robert.davis@vanguardgr.com
Millennium Management,MLNM,NVIDIA Corp,NVDA,67066G104,36455492,15999879539.62,4.0737,2025-09-30,Increased,13F-HR,Lisa Miller,lisa.miller@millennium.com
Capital Group,CGBL,Home Depot,HD,437076102,21169617,2390709976.78,0.8851,2024-06-30,Unchanged,13F-HR,Thomas Taylor,thomas.taylor@capitalgro.com
Capital Group,CGBL,Bank of America,BAC,060505104,15724313,10320075445.11,0.1981,2025-03-31,Unchanged,13F-HR,William White,william.white@capitalgro.com
Point72 Asset Mgmt,PT72,Berkshire Hathaway,BRK.B,084670702,419809,168552117.85,0.0082,2025-06-30,Decreased,13F-HR,Richard Martinez,richard.martinez@point72ass.com
Two Sigma Investments,TWSM,Coca-Cola Co,KO,191216100,17472552,5630914506.87,0.2948,2024-06-30,Unchanged,13F-NT,Robert Hernandez,robert.hernandez@twosigmain.com
JP Morgan Asset Mgmt,JPM,Walt Disney Co,DIS,254687106,45537804,3755075781.09,0.8521,2024-12-31,Increased,13F-HR,Elizabeth Johnson,elizabeth.johnson@jpmorganas.com
BlackRock Inc,BLK,UnitedHealth Group,UNH,91324P102,610907,214610221.35,0.0372,2025-06-30,Unchanged,13F-HR,Michael Taylor,michael.taylor@blackrocki.com
Goldman Sachs AM,GS,Coca-Cola Co,KO,191216100,25752021,4343750194.87,0.3495,2024-09-30,Decreased,13F-HR,Richard Williams,richard.williams@goldmansac.com
Baupost Group,BPST,Tesla Inc,TSLA,88160R101,2227852,670973456.05,0.2117,2024-03-31,Decreased,13F-HR,Michael Martinez,michael.martinez@baupostgro.com
Capital Group,CGBL,Chevron Corp,CVX,166764100,45351701,14360038073.85,0.8125,2025-09-30,Increased,13F-HR,Thomas Brown,thomas.brown@capitalgro.com
Renaissance Technologies,RNTC,JPMorgan Chase,JPM,46625H100,2658431,1148769967.81,0.0491,2025-06-30,Increased,13F-HR,Susan Anderson,susan.anderson@renaissanc.com
Fidelity Investments,FNF,Apple Inc,AAPL,037833100,6833178,3413040051.59,0.2241,2025-09-30,Increased,13F-NT,James Martin,james.martin@fidelityin.com
DE Shaw & Co,DSHW,Johnson & Johnson,JNJ,478160104,29414047,22897641027.61,0.7989,2025-09-30,Unchanged,13F-HR,Thomas Jones,thomas.jones@deshaw&co.com
Bridgewater Associates,BWTR,Cisco Systems,CSCO,17275R102,42916641,6974469445.60,1.2464,2024-09-30,New,13F-HR,Daniel Rodriguez,daniel.rodriguez@bridgewate.com
Capital Group,CGBL,Johnson & Johnson,JNJ,478160104,47417172,10299253135.66,1.6718,2024-06-30,Increased,13F-NT,Steven Johnson,steven.johnson@capitalgro.com
Fidelity Investments,FNF,Procter & Gamble,PG,742718109,47142423,30572171043.30,1.5966,2025-03-31,Decreased,13F-NT,Jennifer Rodriguez,jennifer.rodriguez@fidelityin.com
Morgan Stanley IM,MS,Home Depot,HD,437076102,106377,10751992.81,0.0014,2024-03-31,Increased,13F-HR,Margaret Brown,margaret.brown@morganstan.com
DE Shaw & Co,DSHW,Salesforce Inc,CRM,79466L302,14823084,8829504731.40,1.0306,2024-09-30,Decreased,13F-HR,David Johnson,david.johnson@deshaw&co.com
Baupost Group,BPST,Netflix Inc,NFLX,64110L106,23878105,3147360077.21,-1.7006,2024-06-30,Unchanged,13F-HR,Michael White,michael.white@baupostgro.com
DE Shaw & Co,DSHW,Salesforce Inc,CRM,79466L302,43504375,31817763296.93,1.9159,2024-09-30,New,13F-HR,Robert Anderson,robert.anderson@deshaw&co.com
Wellington Management,WMGI,Johnson & Johnson,JNJ,478160104,10431521,329159004.09,0.1903,2025-03-31,Increased,13F-HR,Patricia Thompson,patricia.thompson@wellington.com
Two Sigma Investments,TWSM,Meta Platforms,META,30303M102,14423937,5308124032.87,0.2260,2025-12-31,Unchanged,13F-NT,Nancy Thomas,nancy.thomas@twosigmain.com
Millennium Management,MLNM,Coca-Cola Co,KO,191216100,23469968,12175575499.50,0.4928,2025-12-31,Increased,13F-NT,Lisa Smith,lisa.smith@millennium.com
Goldman Sachs AM,GS,Apple Inc,AAPL,037833100,16511244,4943612245.06,0.3557,2024-09-30,New,13F-HR,Thomas Rodriguez,thomas.rodriguez@goldmansac.com
Baupost Group,BPST,Tesla Inc,TSLA,88160R101,20140039,9346525456.31,0.6717,2025-12-31,Increased,13F-HR,David Moore,david.moore@baupostgro.com
T. Rowe Price,TROW,Coca-Cola Co,KO,191216100,12042979,8992569825.29,0.1532,2025-09-30,Unchanged,13F-HR,Jennifer Jones,jennifer.jones@troweprice.com
BlackRock Inc,BLK,Chevron Corp,CVX,166764100,16695056,2615818859.92,0.5967,2025-09-30,Increased,13F-HR,Richard Jones,richard.jones@blackrocki.com
AQR Capital Management,AQRC,Alphabet Inc,GOOGL,02079K305,49123937,33033177839.89,0.7678,2025-06-30,Increased,13F-HR,Daniel Jackson,daniel.jackson@aqrcapital.com
Baupost Group,BPST,Intel Corp,INTC,458140100,37267311,16322734553.42,0.6550,2025-06-30,New,13F-HR,William Taylor,william.taylor@baupostgro.com
AQR Capital Management,AQRC,Apple Inc,AAPL,037833100,46334903,36023150790.91,2.4017,2024-03-31,Unchanged,13F-NT,Nancy Garcia,nancy.garcia@aqrcapital.com
Capital Group,CGBL,Coca-Cola Co,KO,191216100,15444419,1237543009.49,0.4732,2024-09-30,Increased,13F-HR,Jennifer Jones,jennifer.jones@capitalgro.com
Goldman Sachs AM,GS,Procter & Gamble,PG,742718109,36164451,18189482902.01,3.3562,2024-12-31,New,13F-HR,Elizabeth Moore,elizabeth.moore@goldmansac.com
T. Rowe Price,TROW,Apple Inc,AAPL,037833100,11113689,2745423964.20,1.1598,2024-09-30,New,13F-HR,William Thomas,william.thomas@troweprice.com
Morgan Stanley IM,MS,NVIDIA Corp,NVDA,67066G104,12392853,1850410853.13,0.1889,2025-09-30,New,13F-HR,Dorothy Jones,dorothy.jones@morganstan.com
Two Sigma Investments,TWSM,Cisco Systems,CSCO,17275R102,28002693,683953777.46,0.6172,2025-09-30,Decreased,13F-HR,Robert Hernandez,robert.hernandez@twosigmain.com
Fidelity Investments,FNF,Alphabet Inc,GOOGL,02079K305,2180874,545893527.77,0.0323,2025-09-30,New,13F-HR,Sarah Jones,sarah.jones@fidelityin.com
Vanguard Group,VGI,Amazon.com Inc,AMZN,023135106,40340660,30865414339.07,0.5337,2024-06-30,Unchanged,13F-HR,Richard Jones,richard.jones@vanguardgr.com
Two Sigma Investments,TWSM,Walt Disney Co,DIS,254687106,31175562,11356507596.18,0.5919,2024-09-30,Increased,13F-NT,Susan Taylor,susan.taylor@twosigmain.com
Point72 Asset Mgmt,PT72,Tesla Inc,TSLA,88160R101,49237345,35024588956.95,0.9610,2025-03-31,Unchanged,13F-HR,Michael Smith,michael.smith@point72ass.com
T. Rowe Price,TROW,UnitedHealth Group,UNH,91324P102,27979967,6230043403.66,1.3372,2024-09-30,Decreased,13F-HR,Karen Jackson,karen.jackson@troweprice.com
Goldman Sachs AM,GS,Visa Inc,V,92826C839,14270800,10750838779.11,0.8244,2025-03-31,Unchanged,13F-HR,Margaret Anderson,margaret.anderson@goldmansac.com
Wellington Management,WMGI,JPMorgan Chase,JPM,46625H100,29465204,5729038156.10,2.4010,2025-12-31,New,13F-HR,Patricia Lopez,patricia.lopez@wellington.com
DE Shaw & Co,DSHW,UnitedHealth Group,UNH,91324P102,13809747,8580925402.29,0.1884,2024-12-31,Increased,13F-NT,David Williams,david.williams@deshaw&co.com
Millennium Management,MLNM,Intel Corp,INTC,458140100,30171433,9371485672.62,0.4831,2025-09-30,New,13F-HR,Karen Brown,karen.brown@millennium.com
Point72 Asset Mgmt,PT72,Amazon.com Inc,AMZN,023135106,26884194,756228203.09,0.4473,2024-06-30,New,13F-HR,Susan Williams,susan.williams@point72ass.com
JP Morgan Asset Mgmt,JPM,Netflix Inc,NFLX,64110L106,27052613,11274518129.19,0.8820,2025-03-31,New,13F-NT,Lisa Davis,lisa.davis@jpmorganas.com
Vanguard Group,VGI,Adobe Inc,ADBE,00724F101,37648308,18446087032.83,0.5660,2024-06-30,Increased,13F-NT,Thomas White,thomas.white@vanguardgr.com
BlackRock Inc,BLK,Salesforce Inc,CRM,79466L302,44706607,3569370485.34,0.6506,2025-03-31,Increased,13F-HR,Robert Martin,robert.martin@blackrocki.com
Renaissance Technologies,RNTC,Apple Inc,AAPL,037833100,21779837,895888711.32,0.2752,2024-09-30,New,13F-HR,Richard Martin,richard.martin@renaissanc.com
JP Morgan Asset Mgmt,JPM,Salesforce Inc,CRM,79466L302,48072385,28702116678.11,1.0879,2024-09-30,Decreased,13F-HR,James Martinez,james.martinez@jpmorganas.com
JP Morgan Asset Mgmt,JPM,JPMorgan Chase,JPM,46625H100,33325282,24227266722.76,0.4425,2024-06-30,Decreased,13F-HR,Robert Johnson,robert.johnson@jpmorganas.com
Wellington Management,WMGI,Walt Disney Co,DIS,254687106,9298316,2208714827.00,0.4949,2025-06-30,New,13F-HR,Robert Anderson,robert.anderson@wellington.com
Appaloosa Management,APLS,Adobe Inc,ADBE,00724F101,25510658,12700035346.00,0.4778,2025-09-30,Increased,13F-HR,Karen Thompson,karen.thompson@appaloosam.com
Two Sigma Investments,TWSM,JPMorgan Chase,JPM,46625H100,41515127,5891055126.03,5.0607,2025-12-31,New,13F-HR,Susan Lopez,susan.lopez@twosigmain.com
DE Shaw & Co,DSHW,Alphabet Inc,GOOGL,02079K305,1716168,628603027.65,0.0215,2025-09-30,New,13F-HR,Jennifer Thomas,jennifer.thomas@deshaw&co.com
T. Rowe Price,TROW,Amazon.com Inc,AMZN,023135106,23965572,15933922249.26,1.0559,2024-12-31,New,13F-HR,Nancy Miller,nancy.miller@troweprice.com
Appaloosa Management,APLS,Salesforce Inc,CRM,79466L302,26669731,9418900174.27,0.8019,2024-09-30,Increased,13F-HR,Sarah Lopez,sarah.lopez@appaloosam.com
DE Shaw & Co,DSHW,Walt Disney Co,DIS,254687106,39844127,18696970422.79,0.5980,2025-12-31,Increased,13F-HR,Daniel Martin,daniel.martin@deshaw&co.com
AQR Capital Management,AQRC,Bank of America,BAC,060505104,39467434,11089120379.78,0.7766,2025-03-31,Increased,13F-HR,Sarah Moore,sarah.moore@aqrcapital.com
JP Morgan Asset Mgmt,JPM,Walt Disney Co,DIS,254687106,41160592,30360025049.79,0.9090,2024-09-30,Unchanged,13F-HR,Margaret Thomas,margaret.thomas@jpmorganas.com
Morgan Stanley IM,MS,Procter & Gamble,PG,742718109,31558364,20303781237.81,0.5986,2025-03-31,Unchanged,13F-NT,Sarah Brown,sarah.brown@morganstan.com
Fidelity Investments,FNF,Adobe Inc,ADBE,00724F101,32622079,16825524238.11,0.5013,2025-12-31,New,13F-HR,Susan Smith,susan.smith@fidelityin.com
State Street Corp,STT,Adobe Inc,ADBE,00724F101,41829251,11078652941.78,1.0098,2025-06-30,Decreased,13F-HR,Elizabeth Jackson,elizabeth.jackson@statestree.com
State Street Corp,STT,Procter & Gamble,PG,742718109,31449744,16389653432.33,1.2597,2025-12-31,Increased,13F-HR,Michael Garcia,michael.garcia@statestree.com
Goldman Sachs AM,GS,NVIDIA Corp,NVDA,67066G104,36809298,21608678941.67,0.7785,2024-12-31,Decreased,13F-HR,Daniel Jackson,daniel.jackson@goldmansac.com
Two Sigma Investments,TWSM,Alphabet Inc,GOOGL,02079K305,8305689,3184428761.50,0.3040,2025-06-30,Increased,13F-HR,Karen Taylor,karen.taylor@twosigmain.com
Vanguard Group,VGI,Procter & Gamble,PG,742718109,5986295,423708217.17,0.1600,2024-09-30,New,13F-NT,Jennifer Hernandez,jennifer.hernandez@vanguardgr.com
Morgan Stanley IM,MS,Cisco Systems,CSCO,17275R102,7989232,4938329734.20,0.3371,2024-06-30,New,13F-HR,William Taylor,william.taylor@morganstan.com
Goldman Sachs AM,GS,Intel Corp,INTC,458140100,43562001,5339164507.56,1.2444,2025-12-31,New,13F-NT,Karen Thompson,karen.thompson@goldmansac.com
Goldman Sachs AM,GS,Procter & Gamble,PG,742718109,20319068,3831954865.35,1.1298,2025-12-31,New,13F-HR,David Taylor,david.taylor@goldmansac.com
State Street Corp,STT,Alphabet Inc,GOOGL,02079K305,42330306,19371475995.46,0.5372,2024-03-31,Decreased,13F-HR,Dorothy Thomas,dorothy.thomas@statestree.com
Wellington Management,WMGI,Apple Inc,AAPL,037833100,16876419,9661851571.97,0.5009,2024-06-30,Unchanged,13F-HR,Jennifer Lopez,jennifer.lopez@wellington.com
Goldman Sachs AM,GS,Coca-Cola Co,KO,191216100,11395224,5565453774.39,0.2365,2025-12-31,Unchanged,13F-HR,Patricia Jackson,patricia.jackson@goldmansac.com
Capital Group,CGBL,Tesla Inc,TSLA,88160R101,38680933,27007984997.94,0.5490,2024-12-31,Decreased,13F-NT,Sarah Brown,sarah.brown@capitalgro.com
Millennium Management,MLNM,Amazon.com Inc,AMZN,023135106,29781291,19754980880.62,1.6558,2025-12-31,Increased,13F-HR,Dorothy White,dorothy.white@millennium.com
Morgan Stanley IM,MS,Johnson & Johnson,JNJ,478160104,15811483,3984333448.33,0.2884,2024-06-30,Increased,13F-HR,Steven Anderson,steven.anderson@morganstan.com
Bridgewater Associates,BWTR,Visa Inc,V,92826C839,44662454,14789024229.87,0.5652,2025-06-30,Increased,13F-HR,Jennifer Davis,jennifer.davis@bridgewate.com
T. Rowe Price,TROW,Salesforce Inc,CRM,79466L302,38395920,19638944251.50,0.6272,2024-03-31,New,13F-HR,David Thompson,david.thompson@troweprice.com
Point72 Asset Mgmt,PT72,Exxon Mobil,XOM,30231G102,18787285,3430704080.76,1.6846,2025-06-30,Increased,13F-HR,David Thomas,david.thomas@point72ass.com
JP Morgan Asset Mgmt,JPM,Visa Inc,V,92826C839,33822846,8378921335.01,0.5335,2025-12-31,New,13F-NT,Karen Jones,karen.jones@jpmorganas.com
BlackRock Inc,BLK,Berkshire Hathaway,BRK.B,084670702,34965034,19156362811.73,1.0265,2024-12-31,Decreased,13F-NT,Richard Jackson,richard.jackson@blackrocki.com
State Street Corp,STT,Procter & Gamble,PG,742718109,32394630,20870693868.93,0.4825,2024-06-30,Unchanged,13F-HR,Thomas Williams,thomas.williams@statestree.com
Morgan Stanley IM,MS,Pfizer Inc,PFE,717081103,pending,22865992567.17,0.8615,2024-12-31,New,13F-HR,David Jones,david.jones@morganstan.com
T. Rowe Price,TROW,Home Depot,HD,437076102,49152674,20704181666.99,0.7140,2025-03-31,New,13F-HR,Michael Johnson,michael.johnson@troweprice.com
Millennium Management,MLNM,Coca-Cola Co,KO,191216100,48526952,26146256482.36,0.9640,2024-06-30,Increased,13F-HR,Karen Anderson,karen.anderson@millennium.com
DE Shaw & Co,DSHW,Apple Inc,AAPL,037833100,43316326,25244573558.63,1.3360,2025-06-30,Increased,13F-HR,Richard Thomas,richard.thomas@deshaw&co.com
State Street Corp,STT,UnitedHealth Group,UNH,91324P102,46191370,22499172881.97,1.1607,2025-12-31,Increased,13F-NT,Lisa Taylor,lisa.taylor@statestree.com
Citadel Advisors,CDLC,Adobe Inc,ADBE,00724F101,43643484,9177796997.33,0.8097,2025-06-30,Decreased,13F-HR,Margaret Smith,margaret.smith@citadeladv.com
Two Sigma Investments,TWSM,Procter & Gamble,PG,742718109,27009070,15222430292.58,0.4631,2024-09-30,Decreased,13F-HR,Elizabeth Brown,elizabeth.brown@twosigmain.com
T. Rowe Price,TROW,Meta Platforms,META,30303M102,29451435,3920710801.83,0.8067,2024-03-31,Decreased,13F-HR,Margaret Martinez,margaret.martinez@troweprice.com
Wellington Management,WMGI,Coca-Cola Co,KO,191216100,8057262,729410172.52,0.1321,2025-03-31,Increased,13F-HR,Dorothy Johnson,dorothy.johnson@wellington.com
Baupost Group,BPST,Microsoft Corp,MSFT,594918104,35624331,6707549980.53,0.5441,2025-06-30,Increased,13F-HR,Patricia Jackson,patricia.jackson@baupostgro.com
Bridgewater Associates,BWTR,Exxon Mobil,XOM,30231G102,47793086,13446562599.55,0.6738,2025-12-31,Increased,13F-HR,Thomas Brown,thomas.brown@bridgewate.com
Bridgewater Associates,BWTR,Walt Disney Co,DIS,254687106,11145317,3181194224.64,0.1416,2024-03-31,Decreased,13F-HR,Elizabeth Hernandez,elizabeth.hernandez@bridgewate.com
DE Shaw & Co,DSHW,NVIDIA Corp,NVDA,67066G104,41299675,15882800849.54,4.6086,2025-09-30,Increased,13F-HR,Robert Miller,robert.miller@deshaw&co.com
Point72 Asset Mgmt,PT72,Bank of America,BAC,060505104,46286268,1714647532.02,0.9099,2025-03-31,Unchanged,13F-HR,William Taylor,william.taylor@point72ass.com
Citadel Advisors,CDLC,Apple Inc,AAPL,037833100,14626579,315101909.79,2.4851,2024-12-31,Unchanged,13F-HR,Margaret Jackson,margaret.jackson@citadeladv.com
Two Sigma Investments,TWSM,Microsoft Corp,MSFT,594918104,35965243,22404888970.58,2.6760,2025-12-31,Unchanged,13F-HR,Dorothy Martinez,dorothy.martinez@twosigmain.com
Millennium Management,MLNM,Walt Disney Co,DIS,254687106,38701690,15175325949.49,0.6431,2025-03-31,Unchanged,13F-NT,Dorothy Moore,dorothy.moore@millennium.com
BlackRock Inc,BLK,Tesla Inc,TSLA,88160R101,16380576,7810723271.58,0.5467,2024-12-31,Unchanged,13F-HR,Steven Brown,steven.brown@blackrocki.com
Morgan Stanley IM,MS,Amazon.com Inc,AMZN,023135106,44604431,32336616068.67,3.6835,2025-06-30,Increased,13F-HR,Daniel Martinez,daniel.martinez@morganstan.com
Vanguard Group,VGI,Apple Inc,AAPL,037833100,16462333,10277937375.62,0.2305,2025-03-31,Unchanged,13F-NT,Mark Thomas,mark.thomas@vanguardgr.com
T. Rowe Price,TROW,Bank of America,BAC,060505104,19695384,2518529185.26,0.4254,2025-03-31,Unchanged,13F-NT,Karen Williams,karen.williams@troweprice.com
Appaloosa Management,APLS,Netflix Inc,NFLX,64110L106,39163421,16864489564.16,1.0321,2024-12-31,New,13F-NT,Jennifer Smith,jennifer.smith@appaloosam.com
Capital Group,CGBL,Salesforce Inc,CRM,79466L302,25301343,7781143969.95,0.3887,2025-09-30,Unchanged,13F-HR,Daniel Garcia,daniel.garcia@capitalgro.com
State Street Corp,STT,Johnson & Johnson,JNJ,478160104,49518245,13403914002.73,2.0243,2024-06-30,Increased,13F-NT,Sarah Jackson,sarah.jackson@statestree.com
JP Morgan Asset Mgmt,JPM,Adobe Inc,ADBE,00724F101,28240434,14696637599.01,1.4004,2024-09-30,Increased,13F-HR,David Davis,david.davis@jpmorganas.com
Goldman Sachs AM,GS,JPMorgan Chase,JPM,46625H100,39767553,12206502296.76,0.8092,2025-03-31,Decreased,13F-NT,Karen Williams,karen.williams@goldmansac.com
Goldman Sachs AM,GS,Cisco Systems,CSCO,17275R102,42245330,6427514363.46,0.5808,2024-06-30,Unchanged,13F-HR,Lisa Anderson,lisa.anderson@goldmansac.com
T. Rowe Price,TROW,Chevron Corp,CVX,166764100,36434200,13115707472.40,0.6053,2024-09-30,Increased,13F-NT,Mark Martinez,mark.martinez@troweprice.com
Millennium Management,MLNM,Chevron Corp,CVX,166764100,14353480,1326250972.46,0.5001,2025-03-31,Increased,13F-HR,Nancy Anderson,nancy.anderson@millennium.com
AQR Capital Management,AQRC,UnitedHealth Group,UNH,91324P102,38422835,14189719722.68,0.5711,2025-03-31,Unchanged,13F-HR,Elizabeth Williams,elizabeth.williams@aqrcapital.com
Two Sigma Investments,TWSM,Intel Corp,INTC,458140100,42472224,4334088362.42,1.2361,2024-12-31,Unchanged,13F-HR,Karen Thompson,karen.thompson@twosigmain.com
Two Sigma Investments,TWSM,Home Depot,HD,437076102,16279973,10107343974.02,0.7428,2024-06-30,Unchanged,13F-HR,Margaret Smith,margaret.smith@twosigmain.com
T. Rowe Price,TROW,Salesforce Inc,CRM,79466L302,43680688,11499882854.83,0.5891,2026-07-29,Decreased,13F-HR,Michael Johnson,michael.johnson@troweprice.com
Millennium Management,MLNM,Procter & Gamble,PG,742718109,15005103,6486003424.22,0.2091,2025-12-31,Decreased,13F-HR,Thomas Taylor,thomas.taylor@millennium.com
Renaissance Technologies,RNTC,Home Depot,HD,437076102,17260912,10526116163.37,0.2435,2025-06-30,Unchanged,13F-HR,,
Vanguard Group,VGI,JPMorgan Chase,JPM,46625H100,5401040,3856438541.40,0.1331,2025-12-31,Increased,13F-HR,Daniel Anderson,daniel.anderson@vanguardgr.com
Citadel Advisors,CDLC,Bank of America,BAC,060505104,35218411,6468896180.11,0.6186,2025-09-30,Unchanged,13F-NT,Robert Brown,robert.brown@citadeladv.com
Baupost Group,BPST,Johnson & Johnson,JNJ,478160104,46550233,30247466563.13,1.2192,2025-09-30,Increased,13F-HR,Richard Miller,richard.miller@baupostgro.com
Renaissance Technologies,RNTC,Exxon Mobil,XOM,30231G102,10277027,7308758093.04,0.3107,2024-03-31,Decreased,13F-HR,Karen Moore,karen.moore@renaissanc.com
Appaloosa Management,APLS,Pfizer Inc,PFE,717081103,8229619,4552210606.87,0.4002,2024-06-30,Decreased,13F-NT,Lisa Davis,lisa.davis@appaloosam.com
Two Sigma Investments,TWSM,Netflix Inc,NFLX,64110L106,15402010,12318082788.01,0.2986,2025-03-31,New,13F-HR,Daniel Martin,daniel.martin@twosigmain.com
Goldman Sachs AM,GS,Coca-Cola Co,KO,191216100,1160633,730254144.16,0.0355,2024-09-30,Unchanged,13F-NT,Daniel Davis,daniel.davis@goldmansac.com
State Street Corp,,Chevron Corp,CVX,166764100,528750,382448372.16,0.0204,2024-09-30,Unchanged,13F-NT,Daniel Miller,daniel.miller@statestree.com
Fidelity Investments,FNF,Cisco Systems,CSCO,17275R102,4060062,2482459297.56,0.1647,2024-12-31,Increased,13F-HR,Elizabeth Garcia,elizabeth.garcia@fidelityin.com
Appaloosa Management,APLS,Apple Inc,AAPL,037833100,37704903,23111704946.93,1.6069,2025-06-30,Decreased,13F-NT,Margaret Miller,margaret.miller@appaloosam.com
Bridgewater Associates,BWTR,Berkshire Hathaway,BRK.B,084670702,42772219,26354454895.29,0.6009,2024-03-31,Decreased,13F-HR,Mark Jackson,mark.jackson@bridgewate.com
Goldman Sachs AM,GS,Johnson & Johnson,JNJ,478160104,8247482,2560547805.04,0.7432,2024-12-31,Increased,13F-HR,Lisa Moore,lisa.moore@goldmansac.com
Millennium Management,MLNM,Pfizer Inc,PFE,717081103,18252815,14201664741.05,0.2470,2024-09-30,Increased,13F-NT,Patricia Smith,patricia.smith@millennium.com
Baupost Group,BPST,Berkshire Hathaway,BRK.B,084670702,32570841,17744189710.78,3.4911,2025-12-31,New,13F-NT,Robert Rodriguez,robert.rodriguez@baupostgro.com
Morgan Stanley IM,MS,UnitedHealth Group,UNH,91324P102,25045067,19240929811.37,0.3701,2024-06-30,Decreased,13F-HR,Lisa Davis,lisa.davis@morganstan.com
Citadel Advisors,CDLC,Amazon.com Inc,AMZN,023135106,25648708,18945822997.92,0.4580,2024-12-31,Increased,13F-HR,James Anderson,james.anderson@citadeladv.com
Millennium Management,MLNM,Netflix Inc,NFLX,64110L106,14657061,5169372164.27,0.3627,2025-03-31,New,13F-HR,Lisa Jackson,lisa.jackson@millennium.com
Appaloosa Management,APLS,Amazon.com Inc,AMZN,023135106,29381949,9328844850.77,4.6463,2025-03-31,Increased,13F-HR,Sarah Thompson,sarah.thompson@appaloosam.com
Citadel Advisors,CDLC,JPMorgan Chase,JPM,46625H100,9420834,7377337788.79,0.2923,2024-12-31,Decreased,13F-HR,Elizabeth Davis,elizabeth.davis@citadeladv.com
Appaloosa Management,APLS,Salesforce Inc,CRM,79466L302,26923620,17667926021.96,0.3753,2024-06-30,Unchanged,13F-HR,Lisa Brown,lisa.brown@appaloosam.com
Morgan Stanley IM,MS,Chevron Corp,CVX,166764100,43055294,31235991397.03,0.5840,2024-09-30,Increased,13F-HR,Elizabeth Miller,elizabeth.miller@morganstan.com
Goldman Sachs AM,GS,Amazon.com Inc,AMZN,023135106,2303959,1666988616.38,0.0444,2025-12-31,Unchanged,13F-HR,William Thompson,william.thompson@goldmansac.com
DE Shaw & Co,DSHW,Alphabet Inc,GOOGL,02079K305,7109018,2508534568.33,0.0992,2025-09-30,Unchanged,13F-HR,Nancy Brown,nancy.brown@deshaw&co.com
Baupost Group,BPST,Salesforce Inc,CRM,79466L302,8695361,4906440835.40,0.1187,2025-03-31,Unchanged,13F-NT,Susan Taylor,susan.taylor@baupostgro.com
Capital Group,CGBL,Cisco Systems,CSCO,17275R102,21849522,2864640589.39,0.4216,2024-03-31,Increased,13F-NT,Steven Thomas,steven.thomas@capitalgro.com
Fidelity Investments,FNF,Exxon Mobil,XOM,,16910203,7392216261.01,1.2672,2025-06-30,New,13F-HR,Sarah Thompson,sarah.thompson@fidelityin.com
T. Rowe Price,TROW,Cisco Systems,CSCO,17275R102,22312341,4963534869.77,0.5984,2024-09-30,Increased,13F-HR,Nancy Thomas,nancy.thomas@troweprice.com
Morgan Stanley IM,MS,Berkshire Hathaway,BRK.B,084670702,37479178,28846223027.14,4.3743,2025-06-30,Increased,13F-HR,Mark Thompson,mark.thompson@morganstan.com
T. Rowe Price,TROW,Tesla Inc,TSLA,88160R101,2172888,735956176.80,0.0466,2024-12-31,Increased,13F-HR,Patricia Hernandez,patricia.hernandez@troweprice.com
Point72 Asset Mgmt,PT72,Meta Platforms,META,30303M102,4422280,1155306320.36,0.1233,2024-06-30,Unchanged,13F-NT,Nancy Hernandez,nancy.hernandez@point72ass.com
Renaissance Technologies,RNTC,Amazon.com Inc,AMZN,023135106,25405899,17750323061.65,1.1547,2024-03-31,Unchanged,13F-NT,Nancy Thompson,nancy.thompson@renaissanc.com
BlackRock Inc,BLK,JPMorgan Chase,JPM,46625H100,36933859,22484435587.56,0.7190,2025-03-31,Increased,13F-NT,Margaret White,margaret.white@blackrocki.com
Renaissance Technologies,RNTC,Chevron Corp,CVX,166764100,42970761,24535376263.96,1.1513,2025-12-31,Unchanged,13F-HR,Susan Jones,susan.jones@renaissanc.com
Capital Group,CGBL,Walt Disney Co,DIS,254687106,32206540,6136351893.30,0.4643,2025-06-30,Decreased,13F-NT,Jennifer Brown,jennifer.brown@capitalgro.com
Capital Group,CGBL,Home Depot,HD,437076102,44048967,32938203489.60,0.9923,2024-09-30,Unchanged,13F-NT,William Williams,william.williams@capitalgro.com
Baupost Group,BPST,Berkshire Hathaway,BRK.B,084670702,34314446,2184166165.96,0.6040,2025-06-30,Unchanged,13F-NT,William Garcia,william.garcia@baupostgro.com
Morgan Stanley IM,MS,Chevron Corp,CVX,166764100,14734462,6911049768.57,0.6796,2024-03-31,Increased,13F-NT,Sarah Garcia,sarah.garcia@morganstan.com
T. Rowe Price,TROW,Visa Inc,V,92826C839,23113466,1112648330.08,0.3577,2024-09-30,Unchanged,13F-NT,Michael Taylor,michael.taylor@troweprice.com
Two Sigma Investments,TWSM,Coca-Cola Co,KO,191216100,38253729,21628843892.73,2.8627,2024-03-31,Unchanged,13F-HR,Daniel Williams,daniel.williams@twosigmain.com
AQR Capital Management,AQRC,Tesla Inc,TSLA,88160R101,18450626,11117580388.42,0.4801,2025-09-30,Increased,13F-HR,Patricia Jackson,patricia.jackson@aqrcapital.com
Morgan Stanley IM,MS,Apple Inc,AAPL,037833100,3854928,2313059586.50,0.1340,2025-06-30,New,13F-HR,Lisa Thomas,lisa.thomas@morganstan.com
Fidelity Investments,FNF,Tesla Inc,TSLA,88160R101,44135854,5205769788.57,1.4512,2024-12-31,New,13F-NT,Steven Miller,steven.miller@fidelityin.com
Citadel Advisors,CDLC,Procter & Gamble,PG,742718109,21245088,9767395862.83,0.5784,2025-12-31,Increased,13F-HR,Robert Rodriguez,robert.rodriguez@citadeladv.com
Citadel Advisors,CDLC,Alphabet Inc,GOOGL,02079K305,1032292,614253423.49,0.0209,2024-06-30,Increased,13F-HR,Robert Hernandez,robert.hernandez@citadeladv.com
Bridgewater Associates,BWTR,Coca-Cola Co,KO,191216100,30030037,21540866072.00,0.6434,2024-09-30,Decreased,13F-HR,Susan Taylor,susan.taylor@bridgewate.com
Vanguard Group,VGI,Berkshire Hathaway,BRK.B,084670702,9885913,6714126645.53,0.3880,2025-03-31,Unchanged,13F-HR,Daniel Jones,daniel.jones@vanguardgr.com
DE Shaw & Co,DSHW,Berkshire Hathaway,BRK.B,084670702,20676693,13962635947.14,0.6205,2024-09-30,Unchanged,13F-HR,Nancy White,nancy.white@deshaw&co.com
JP Morgan Asset Mgmt,JPM,JPMorgan Chase,JPM,46625H100,5316878,840730767.58,0.3080,2024-09-30,Increased,13F-HR,James Thompson,james.thompson@jpmorganas.com
Vanguard Group,VGI,JPMorgan Chase,JPM,46625H100,49796324,22017223387.30,2.9553,2024-12-31,Unchanged,13F-HR,Dorothy Thomas,dorothy.thomas@vanguardgr.com
Citadel Advisors,CDLC,Chevron Corp,CVX,166764100,9296126,1279592345.21,0.1443,2024-06-30,New,13F-HR,Richard Miller,richard.miller@citadeladv.com
Appaloosa Management,APLS,Johnson & Johnson,JNJ,478160104,37340159,11648428869.47,1.7221,2025-03-31,Decreased,13F-HR,Jennifer Lopez,jennifer.lopez@appaloosam.com
Vanguard Group,VGI,Coca-Cola Co,KO,191216100,23714165,5564273517.76,0.4693,2024-06-30,Increased,13F-HR,Sarah Moore,sarah.moore@vanguardgr.com
Bridgewater Associates,BWTR,Walt Disney Co,DIS,,17548684,4741757791.60,0.5646,2024-06-30,Increased,13F-HR,Dorothy Smith,dorothy.smith@bridgewate.com
JP Morgan Asset Mgmt,JPM,Intel Corp,INTC,458140100,24182149,5082275599.11,0.5038,2024-12-31,Unchanged,13F-NT,Robert Martinez,robert.martinez@jpmorganas.com
DE Shaw & Co,DSHW,Johnson & Johnson,JNJ,478160104,17116727,7807572079.92,0.2212,2025-12-31,Unchanged,13F-HR,Susan Martinez,susan.martinez@deshaw&co.com
Citadel Advisors,CDLC,Exxon Mobil,XOM,30231G102,33058142,10989739754.65,0.6531,2024-06-30,Increased,13F-HR,Mark Thomas,mark.thomas@citadeladv.com
AQR Capital Management,AQRC,Tesla Inc,TSLA,88160R101,28512833,20836938823.55,1.7909,2025-06-30,Unchanged,13F-HR,Steven Jones,steven.jones@aqrcapital.com
Citadel Advisors,CDLC,Apple Inc,AAPL,037833100,32480278,22378611130.94,0.5799,2025-12-31,Unchanged,13F-HR,Susan Thomas,susan.thomas@citadeladv.com
BlackRock Inc,BLK,Procter & Gamble,PG,742718109,6887316,3447548578.23,0.0895,2025-12-31,Increased,13F-NT,Margaret Davis,margaret.davis@blackrocki.com
T. Rowe Price,TROW,NVIDIA Corp,NVDA,67066G104,40487284,30590556180.11,0.6498,2024-09-30,Unchanged,13F-HR,Susan Williams,susan.williams@troweprice.com
DE Shaw & Co,DSHW,Apple Inc,AAPL,037833100,46476887,5862903159.98,0.6783,2025-12-31,New,13F-HR,Lisa Martinez,lisa.martinez@deshaw&co.com
BlackRock Inc,BLK,Amazon.com Inc,AMZN,023135106,18715901,8768268295.12,1.9288,2024-09-30,Increased,13F-NT,Patricia Taylor,patricia.taylor@blackrocki.com
Vanguard Group,VGI,Amazon.com Inc,AMZN,023135106,24842397,4547164513.04,0.4904,2024-12-31,New,13F-HR,Michael Smith,michael.smith@vanguardgr.com
AQR Capital Management,AQRC,Tesla Inc,TSLA,88160R101,33317230,3727920112.38,1.6140,2025-06-30,New,13F-HR,Karen Garcia,karen.garcia@aqrcapital.com
Goldman Sachs AM,GS,Meta Platforms,META,30303M102,7162952,4492373687.41,0.4975,2024-03-31,New,13F-NT,Nancy Moore,nancy.moore@goldmansac.com
Capital Group,CGBL,Chevron Corp,CVX,166764100,39367005,30161708253.08,1.3517,2024-03-31,Decreased,13F-HR,David Hernandez,david.hernandez@capitalgro.com
Millennium Management,MLNM,Home Depot,HD,437076102,30207235,14482962310.92,0.4071,2025-09-30,New,13F-HR,Patricia Moore,patricia.moore@millennium.com
Point72 Asset Mgmt,PT72,Berkshire Hathaway,BRK.B,084670702,41067467,14573218988.93,2.5027,2025-03-31,Increased,13F-HR,Nancy Martinez,nancy.martinez@point72ass.com
Baupost Group,BPST,UnitedHealth Group,UNH,91324P102,23068794,1807656626.29,1.7367,2024-06-30,Decreased,13F-HR,Dorothy Moore,dorothy.moore@baupostgro.com
T. Rowe Price,TROW,UnitedHealth Group,UNH,91324P102,8477768,2434467630.94,0.1113,2025-03-31,New,13F-HR,Dorothy Miller,dorothy.miller@troweprice.com
Wellington Management,WMGI,UnitedHealth Group,UNH,91324P102,29410398,21225454415.09,1.2058,2025-06-30,New,13F-HR,Lisa Davis,lisa.davis@wellington.com
Morgan Stanley IM,MS,Visa Inc,V,92826C839,40918985,19570842996.83,0.5597,2024-03-31,New,13F-HR,James Johnson,james.johnson@morganstan.com
Goldman Sachs AM,GS,Pfizer Inc,PFE,717081103,2225013,1407691197.22,0.1359,2024-03-31,Decreased,13F-HR,Nancy Thompson,nancy.thompson@goldmansac.com
Appaloosa Management,APLS,Apple Inc,AAPL,037833100,24726323,1354909778.34,0.5500,2024-09-30,New,13F-NT,Susan Smith,susan.smith@appaloosam.com
Bridgewater Associates,BWTR,Home Depot,HD,437076102,49516829,25890065395.84,2.8262,2025-12-31,Increased,13F-NT,Michael Smith,michael.smith@bridgewate.com
T. Rowe Price,TROW,UnitedHealth Group,UNH,91324P102,4068109,2116848111.76,0.0851,00-00-0000,Decreased,13F-HR,William Jones,william.jones@troweprice.com
Renaissance Technologies,RNTC,Intel Corp,INTC,458140100,37621922,15259694513.79,1.2010,2024-12-31,Increased,13F-HR,Jennifer Martinez,jennifer.martinez@renaissanc.com
Citadel Advisors,CDLC,Visa Inc,V,92826C839,1725419,835235089.61,0.0662,2024-12-31,Decreased,13F-HR,David Miller,david.miller@citadeladv.com
State Street Corp,STT,Pfizer Inc,PFE,717081103,22231965,14344043563.75,2.1497,2024-09-30,Decreased,13F-HR,Robert Jones,robert.jones@statestree.com
Bridgewater Associates,BWTR,Tesla Inc,TSLA,88160R101,32679067,26139613206.04,0.5126,2025-09-30,Unchanged,13F-HR,Thomas Jackson,thomas.jackson@bridgewate.com
T. Rowe Price,TROW,Netflix Inc,NFLX,64110L106,25415094,5219164679.84,0.4826,2025-03-31,Increased,13F-NT,Thomas Williams,thomas.williams@troweprice.com
Morgan Stanley IM,MS,Procter & Gamble,PG,742718109,21742670,14193554988.16,0.3476,2025-06-30,Increased,13F-HR,William Johnson,william.johnson@morganstan.com
Renaissance Technologies,RNTC,Bank of America,BAC,060505104,12091784,2700434758.13,0.4480,2025-09-30,New,13F-HR,David Smith,david.smith@renaissanc.com
Renaissance Technologies,RNTC,Walt Disney Co,DIS,254687106,39469186,28952789456.43,0.5344,2024-09-30,Increased,13F-HR,Margaret Davis,margaret.davis@renaissanc.com
Two Sigma Investments,TWSM,NVIDIA Corp,NVDA,67066G104,24020705,17193717737.19,0.6785,2024-06-30,Increased,13F-HR,Elizabeth Smith,elizabeth.smith@twosigmain.com
Millennium Management,MLNM,NVIDIA Corp,NVDA,,35165355,17124224296.52,0.4424,2024-09-30,Unchanged,13F-HR,Mark Taylor,mark.taylor@millennium.com
Citadel Advisors,CDLC,Cisco Systems,CSCO,17275R102,42154664,23121067499.67,0.6182,2025-06-30,Unchanged,13F-HR,James Thompson,james.thompson@citadeladv.com
Point72 Asset Mgmt,PT72,UnitedHealth Group,UNH,91324P102,27946359,2365942459.63,2.5323,2024-12-31,Decreased,13F-NT,Daniel Lopez,daniel.lopez@point72ass.com
Bridgewater Associates,BWTR,Pfizer Inc,PFE,717081103,22663163,16433576012.13,0.5452,2024-06-30,Increased,13F-HR,Lisa Jackson,lisa.jackson@bridgewate.com
Wellington Management,WMGI,Netflix Inc,NFLX,64110L106,9695591,7593646361.43,0.1470,2024-09-30,Unchanged,13F-HR,Lisa Martinez,lisa.martinez@wellington.com
Fidelity Investments,FNF,Meta Platforms,META,30303M102,12811447,4491852881.99,0.2022,2025-03-31,Decreased,13F-HR,William Thompson,william.thompson@fidelityin.com
Baupost Group,BPST,JPMorgan Chase,JPM,46625H100,9505263,6761641558.58,0.3461,2024-06-30,New,13F-HR,Mark White,mark.white@baupostgro.com
Two Sigma Investments,TWSM,Exxon Mobil,XOM,30231G102,41028324,28854560388.79,1.1896,2024-12-31,Unchanged,13F-NT,Michael Davis,michael.davis@twosigmain.com
Fidelity Investments,FNF,Chevron Corp,CVX,166764100,2388743,406293524.39,0.0371,2024-03-31,Increased,13F-HR,Mark Brown,mark.brown@fidelityin.com
Vanguard Group,VGI,Adobe Inc,ADBE,00724F101,1960705,1419270827.93,0.0448,2024-09-30,Unchanged,13F-HR,Jennifer Thompson,jennifer.thompson@vanguardgr.com
Goldman Sachs AM,GS,Procter & Gamble,PG,742718109,27151278,19092529001.19,0.7026,2025-03-31,Decreased,13F-HR,Sarah Hernandez,sarah.hernandez@goldmansac.com
JP Morgan Asset Mgmt,JPM,Procter & Gamble,PG,742718109,29558058,10822974033.46,0.5747,2025-12-31,New,13F-HR,Elizabeth White,elizabeth.white@jpmorganas.com
Millennium Management,MLNM,UnitedHealth Group,UNH,91324P102,46761625,30891067570.42,1.9139,2025-12-31,Unchanged,13F-HR,Lisa Williams,lisa.williams@millennium.com
Morgan Stanley IM,MS,Johnson & Johnson,JNJ,478160104,33490420,23126856111.70,2.6275,2025-12-31,Decreased,13F-HR,James Thompson,james.thompson@morganstan.com
Appaloosa Management,APLS,Meta Platforms,META,30303M102,8480546,3302134881.71,0.1604,2024-12-31,Increased,13F-HR,Jennifer Moore,jennifer.moore@appaloosam.com
Goldman Sachs AM,GS,Salesforce Inc,CRM,79466L302,20864088,9381629502.43,0.7265,2024-09-30,New,13F-HR,Michael Davis,michael.davis@goldmansac.com
JP Morgan Asset Mgmt,JPM,Berkshire Hathaway,BRK.B,084670702,23530392,5181232180.04,0.4474,2024-06-30,Unchanged,13F-HR,James Johnson,james.johnson@jpmorganas.com
Renaissance Technologies,RNTC,UnitedHealth Group,UNH,91324P102,32148604,2290389612.19,-0.9396,2025-03-31,Increased,13F-HR,Nancy Williams,nancy.williams@renaissanc.com
Capital Group,CGBL,Walt Disney Co,DIS,254687106,35954695,22163497699.92,0.5904,2025-03-31,Unchanged,13F-HR,Mark Jackson,mark.jackson@capitalgro.com
Bridgewater Associates,BWTR,Cisco Systems,CSCO,17275R102,49897543,6003848103.03,1.0872,2024-12-31,Unchanged,13F-HR,Patricia Lopez,patricia.lopez@bridgewate.com
Baupost Group,BPST,Home Depot,HD,437076102,25728450,2225779064.98,1.5760,2024-03-31,Unchanged,13F-HR,Michael Jackson,michael.jackson@baupostgro.com
JP Morgan Asset Mgmt,JPM,NVIDIA Corp,NVDA,67066G104,30802097,5025702536.66,0.6941,2025-09-30,Increased,13F-HR,Daniel White,daniel.white@jpmorganas.com
Bridgewater Associates,BWTR,Intel Corp,INTC,458140100,16833939,12136549097.66,0.2447,2024-09-30,Decreased,13F-NT,Steven Thompson,steven.thompson@bridgewate.com
Renaissance Technologies,RNTC,Salesforce Inc,CRM,79466L302,15518079,8392834313.11,0.3691,2024-12-31,Unchanged,13F-HR,Lisa Martinez,lisa.martinez@renaissanc.com
Capital Group,CGBL,Amazon.com Inc,AMZN,023135106,24250185,6833198541.58,0.3946,2025-12-31,Unchanged,13F-HR,David Moore,david.moore@capitalgro.com
Morgan Stanley IM,MS,JPMorgan Chase,JPM,46625H100,49766469,5325436957.12,0.8975,2024-03-31,Increased,13F-HR,Susan Jones,susan.jones@morganstan.com
Goldman Sachs AM,GS,Adobe Inc,ADBE,,24493961,11135043400.06,1.0808,2024-12-31,Increased,13F-HR,Elizabeth White,elizabeth.white@goldmansac.com
Vanguard Group,VGI,Adobe Inc,ADBE,00724F101,27736901,12579148102.01,0.3562,2024-09-30,Unchanged,13F-HR,Karen Thomas,karen.thomas@vanguardgr.com
Point72 Asset Mgmt,PT72,Microsoft Corp,MSFT,594918104,9750672,4972267031.32,0.2239,2024-03-31,Decreased,13F-HR,Mark White,mark.white@point72ass.com
Bridgewater Associates,BWTR,Cisco Systems,CSCO,17275R102,7522619,2393446436.04,0.7067,2025-06-30,Increased,13F-HR,David White,david.white@bridgewate.com
State Street Corp,STT,Apple Inc,AAPL,037833100,43178051,13113497975.46,0.5983,2025-06-30,Decreased,13F-NT,Susan Williams,susan.williams@statestree.com
Vanguard Group,VGI,UnitedHealth Group,UNH,91324P102,2818353,86352260.95,0.0614,2024-09-30,Increased,13F-HR,Jennifer Smith,jennifer.smith@vanguardgr.com
Baupost Group,BPST,Exxon Mobil,XOM,30231G102,16336896,9285408576.01,2.0066,2024-09-30,Unchanged,13F-HR,Richard Rodriguez,richard.rodriguez@baupostgro.com
Point72 Asset Mgmt,PT72,Amazon.com Inc,AMZN,023135106,45012943,2104499014.45,0.6460,2025-12-31,New,13F-HR,Nancy Martinez,nancy.martinez@point72ass.com
Wellington Management,WMGI,Adobe Inc,ADBE,00724F101,40277526,14329549499.98,0.5285,2025-06-30,New,13F-HR,Nancy Lopez,nancy.lopez@wellington.com
Appaloosa Management,APLS,Meta Platforms,META,30303M102,44672311,4242393932.22,0.7009,2025-06-30,Unchanged,13F-HR,Jennifer Martin,jennifer.martin@appaloosam.com
Fidelity Investments,FNF,Meta Platforms,META,30303M102,247088,124926965.33,0.0156,2024-12-31,Unchanged,13F-NT,Steven Martin,steven.martin@fidelityin.com
Wellington Management,WMGI,Coca-Cola Co,KO,191216100,29273624,12291178172.27,0.4495,2025-12-31,Increased,13F-HR,Jennifer Rodriguez,jennifer.rodriguez@wellington.com
Vanguard Group,VGI,Visa Inc,V,92826C839,37213223,5202040896.35,6.7656,2025-06-30,Unchanged,13F-NT,Dorothy Martin,dorothy.martin@vanguardgr.com
Capital Group,CGBL,Berkshire Hathaway,BRK.B,084670702,31669525,25241145191.12,0.6645,2024-03-31,Unchanged,13F-HR,Margaret Martin,margaret.martin@capitalgro.com
Fidelity Investments,FNF,Visa Inc,V,92826C839,14428829,2727142649.38,0.2693,2024-12-31,Increased,13F-HR,Margaret Hernandez,margaret.hernandez@fidelityin.com
AQR Capital Management,AQRC,Tesla Inc,TSLA,88160R101,43446831,29110449784.57,7.2848,2024-09-30,Unchanged,13F-NT,Robert Jones,robert.jones@aqrcapital.com
Renaissance Technologies,RNTC,JPMorgan Chase,JPM,46625H100,14357483,1374263531.20,0.3602,2025-06-30,New,13F-HR,Steven White,steven.white@renaissanc.com
T. Rowe Price,TROW,Bank of America,BAC,060505104,39218851,20351752196.93,0.5295,2024-03-31,Increased,13F-HR,Steven Smith,steven.smith@troweprice.com
DE Shaw & Co,DSHW,Chevron Corp,CVX,166764100,23337249,9142802043.74,0.6604,2024-03-31,New,13F-HR,Michael Taylor,michael.taylor@deshaw&co.com
Capital Group,CGBL,Visa Inc,V,92826C839,41784387,16369640717.90,1.6737,2025-06-30,Unchanged,13F-HR,Mark Anderson,mark.anderson@capitalgro.com
DE Shaw & Co,DSHW,Alphabet Inc,GOOGL,02079K305,25161225,11472777040.81,0.3902,2024-06-30,Decreased,13F-NT,Michael Lopez,michael.lopez@deshaw&co.com
DE Shaw & Co,DSHW,Procter & Gamble,PG,742718109,17585224,6478454586.53,0.3105,2025-06-30,Decreased,13F-HR,Dorothy Hernandez,dorothy.hernandez@deshaw&co.com
Citadel Advisors,CDLC,Home Depot,HD,437076102,44017342,23061563911.93,2.3149,2025-06-30,Unchanged,13F-HR,Susan Jackson,susan.jackson@citadeladv.com
Goldman Sachs AM,GS,Intel Corp,INTC,458140100,38753027,27491721025.25,3.7122,2025-12-31,Increased,13F-HR,David Anderson,david.anderson@goldmansac.com
Capital Group,CGBL,Netflix Inc,NFLX,64110L106,15232936,8613649540.08,0.2715,2025-12-31,Unchanged,13F-HR,Nancy Lopez,nancy.lopez@capitalgro.com
Point72 Asset Mgmt,PT72,NVIDIA Corp,NVDA,67066G104,29914471,4983272566.35,2.1726,2024-06-30,Unchanged,13F-HR,Dorothy Thomas,dorothy.thomas@point72ass.com
Goldman Sachs AM,GS,Microsoft Corp,MSFT,594918104,unknown,550681573.90,0.2987,2024-03-31,Unchanged,13F-HR,Thomas Smith,thomas.smith@goldmansac.com
Vanguard Group,,NVIDIA Corp,NVDA,67066G104,42835463,28392499339.48,0.7357,2025-12-31,Increased,13F-HR,Richard Moore,richard.moore@vanguardgr.com
State Street Corp,STT,JPMorgan Chase,JPM,,8096135,2337107968.95,0.1435,2024-12-31,Increased,13F-HR,Nancy Miller,nancy.miller@statestree.com
Point72 Asset Mgmt,PT72,Walt Disney Co,DIS,254687106,30372266,18350274174.83,0.4478,2024-03-31,Unchanged,13F-HR,Michael Taylor,michael.taylor@point72ass.com
Two Sigma Investments,TWSM,JPMorgan Chase,JPM,46625H100,33038,13610850.55,0.0005,2024-09-30,Unchanged,13F-HR,Lisa Rodriguez,lisa.rodriguez@twosigmain.com
Baupost Group,BPST,Apple Inc,AAPL,037833100,38681280,1987471438.74,1.0320,2025-03-31,Increased,13F-HR,Karen Jackson,karen.jackson@baupostgro.com
BlackRock Inc,BLK,Chevron Corp,CVX,166764100,4683004,783940484.07,0.1202,2024-06-30,Decreased,13F-NT,James Davis,james.davis@blackrocki.com
State Street Corp,STT,Procter & Gamble,PG,742718109,49852800,19199056104.81,1.4348,2025-06-30,Increased,13F-HR,Thomas Hernandez,thomas.hernandez@statestree.com
DE Shaw & Co,DSHW,Intel Corp,INTC,458140100,35516201,7042642037.39,0.8557,2024-06-30,Increased,13F-HR,Patricia Smith,patricia.smith@deshaw&co.com
BlackRock Inc,BLK,Coca-Cola Co,KO,191216100,39035844,28355199701.41,0.7063,2025-09-30,Unchanged,13F-HR,Mark Jones,mark.jones@blackrocki.com
Morgan Stanley IM,MS,Walt Disney Co,DIS,254687106,12912629,9900411827.40,0.2155,2025-12-31,Decreased,13F-HR,Elizabeth Davis,elizabeth.davis@morganstan.com
Baupost Group,BPST,Procter & Gamble,PG,742718109,47157360,25412584304.82,1.0988,2025-12-31,Unchanged,13F-HR,Sarah Garcia,sarah.garcia@baupostgro.com
Vanguard Group,VGI,Amazon.com Inc,AMZN,023135106,7962764,5252909195.49,0.1819,2024-12-31,Unchanged,13F-HR,Jennifer Davis,jennifer.davis@vanguardgr.com
T. Rowe Price,TROW,Pfizer Inc,PFE,717081103,521557,80149029.43,0.0105,2025-09-30,New,13F-HR,Sarah Hernandez,sarah.hernandez@troweprice.com
T. Rowe Price,TROW,Exxon Mobil,XOM,30231G102,24782067,7498526655.68,0.3566,2024-12-31,Unchanged,13F-HR,James Lopez,james.lopez@troweprice.com
Citadel Advisors,CDLC,Home Depot,HD,437076102,7889443,1105702685.39,0.1241,2025-12-31,New,13F-HR,Lisa Anderson,lisa.anderson@citadeladv.com
Fidelity Investments,FNF,NVIDIA Corp,NVDA,67066G104,33706539,1218303931.13,0.5523,2025-06-30,Unchanged,13F-HR,Lisa Johnson,lisa.johnson@fidelityin.com
Wellington Management,WMGI,Netflix Inc,NFLX,64110L106,12959531,4494989357.17,0.2253,2024-03-31,Unchanged,13F-HR,Elizabeth Jackson,elizabeth.jackson@wellington.com
Renaissance Technologies,RNTC,Apple Inc,AAPL,037833100,11720827,5572341285.56,0.2594,2025-03-31,Increased,13F-NT,David Martin,david.martin@renaissanc.com
Wellington Management,WMGI,Adobe Inc,ADBE,00724F101,20880383,7527700215.43,0.4814,2024-06-30,Unchanged,13F-HR,James Garcia,james.garcia@wellington.com
Morgan Stanley IM,MS,Procter & Gamble,PG,742718109,13777743,6320402500.18,0.2787,2024-09-30,Increased,13F-HR,William Taylor,william.taylor@morganstan.com
Baupost Group,BPST,Bank of America,BAC,060505104,35789510,10839633216.02,0.6187,2024-03-31,Decreased,13F-HR,Nancy Garcia,nancy.garcia@baupostgro.com
Wellington Management,WMGI,Microsoft Corp,MSFT,594918104,21691409,15093519274.22,0.3131,2024-06-30,Increased,13F-NT,James Thomas,james.thomas@wellington.com
Goldman Sachs AM,GS,Home Depot,HD,437076102,41489391,12320694350.95,0.8662,2025-12-31,Increased,13F-HR,Dorothy Jackson,dorothy.jackson@goldmansac.com
Baupost Group,BPST,NVIDIA Corp,NVDA,67066G104,42054222,14100377027.66,2.1084,2025-09-30,Increased,13F-NT,Daniel Brown,daniel.brown@baupostgro.com
AQR Capital Management,AQRC,Walt Disney Co,DIS,254687106,27285523,19613332044.46,0.7838,2024-03-31,Unchanged,13F-HR,Patricia Jackson,patricia.jackson@aqrcapital.com
Baupost Group,BPST,Johnson & Johnson,JNJ,478160104,12186319,3223775775.48,0.1813,2024-06-30,New,13F-HR,Dorothy White,dorothy.white@baupostgro.com
Baupost Group,BPST,Amazon.com Inc,AMZN,023135106,42034189,22469662536.28,2.0191,2024-09-30,New,13F-HR,Mark Rodriguez,mark.rodriguez@baupostgro.com
Vanguard Group,VGI,Walt Disney Co,DIS,254687106,31808203,15104567625.65,0.4615,2025-06-30,New,13F-HR,Lisa Martin,lisa.martin@vanguardgr.com
Wellington Management,WMGI,Walt Disney Co,DIS,254687106,38530105,27946517685.90,4.0222,2024-12-31,Decreased,13F-HR,Daniel Moore,daniel.moore@wellington.com
Morgan Stanley IM,MS,Walt Disney Co,DIS,254687106,36698709,16221292527.27,0.7634,2024-03-31,Unchanged,13F-HR,Daniel Moore,daniel.moore@morganstan.com
BlackRock Inc,BLK,Procter & Gamble,PG,742718109,2524798,422523217.70,0.0351,2024-06-30,Unchanged,13F-HR,James Jones,james.jones@blackrocki.com
DE Shaw & Co,DSHW,Salesforce Inc,CRM,79466L302,43504375,31817763296.93,1.9159,2024-09-30,New,13F-HR,Robert Anderson,robert.anderson@deshaw&co.com
Point72 Asset Mgmt,PT72,Intel Corp,INTC,458140100,26841281,12176889511.63,0.3954,2025-12-31,Unchanged,13F-HR,Karen Moore,karen.moore@point72ass.com
AQR Capital Management,AQRC,Home Depot,HD,437076102,46544684,36250029238.85,0.6307,2025-12-31,Increased,13F-HR,William Jones,william.jones@aqrcapital.com
Two Sigma Investments,TWSM,Netflix Inc,NFLX,64110L106,4797820,392016934.51,0.2428,2025-09-30,Increased,13F-HR,William Anderson,william.anderson@twosigmain.com
Millennium Management,MLNM,Adobe Inc,ADBE,00724F101,8892279,3421994505.55,0.1245,2025-06-30,New,13F-HR,Thomas Thomas,thomas.thomas@millennium.com
Goldman Sachs AM,GS,Adobe Inc,ADBE,00724F101,5944925,1918206176.52,0.1361,2025-06-30,Increased,13F-HR,Robert Davis,robert.davis@goldmansac.com
Wellington Management,WMGI,Chevron Corp,CVX,166764100,48010511,4430891867.08,0.9688,2025-06-30,New,13F-NT,Robert Jones,robert.jones@wellington.com
State Street Corp,STT,Intel Corp,INTC,458140100,34980696,13116354600.76,6.2769,2025-12-31,Decreased,13F-NT,Nancy Martin,nancy.martin@statestree.com
Millennium Management,MLNM,Microsoft Corp,MSFT,594918104,2568317,673103330.15,0.4062,2024-12-31,Unchanged,13F-NT,William Rodriguez,william.rodriguez@millennium.com
Two Sigma Investments,TWSM,Microsoft Corp,MSFT,594918104,47099897,27744408104.96,0.7459,not_a_date,Unchanged,13F-HR,Nancy White,nancy.white@twosigmain.com
Goldman Sachs AM,GS,Alphabet Inc,GOOGL,02079K305,35037978,18853563357.79,0.4808,2024-06-30,Unchanged,13F-HR,Nancy Rodriguez,nancy.rodriguez@goldmansac.com
Two Sigma Investments,TWSM,Amazon.com Inc,AMZN,023135106,40275790,22464192566.38,0.5470,2024-06-30,Increased,13F-HR,Susan White,susan.white@twosigmain.com
Fidelity Investments,FNF,Tesla Inc,TSLA,88160R101,30047271,12938733871.40,0.9716,2024-09-30,Decreased,13F-HR,Margaret Garcia,margaret.garcia@fidelityin.com
T. Rowe Price,TROW,Tesla Inc,TSLA,88160R101,19436218,3143061880.26,1.2281,2024-09-30,Unchanged,13F-HR,James Johnson,james.johnson@troweprice.com
Two Sigma Investments,TWSM,Berkshire Hathaway,BRK.B,084670702,39554950,9374078252.53,0.9343,2025-12-31,Decreased,13F-HR,Sarah Hernandez,sarah.hernandez@twosigmain.com
Vanguard Group,VGI,Home Depot,HD,437076102,19776878,13104948450.84,0.2644,2024-06-30,New,13F-HR,Karen Miller,karen.miller@vanguardgr.com
Capital Group,CGBL,Amazon.com Inc,AMZN,023135106,46370020,28524910857.01,4.7324,2025-09-30,Unchanged,13F-HR,James Martin,james.martin@capitalgro.com
DE Shaw & Co,DSHW,NVIDIA Corp,NVDA,67066G104,49249828,19045713481.77,0.6973,2025-12-31,Unchanged,13F-NT,Richard Martin,richard.martin@deshaw&co.com
Vanguard Group,VGI,Intel Corp,INTC,458140100,23722032,6263051515.46,0.7004,2024-09-30,Decreased,13F-HR,Nancy Martinez,nancy.martinez@vanguardgr.com
State Street Corp,STT,Meta Platforms,META,30303M102,45397316,26552392365.85,0.9641,2024-12-31,New,13F-HR,Margaret Taylor,margaret.taylor@statestree.com
Citadel Advisors,CDLC,Bank of America,BAC,060505104,6869916,1335318296.44,0.2576,2025-06-30,Decreased,13F-HR,Margaret Thomas,margaret.thomas@citadeladv.com
Fidelity Investments,FNF,Salesforce Inc,CRM,79466L302,16537215,4807084514.31,0.3359,2024-06-30,Decreased,13F-HR,William Miller,william.miller@fidelityin.com
Baupost Group,,Meta Platforms,META,30303M102,5918316,3613186076.31,0.1038,2025-06-30,Increased,13F-NT,James Smith,james.smith@baupostgro.com
Vanguard Group,VGI,Salesforce Inc,CRM,79466L302,16670286,4068981338.99,0.2561,2025-03-31,Unchanged,13F-HR,William Williams,william.williams@vanguardgr.com
Wellington Management,WMGI,Adobe Inc,ADBE,00724F101,41540613,20109953083.83,1.6389,2024-12-31,Decreased,13F-HR,David Thompson,david.thompson@wellington.com
Two Sigma Investments,TWSM,Salesforce Inc,CRM,79466L302,24327733,17221719978.59,0.3340,2025-03-31,Increased,13F-HR,Steven Jones,steven.jones@twosigmain.com
BlackRock Inc,BLK,JPMorgan Chase,JPM,46625H100,3057006,427701655.02,0.0400,2025-06-30,Increased,13F-HR,Daniel Davis,daniel.davis@blackrocki.com
T. Rowe Price,TROW,Bank of America,BAC,060505104,30039888,19002465619.03,1.5357,2025-06-30,Unchanged,13F-HR,Thomas Lopez,thomas.lopez@troweprice.com
Goldman Sachs AM,GS,JPMorgan Chase,JPM,46625H100,26243558,7046649043.68,0.5174,2025-09-30,Unchanged,13F-HR,Karen Martinez,karen.martinez@goldmansac.com
JP Morgan Asset Mgmt,JPM,Chevron Corp,CVX,166764100,45985141,7007144256.50,0.9003,2025-09-30,Increased,13F-HR,Karen Taylor,karen.taylor@jpmorganas.com
Renaissance Technologies,RNTC,Tesla Inc,TSLA,88160R101,23700766,15752604360.65,0.7582,2024-09-30,Increased,13F-HR,Sarah Davis,sarah.davis@renaissanc.com
AQR Capital Management,AQRC,Salesforce Inc,CRM,79466L302,36785230,27506245768.71,0.6591,2024-06-30,Unchanged,13F-HR,Sarah Hernandez,sarah.hernandez@aqrcapital.com
Renaissance Technologies,RNTC,Exxon Mobil,XOM,30231G102,41037569,1743138827.29,0.5306,2025-06-30,Unchanged,13F-HR,Richard Martin,richard.martin@renaissanc.com
Bridgewater Associates,BWTR,JPMorgan Chase,JPM,46625H100,49081012,29270489734.56,5.7107,2025-09-30,Unchanged,13F-HR,Karen Martinez,karen.martinez@bridgewate.com
BlackRock Inc,BLK,Alphabet Inc,GOOGL,02079K305,23916891,8404096760.28,0.9362,2024-06-30,Unchanged,13F-HR,Elizabeth Rodriguez,elizabeth.rodriguez@blackrocki.com
Citadel Advisors,CDLC,Alphabet Inc,GOOGL,02079K305,4485576,992592666.52,0.1244,2024-06-30,Decreased,13F-NT,David Garcia,david.garcia@citadeladv.com
BlackRock Inc,BLK,Home Depot,HD,437076102,28439577,20490911371.70,0.4545,2026-07-11,Increased,13F-NT,Susan Martinez,susan.martinez@blackrocki.com
DE Shaw & Co,DSHW,Alphabet Inc,GOOGL,02079K305,9109877,6436864218.79,0.3600,2024-03-31,New,13F-NT,Karen Garcia,karen.garcia@deshaw&co.com
Renaissance Technologies,RNTC,Tesla Inc,TSLA,88160R101,2649905,1888784340.66,0.0770,2025-12-31,Unchanged,13F-HR,Robert Martinez,robert.martinez@renaissanc.com
BlackRock Inc,BLK,Johnson & Johnson,JNJ,478160104,44880057,31366156923.91,1.4767,2024-09-30,Unchanged,13F-HR,,
DE Shaw & Co,DSHW,Adobe Inc,ADBE,00724F101,3032502,160212866.10,0.1648,2025-06-30,New,13F-NT,Margaret Martinez,margaret.martinez@deshaw&co.com
JP Morgan Asset Mgmt,JPM,Berkshire Hathaway,BRK.B,084670702,2875513,1607050607.92,0.1272,2024-09-30,Unchanged,13F-HR,Steven Anderson,steven.anderson@jpmorganas.com
Wellington Management,WMGI,Amazon.com Inc,AMZN,023135106,22110893,12306455279.49,1.0380,2025-03-31,Unchanged,13F-HR,Sarah Jones,sarah.jones@wellington.com
State Street Corp,STT,Home Depot,HD,437076102,8363544,2677708117.70,0.2855,2024-03-31,Decreased,13F-HR,Jennifer Hernandez,jennifer.hernandez@statestree.com
Vanguard Group,VGI,Microsoft Corp,MSFT,594918104,23352846,17520987231.22,0.6290,2024-03-31,Increased,13F-NT,Margaret Anderson,margaret.anderson@vanguardgr.com
Wellington Management,WMGI,Netflix Inc,NFLX,64110L106,2603926,357798343.99,0.0361,2024-09-30,New,13F-HR,Mark Hernandez,mark.hernandez@wellington.com
Vanguard Group,VGI,Johnson & Johnson,JNJ,478160104,33704367,22206465445.91,0.6323,2025-03-31,Unchanged,13F-HR,Karen Moore,karen.moore@vanguardgr.com
Morgan Stanley IM,MS,Apple Inc,AAPL,037833100,36278405,21051961238.00,1.1781,2025-06-30,New,13F-NT,Thomas Brown,thomas.brown@morganstan.com
Baupost Group,BPST,Alphabet Inc,GOOGL,02079K305,30617334,12153676209.89,1.4646,2024-06-30,Increased,13F-HR,Richard White,richard.white@baupostgro.com
Bridgewater Associates,BWTR,Apple Inc,AAPL,037833100,46708567,21361348254.49,-0.6747,2025-12-31,Unchanged,13F-NT,Susan Thomas,susan.thomas@bridgewate.com
Appaloosa Management,APLS,Amazon.com Inc,AMZN,023135106,40190901,29453417727.93,1.5032,2025-03-31,Increased,13F-NT,Robert White,robert.white@appaloosam.com
Appaloosa Management,APLS,Intel Corp,INTC,458140100,481940,267838208.20,0.0108,2024-12-31,New,13F-HR,Patricia Thomas,patricia.thomas@appaloosam.com
Fidelity Investments,FNF,Berkshire Hathaway,BRK.B,084670702,24597809,6899372836.23,0.6647,2025-06-30,Increased,13F-HR,Susan Martinez,susan.martinez@fidelityin.com
BlackRock Inc,BLK,Chevron Corp,CVX,166764100,23394041,5300020146.45,0.6012,2025-03-31,Unchanged,13F-HR,Daniel Jones,daniel.jones@blackrocki.com
AQR Capital Management,AQRC,Salesforce Inc,CRM,79466L302,40259366,22548578216.66,0.5571,2025-12-31,Decreased,13F-HR,William Lopez,william.lopez@aqrcapital.com
Citadel Advisors,CDLC,Bank of America,BAC,060505104,unknown,1984029927.85,0.2706,2025-09-30,Unchanged,13F-NT,Susan Davis,susan.davis@citadeladv.com
Point72 Asset Mgmt,PT72,NVIDIA Corp,NVDA,67066G104,33021155,19669155858.09,0.5133,2025-09-30,Decreased,13F-HR,William Johnson,william.johnson@point72ass.com
DE Shaw & Co,DSHW,Exxon Mobil,XOM,30231G102,45586067,24595765873.08,1.0186,2024-09-30,Decreased,13F-HR,James Lopez,james.lopez@deshaw&co.com
Baupost Group,BPST,Salesforce Inc,CRM,79466L302,8660522,2084045945.31,0.1317,2024-06-30,Decreased,13F-HR,William Martin,william.martin@baupostgro.com
Capital Group,CGBL,Netflix Inc,NFLX,64110L106,15232936,8613649540.08,0.2715,2025-12-31,Unchanged,13F-HR,Nancy Lopez,nancy.lopez@capitalgro.com
BlackRock Inc,BLK,Meta Platforms,META,30303M102,41472418,2439189651.78,4.8769,2024-09-30,Unchanged,13F-NT,Steven Hernandez,steven.hernandez@blackrocki.com
Vanguard Group,VGI,Pfizer Inc,PFE,717081103,11317879,1922858993.79,0.3150,2025-09-30,Increased,13F-HR,David Taylor,david.taylor@vanguardgr.com
JP Morgan Asset Mgmt,JPM,Johnson & Johnson,JNJ,478160104,47810769,4640370295.94,1.5630,2099-13-45,Decreased,13F-HR,Richard Smith,richard.smith@jpmorganas.com
Wellington Management,WMGI,NVIDIA Corp,NVDA,67066G104,7661755,1880049805.50,0.1173,2025-06-30,New,13F-HR,Margaret Davis,margaret.davis@wellington.com
Citadel Advisors,CDLC,Chevron Corp,CVX,166764100,17913186,6196937868.75,0.2598,2025-03-31,Increased,13F-HR,Steven Martin,steven.martin@citadeladv.com
Citadel Advisors,CDLC,Microsoft Corp,MSFT,594918104,16719981,2647434113.93,3.0973,2024-09-30,Increased,13F-HR,Nancy Jones,nancy.jones@citadeladv.com
Wellington Management,WMGI,Netflix Inc,NFLX,64110L106,10266869,3199698522.63,0.1871,2024-12-31,Unchanged,13F-HR,Nancy Smith,nancy.smith@wellington.com
Citadel Advisors,CDLC,Adobe Inc,ADBE,00724F101,26106865,3624814055.13,0.8791,2026-06-19,Increased,13F-HR,David Davis,david.davis@citadeladv.com
Bridgewater Associates,BWTR,Procter & Gamble,PG,742718109,35119332,27385167440.82,1.8081,2025-09-30,Unchanged,13F-HR,Sarah Moore,sarah.moore@bridgewate.com
Bridgewater Associates,BWTR,Pfizer Inc,PFE,717081103,10639256,4542577952.86,0.1807,2024-03-31,Unchanged,13F-HR,David Miller,david.miller@bridgewate.com
JP Morgan Asset Mgmt,JPM,Coca-Cola Co,KO,191216100,21479400,5640832707.16,0.6644,2024-03-31,New,13F-NT,Elizabeth Anderson,elizabeth.anderson@jpmorganas.com
Point72 Asset Mgmt,PT72,Home Depot,HD,437076102,631329,158757650.85,0.0095,2025-09-30,Unchanged,13F-HR,Elizabeth Rodriguez,elizabeth.rodriguez@point72ass.com
Two Sigma Investments,TWSM,Intel Corp,INTC,458140100,42818507,23269873674.97,6.5058,2025-09-30,Decreased,13F-HR,Steven Davis,steven.davis@twosigmain.com
Point72 Asset Mgmt,PT72,JPMorgan Chase,JPM,46625H100,13114249,2292142728.01,0.5354,2024-06-30,Decreased,13F-HR,Michael Jones,michael.jones@point72ass.com
Appaloosa Management,APLS,Procter & Gamble,PG,742718109,37903648,1386211296.02,0.4795,2024-09-30,Unchanged,13F-HR,Thomas Johnson,thomas.johnson@appaloosam.com
Capital Group,CGBL,Salesforce Inc,CRM,79466L302,22140002,3063621273.93,0.6975,2025-09-30,New,13F-NT,Margaret Lopez,margaret.lopez@capitalgro.com
Goldman Sachs AM,GS,Cisco Systems,CSCO,17275R102,24130263,4365643958.58,2.7314,2025-09-30,Decreased,13F-NT,Daniel Brown,daniel.brown@goldmansac.com
Point72 Asset Mgmt,PT72,Microsoft Corp,MSFT,594918104,34516238,3992034797.67,2.4832,2024-06-30,Increased,13F-HR,Mark Thompson,mark.thompson@point72ass.com
Appaloosa Management,APLS,Meta Platforms,META,30303M102,28774765,12481770801.77,0.9357,2024-09-30,Increased,13F-HR,Mark Jones,mark.jones@appaloosam.com
JP Morgan Asset Mgmt,JPM,Intel Corp,INTC,458140100,36084931,28574239559.23,0.8535,2025-06-30,New,13F-HR,Patricia Johnson,patricia.johnson@jpmorganas.com
JP Morgan Asset Mgmt,JPM,Adobe Inc,ADBE,00724F101,16027943,3641217188.12,0.2992,2025-06-30,Decreased,13F-HR,Elizabeth Moore,elizabeth.moore@jpmorganas.com
Vanguard Group,VGI,Berkshire Hathaway,BRK.B,084670702,47099376,10933755977.18,0.6742,2025-09-30,Decreased,13F-NT,Richard Brown,richard.brown@vanguardgr.com
DE Shaw & Co,DSHW,Walt Disney Co,DIS,254687106,36643348,13304948205.91,0.9905,2025-03-31,Decreased,13F-HR,Nancy Anderson,nancy.anderson@deshaw&co.com
AQR Capital Management,AQRC,Chevron Corp,CVX,166764100,38705147,26001199982.27,1.0408,2025-09-30,New,13F-HR,Steven Thomas,steven.thomas@aqrcapital.com
Morgan Stanley IM,MS,Adobe Inc,ADBE,00724F101,13647697,6446852809.98,0.1842,2024-03-31,Unchanged,13F-HR,Patricia Thomas,patricia.thomas@morganstan.com
Two Sigma Investments,TWSM,Adobe Inc,ADBE,00724F101,45433218,12604969751.02,0.6161,2024-12-31,Unchanged,13F-NT,Mark Jones,mark.jones@twosigmain.com
Point72 Asset Mgmt,PT72,Intel Corp,INTC,458140100,47689009,10351086323.27,2.8899,2025-09-30,Increased,13F-HR,Jennifer Thompson,jennifer.thompson@point72ass.com
Renaissance Technologies,RNTC,Procter & Gamble,PG,742718109,46357140,36746099924.51,0.7859,2025-09-30,New,13F-HR,William Johnson,william.johnson@renaissanc.com
Fidelity Investments,FNF,Chevron Corp,CVX,166764100,23469561,2092666233.56,0.5335,2024-09-30,New,13F-NT,James Miller,james.miller@fidelityin.com
JP Morgan Asset Mgmt,JPM,Johnson & Johnson,JNJ,478160104,28483192,22586682175.36,0.4915,2024-09-30,New,13F-HR,Jennifer Taylor,jennifer.taylor@jpmorganas.com
Appaloosa Management,APLS,Microsoft Corp,MSFT,594918104,14199423,10872242824.57,0.3620,2024-03-31,Increased,13F-HR,Nancy Thomas,nancy.thomas@appaloosam.com
Point72 Asset Mgmt,PT72,Home Depot,HD,437076102,34123643,21472082865.05,0.7739,2025-12-31,Increased,13F-HR,Susan Garcia,susan.garcia@point72ass.com
Goldman Sachs AM,GS,Visa Inc,V,92826C839,32168248,2182705195.36,0.4852,2025-09-30,New,13F-HR,Robert Martinez,robert.martinez@goldmansac.com
Bridgewater Associates,BWTR,Apple Inc,AAPL,037833100,2163121,1662650168.36,0.0349,2025-09-30,Decreased,13F-NT,Margaret Martin,margaret.martin@bridgewate.com
Goldman Sachs AM,GS,Intel Corp,INTC,458140100,34903409,9883847899.97,0.4498,2024-12-31,Unchanged,13F-HR,Sarah Anderson,sarah.anderson@goldmansac.com
Point72 Asset Mgmt,PT72,Meta Platforms,META,30303M102,14986794,11539949761.05,0.2710,2025-12-31,Unchanged,13F-NT,David Johnson,david.johnson@point72ass.com
AQR Capital Management,AQRC,Adobe Inc,ADBE,00724F101,6844943,1932346461.86,0.1044,2025-12-31,Increased,13F-HR,Susan Garcia,susan.garcia@aqrcapital.com
Two Sigma Investments,TWSM,Netflix Inc,NFLX,64110L106,16206093,7895665294.07,0.9339,2024-09-30,Unchanged,13F-HR,Michael Hernandez,michael.hernandez@twosigmain.com
Appaloosa Management,APLS,Coca-Cola Co,KO,191216100,41976444,15457230646.99,4.0513,2024-06-30,Unchanged,13F-HR,Robert Johnson,robert.johnson@appaloosam.com
Appaloosa Management,APLS,Microsoft Corp,MSFT,594918104,34105201,24916938280.12,1.3506,2024-09-30,New,13F-HR,Sarah Moore,sarah.moore@appaloosam.com
Morgan Stanley IM,MS,Meta Platforms,META,30303M102,341980,121839702.13,0.0044,2024-09-30,Increased,13F-HR,Margaret Taylor,margaret.taylor@morganstan.com
Capital Group,CGBL,Johnson & Johnson,JNJ,478160104,27985073,18744485339.06,0.3641,2025-09-30,Increased,13F-NT,Thomas Martin,thomas.martin@capitalgro.com
Citadel Advisors,CDLC,Pfizer Inc,PFE,717081103,6191304,242159157.36,0.9607,not_a_date,Unchanged,13F-NT,Jennifer Thomas,jennifer.thomas@citadeladv.com
Millennium Management,MLNM,Home Depot,HD,437076102,44497256,22089712560.46,1.5248,2025-03-31,New,13F-HR,Nancy Moore,nancy.moore@millennium.com
Bridgewater Associates,BWTR,Intel Corp,INTC,458140100,49867323,31290273094.18,0.7057,2025-06-30,Increased,13F-HR,Thomas Davis,thomas.davis@bridgewate.com
Morgan Stanley IM,MS,Chevron Corp,CVX,166764100,41821640,24647181842.90,0.7742,2025-12-31,Unchanged,13F-NT,James Thomas,james.thomas@morganstan.com
DE Shaw & Co,DSHW,Chevron Corp,CVX,166764100,2677738,570266800.14,0.0965,2024-03-31,Unchanged,13F-HR,William Martin,william.martin@deshaw&co.com
Vanguard Group,VGI,Procter & Gamble,PG,742718109,4958014,1483197813.68,0.1720,2024-03-31,Unchanged,13F-HR,Richard Martinez,richard.martinez@vanguardgr.com
Capital Group,CGBL,Visa Inc,V,92826C839,36032480,11136557032.94,2.9034,2025-12-31,Unchanged,13F-NT,William Jones,william.jones@capitalgro.com
Millennium Management,MLNM,Amazon.com Inc,AMZN,023135106,37881624,30270793671.36,0.5533,2024-03-31,Unchanged,13F-NT,Thomas Garcia,thomas.garcia@millennium.com
T. Rowe Price,TROW,Tesla Inc,TSLA,88160R101,2172888,735956176.80,0.0466,2024-12-31,Increased,13F-HR,Patricia Hernandez,patricia.hernandez@troweprice.com
Goldman Sachs AM,GS,Home Depot,HD,437076102,40667988,8710926693.30,0.6755,2024-09-30,Decreased,13F-HR,Steven Miller,steven.miller@goldmansac.com
Vanguard Group,VGI,Netflix Inc,NFLX,64110L106,11681212,7060541727.20,0.1907,2025-12-31,Unchanged,13F-HR,Lisa Jackson,lisa.jackson@vanguardgr.com
Citadel Advisors,CDLC,Pfizer Inc,PFE,717081103,37445092,17719170700.41,0.5867,2024-03-31,Increased,13F-HR,Dorothy Thomas,dorothy.thomas@citadeladv.com
Two Sigma Investments,TWSM,Intel Corp,INTC,458140100,46096061,19714872677.04,3.8973,2025-03-31,Unchanged,13F-HR,James Jackson,james.jackson@twosigmain.com
BlackRock Inc,BLK,Chevron Corp,CVX,166764100,17979788,585090106.38,1.2570,2024-06-30,New,13F-NT,James Anderson,james.anderson@blackrocki.com
Vanguard Group,VGI,Exxon Mobil,XOM,30231G102,27225063,17794020592.47,1.1662,2024-06-30,Unchanged,13F-HR,David Jackson,david.jackson@vanguardgr.com
Bridgewater Associates,BWTR,Salesforce Inc,CRM,79466L302,900514,580188096.82,0.0375,2025-12-31,Increased,13F-HR,David Garcia,david.garcia@bridgewate.com
Two Sigma Investments,TWSM,Cisco Systems,CSCO,17275R102,19525393,3723669287.39,0.2860,2024-06-30,Increased,13F-HR,Thomas Davis,thomas.davis@twosigmain.com
Citadel Advisors,CDLC,Alphabet Inc,GOOGL,02079K305,20077543,15697978527.59,0.3390,2025-09-30,Unchanged,13F-HR,Steven Martin,steven.martin@citadeladv.com
Two Sigma Investments,TWSM,NVIDIA Corp,NVDA,67066G104,32949151,5729099798.47,2.2623,2024-03-31,Unchanged,13F-HR,James Smith,james.smith@twosigmain.com
Bridgewater Associates,BWTR,Coca-Cola Co,KO,191216100,16100759,10147069630.81,0.6949,2025-06-30,New,13F-NT,,
Fidelity Investments,FNF,UnitedHealth Group,UNH,91324P102,17985456,6937969942.33,0.5965,2024-12-31,Unchanged,13F-HR,Richard Miller,richard.miller@fidelityin.com
State Street Corp,STT,Intel Corp,INTC,458140100,4654773,3643886196.16,0.0657,2025-12-31,Increased,13F-HR,Richard Jones,richard.jones@statestree.com
Citadel Advisors,CDLC,Alphabet Inc,GOOGL,02079K305,41222794,27124475885.81,0.6929,2025-09-30,New,13F-NT,Dorothy Martin,dorothy.martin@citadeladv.com
Millennium Management,MLNM,Meta Platforms,META,30303M102,36524648,21133957713.59,0.7616,2025-09-30,Increased,13F-HR,Robert Martin,robert.martin@millennium.com
State Street Corp,STT,Adobe Inc,ADBE,00724F101,41961920,2804769219.29,0.6638,2025-06-30,New,13F-HR,Richard Thompson,richard.thompson@statestree.com
Vanguard Group,VGI,Pfizer Inc,PFE,717081103,27768729,20338255383.79,0.8060,2024-09-30,New,13F-HR,Nancy Jackson,nancy.jackson@vanguardgr.com
Goldman Sachs AM,GS,Netflix Inc,NFLX,64110L106,32059777,12607889258.81,1.6778,2025-12-31,Increased,13F-HR,James Jones,james.jones@goldmansac.com
Point72 Asset Mgmt,PT72,Exxon Mobil,XOM,30231G102,48543700,7745666986.61,0.6850,2025-06-30,New,13F-HR,Sarah Davis,sarah.davis@point72ass.com
Bridgewater Associates,BWTR,Alphabet Inc,GOOGL,02079K305,15495925,7206482736.52,0.2815,2025-12-31,Unchanged,13F-HR,Richard Jones,richard.jones@bridgewate.com
State Street Corp,STT,Chevron Corp,CVX,166764100,231953,74190311.26,0.0030,2024-12-31,Unchanged,13F-NT,Karen Brown,karen.brown@statestree.com
State Street Corp,STT,Home Depot,HD,437076102,35314778,5355870334.00,0.5119,2024-06-30,Decreased,13F-HR,Steven Davis,steven.davis@statestree.com
Millennium Management,MLNM,Walt Disney Co,DIS,254687106,49447661,32749663104.59,7.2121,2024-06-30,Increased,13F-NT,Thomas Jones,thomas.jones@millennium.com
Baupost Group,BPST,Netflix Inc,NFLX,64110L106,36640076,5973442383.59,0.8977,2025-12-31,Unchanged,13F-HR,David Jones,david.jones@baupostgro.com
Bridgewater Associates,BWTR,Alphabet Inc,GOOGL,02079K305,31348201,18892491443.50,0.3969,2025-09-30,Increased,13F-HR,Mark Martin,mark.martin@bridgewate.com
JP Morgan Asset Mgmt,JPM,Visa Inc,V,92826C839,20919557,13239271428.10,0.3016,2025-09-30,Increased,13F-HR,Thomas Moore,thomas.moore@jpmorganas.com
Bridgewater Associates,BWTR,Home Depot,HD,437076102,9412790,6565156478.56,0.1468,2025-03-31,Unchanged,13F-HR,Robert Brown,robert.brown@bridgewate.com
Renaissance Technologies,RNTC,Johnson & Johnson,JNJ,478160104,20866912,13032538768.62,0.3933,2025-09-30,Increased,13F-HR,Mark Jones,mark.jones@renaissanc.com
DE Shaw & Co,DSHW,Bank of America,BAC,060505104,9515773,7212479666.42,0.1318,2024-12-31,Increased,13F-HR,Thomas White,thomas.white@deshaw&co.com
AQR Capital Management,AQRC,Meta Platforms,META,30303M102,23659003,17867651400.54,0.3476,2024-09-30,Unchanged,13F-HR,Nancy Anderson,nancy.anderson@aqrcapital.com
Goldman Sachs AM,GS,Chevron Corp,CVX,166764100,23852306,10768304017.46,0.4345,2024-03-31,Increased,13F-NT,Mark Lopez,mark.lopez@goldmansac.com
Millennium Management,MLNM,Salesforce Inc,CRM,79466L302,34664066,12179834338.74,5.7943,2025-12-31,Unchanged,13F-HR,Thomas Johnson,thomas.johnson@millennium.com
Morgan Stanley IM,MS,Bank of America,BAC,060505104,28592928,9279344554.96,0.4759,2025-06-30,Increased,13F-HR,Susan Lopez,susan.lopez@morganstan.com
Vanguard Group,VGI,Procter & Gamble,PG,742718109,10053077,1332904604.71,0.4757,2025-03-31,Increased,13F-HR,Daniel Anderson,daniel.anderson@vanguardgr.com
Wellington Management,WMGI,Netflix Inc,NFLX,64110L106,33892595,1057449536.20,0.5716,2024-06-30,Increased,13F-HR,Richard Johnson,richard.johnson@wellington.com
Renaissance Technologies,RNTC,Alphabet Inc,GOOGL,02079K305,44524891,7856198335.59,1.2901,2024-03-31,Unchanged,13F-HR,James Anderson,james.anderson@renaissanc.com
Goldman Sachs AM,GS,Home Depot,HD,437076102,18089750,7581638644.79,0.3804,2024-09-30,Decreased,13F-HR,Thomas Johnson,thomas.johnson@goldmansac.com
Capital Group,CGBL,Chevron Corp,CVX,,15218302,6335914840.31,0.1938,2025-03-31,New,13F-HR,Thomas Jackson,thomas.jackson@capitalgro.com
T. Rowe Price,TROW,Netflix Inc,NFLX,64110L106,27264446,15795048037.88,0.4268,2024-03-31,Decreased,13F-HR,Lisa Anderson,lisa.anderson@troweprice.com
Capital Group,CGBL,Alphabet Inc,GOOGL,02079K305,19066158,13423400267.88,0.3722,2025-06-30,Decreased,13F-HR,Lisa Williams,lisa.williams@capitalgro.com
Fidelity Investments,FNF,UnitedHealth Group,UNH,91324P102,895138,159078868.45,0.0523,2024-12-31,Increased,13F-HR,Nancy Davis,nancy.davis@fidelityin.com
Baupost Group,BPST,JPMorgan Chase,JPM,46625H100,37305560,2702774557.28,1.4879,2024-03-31,Increased,13F-HR,Robert Miller,robert.miller@baupostgro.com
JP Morgan Asset Mgmt,JPM,Apple Inc,AAPL,037833100,TBD,10551467531.42,0.7618,2024-09-30,Unchanged,13F-HR,Jennifer Smith,jennifer.smith@jpmorganas.com
Millennium Management,MLNM,Amazon.com Inc,AMZN,023135106,29386565,17795553910.83,0.4560,2024-09-30,Unchanged,13F-HR,Daniel Thomas,daniel.thomas@millennium.com
Wellington Management,WMGI,Netflix Inc,NFLX,64110L106,8313030,821649677.23,0.1060,2024-06-30,Unchanged,13F-NT,Karen Miller,karen.miller@wellington.com
Morgan Stanley IM,MS,Exxon Mobil,XOM,30231G102,43168371,23423073413.47,0.5972,2025-12-31,New,13F-HR,Robert Garcia,robert.garcia@morganstan.com
Morgan Stanley IM,MS,Coca-Cola Co,KO,191216100,40132602,15068072739.54,0.5586,2025-06-30,Decreased,13F-HR,Jennifer Davis,jennifer.davis@morganstan.com
Bridgewater Associates,BWTR,Exxon Mobil,XOM,30231G102,23863448,8730535404.99,0.3921,2024-09-30,Unchanged,13F-HR,Elizabeth Jackson,elizabeth.jackson@bridgewate.com
Fidelity Investments,FNF,Pfizer Inc,PFE,717081103,27775965,2149561275.87,3.3556,2024-03-31,Decreased,13F-HR,Mark Thomas,mark.thomas@fidelityin.com
JP Morgan Asset Mgmt,JPM,Walt Disney Co,DIS,254687106,21373809,12084436986.20,0.3732,2024-12-31,Increased,13F-HR,Lisa Moore,lisa.moore@jpmorganas.com
Point72 Asset Mgmt,PT72,Johnson & Johnson,JNJ,478160104,26043732,11128020621.40,0.4040,2024-06-30,Increased,13F-HR,Michael Miller,michael.miller@point72ass.com
State Street Corp,STT,Salesforce Inc,CRM,79466L302,8385082,5224754820.34,0.1593,2025-03-31,Unchanged,13F-NT,Daniel Anderson,daniel.anderson@statestree.com
Renaissance Technologies,RNTC,JPMorgan Chase,JPM,46625H100,48052437,13710700030.65,2.3794,2024-09-30,New,13F-HR,Richard Thomas,richard.thomas@renaissanc.com
Bridgewater Associates,,UnitedHealth Group,UNH,91324P102,40143187,1699111283.44,0.9320,2025-03-31,Unchanged,13F-HR,Nancy Garcia,nancy.garcia@bridgewate.com
Millennium Management,MLNM,Salesforce Inc,CRM,79466L302,26314249,11412831719.46,0.5757,2024-03-31,Increased,13F-HR,Robert Brown,robert.brown@millennium.com
Appaloosa Management,APLS,Coca-Cola Co,KO,191216100,29569000,1626427756.72,0.7366,2024-09-30,Increased,13F-HR,Jennifer Taylor,jennifer.taylor@appaloosam.com
Capital Group,CGBL,Pfizer Inc,PFE,717081103,49168442,9337345805.21,1.5294,2025-03-31,Decreased,13F-HR,Richard Anderson,richard.anderson@capitalgro.com
Renaissance Technologies,RNTC,Netflix Inc,NFLX,64110L106,38440958,26410659862.51,1.2966,2024-06-30,New,13F-HR,David Moore,david.moore@renaissanc.com
Vanguard Group,VGI,UnitedHealth Group,UNH,91324P102,7138088,522998837.28,0.1281,2025-09-30,Increased,13F-HR,Mark Jones,mark.jones@vanguardgr.com
Two Sigma Investments,TWSM,Berkshire Hathaway,BRK.B,084670702,616502,126565418.71,0.0085,2025-09-30,Increased,13F-HR,Michael Martin,michael.martin@twosigmain.com
Capital Group,CGBL,Cisco Systems,CSCO,17275R102,28046194,22003460666.69,0.5646,2024-03-31,New,13F-HR,Karen Jackson,karen.jackson@capitalgro.com
Two Sigma Investments,TWSM,JPMorgan Chase,JPM,46625H100,34435514,16152092841.74,0.4944,2025-03-31,Increased,13F-HR,James Davis,james.davis@twosigmain.com
Bridgewater Associates,BWTR,Netflix Inc,NFLX,64110L106,30929937,14450746160.03,1.1267,2025-12-31,Increased,13F-HR,Daniel Hernandez,daniel.hernandez@bridgewate.com
Citadel Advisors,CDLC,Home Depot,HD,437076102,4067574,1607060189.18,0.0540,2025-12-31,Increased,13F-NT,Margaret Brown,margaret.brown@citadeladv.com
Two Sigma Investments,TWSM,JPMorgan Chase,JPM,46625H100,40187858,7260843526.81,0.9677,2024-12-31,Increased,13F-NT,Elizabeth Taylor,elizabeth.taylor@twosigmain.com
JP Morgan Asset Mgmt,JPM,UnitedHealth Group,UNH,91324P102,46065824,23568753714.46,1.4092,2025-06-30,Decreased,13F-HR,Susan White,susan.white@jpmorganas.com
T. Rowe Price,TROW,Microsoft Corp,MSFT,594918104,27592508,9679972888.34,1.7734,2024-06-30,Decreased,13F-HR,Robert Brown,robert.brown@troweprice.com
Millennium Management,MLNM,JPMorgan Chase,JPM,46625H100,28189649,10532664127.77,0.7201,2025-06-30,Increased,13F-HR,Michael Taylor,michael.taylor@millennium.com
Renaissance Technologies,RNTC,Intel Corp,INTC,458140100,29376264,3946460341.69,0.4938,not_a_date,Increased,13F-HR,Elizabeth Anderson,elizabeth.anderson@renaissanc.com
Point72 Asset Mgmt,PT72,Walt Disney Co,DIS,254687106,33289147,7545769750.12,0.4808,2025-12-31,Decreased,13F-HR,Thomas Lopez,thomas.lopez@point72ass.com
Vanguard Group,VGI,Meta Platforms,META,30303M102,15182994,5878019762.11,0.7204,2025-03-31,Increased,13F-NT,Thomas Hernandez,thomas.hernandez@vanguardgr.com
Morgan Stanley IM,MS,Berkshire Hathaway,BRK.B,084670702,31641451,24289588885.11,1.6032,2025-03-31,Unchanged,13F-HR,Sarah Martin,sarah.martin@morganstan.com
Vanguard Group,VGI,Intel Corp,INTC,458140100,2929873,1032570336.67,0.4827,2025-12-31,New,13F-HR,Patricia Thomas,patricia.thomas@vanguardgr.com
JP Morgan Asset Mgmt,JPM,Cisco Systems,CSCO,17275R102,20357502,10181876850.27,0.2863,2025-03-31,Decreased,13F-NT,Lisa Johnson,lisa.johnson@jpmorganas.com
Wellington Management,WMGI,JPMorgan Chase,JPM,46625H100,9030437,6506090539.25,-0.4252,2025-09-30,Decreased,13F-NT,William Brown,william.brown@wellington.com
AQR Capital Management,AQRC,Alphabet Inc,GOOGL,02079K305,16917417,12993372548.92,0.5499,2024-09-30,Decreased,13F-HR,Daniel Jones,daniel.jones@aqrcapital.com
Appaloosa Management,APLS,Netflix Inc,NFLX,64110L106,28567163,16540846626.03,1.2419,2025-09-30,Increased,13F-HR,Thomas Martinez,thomas.martinez@appaloosam.com
DE Shaw & Co,DSHW,UnitedHealth Group,UNH,91324P102,285808,75043299.82,0.0057,2024-06-30,Decreased,13F-HR,Dorothy Williams,dorothy.williams@deshaw&co.com
Bridgewater Associates,BWTR,Exxon Mobil,XOM,30231G102,839284,213903398.22,0.0538,2025-09-30,New,13F-NT,Nancy Garcia,nancy.garcia@bridgewate.com
Morgan Stanley IM,MS,Meta Platforms,META,30303M102,7175309,879734404.42,0.1462,2024-12-31,Decreased,13F-NT,Dorothy Lopez,dorothy.lopez@morganstan.com
Bridgewater Associates,BWTR,Adobe Inc,ADBE,00724F101,30012624,18223569477.24,0.5960,2025-03-31,Increased,13F-HR,Daniel White,daniel.white@bridgewate.com
Appaloosa Management,APLS,Adobe Inc,ADBE,00724F101,49764171,15385596474.99,0.8812,2025-06-30,Unchanged,13F-HR,Patricia Rodriguez,patricia.rodriguez@appaloosam.com
Renaissance Technologies,RNTC,Adobe Inc,ADBE,00724F101,35401984,1374167066.43,0.4622,2024-09-30,Unchanged,13F-HR,Nancy Moore,nancy.moore@renaissanc.com
State Street Corp,STT,Chevron Corp,CVX,166764100,14932183,1217143125.54,0.2642,2025-03-31,Unchanged,13F-HR,Richard Thomas,richard.thomas@statestree.com
Citadel Advisors,CDLC,Berkshire Hathaway,BRK.B,084670702,21957045,6095700195.10,0.9235,2024-06-30,Increased,13F-NT,Elizabeth Jones,elizabeth.jones@citadeladv.com
Vanguard Group,VGI,Berkshire Hathaway,BRK.B,084670702,34741831,23496301448.81,1.7296,2025-03-31,Decreased,13F-HR,Jennifer Hernandez,jennifer.hernandez@vanguardgr.com
JP Morgan Asset Mgmt,JPM,Exxon Mobil,XOM,30231G102,33222492,16193684687.06,1.4051,2024-09-30,Unchanged,13F-HR,Lisa Moore,lisa.moore@jpmorganas.com
Millennium Management,MLNM,UnitedHealth Group,UNH,91324P102,47227284,30754740839.82,1.0459,2025-09-30,Increased,13F-HR,Daniel Jones,daniel.jones@millennium.com
AQR Capital Management,AQRC,Apple Inc,AAPL,037833100,26068247,6889605845.91,0.3667,2025-03-31,Unchanged,13F-NT,Susan Thomas,susan.thomas@aqrcapital.com
Baupost Group,BPST,Coca-Cola Co,KO,191216100,25080550,2775152047.52,0.9179,2024-09-30,New,13F-HR,Robert Moore,robert.moore@baupostgro.com
JP Morgan Asset Mgmt,JPM,Bank of America,BAC,060505104,11861543,6915979884.11,0.8271,2025-06-30,Unchanged,13F-HR,Dorothy Smith,dorothy.smith@jpmorganas.com
Appaloosa Management,APLS,Salesforce Inc,CRM,79466L302,4531936,2822545594.46,0.0762,2024-06-30,New,13F-HR,Sarah Thompson,sarah.thompson@appaloosam.com
Citadel Advisors,CDLC,UnitedHealth Group,UNH,91324P102,17507187,1437224844.68,0.2268,2024-09-30,Unchanged,13F-HR,William Garcia,william.garcia@citadeladv.com
Bridgewater Associates,BWTR,Microsoft Corp,MSFT,594918104,27859048,20307142872.24,0.3583,2025-03-31,Increased,13F-HR,Dorothy Miller,dorothy.miller@bridgewate.com
DE Shaw & Co,DSHW,Coca-Cola Co,KO,191216100,15192862,10223602372.16,0.5197,2025-03-31,New,13F-HR,Richard Brown,richard.brown@deshaw&co.com
State Street Corp,STT,Cisco Systems,CSCO,17275R102,26706019,9390540056.04,0.7449,2024-06-30,Decreased,13F-HR,Mark Garcia,mark.garcia@statestree.com
Baupost Group,BPST,NVIDIA Corp,NVDA,67066G104,3616251,921414621.68,0.1941,2025-12-31,Unchanged,13F-HR,,
Wellington Management,WMGI,Tesla Inc,TSLA,88160R101,35590920,5363890161.82,1.3954,2027-02-05,Decreased,13F-NT,Daniel Jackson,daniel.jackson@wellington.com
Capital Group,CGBL,Chevron Corp,CVX,166764100,2550812,999728927.78,0.0775,2024-09-30,Decreased,13F-HR,William White,william.white@capitalgro.com
DE Shaw & Co,DSHW,Apple Inc,AAPL,037833100,27208384,17694603124.63,0.5548,2024-12-31,Unchanged,13F-HR,Robert Moore,robert.moore@deshaw&co.com
Appaloosa Management,APLS,Bank of America,BAC,060505104,25152818,15505339065.42,0.3473,2025-12-31,Increased,13F-HR,David Taylor,david.taylor@appaloosam.com
Point72 Asset Mgmt,PT72,Johnson & Johnson,JNJ,478160104,41681334,12802578643.16,0.5422,2025-12-31,Unchanged,13F-HR,Michael Miller,michael.miller@point72ass.com
Millennium Management,MLNM,Netflix Inc,NFLX,64110L106,43428049,22320460597.22,0.7314,2024-06-30,Unchanged,13F-NT,James Lopez,james.lopez@millennium.com
Capital Group,CGBL,Procter & Gamble,PG,742718109,43099026,31779772223.81,0.6284,2024-06-30,Unchanged,13F-HR,Jennifer Hernandez,jennifer.hernandez@capitalgro.com
Bridgewater Associates,BWTR,Bank of America,BAC,060505104,43873770,14866699180.31,6.3556,2024-06-30,Increased,13F-HR,Nancy Rodriguez,nancy.rodriguez@bridgewate.com
Morgan Stanley IM,MS,JPMorgan Chase,JPM,46625H100,3272123,352389064.83,0.0581,2025-12-31,Increased,13F-NT,Sarah Smith,sarah.smith@morganstan.com
JP Morgan Asset Mgmt,JPM,Salesforce Inc,CRM,79466L302,33071468,10455665994.38,-0.8961,2024-06-30,Increased,13F-HR,James Martin,james.martin@jpmorganas.com
Baupost Group,BPST,Netflix Inc,NFLX,64110L106,12918902,9415836691.03,0.1620,2025-09-30,Increased,13F-HR,James Thompson,james.thompson@baupostgro.com
DE Shaw & Co,DSHW,UnitedHealth Group,UNH,91324P102,49513990,29509350008.07,0.9961,2024-06-30,Decreased,13F-NT,Patricia White,patricia.white@deshaw&co.com
Bridgewater Associates,BWTR,Tesla Inc,TSLA,88160R101,4648213,3374518682.92,0.0966,2025-09-30,Increased,13F-HR,Jennifer Smith,jennifer.smith@bridgewate.com
Baupost Group,BPST,Amazon.com Inc,AMZN,023135106,46177972,7782335443.41,5.0083,2024-06-30,New,13F-NT,Margaret Taylor,margaret.taylor@baupostgro.com
Bridgewater Associates,BWTR,Cisco Systems,CSCO,17275R102,46937824,11747598028.82,1.4108,2025-03-31,Unchanged,13F-HR,Patricia Smith,patricia.smith@bridgewate.com
Two Sigma Investments,TWSM,Bank of America,BAC,060505104,49504100,20251766797.63,2.1798,2025-03-31,New,13F-HR,Thomas Anderson,thomas.anderson@twosigmain.com
State Street Corp,STT,Chevron Corp,CVX,166764100,45081190,16555520682.18,4.3765,2024-03-31,Decreased,13F-HR,Daniel Lopez,daniel.lopez@statestree.com
AQR Capital Management,AQRC,Cisco Systems,CSCO,17275R102,44664851,27134981046.54,0.8695,2025-03-31,New,13F-HR,Susan Lopez,susan.lopez@aqrcapital.com
Wellington Management,WMGI,Pfizer Inc,PFE,717081103,11710886,8806202485.68,0.1464,2025-09-30,Decreased,13F-HR,Jennifer Lopez,jennifer.lopez@wellington.com
Renaissance Technologies,RNTC,Cisco Systems,CSCO,17275R102,TBD,3612603510.37,0.1493,2025-03-31,New,13F-NT,Jennifer Thompson,jennifer.thompson@renaissanc.com
Fidelity Investments,FNF,Adobe Inc,ADBE,00724F101,29918222,6207173717.00,0.3961,2025-06-30,New,13F-HR,Dorothy Davis,dorothy.davis@fidelityin.com
DE Shaw & Co,DSHW,UnitedHealth Group,UNH,91324P102,21707284,11311807579.12,0.5294,2024-09-30,Unchanged,13F-HR,Susan Garcia,susan.garcia@deshaw&co.com
Vanguard Group,VGI,Pfizer Inc,PFE,717081103,3726969,1996631757.54,0.0671,2024-06-30,Decreased,13F-HR,Lisa Lopez,lisa.lopez@vanguardgr.com
Capital Group,CGBL,Salesforce Inc,CRM,79466L302,23004265,3633973336.66,0.9275,2025-03-31,Unchanged,13F-HR,Steven Thompson,steven.thompson@capitalgro.com
BlackRock Inc,BLK,Adobe Inc,ADBE,00724F101,44601990,35031805006.57,1.7301,2024-09-30,Decreased,13F-HR,David Brown,david.brown@blackrocki.com
Two Sigma Investments,TWSM,Exxon Mobil,XOM,30231G102,46855676,35514469769.69,0.6577,2025-03-31,Unchanged,13F-HR,Jennifer Williams,jennifer.williams@twosigmain.com
State Street Corp,STT,Visa Inc,V,92826C839,13412522,10096896421.35,0.3504,2024-03-31,New,13F-NT,David Martin,david.martin@statestree.com
Goldman Sachs AM,GS,Walt Disney Co,DIS,254687106,40433853,19115187101.36,2.3205,2024-12-31,Unchanged,13F-HR,Michael Smith,michael.smith@goldmansac.com
State Street Corp,STT,Visa Inc,V,92826C839,32767644,21469731495.67,0.4470,2025-03-31,New,13F-HR,Thomas Smith,thomas.smith@statestree.com
AQR Capital Management,AQRC,UnitedHealth Group,UNH,91324P102,30981171,1318656531.36,3.2687,2024-06-30,New,13F-HR,Robert Brown,robert.brown@aqrcapital.com
State Street Corp,STT,Berkshire Hathaway,BRK.B,084670702,42703207,7537951486.03,0.9433,2025-06-30,Increased,13F-HR,William Taylor,william.taylor@statestree.com
Baupost Group,BPST,Chevron Corp,CVX,166764100,25520792,802888735.55,0.5431,2024-09-30,Unchanged,13F-HR,Margaret Smith,margaret.smith@baupostgro.com
JP Morgan Asset Mgmt,JPM,Procter & Gamble,PG,742718109,45923560,32214920822.38,0.5764,2024-03-31,Unchanged,13F-HR,Nancy Garcia,nancy.garcia@jpmorganas.com
Wellington Management,WMGI,Pfizer Inc,PFE,717081103,24244682,5244750119.70,0.4142,2024-06-30,Unchanged,13F-HR,Karen Lopez,karen.lopez@wellington.com
Appaloosa Management,APLS,Adobe Inc,ADBE,00724F101,9248138,2343542799.58,0.3278,2024-06-30,New,13F-HR,Dorothy Moore,dorothy.moore@appaloosam.com
Morgan Stanley IM,MS,Procter & Gamble,PG,742718109,30041202,23091562138.79,0.6264,2025-12-31,Unchanged,13F-HR,Robert Martinez,robert.martinez@morganstan.com
Two Sigma Investments,TWSM,UnitedHealth Group,UNH,91324P102,25115919,5488652320.70,2.9068,2024-09-30,Unchanged,13F-NT,Michael Martinez,michael.martinez@twosigmain.com
Wellington Management,WMGI,Adobe Inc,ADBE,00724F101,16673974,10756700020.55,0.2512,2025-03-31,Unchanged,13F-HR,Margaret Hernandez,margaret.hernandez@wellington.com
Appaloosa Management,APLS,Intel Corp,INTC,458140100,39181519,26716219671.31,4.1342,2024-09-30,Increased,13F-NT,Sarah Thompson,sarah.thompson@appaloosam.com
Point72 Asset Mgmt,PT72,Apple Inc,AAPL,037833100,32025429,8124729769.73,0.8451,2025-12-31,Increased,13F-HR,Elizabeth Lopez,elizabeth.lopez@point72ass.com
Citadel Advisors,CDLC,JPMorgan Chase,JPM,46625H100,3097047,2006751218.41,0.0700,2025-06-30,Decreased,13F-HR,Daniel Lopez,daniel.lopez@citadeladv.com
JP Morgan Asset Mgmt,JPM,Cisco Systems,CSCO,17275R102,18625711,2239254678.51,0.5870,2025-06-30,Decreased,13F-HR,Michael Thompson,michael.thompson@jpmorganas.com
Goldman Sachs AM,GS,Adobe Inc,ADBE,00724F101,27723194,17524883218.30,0.4276,2024-03-31,Decreased,13F-NT,Margaret Jones,margaret.jones@goldmansac.com
Vanguard Group,VGI,Amazon.com Inc,AMZN,023135106,7585722,2231141684.82,0.1120,2025-12-31,Decreased,13F-NT,Sarah Martinez,sarah.martinez@vanguardgr.com
Capital Group,CGBL,Pfizer Inc,PFE,717081103,34780472,3534733854.08,4.6772,2024-03-31,Increased,13F-HR,Margaret Johnson,margaret.johnson@capitalgro.com
Two Sigma Investments,TWSM,Adobe Inc,ADBE,00724F101,31059925,17503302624.62,0.4260,2025-06-30,Unchanged,13F-HR,Elizabeth Taylor,elizabeth.taylor@twosigmain.com
Appaloosa Management,APLS,Johnson & Johnson,JNJ,478160104,28676663,589006648.86,0.4715,2025-09-30,Unchanged,13F-HR,Robert Miller,robert.miller@appaloosam.com
Citadel Advisors,CDLC,Procter & Gamble,PG,742718109,9808295,2644974008.26,0.2556,2024-12-31,Unchanged,13F-HR,,
Point72 Asset Mgmt,PT72,Exxon Mobil,XOM,30231G102,22559292,11381469383.28,0.3175,2025-03-31,Unchanged,13F-HR,Steven Hernandez,steven.hernandez@point72ass.com
State Street Corp,STT,JPMorgan Chase,JPM,46625H100,43874096,1643863024.20,1.1518,2025-09-30,Increased,13F-HR,David Martinez,david.martinez@statestree.com
Millennium Management,MLNM,Johnson & Johnson,JNJ,478160104,44141774,31061062532.43,3.4540,2024-09-30,Increased,13F-HR,David Martin,david.martin@millennium.com
Morgan Stanley IM,MS,Amazon.com Inc,AMZN,023135106,34718319,9898563978.85,0.9148,2025-03-31,Unchanged,13F-HR,Steven Taylor,steven.taylor@morganstan.com
AQR Capital Management,AQRC,Johnson & Johnson,JNJ,478160104,7224007,2572639813.36,0.1684,2024-03-31,Decreased,13F-HR,Thomas Thomas,thomas.thomas@aqrcapital.com
Two Sigma Investments,TWSM,Salesforce Inc,CRM,79466L302,27919728,18493269487.64,1.3171,2024-03-31,Decreased,13F-NT,Jennifer Martin,jennifer.martin@twosigmain.com
Goldman Sachs AM,GS,Johnson & Johnson,JNJ,478160104,9738988,2434151510.06,0.2773,2025-12-31,Unchanged,13F-HR,David Hernandez,david.hernandez@goldmansac.com
Bridgewater Associates,BWTR,Netflix Inc,NFLX,64110L106,36083978,7685972369.21,0.5423,2025-03-31,Unchanged,13F-HR,Daniel Smith,daniel.smith@bridgewate.com
AQR Capital Management,AQRC,Pfizer Inc,PFE,717081103,955832,348290548.81,0.0123,2025-03-31,Decreased,13F-HR,Patricia Hernandez,patricia.hernandez@aqrcapital.com
Renaissance Technologies,RNTC,Microsoft Corp,MSFT,594918104,41033700,24632524338.96,1.4828,2025-03-31,Unchanged,13F-HR,James Davis,james.davis@renaissanc.com
Capital Group,CGBL,Walt Disney Co,DIS,254687106,22205671,17560399756.97,0.3978,2025-09-30,New,13F-HR,Margaret Davis,margaret.davis@capitalgro.com
Morgan Stanley IM,MS,Cisco Systems,CSCO,17275R102,7557407,5848961488.76,0.2273,2024-06-30,New,13F-HR,Mark Taylor,mark.taylor@morganstan.com
Goldman Sachs AM,GS,Home Depot,HD,437076102,9623530,5888069398.71,0.2095,2025-12-31,Unchanged,13F-HR,Robert Jones,robert.jones@goldmansac.com
BlackRock Inc,BLK,Cisco Systems,CSCO,17275R102,49568207,2286470746.19,2.1964,2025-03-31,Increased,13F-NT,Daniel Taylor,daniel.taylor@blackrocki.com
Appaloosa Management,APLS,UnitedHealth Group,UNH,91324P102,33407883,24454791933.73,2.9971,2024-12-31,Unchanged,13F-HR,Steven Rodriguez,steven.rodriguez@appaloosam.com
Morgan Stanley IM,MS,UnitedHealth Group,UNH,91324P102,6757799,3010490038.85,0.5699,2024-03-31,Increased,13F-NT,James Brown,james.brown@morganstan.com
State Street Corp,STT,Johnson & Johnson,JNJ,478160104,6150709,3791269037.15,0.1826,2025-09-30,Unchanged,13F-NT,Sarah Jackson,sarah.jackson@statestree.com
Baupost Group,BPST,Exxon Mobil,XOM,30231G102,44609374,20018378776.05,1.4800,2024-12-31,Increased,13F-HR,Steven Thomas,steven.thomas@baupostgro.com
Citadel Advisors,CDLC,Walt Disney Co,DIS,254687106,2388004,1770249685.97,0.3959,2024-12-31,Increased,13F-HR,Lisa Rodriguez,lisa.rodriguez@citadeladv.com
Baupost Group,BPST,Meta Platforms,META,30303M102,11998207,7111540423.53,0.5942,2024-09-30,Increased,13F-NT,Robert Thomas,robert.thomas@baupostgro.com
Renaissance Technologies,RNTC,Walt Disney Co,DIS,254687106,23902717,16755814110.86,0.6032,2024-03-31,Increased,13F-HR,James Moore,james.moore@renaissanc.com
Baupost Group,BPST,Coca-Cola Co,KO,191216100,8397894,6679729323.52,0.2505,2025-12-31,Decreased,13F-HR,David Brown,david.brown@baupostgro.com
Morgan Stanley IM,MS,Procter & Gamble,PG,742718109,3307353,1739419506.27,0.0417,2024-06-30,Decreased,13F-HR,Mark Miller,mark.miller@morganstan.com
Citadel Advisors,CDLC,Coca-Cola Co,KO,191216100,27255641,18450120654.74,1.0408,2025-12-31,Increased,13F-NT,Susan Jones,susan.jones@citadeladv.com
T. Rowe Price,TROW,Cisco Systems,CSCO,17275R102,48972606,2578949336.98,1.3726,2025-09-30,Unchanged,13F-HR,Karen Johnson,karen.johnson@troweprice.com
BlackRock Inc,BLK,Chevron Corp,CVX,166764100,13483525,5429515710.72,0.3011,2025-03-31,Increased,13F-HR,Elizabeth White,elizabeth.white@blackrocki.com
JP Morgan Asset Mgmt,JPM,Tesla Inc,TSLA,88160R101,26376837,4963060728.21,0.4699,2024-06-30,Unchanged,13F-HR,William Brown,william.brown@jpmorganas.com
BlackRock Inc,BLK,Home Depot,HD,437076102,21431605,8157749654.22,0.4185,2024-03-31,New,13F-NT,Michael Garcia,michael.garcia@blackrocki.com
T. Rowe Price,TROW,NVIDIA Corp,NVDA,67066G104,10977812,6535635146.60,0.2879,2025-06-30,Unchanged,13F-HR,Patricia White,patricia.white@troweprice.com
JP Morgan Asset Mgmt,JPM,Adobe Inc,ADBE,00724F101,18426588,5431719967.96,0.3973,2025-12-31,Increased,13F-HR,Margaret Johnson,margaret.johnson@jpmorganas.com
DE Shaw & Co,DSHW,Alphabet Inc,GOOGL,02079K305,15913372,2850923466.84,0.5395,2024-06-30,Increased,13F-HR,Mark Williams,mark.williams@deshaw&co.com
JP Morgan Asset Mgmt,JPM,JPMorgan Chase,JPM,46625H100,41173274,11447917407.53,2.6154,2024-06-30,New,13F-HR,Thomas Brown,thomas.brown@jpmorganas.com
Appaloosa Management,APLS,Adobe Inc,ADBE,00724F101,8644453,6747553963.78,0.3944,2024-06-30,Decreased,13F-HR,William Thompson,william.thompson@appaloosam.com
Two Sigma Investments,TWSM,Salesforce Inc,CRM,79466L302,25110433,18915590887.68,0.4346,2025-06-30,Increased,13F-HR,David Martin,david.martin@twosigmain.com
JP Morgan Asset Mgmt,JPM,Walt Disney Co,DIS,254687106,45195556,3003907333.69,0.5758,2025-06-30,Unchanged,13F-HR,Robert Moore,robert.moore@jpmorganas.com
Capital Group,CGBL,Microsoft Corp,MSFT,594918104,2474308,330053003.21,0.0501,2025-06-30,Decreased,13F-HR,Susan Lopez,susan.lopez@capitalgro.com
JP Morgan Asset Mgmt,JPM,Exxon Mobil,XOM,30231G102,pending,19515536400.88,0.7667,2025-12-31,Decreased,13F-HR,Margaret Garcia,margaret.garcia@jpmorganas.com
Appaloosa Management,APLS,Microsoft Corp,MSFT,594918104,43870180,29488377150.70,0.8770,2024-06-30,Unchanged,13F-HR,David Hernandez,david.hernandez@appaloosam.com
JP Morgan Asset Mgmt,JPM,Exxon Mobil,XOM,30231G102,48657897,13039276215.29,1.6534,2024-12-31,Decreased,13F-HR,Richard Anderson,richard.anderson@jpmorganas.com
BlackRock Inc,BLK,Adobe Inc,ADBE,00724F101,10299802,7701152830.89,0.4851,2024-06-30,Increased,13F-HR,Steven Rodriguez,steven.rodriguez@blackrocki.com
Baupost Group,BPST,Coca-Cola Co,KO,191216100,42904449,15570483830.82,2.2468,2024-12-31,New,13F-HR,James Davis,james.davis@baupostgro.com
Wellington Management,WMGI,Pfizer Inc,PFE,717081103,25707515,18156957417.56,0.3454,2025-06-30,Unchanged,13F-HR,Mark Brown,mark.brown@wellington.com
Point72 Asset Mgmt,PT72,Johnson & Johnson,JNJ,478160104,34339030,24430034416.17,1.5037,2024-06-30,New,13F-HR,James Davis,james.davis@point72ass.com
Goldman Sachs AM,GS,Salesforce Inc,CRM,79466L302,12734134,5531337892.63,0.1745,2025-09-30,Unchanged,13F-NT,Daniel Thompson,daniel.thompson@goldmansac.com
Point72 Asset Mgmt,PT72,Apple Inc,AAPL,037833100,38907263,17279683753.98,0.5073,2025-06-30,Unchanged,13F-NT,David Jackson,david.jackson@point72ass.com
JP Morgan Asset Mgmt,JPM,Pfizer Inc,PFE,717081103,153068,16872302.30,0.0026,2024-06-30,Unchanged,13F-HR,Richard Smith,richard.smith@jpmorganas.com
Vanguard Group,VGI,Apple Inc,AAPL,037833100,5429984,245661422.14,0.1027,2025-06-30,Decreased,13F-HR,Elizabeth Thompson,elizabeth.thompson@vanguardgr.com
Millennium Management,MLNM,Visa Inc,V,92826C839,17268909,1571463230.97,0.3668,2025-09-30,Decreased,13F-HR,Margaret Garcia,margaret.garcia@millennium.com
Appaloosa Management,APLS,Exxon Mobil,XOM,30231G102,21873588,9921024216.35,1.2366,2025-09-30,Increased,13F-HR,Richard White,richard.white@appaloosam.com
Millennium Management,MLNM,NVIDIA Corp,NVDA,67066G104,29990788,23944339609.16,1.8003,2024-06-30,Decreased,13F-HR,Karen White,karen.white@millennium.com
Baupost Group,BPST,Johnson & Johnson,JNJ,478160104,30533213,5926608536.89,0.4800,2025-03-31,New,13F-HR,Jennifer Rodriguez,jennifer.rodriguez@baupostgro.com
Bridgewater Associates,BWTR,Pfizer Inc,PFE,717081103,18282900,14529166642.82,0.2535,2025-09-30,Unchanged,13F-HR,Steven Martinez,steven.martinez@bridgewate.com
JP Morgan Asset Mgmt,JPM,Amazon.com Inc,AMZN,023135106,9406122,5708646968.84,0.1284,2024-06-30,Unchanged,13F-HR,Daniel Taylor,daniel.taylor@jpmorganas.com
Renaissance Technologies,RNTC,Johnson & Johnson,JNJ,478160104,2223136,1104119521.80,0.0396,2024-03-31,Unchanged,13F-HR,Lisa Miller,lisa.miller@renaissanc.com
Bridgewater Associates,BWTR,Apple Inc,AAPL,037833100,18547238,10762900473.23,0.5280,2024-06-30,Increased,13F-HR,Lisa Smith,lisa.smith@bridgewate.com
Morgan Stanley IM,MS,Intel Corp,INTC,458140100,16899341,8777636528.13,0.8837,2025-03-31,New,13F-HR,Patricia Taylor,patricia.taylor@morganstan.com
JP Morgan Asset Mgmt,JPM,Microsoft Corp,MSFT,594918104,43053229,14069175032.87,0.8026,2025-06-30,Increased,13F-HR,Karen Taylor,karen.taylor@jpmorganas.com
Capital Group,CGBL,Intel Corp,INTC,458140100,32116403,24835854565.05,0.6560,2024-09-30,New,13F-HR,Richard Hernandez,richard.hernandez@capitalgro.com
BlackRock Inc,BLK,Apple Inc,AAPL,037833100,6202097,312776134.35,0.3757,2025-03-31,Increased,13F-HR,Dorothy Brown,dorothy.brown@blackrocki.com
T. Rowe Price,TROW,Pfizer Inc,PFE,717081103,23821900,15301026444.48,1.2143,2024-12-31,Unchanged,13F-HR,Dorothy Rodriguez,dorothy.rodriguez@troweprice.com
BlackRock Inc,BLK,Amazon.com Inc,AMZN,023135106,12025121,6133563827.81,0.5066,2024-03-31,New,13F-NT,Karen Thompson,karen.thompson@blackrocki.com
DE Shaw & Co,DSHW,Apple Inc,AAPL,037833100,27523199,19247735939.16,0.5899,2024-09-30,Decreased,13F-HR,Michael Martin,michael.martin@deshaw&co.com
Morgan Stanley IM,MS,NVIDIA Corp,NVDA,67066G104,33960677,10256368390.08,0.5856,2025-12-31,New,13F-NT,Michael Rodriguez,michael.rodriguez@morganstan.com
Capital Group,CGBL,Intel Corp,INTC,458140100,33037945,13062243103.83,0.8739,2025-03-31,Unchanged,13F-HR,William Jackson,william.jackson@capitalgro.com
Point72 Asset Mgmt,PT72,Visa Inc,V,92826C839,49357707,21833356823.47,1.1429,2025-12-31,Increased,13F-HR,Sarah Thompson,sarah.thompson@point72ass.com
JP Morgan Asset Mgmt,JPM,NVIDIA Corp,NVDA,67066G104,pending,21919575738.49,1.7851,2024-03-31,New,13F-HR,Lisa Smith,lisa.smith@jpmorganas.com
Capital Group,CGBL,Amazon.com Inc,AMZN,023135106,28932545,10707879009.04,0.4031,2024-09-30,New,13F-HR,Mark Brown,mark.brown@capitalgro.com
Fidelity Investments,FNF,Intel Corp,INTC,458140100,26174599,17157683652.11,1.0546,2024-09-30,Decreased,13F-HR,Thomas Smith,thomas.smith@fidelityin.com
JP Morgan Asset Mgmt,JPM,Bank of America,BAC,060505104,15851651,10987933726.80,2.6717,2024-12-31,Decreased,13F-HR,Michael Rodriguez,michael.rodriguez@jpmorganas.com
Citadel Advisors,CDLC,Cisco Systems,CSCO,17275R102,4906216,2435897949.03,0.1216,2025-06-30,Increased,13F-HR,Margaret Rodriguez,margaret.rodriguez@citadeladv.com
Wellington Management,WMGI,UnitedHealth Group,UNH,91324P102,6092419,4335313566.12,0.1787,2024-03-31,Increased,13F-HR,Jennifer Anderson,jennifer.anderson@wellington.com
Fidelity Investments,FNF,Intel Corp,INTC,458140100,1748769,848830195.93,0.0663,2024-06-30,Increased,13F-HR,William Brown,william.brown@fidelityin.com
Point72 Asset Mgmt,PT72,Amazon.com Inc,AMZN,023135106,19043030,9319763440.57,0.6888,2025-09-30,Decreased,13F-NT,David Thompson,david.thompson@point72ass.com
Morgan Stanley IM,MS,UnitedHealth Group,UNH,91324P102,39177971,25021384193.67,1.2957,2024-06-30,Increased,13F-HR,Sarah Miller,sarah.miller@morganstan.com
T. Rowe Price,TROW,Walt Disney Co,DIS,254687106,23142461,12338571499.73,0.3159,2025-06-30,Increased,13F-HR,Karen Moore,karen.moore@troweprice.com
Capital Group,CGBL,Cisco Systems,CSCO,17275R102,22738727,12677628098.30,0.6243,2025-12-31,Increased,13F-NT,Robert Jones,robert.jones@capitalgro.com
Renaissance Technologies,RNTC,Walt Disney Co,DIS,254687106,11163580,6896344945.98,0.4079,2025-03-31,Decreased,13F-HR,Michael Smith,michael.smith@renaissanc.com
Renaissance Technologies,RNTC,Visa Inc,V,92826C839,7160511,654369988.40,0.1574,2025-06-30,Decreased,13F-HR,Steven Taylor,steven.taylor@renaissanc.com
Morgan Stanley IM,MS,Pfizer Inc,PFE,717081103,29675163,15645571638.59,0.5497,2025-03-31,Unchanged,13F-HR,David White,david.white@morganstan.com
DE Shaw & Co,DSHW,Tesla Inc,TSLA,88160R101,46396264,11810883274.17,3.9625,2024-09-30,Increased,13F-NT,Patricia Hernandez,patricia.hernandez@deshaw&co.com
Fidelity Investments,FNF,Pfizer Inc,PFE,717081103,40879419,7186786683.99,0.6900,2024-12-31,Decreased,13F-HR,Nancy Miller,nancy.miller@fidelityin.com
Capital Group,CGBL,Exxon Mobil,XOM,30231G102,27263247,886263716.90,2.0270,2025-09-30,Unchanged,13F-HR,Michael Taylor,michael.taylor@capitalgro.com
Renaissance Technologies,RNTC,Berkshire Hathaway,BRK.B,084670702,28926242,1141585811.17,0.4492,2025-06-30,Increased,13F-HR,Sarah Anderson,sarah.anderson@renaissanc.com
Vanguard Group,VGI,Exxon Mobil,XOM,30231G102,20192369,12483780106.46,0.4745,2024-12-31,Decreased,13F-HR,Steven Martin,steven.martin@vanguardgr.com
State Street Corp,STT,Berkshire Hathaway,BRK.B,084670702,15029619,9407807999.08,0.1923,2099-13-45,Decreased,13F-HR,Dorothy Martin,dorothy.martin@statestree.com
Capital Group,CGBL,Walt Disney Co,DIS,254687106,12932827,476280953.01,0.2629,2025-03-31,Decreased,13F-HR,Lisa Moore,lisa.moore@capitalgro.com
Wellington Management,WMGI,Meta Platforms,META,30303M102,33203623,7441835077.27,1.8162,2099-13-45,Increased,13F-HR,Thomas Garcia,thomas.garcia@wellington.com
Vanguard Group,VGI,Amazon.com Inc,AMZN,023135106,13367870,7367010406.99,1.6891,2025-06-30,Unchanged,13F-HR,Lisa Williams,lisa.williams@vanguardgr.com
Appaloosa Management,APLS,Coca-Cola Co,KO,191216100,28338155,16501802811.96,0.9950,2024-06-30,Increased,13F-HR,William Moore,william.moore@appaloosam.com
Point72 Asset Mgmt,PT72,Walt Disney Co,DIS,254687106,532006,135761187.45,0.0178,2025-06-30,Unchanged,13F-HR,James Jackson,james.jackson@point72ass.com
Morgan Stanley IM,MS,Microsoft Corp,MSFT,594918104,8737672,3716573938.14,0.1335,2025-03-31,Increased,13F-HR,Robert Taylor,robert.taylor@morganstan.com
Appaloosa Management,APLS,Microsoft Corp,MSFT,594918104,14527787,10798349341.65,0.5094,2024-03-31,Increased,13F-HR,James Garcia,james.garcia@appaloosam.com
Two Sigma Investments,TWSM,Amazon.com Inc,AMZN,023135106,47286474,33832874627.12,0.8724,2024-06-30,Decreased,13F-HR,Robert Taylor,robert.taylor@twosigmain.com
DE Shaw & Co,DSHW,Coca-Cola Co,KO,191216100,39505253,31297024689.67,0.6469,2025-03-31,Unchanged,13F-HR,Dorothy Johnson,dorothy.johnson@deshaw&co.com
Capital Group,CGBL,Exxon Mobil,XOM,30231G102,47805812,17063257662.80,2.0038,2024-03-31,Decreased,13F-HR,Daniel Anderson,daniel.anderson@capitalgro.com
Two Sigma Investments,TWSM,Bank of America,BAC,060505104,47193793,4155657524.42,2.2982,2024-12-31,Decreased,13F-NT,Jennifer Smith,jennifer.smith@twosigmain.com
Capital Group,CGBL,Netflix Inc,NFLX,64110L106,30491783,22288800303.92,2.4378,2025-09-30,Unchanged,13F-NT,Dorothy Davis,dorothy.davis@capitalgro.com
Capital Group,CGBL,Pfizer Inc,PFE,717081103,25606616,9048606927.85,0.4970,2024-03-31,Unchanged,13F-HR,Elizabeth Lopez,elizabeth.lopez@capitalgro.com
Point72 Asset Mgmt,PT72,Procter & Gamble,PG,742718109,9701016,2364656974.70,0.2665,2024-12-31,Increased,13F-HR,Daniel Rodriguez,daniel.rodriguez@point72ass.com
State Street Corp,STT,Amazon.com Inc,AMZN,023135106,8159759,5592401993.36,0.1697,2024-09-30,Decreased,13F-HR,Lisa Williams,lisa.williams@statestree.com
JP Morgan Asset Mgmt,JPM,UnitedHealth Group,UNH,91324P102,19478375,4202741008.36,0.4824,2025-03-31,Unchanged,13F-HR,Susan Hernandez,susan.hernandez@jpmorganas.com
Capital Group,CGBL,Salesforce Inc,CRM,79466L302,11295868,806706738.84,0.9296,2024-03-31,New,13F-HR,Karen Jones,karen.jones@capitalgro.com
Renaissance Technologies,RNTC,Amazon.com Inc,AMZN,023135106,16548964,9535921079.60,1.9416,2025-03-31,Increased,13F-HR,Richard Thomas,richard.thomas@renaissanc.com
State Street Corp,STT,Microsoft Corp,MSFT,594918104,19430497,15320418105.20,0.4656,2024-12-31,Decreased,13F-HR,David Thomas,david.thomas@statestree.com
Citadel Advisors,CDLC,Amazon.com Inc,AMZN,023135106,18202285,11431040274.66,0.3088,2024-12-31,Unchanged,13F-HR,Margaret Thomas,margaret.thomas@citadeladv.com
Appaloosa Management,APLS,Intel Corp,INTC,458140100,22334769,15032937837.20,0.3629,2024-03-31,Increased,13F-HR,Sarah White,sarah.white@appaloosam.com
AQR Capital Management,AQRC,Salesforce Inc,CRM,79466L302,7645025,5439948941.42,0.3456,2025-06-30,Unchanged,13F-HR,Susan Smith,susan.smith@aqrcapital.com
Two Sigma Investments,TWSM,JPMorgan Chase,JPM,46625H100,30747931,17139318895.86,0.5262,2025-06-30,Unchanged,13F-HR,Nancy White,nancy.white@twosigmain.com
T. Rowe Price,TROW,JPMorgan Chase,JPM,46625H100,10360023,2686348683.63,0.1583,2024-06-30,Unchanged,13F-HR,Sarah Johnson,sarah.johnson@troweprice.com
Citadel Advisors,CDLC,Walt Disney Co,DIS,254687106,38176683,3921264305.71,1.1789,2024-12-31,Increased,13F-HR,Lisa Thomas,lisa.thomas@citadeladv.com
Morgan Stanley IM,MS,Procter & Gamble,PG,742718109,28805241,3315843174.54,2.5246,2025-09-30,Decreased,13F-HR,Margaret Martin,margaret.martin@morganstan.com
Renaissance Technologies,RNTC,Chevron Corp,CVX,166764100,3444527,1463005176.52,0.0930,2024-06-30,Increased,13F-HR,Elizabeth Brown,elizabeth.brown@renaissanc.com
Citadel Advisors,CDLC,Pfizer Inc,PFE,717081103,21054142,16397736383.04,0.5617,2024-12-31,New,13F-HR,Nancy Taylor,nancy.taylor@citadeladv.com
Capital Group,CGBL,Coca-Cola Co,KO,191216100,15444419,1237543009.49,0.4732,2024-09-30,Increased,13F-HR,Jennifer Jones,jennifer.jones@capitalgro.com
Wellington Management,WMGI,Johnson & Johnson,JNJ,478160104,38103670,19601967111.88,0.5574,2024-09-30,Increased,13F-HR,Steven Martinez,steven.martinez@wellington.com
Two Sigma Investments,TWSM,JPMorgan Chase,JPM,46625H100,15383880,5221015249.31,0.2792,2024-09-30,New,13F-NT,Michael Davis,michael.davis@twosigmain.com
Bridgewater Associates,BWTR,Amazon.com Inc,AMZN,023135106,41723740,23852443000.67,0.6335,2025-09-30,Increased,13F-HR,Michael Davis,michael.davis@bridgewate.com
Citadel Advisors,CDLC,Netflix Inc,NFLX,64110L106,20713799,7646630440.55,0.3605,2024-03-31,Increased,13F-HR,Sarah Thompson,sarah.thompson@citadeladv.com
Baupost Group,BPST,Amazon.com Inc,AMZN,023135106,14022560,2204881569.95,0.4043,00-00-0000,Increased,13F-HR,David Johnson,david.johnson@baupostgro.com
Goldman Sachs AM,GS,Berkshire Hathaway,BRK.B,084670702,48596395,32942256340.91,1.3134,2024-06-30,Increased,13F-HR,Thomas Hernandez,thomas.hernandez@goldmansac.com
Two Sigma Investments,TWSM,Visa Inc,V,92826C839,14946043,10848601580.55,0.6008,2024-09-30,Unchanged,13F-HR,Richard White,richard.white@twosigmain.com
Capital Group,CGBL,JPMorgan Chase,JPM,46625H100,40419557,19041920127.36,0.5290,2024-12-31,New,13F-HR,Sarah Smith,sarah.smith@capitalgro.com
DE Shaw & Co,DSHW,Johnson & Johnson,JNJ,478160104,32722442,15200852854.58,0.7186,2025-03-31,New,13F-HR,James Jackson,james.jackson@deshaw&co.com
BlackRock Inc,BLK,Procter & Gamble,PG,742718109,31503044,24794671120.66,6.1271,2024-03-31,New,13F-NT,Karen Taylor,karen.taylor@blackrocki.com
Goldman Sachs AM,GS,Bank of America,BAC,060505104,19839436,9194742056.14,0.6921,2025-09-30,New,13F-NT,Robert Jackson,robert.jackson@goldmansac.com
Baupost Group,BPST,Apple Inc,AAPL,037833100,17438295,12856967901.01,1.1039,2025-09-30,Unchanged,13F-HR,Karen Miller,karen.miller@baupostgro.com
Citadel Advisors,CDLC,Bank of America,BAC,060505104,182151,43828154.84,0.0030,2025-03-31,Increased,13F-HR,Susan White,susan.white@citadeladv.com
BlackRock Inc,BLK,Coca-Cola Co,KO,191216100,47592140,21771810951.66,1.9299,2025-06-30,New,13F-HR,David Jones,david.jones@blackrocki.com
Renaissance Technologies,RNTC,Home Depot,HD,437076102,20081223,1672379874.62,0.3656,2025-06-30,Decreased,13F-HR,Karen Williams,karen.williams@renaissanc.com
Fidelity Investments,FNF,Pfizer Inc,PFE,717081103,14174115,1917595564.51,0.1837,2024-12-31,Unchanged,13F-HR,Nancy Rodriguez,nancy.rodriguez@fidelityin.com
Citadel Advisors,CDLC,Home Depot,HD,437076102,42022950,26209919383.75,4.3166,00-00-0000,New,13F-HR,Jennifer Lopez,jennifer.lopez@citadeladv.com
AQR Capital Management,AQRC,Bank of America,BAC,060505104,47059932,19124433876.69,1.1972,2025-06-30,Unchanged,13F-HR,Robert Davis,robert.davis@aqrcapital.com
Fidelity Investments,FNF,Microsoft Corp,MSFT,594918104,45565020,3655771520.34,2.8261,2025-06-30,Unchanged,13F-HR,Steven Jackson,steven.jackson@fidelityin.com
Two Sigma Investments,TWSM,Johnson & Johnson,JNJ,478160104,30026053,18717297593.31,0.4176,2025-03-31,Increased,13F-HR,Susan Miller,susan.miller@twosigmain.com
AQR Capital Management,AQRC,JPMorgan Chase,JPM,46625H100,40838267,32122791535.40,4.8864,2024-09-30,Increased,13F-HR,Richard Lopez,richard.lopez@aqrcapital.com
T. Rowe Price,TROW,Coca-Cola Co,KO,191216100,11201808,1279417856.06,0.1890,2024-03-31,Increased,13F-HR,Margaret Martin,margaret.martin@troweprice.com
Baupost Group,BPST,Pfizer Inc,PFE,717081103,19528357,2286745882.45,0.3102,2024-12-31,Decreased,13F-HR,William White,william.white@baupostgro.com
Fidelity Investments,FNF,Intel Corp,INTC,458140100,30629321,8453694730.18,0.9786,2099-13-45,Decreased,13F-NT,Richard Taylor,richard.taylor@fidelityin.com
Vanguard Group,VGI,Adobe Inc,ADBE,00724F101,43544649,12375649618.31,0.9021,2025-06-30,New,13F-HR,William Moore,william.moore@vanguardgr.com
AQR Capital Management,AQRC,Amazon.com Inc,AMZN,023135106,25717387,2306290085.21,0.6492,2024-12-31,Decreased,13F-HR,David Anderson,david.anderson@aqrcapital.com
Two Sigma Investments,TWSM,Salesforce Inc,CRM,79466L302,32198583,23917148732.70,0.6015,2024-06-30,Unchanged,13F-HR,Steven Moore,steven.moore@twosigmain.com
Citadel Advisors,CDLC,JPMorgan Chase,JPM,46625H100,25850622,20586294004.45,1.2382,2025-09-30,Increased,13F-HR,Lisa Brown,lisa.brown@citadeladv.com
Capital Group,CGBL,Alphabet Inc,GOOGL,02079K305,28687693,9441699981.38,0.4167,2025-09-30,New,13F-NT,Robert Jackson,robert.jackson@capitalgro.com
AQR Capital Management,AQRC,NVIDIA Corp,NVDA,67066G104,11266088,6083947752.92,0.9570,2025-06-30,Unchanged,13F-HR,Thomas Jackson,thomas.jackson@aqrcapital.com
Appaloosa Management,APLS,Microsoft Corp,MSFT,594918104,11320013,6182168037.88,0.1607,2025-12-31,New,13F-HR,Lisa Garcia,lisa.garcia@appaloosam.com
Baupost Group,BPST,Apple Inc,AAPL,037833100,25549847,2451074453.32,0.4070,2025-06-30,Decreased,13F-HR,Thomas Hernandez,thomas.hernandez@baupostgro.com
Citadel Advisors,CDLC,Salesforce Inc,CRM,79466L302,13464089,7522822997.68,0.3397,2025-06-30,Increased,13F-HR,Thomas Miller,thomas.miller@citadeladv.com
BlackRock Inc,BLK,UnitedHealth Group,UNH,91324P102,25945135,6140320496.19,0.3961,2025-03-31,Decreased,13F-HR,Karen Thomas,karen.thomas@blackrocki.com
JP Morgan Asset Mgmt,JPM,Visa Inc,V,92826C839,14429595,4552464501.78,0.4806,2025-06-30,Increased,13F-HR,Richard Thomas,richard.thomas@jpmorganas.com
Bridgewater Associates,BWTR,Coca-Cola Co,KO,191216100,43237179,2767783244.73,2.0278,2024-12-31,New,13F-HR,Elizabeth Jackson,elizabeth.jackson@bridgewate.com
Goldman Sachs AM,GS,Berkshire Hathaway,BRK.B,084670702,2625645,255540561.32,0.0540,2025-09-30,Unchanged,13F-HR,Susan Lopez,susan.lopez@goldmansac.com
Millennium Management,MLNM,Coca-Cola Co,KO,191216100,29930618,7637919121.42,0.8091,2025-06-30,Decreased,13F-HR,,
DE Shaw & Co,DSHW,Apple Inc,AAPL,037833100,37334989,28876578421.24,3.9538,2025-12-31,Increased,13F-HR,Dorothy Martinez,dorothy.martinez@deshaw&co.com
Point72 Asset Mgmt,PT72,Alphabet Inc,GOOGL,02079K305,10802983,3001094252.40,0.2292,2024-03-31,Increased,13F-HR,Richard White,richard.white@point72ass.com
Capital Group,CGBL,Berkshire Hathaway,BRK.B,084670702,17972122,2358944756.61,0.2400,2024-06-30,New,13F-NT,James Smith,james.smith@capitalgro.com
Two Sigma Investments,TWSM,Intel Corp,INTC,458140100,3990650,1047132349.41,0.0809,2025-12-31,Unchanged,13F-NT,William Lopez,william.lopez@twosigmain.com
DE Shaw & Co,DSHW,Coca-Cola Co,KO,191216100,13853212,2901680476.16,0.2288,2025-09-30,Increased,13F-HR,Sarah Martin,sarah.martin@deshaw&co.com
State Street Corp,STT,Meta Platforms,META,30303M102,15511347,324834151.38,0.2019,2024-06-30,Increased,13F-HR,Margaret Jackson,margaret.jackson@statestree.com
Bridgewater Associates,BWTR,Exxon Mobil,XOM,30231G102,43875297,9234895219.28,1.0120,2025-03-31,Unchanged,13F-HR,William Thompson,william.thompson@bridgewate.com
Fidelity Investments,FNF,Johnson & Johnson,JNJ,478160104,7484754,670100691.41,0.0938,2024-06-30,Unchanged,13F-HR,Jennifer Brown,jennifer.brown@fidelityin.com
State Street Corp,STT,Netflix Inc,NFLX,64110L106,39139229,7850570083.34,0.6045,2025-12-31,Unchanged,13F-HR,Daniel Johnson,daniel.johnson@statestree.com
Appaloosa Management,APLS,Meta Platforms,META,30303M102,30144546,4667750275.59,0.6376,2024-06-30,Increased,13F-HR,Jennifer Miller,jennifer.miller@appaloosam.com
Appaloosa Management,APLS,Salesforce Inc,CRM,79466L302,10501476,4035724081.49,-0.2448,2025-12-31,Decreased,13F-HR,William Williams,william.williams@appaloosam.com
T. Rowe Price,TROW,Berkshire Hathaway,BRK.B,084670702,6375465,4417574915.85,0.2163,2025-09-30,Unchanged,13F-HR,Richard Miller,richard.miller@troweprice.com
Bridgewater Associates,BWTR,Coca-Cola Co,KO,191216100,36556866,5404489504.93,0.4795,2025-12-31,Unchanged,13F-HR,Thomas Thompson,thomas.thompson@bridgewate.com
State Street Corp,STT,Bank of America,BAC,060505104,24092433,14550694188.78,0.5979,2024-03-31,New,13F-HR,David Jones,david.jones@statestree.com
Two Sigma Investments,TWSM,Exxon Mobil,XOM,30231G102,45215204,18331882459.19,0.7851,2025-12-31,Decreased,13F-HR,Jennifer Miller,jennifer.miller@twosigmain.com
Citadel Advisors,CDLC,NVIDIA Corp,NVDA,67066G104,46288946,34134413369.22,5.2690,2025-12-31,Unchanged,13F-NT,David Davis,david.davis@citadeladv.com
Capital Group,CGBL,Procter & Gamble,PG,742718109,45820557,17678349596.70,0.9319,2025-09-30,Unchanged,13F-HR,William Miller,william.miller@capitalgro.com
BlackRock Inc,BLK,Johnson & Johnson,JNJ,478160104,23608576,2379943750.73,0.8811,2025-03-31,Increased,13F-HR,Richard Martin,richard.martin@blackrocki.com
Bridgewater Associates,BWTR,Tesla Inc,TSLA,88160R101,5043894,3596864413.54,0.3220,2025-06-30,Increased,13F-NT,Karen Martinez,karen.martinez@bridgewate.com
State Street Corp,STT,Coca-Cola Co,KO,191216100,22603548,683526442.16,0.4118,2024-03-31,Unchanged,13F-HR,Sarah Williams,sarah.williams@statestree.com
JP Morgan Asset Mgmt,JPM,Microsoft Corp,MSFT,594918104,8231040,2486514578.51,0.2079,2025-12-31,Increased,13F-HR,Karen Thompson,karen.thompson@jpmorganas.com
Morgan Stanley IM,MS,Berkshire Hathaway,BRK.B,084670702,37443935,5813742228.71,0.7686,2025-12-31,Unchanged,13F-HR,Michael Thompson,michael.thompson@morganstan.com
Citadel Advisors,CDLC,Johnson & Johnson,JNJ,478160104,8960432,1144967624.59,0.1214,2025-12-31,Increased,13F-NT,Nancy Martinez,nancy.martinez@citadeladv.com
Fidelity Investments,FNF,Cisco Systems,CSCO,17275R102,44070250,10124566773.08,0.5755,2025-06-30,Unchanged,13F-HR,James Jones,james.jones@fidelityin.com
Morgan Stanley IM,MS,Cisco Systems,CSCO,17275R102,48687728,19099039625.94,0.6759,2024-09-30,New,13F-HR,Mark Thompson,mark.thompson@morganstan.com
Vanguard Group,VGI,Visa Inc,V,92826C839,43508710,27734843431.97,0.9530,2025-03-31,New,13F-HR,Sarah Thomas,sarah.thomas@vanguardgr.com
Wellington Management,WMGI,JPMorgan Chase,JPM,46625H100,29612768,16093850991.88,1.7721,2025-06-30,New,13F-HR,Sarah Rodriguez,sarah.rodriguez@wellington.com
Appaloosa Management,APLS,Tesla Inc,TSLA,88160R101,35544003,26669107166.83,0.4474,2025-12-31,Unchanged,13F-HR,Lisa Jones,lisa.jones@appaloosam.com
Morgan Stanley IM,MS,Pfizer Inc,PFE,717081103,10448425,4495820339.61,0.1650,2025-06-30,Unchanged,13F-HR,Dorothy White,dorothy.white@morganstan.com
State Street Corp,STT,Intel Corp,INTC,458140100,29718629,17801437085.81,0.6590,2025-12-31,Unchanged,13F-HR,Susan Thomas,susan.thomas@statestree.com
Fidelity Investments,FNF,Alphabet Inc,GOOGL,02079K305,18338151,11129355196.30,0.2429,2025-09-30,Increased,13F-HR,Sarah Rodriguez,sarah.rodriguez@fidelityin.com
Wellington Management,WMGI,Berkshire Hathaway,BRK.B,084670702,23912980,9216912084.81,0.4918,2024-09-30,Increased,13F-NT,Susan White,susan.white@wellington.com
State Street Corp,STT,Pfizer Inc,PFE,717081103,34287991,10317141233.06,0.4940,2025-12-31,Decreased,13F-HR,Susan Garcia,susan.garcia@statestree.com
Morgan Stanley IM,MS,Johnson & Johnson,JNJ,478160104,15261392,3018138975.67,0.1937,2025-03-31,Increased,13F-HR,Richard White,richard.white@morganstan.com
State Street Corp,STT,Chevron Corp,CVX,166764100,20139751,13776846396.15,0.2565,2025-03-31,Unchanged,13F-HR,Sarah Taylor,sarah.taylor@statestree.com
Bridgewater Associates,BWTR,Salesforce Inc,CRM,79466L302,TBD,22440435555.56,0.9051,2024-06-30,Unchanged,13F-HR,Michael Jackson,michael.jackson@bridgewate.com
Vanguard Group,VGI,Amazon.com Inc,AMZN,023135106,27608437,2656070575.85,0.5268,2024-03-31,Increased,13F-HR,Steven Taylor,steven.taylor@vanguardgr.com
Renaissance Technologies,RNTC,Berkshire Hathaway,BRK.B,084670702,29068702,7975309430.17,0.7126,2025-06-30,New,13F-HR,Michael Jackson,michael.jackson@renaissanc.com
Goldman Sachs AM,GS,Netflix Inc,NFLX,64110L106,24357136,18904867608.93,0.6743,2025-09-30,Increased,13F-HR,Michael Lopez,michael.lopez@goldmansac.com
Fidelity Investments,FNF,Walt Disney Co,DIS,254687106,22350292,4571669543.93,1.0788,2024-06-30,Unchanged,13F-HR,Jennifer Martinez,jennifer.martinez@fidelityin.com
Morgan Stanley IM,MS,Cisco Systems,CSCO,17275R102,27193723,17998875197.55,3.6136,2025-12-31,Increased,13F-HR,Dorothy Thomas,dorothy.thomas@morganstan.com
AQR Capital Management,AQRC,Adobe Inc,ADBE,00724F101,26958541,15867001200.27,0.3475,2024-12-31,Unchanged,13F-HR,Michael Taylor,michael.taylor@aqrcapital.com
Morgan Stanley IM,MS,Visa Inc,V,92826C839,10724592,3742472188.62,1.6850,2025-03-31,Increased,13F-NT,Mark Smith,mark.smith@morganstan.com
Fidelity Investments,FNF,Adobe Inc,ADBE,00724F101,30036424,4216617633.62,2.2591,2025-03-31,Unchanged,13F-HR,Jennifer Taylor,jennifer.taylor@fidelityin.com
State Street Corp,STT,Intel Corp,INTC,458140100,21735325,11692933071.89,0.2734,2024-09-30,Increased,13F-HR,William Smith,william.smith@statestree.com
Baupost Group,BPST,Walt Disney Co,DIS,254687106,41575989,3490181888.73,0.5457,2024-03-31,Decreased,13F-HR,Susan Jackson,susan.jackson@baupostgro.com
State Street Corp,STT,Johnson & Johnson,JNJ,478160104,16833361,1626066869.33,0.2128,2024-06-30,Decreased,13F-HR,Karen Anderson,karen.anderson@statestree.com
T. Rowe Price,TROW,Adobe Inc,ADBE,00724F101,14897222,8445783125.22,0.3529,2024-03-31,New,13F-HR,Robert Davis,robert.davis@troweprice.com
DE Shaw & Co,DSHW,Walt Disney Co,DIS,254687106,18660946,12918855873.77,0.2453,2024-09-30,Increased,13F-HR,Elizabeth Jackson,elizabeth.jackson@deshaw&co.com
State Street Corp,STT,Berkshire Hathaway,BRK.B,084670702,7874427,898926350.57,0.1039,2024-03-31,Unchanged,13F-NT,William Martin,william.martin@statestree.com
AQR Capital Management,AQRC,Netflix Inc,NFLX,64110L106,8394311,2759634312.37,0.3949,2024-03-31,Increased,13F-HR,Karen Martin,karen.martin@aqrcapital.com
Goldman Sachs AM,GS,Pfizer Inc,PFE,717081103,35462706,25292183910.54,0.7317,2024-06-30,Increased,13F-HR,Thomas Anderson,thomas.anderson@goldmansac.com
DE Shaw & Co,DSHW,Adobe Inc,ADBE,00724F101,40900865,9696723597.15,0.8763,2024-09-30,New,13F-NT,Mark Martin,mark.martin@deshaw&co.com
Baupost Group,BPST,Adobe Inc,ADBE,00724F101,38318503,23570163993.97,1.0220,2025-06-30,Increased,13F-HR,Karen Johnson,karen.johnson@baupostgro.com
Baupost Group,BPST,Pfizer Inc,PFE,717081103,3134720,2322339218.25,0.0405,2025-03-31,Unchanged,13F-HR,Patricia Thompson,patricia.thompson@baupostgro.com
Citadel Advisors,CDLC,Meta Platforms,META,30303M102,24168293,14076893699.68,0.5671,2024-06-30,Decreased,13F-HR,Patricia Davis,patricia.davis@citadeladv.com
State Street Corp,STT,Amazon.com Inc,AMZN,023135106,26831307,16201877324.74,0.5487,2024-09-30,Decreased,13F-HR,William Anderson,william.anderson@statestree.com
Millennium Management,MLNM,Cisco Systems,CSCO,17275R102,38642881,9142232015.77,0.5829,2024-12-31,Unchanged,13F-NT,Thomas Taylor,thomas.taylor@millennium.com
State Street Corp,STT,Walt Disney Co,DIS,254687106,11309901,7178332663.95,0.8139,2025-09-30,Unchanged,13F-HR,William Taylor,william.taylor@statestree.com
JP Morgan Asset Mgmt,JPM,Microsoft Corp,MSFT,594918104,25974483,7010924972.64,0.9365,2024-06-30,Increased,13F-HR,Karen Miller,karen.miller@jpmorganas.com
Millennium Management,MLNM,Berkshire Hathaway,BRK.B,084670702,7581227,5624455572.09,0.1500,2024-09-30,Decreased,13F-NT,Daniel Williams,daniel.williams@millennium.com
Wellington Management,WMGI,Exxon Mobil,XOM,30231G102,30970484,4641222774.62,0.5111,2025-03-31,Increased,13F-HR,Robert Jackson,robert.jackson@wellington.com
Morgan Stanley IM,MS,Adobe Inc,ADBE,00724F101,21067553,16548456529.80,0.3011,2024-03-31,Decreased,13F-NT,Susan Smith,susan.smith@morganstan.com
Renaissance Technologies,RNTC,Procter & Gamble,PG,742718109,26147916,17302285677.87,0.8497,2025-06-30,Unchanged,13F-HR,Steven Hernandez,steven.hernandez@renaissanc.com
AQR Capital Management,AQRC,Home Depot,HD,437076102,4102236,362731233.69,0.1912,2025-12-31,Increased,13F-NT,Mark Miller,mark.miller@aqrcapital.com
Renaissance Technologies,RNTC,UnitedHealth Group,UNH,91324P102,45827258,35380137766.80,0.8540,2024-06-30,Increased,13F-NT,Thomas Brown,thomas.brown@renaissanc.com
State Street Corp,STT,Alphabet Inc,GOOGL,02079K305,78833,39111129.35,0.0019,2025-06-30,Decreased,13F-HR,David Williams,david.williams@statestree.com
Vanguard Group,VGI,Walt Disney Co,DIS,254687106,38619488,15925238394.93,1.1493,2024-12-31,Unchanged,13F-HR,Jennifer Lopez,jennifer.lopez@vanguardgr.com
Renaissance Technologies,RNTC,Meta Platforms,META,30303M102,17760789,11265117151.67,0.3807,2025-06-30,Increased,13F-HR,Patricia Williams,patricia.williams@renaissanc.com
Capital Group,CGBL,Alphabet Inc,GOOGL,02079K305,10596669,341124307.19,0.4089,2025-09-30,Increased,13F-HR,James Smith,james.smith@capitalgro.com
Fidelity Investments,FNF,Bank of America,BAC,060505104,47915917,9741814120.90,1.2808,2024-09-30,New,13F-HR,Thomas Anderson,thomas.anderson@fidelityin.com
Appaloosa Management,APLS,Bank of America,BAC,060505104,18233705,3664249030.10,0.2284,2024-09-30,New,13F-HR,Patricia Davis,patricia.davis@appaloosam.com
Morgan Stanley IM,MS,Visa Inc,V,92826C839,44908374,3214861943.69,0.9420,2024-03-31,New,13F-HR,Mark Garcia,mark.garcia@morganstan.com
Vanguard Group,VGI,Cisco Systems,CSCO,17275R102,18342156,13668425620.75,0.5734,2025-06-30,Decreased,13F-HR,Richard Martin,richard.martin@vanguardgr.com
Renaissance Technologies,RNTC,Meta Platforms,META,30303M102,6761741,2347267276.89,0.1522,2024-03-31,Unchanged,13F-NT,David Anderson,david.anderson@renaissanc.com
BlackRock Inc,BLK,Walt Disney Co,DIS,254687106,26324133,5577225606.89,0.5858,2024-03-31,Increased,13F-HR,Daniel Johnson,daniel.johnson@blackrocki.com
Two Sigma Investments,TWSM,Meta Platforms,META,30303M102,8716473,2664707762.35,0.1244,2024-03-31,Decreased,13F-HR,Sarah Taylor,sarah.taylor@twosigmain.com
Wellington Management,WMGI,Netflix Inc,NFLX,64110L106,32936385,13907103966.66,0.6247,2025-06-30,Decreased,13F-HR,Lisa Brown,lisa.brown@wellington.com
Two Sigma Investments,TWSM,Bank of America,BAC,060505104,2698350,986128963.26,0.0612,2024-03-31,Unchanged,13F-HR,Dorothy Martinez,dorothy.martinez@twosigmain.com
Vanguard Group,VGI,Amazon.com Inc,AMZN,023135106,3826106,2232371695.76,0.1262,2024-03-31,Unchanged,13F-HR,Nancy Lopez,nancy.lopez@vanguardgr.com
Goldman Sachs AM,GS,Adobe Inc,ADBE,00724F101,49643643,33082258793.06,5.3447,2025-12-31,Decreased,13F-HR,James Lopez,james.lopez@goldmansac.com
T. Rowe Price,TROW,Intel Corp,INTC,458140100,19141463,14090736481.12,0.7840,2024-12-31,Unchanged,13F-HR,Susan Miller,susan.miller@troweprice.com
AQR Capital Management,AQRC,Adobe Inc,ADBE,00724F101,6070585,4664565265.57,0.1775,2025-06-30,Unchanged,13F-NT,Mark Thomas,mark.thomas@aqrcapital.com
Capital Group,CGBL,Bank of America,BAC,060505104,47792794,25170718795.87,0.8557,2025-12-31,Unchanged,13F-HR,Daniel Martin,daniel.martin@capitalgro.com
AQR Capital Management,AQRC,Bank of America,BAC,060505104,6052992,2345088679.60,0.1927,2024-06-30,Unchanged,13F-NT,Richard Hernandez,richard.hernandez@aqrcapital.com
State Street Corp,STT,Coca-Cola Co,KO,191216100,37157346,1474736856.62,0.7442,2024-09-30,Decreased,13F-HR,Lisa Rodriguez,lisa.rodriguez@statestree.com
AQR Capital Management,AQRC,Chevron Corp,CVX,166764100,41387749,3522210722.44,2.3447,2025-09-30,Increased,13F-HR,Steven Thomas,steven.thomas@aqrcapital.com
Baupost Group,BPST,Exxon Mobil,XOM,30231G102,12740065,9330962316.32,0.1703,2024-06-30,Decreased,13F-HR,Thomas Johnson,thomas.johnson@baupostgro.com
Point72 Asset Mgmt,PT72,Apple Inc,AAPL,037833100,41479987,20130220110.00,2.0108,2024-06-30,New,13F-HR,Sarah Martinez,sarah.martinez@point72ass.com
Wellington Management,WMGI,Johnson & Johnson,JNJ,478160104,26015979,11880433251.22,0.5053,2024-12-31,Unchanged,13F-HR,Daniel Davis,daniel.davis@wellington.com
Goldman Sachs AM,GS,Exxon Mobil,XOM,30231G102,33818151,1964000316.89,0.4519,2024-06-30,Unchanged,13F-HR,Steven Miller,steven.miller@goldmansac.com
DE Shaw & Co,DSHW,Apple Inc,AAPL,037833100,21377331,10234357159.23,0.3368,2024-06-30,Unchanged,13F-HR,Dorothy Williams,dorothy.williams@deshaw&co.com
Citadel Advisors,CDLC,Pfizer Inc,PFE,717081103,28922054,22178917617.39,0.5944,2024-12-31,Unchanged,13F-HR,Michael Brown,michael.brown@citadeladv.com
Bridgewater Associates,BWTR,Procter & Gamble,PG,742718109,8502508,1765949850.09,0.3191,2027-02-05,Decreased,13F-NT,Dorothy Smith,dorothy.smith@bridgewate.com
AQR Capital Management,AQRC,Intel Corp,INTC,458140100,43467302,10431913958.43,2.3725,2024-09-30,Increased,13F-NT,Sarah Thomas,sarah.thomas@aqrcapital.com
Vanguard Group,VGI,Chevron Corp,CVX,166764100,22653211,7917325061.53,0.3318,2025-09-30,Unchanged,13F-HR,Thomas Thomas,thomas.thomas@vanguardgr.com
State Street Corp,STT,Home Depot,HD,437076102,25060099,17100208614.19,3.2428,2025-12-31,Increased,13F-HR,Thomas Miller,thomas.miller@statestree.com
Millennium Management,MLNM,JPMorgan Chase,JPM,46625H100,18739643,1092222403.74,0.3429,2025-03-31,Unchanged,13F-NT,Karen Rodriguez,karen.rodriguez@millennium.com
Morgan Stanley IM,MS,Netflix Inc,NFLX,64110L106,38408411,25433821342.21,0.8566,2024-03-31,Unchanged,13F-HR,Dorothy Moore,dorothy.moore@morganstan.com
DE Shaw & Co,DSHW,Netflix Inc,NFLX,64110L106,12540939,561381237.91,1.5203,2024-12-31,New,13F-HR,David Miller,david.miller@deshaw&co.com
Renaissance Technologies,RNTC,Cisco Systems,CSCO,,14009547,10527554470.90,0.2407,2024-12-31,Unchanged,13F-NT,Michael Anderson,michael.anderson@renaissanc.com
Vanguard Group,VGI,Intel Corp,INTC,458140100,44430963,33134310538.83,3.9939,2025-03-31,Increased,13F-HR,Sarah Taylor,sarah.taylor@vanguardgr.com
BlackRock Inc,BLK,Berkshire Hathaway,BRK.B,084670702,4903034,3179207737.68,0.0679,2025-12-31,Decreased,13F-HR,Dorothy Johnson,dorothy.johnson@blackrocki.com
Renaissance Technologies,RNTC,Walt Disney Co,DIS,254687106,9679449,5203834886.41,0.3285,2024-09-30,New,13F-HR,James Martin,james.martin@renaissanc.com
JP Morgan Asset Mgmt,JPM,Cisco Systems,CSCO,17275R102,36245134,23655958980.93,0.5016,2024-09-30,Unchanged,13F-HR,Karen Garcia,karen.garcia@jpmorganas.com
JP Morgan Asset Mgmt,JPM,Home Depot,HD,437076102,16004469,2984127066.65,0.2012,2024-09-30,New,13F-HR,Elizabeth Moore,elizabeth.moore@jpmorganas.com
Capital Group,CGBL,UnitedHealth Group,UNH,91324P102,36550804,20019323741.27,0.5488,2025-06-30,Unchanged,13F-HR,Patricia Williams,patricia.williams@capitalgro.com
Goldman Sachs AM,GS,Chevron Corp,CVX,166764100,4267093,1488933398.57,0.0684,2024-03-31,Decreased,13F-HR,Thomas Brown,thomas.brown@goldmansac.com
DE Shaw & Co,DSHW,Amazon.com Inc,AMZN,023135106,36409398,2503747434.31,0.9633,2024-03-31,Increased,13F-HR,Susan Garcia,susan.garcia@deshaw&co.com
DE Shaw & Co,DSHW,Intel Corp,INTC,458140100,17442810,5259885921.37,0.2422,2025-06-30,New,13F-HR,Patricia Taylor,patricia.taylor@deshaw&co.com
Bridgewater Associates,BWTR,Johnson & Johnson,JNJ,478160104,47587417,4303382155.82,0.8261,2024-06-30,Unchanged,13F-NT,Elizabeth Smith,elizabeth.smith@bridgewate.com
State Street Corp,STT,Intel Corp,INTC,458140100,31964732,13398132257.37,0.6360,2024-06-30,Decreased,13F-NT,Richard Brown,richard.brown@statestree.com
Vanguard Group,VGI,NVIDIA Corp,NVDA,67066G104,17602414,527704597.34,0.4556,2024-09-30,Decreased,13F-HR,Elizabeth Martin,elizabeth.martin@vanguardgr.com
Baupost Group,BPST,Alphabet Inc,GOOGL,02079K305,21731312,8032100438.08,0.3552,2024-09-30,Unchanged,13F-HR,Nancy White,nancy.white@baupostgro.com
Morgan Stanley IM,MS,Cisco Systems,CSCO,,42291619,3867830378.11,1.2515,2025-12-31,Decreased,13F-HR,Richard Lopez,richard.lopez@morganstan.com
BlackRock Inc,BLK,Tesla Inc,TSLA,88160R101,7890779,2139455820.81,0.1237,2025-12-31,New,13F-HR,Nancy Thomas,nancy.thomas@blackrocki.com
BlackRock Inc,BLK,Meta Platforms,META,30303M102,83132,12594241.16,0.0026,2025-09-30,Increased,13F-HR,Patricia Jones,patricia.jones@blackrocki.com
Baupost Group,BPST,Alphabet Inc,GOOGL,02079K305,34446037,4828722439.96,1.0189,2024-03-31,Unchanged,13F-NT,Jennifer Anderson,jennifer.anderson@baupostgro.com
Citadel Advisors,,Amazon.com Inc,AMZN,023135106,28782268,13577509573.39,1.5662,2025-06-30,Unchanged,13F-HR,Margaret Martin,margaret.martin@citadeladv.com
BlackRock Inc,BLK,Procter & Gamble,PG,742718109,TBD,17197192965.21,0.7532,2025-03-31,Unchanged,13F-HR,Susan Martinez,susan.martinez@blackrocki.com
Two Sigma Investments,TWSM,Bank of America,BAC,060505104,27276392,11361740426.98,0.3520,2025-06-30,New,13F-HR,Margaret Hernandez,margaret.hernandez@twosigmain.com
Renaissance Technologies,RNTC,Pfizer Inc,PFE,717081103,24640232,3770670711.26,0.9627,2024-06-30,Unchanged,13F-HR,David Johnson,david.johnson@renaissanc.com
Fidelity Investments,FNF,Tesla Inc,TSLA,88160R101,38018556,1983809377.39,1.4146,2025-09-30,Unchanged,13F-HR,Michael Thomas,michael.thomas@fidelityin.com
Citadel Advisors,CDLC,Salesforce Inc,CRM,79466L302,8670890,2225070433.03,0.1330,2024-09-30,Unchanged,13F-NT,William Brown,william.brown@citadeladv.com
Bridgewater Associates,BWTR,Meta Platforms,META,30303M102,33116376,16587800276.97,4.5692,2024-06-30,New,13F-HR,Mark Thomas,mark.thomas@bridgewate.com
Millennium Management,MLNM,Berkshire Hathaway,BRK.B,084670702,28968519,11370787387.72,1.9597,2025-06-30,Increased,13F-NT,Robert Smith,robert.smith@millennium.com
AQR Capital Management,AQRC,Netflix Inc,NFLX,64110L106,40130504,11981352836.96,1.5641,2025-09-30,New,13F-HR,David Davis,david.davis@aqrcapital.com
Appaloosa Management,APLS,JPMorgan Chase,JPM,46625H100,3208202,1127661082.24,0.0443,2099-13-45,Unchanged,13F-HR,Dorothy Anderson,dorothy.anderson@appaloosam.com
Renaissance Technologies,RNTC,Walt Disney Co,DIS,254687106,27863719,5971895968.85,0.7635,2024-09-30,Increased,13F-HR,Steven Thomas,steven.thomas@renaissanc.com
Bridgewater Associates,BWTR,Coca-Cola Co,KO,,48124802,36494868765.31,0.8230,2025-12-31,Decreased,13F-HR,Steven Brown,steven.brown@bridgewate.com
AQR Capital Management,AQRC,Procter & Gamble,PG,742718109,11452008,6038633794.16,0.1781,2025-09-30,Unchanged,13F-HR,Dorothy White,dorothy.white@aqrcapital.com
Citadel Advisors,CDLC,Adobe Inc,ADBE,00724F101,41188641,22298579660.24,4.5063,2025-06-30,Increased,13F-HR,Karen White,karen.white@citadeladv.com
Fidelity Investments,FNF,Tesla Inc,TSLA,88160R101,19383255,7184754594.19,1.5405,2099-13-45,Unchanged,13F-HR,Susan Davis,susan.davis@fidelityin.com
Citadel Advisors,CDLC,NVIDIA Corp,NVDA,67066G104,40294542,9913991774.48,0.6534,2024-06-30,Unchanged,13F-HR,James Rodriguez,james.rodriguez@citadeladv.com
Citadel Advisors,CDLC,Procter & Gamble,PG,742718109,20499606,7638362736.11,1.5376,2025-09-30,Unchanged,13F-NT,David Thomas,david.thomas@citadeladv.com
BlackRock Inc,BLK,Johnson & Johnson,JNJ,478160104,18259534,3811721932.74,0.9143,2024-03-31,Decreased,13F-HR,Daniel Jackson,daniel.jackson@blackrocki.com
Renaissance Technologies,RNTC,Johnson & Johnson,JNJ,478160104,45996237,5298855717.70,1.0890,2025-06-30,New,13F-HR,Steven Thomas,steven.thomas@renaissanc.com
Two Sigma Investments,TWSM,Pfizer Inc,PFE,717081103,655571,301498217.94,0.0525,2025-03-31,Increased,13F-HR,David Thomas,david.thomas@twosigmain.com
Bridgewater Associates,BWTR,UnitedHealth Group,UNH,91324P102,17745681,2553060806.50,1.1351,2024-06-30,Increased,13F-NT,William Garcia,william.garcia@bridgewate.com
Vanguard Group,VGI,Apple Inc,AAPL,037833100,7601440,1402681316.91,0.4446,2024-06-30,Increased,13F-HR,Elizabeth Martinez,elizabeth.martinez@vanguardgr.com
Citadel Advisors,CDLC,Berkshire Hathaway,BRK.B,084670702,22341558,15739020494.44,1.4718,2025-03-31,Unchanged,13F-HR,Thomas Rodriguez,thomas.rodriguez@citadeladv.com
Bridgewater Associates,BWTR,Salesforce Inc,CRM,79466L302,15944767,4248249315.75,0.3298,2025-09-30,Unchanged,13F-HR,James Moore,james.moore@bridgewate.com
State Street Corp,STT,UnitedHealth Group,UNH,91324P102,24018196,1353059179.42,0.5838,2024-09-30,Increased,13F-HR,Thomas Miller,thomas.miller@statestree.com
Millennium Management,MLNM,JPMorgan Chase,JPM,46625H100,32149148,18770313636.61,0.4321,2024-12-31,Unchanged,13F-HR,Sarah Lopez,sarah.lopez@millennium.com
Appaloosa Management,APLS,Adobe Inc,ADBE,00724F101,41727388,24906417266.51,0.8334,2024-03-31,Increased,13F-HR,Patricia Davis,patricia.davis@appaloosam.com
Point72 Asset Mgmt,PT72,Microsoft Corp,MSFT,594918104,23104650,14890382680.75,0.3095,2025-03-31,Unchanged,13F-HR,Sarah Hernandez,sarah.hernandez@point72ass.com
Citadel Advisors,CDLC,Coca-Cola Co,KO,191216100,34981424,13876510996.66,1.3745,2024-12-31,Decreased,13F-HR,Steven Moore,steven.moore@citadeladv.com
Point72 Asset Mgmt,PT72,NVIDIA Corp,NVDA,67066G104,41632404,31510621545.49,1.4448,2025-09-30,Unchanged,13F-HR,William Smith,william.smith@point72ass.com
Appaloosa Management,APLS,Coca-Cola Co,KO,191216100,15249265,9039681282.04,2.6246,2024-09-30,Unchanged,13F-HR,Elizabeth Martinez,elizabeth.martinez@appaloosam.com
BlackRock Inc,BLK,Coca-Cola Co,KO,191216100,8011347,1791742932.81,0.2431,2025-06-30,Decreased,13F-HR,Nancy Davis,nancy.davis@blackrocki.com
Baupost Group,BPST,Intel Corp,INTC,458140100,6090341,959628205.76,0.1592,2024-03-31,Increased,13F-HR,William Thomas,william.thomas@baupostgro.com
T. Rowe Price,TROW,Tesla Inc,TSLA,88160R101,12422092,8379513128.71,0.8521,2024-06-30,Unchanged,13F-NT,Richard Hernandez,richard.hernandez@troweprice.com
Fidelity Investments,FNF,Alphabet Inc,GOOGL,02079K305,18187304,3999454026.31,0.5864,2027-03-26,Decreased,13F-HR,Margaret White,margaret.white@fidelityin.com
State Street Corp,STT,Salesforce Inc,CRM,79466L302,25591267,686027929.71,0.4104,2024-12-31,Decreased,13F-HR,Patricia Lopez,patricia.lopez@statestree.com
Morgan Stanley IM,MS,Coca-Cola Co,KO,191216100,45694944,27586037768.13,0.8536,2025-09-30,Unchanged,13F-NT,Nancy White,nancy.white@morganstan.com
Point72 Asset Mgmt,PT72,Berkshire Hathaway,BRK.B,084670702,34403535,19455212937.52,2.6523,2025-03-31,Unchanged,13F-HR,Sarah Thomas,sarah.thomas@point72ass.com
Morgan Stanley IM,MS,Procter & Gamble,PG,742718109,48100330,5358896190.62,0.6331,2025-06-30,Decreased,13F-HR,Elizabeth Miller,elizabeth.miller@morganstan.com
BlackRock Inc,BLK,NVIDIA Corp,NVDA,67066G104,3113011,1385900519.37,0.0542,2025-12-31,Increased,13F-NT,Karen Jones,karen.jones@blackrocki.com
Fidelity Investments,FNF,NVIDIA Corp,NVDA,67066G104,37362997,6721010851.04,0.6085,2025-03-31,Decreased,13F-NT,,
JP Morgan Asset Mgmt,JPM,Chevron Corp,CVX,166764100,24435743,12972080475.83,1.2244,2025-12-31,Increased,13F-HR,Susan Rodriguez,susan.rodriguez@jpmorganas.com
AQR Capital Management,AQRC,Meta Platforms,META,30303M102,40660452,12662777903.82,0.5206,2025-12-31,Increased,13F-HR,Karen Thompson,karen.thompson@aqrcapital.com
JP Morgan Asset Mgmt,JPM,Alphabet Inc,GOOGL,02079K305,10184003,2058528881.40,0.1532,2025-12-31,New,13F-HR,Daniel Martin,daniel.martin@jpmorganas.com
BlackRock Inc,BLK,Pfizer Inc,PFE,717081103,30507930,3658143614.50,0.4304,2024-03-31,New,13F-HR,Jennifer Rodriguez,jennifer.rodriguez@blackrocki.com
Fidelity Investments,FNF,Microsoft Corp,MSFT,594918104,6656703,1359244001.93,0.2574,2025-03-31,Unchanged,13F-NT,Karen Thomas,karen.thomas@fidelityin.com
Goldman Sachs AM,GS,Salesforce Inc,CRM,79466L302,15505133,4899100537.53,0.3631,2025-03-31,Increased,13F-HR,James White,james.white@goldmansac.com
Baupost Group,BPST,Walt Disney Co,DIS,254687106,48114058,9971551317.33,2.5792,2025-12-31,Decreased,13F-HR,Patricia Garcia,patricia.garcia@baupostgro.com
State Street Corp,STT,Procter & Gamble,PG,742718109,13937960,7444913236.83,1.0752,2025-06-30,Increased,13F-HR,Nancy Thompson,nancy.thompson@statestree.com
Capital Group,CGBL,Tesla Inc,TSLA,88160R101,14909409,8339897739.54,0.2115,2024-12-31,Increased,13F-NT,Lisa Brown,lisa.brown@capitalgro.com
AQR Capital Management,AQRC,Cisco Systems,CSCO,17275R102,3403336,1731133021.52,0.0946,2025-09-30,New,13F-NT,Susan Martinez,susan.martinez@aqrcapital.com
State Street Corp,STT,Visa Inc,V,92826C839,28720847,7000486793.07,1.2456,2025-12-31,New,13F-HR,Robert Taylor,robert.taylor@statestree.com
Millennium Management,MLNM,Bank of America,BAC,060505104,8848713,2440442576.28,0.1382,2025-03-31,Increased,13F-HR,Richard White,richard.white@millennium.com
Baupost Group,BPST,Alphabet Inc,GOOGL,02079K305,31291945,10615756056.91,-1.1589,2025-12-31,Increased,13F-NT,Nancy Thomas,nancy.thomas@baupostgro.com
Baupost Group,BPST,Procter & Gamble,PG,742718109,29354384,17767512152.39,0.3899,2024-12-31,Decreased,13F-NT,Karen Davis,karen.davis@baupostgro.com
Fidelity Investments,FNF,Microsoft Corp,MSFT,594918104,39134946,3211525755.77,0.6214,2025-06-30,Unchanged,13F-HR,Steven White,steven.white@fidelityin.com
Renaissance Technologies,RNTC,Netflix Inc,NFLX,64110L106,247849,178165566.80,0.0056,2025-12-31,Unchanged,13F-NT,Steven Brown,steven.brown@renaissanc.com
Renaissance Technologies,RNTC,Coca-Cola Co,KO,191216100,7589259,4906453562.18,0.1115,2024-06-30,Increased,13F-HR,Margaret Hernandez,margaret.hernandez@renaissanc.com
Wellington Management,WMGI,Chevron Corp,CVX,166764100,15996931,7592185598.42,1.3550,2025-12-31,Unchanged,13F-HR,Richard Taylor,richard.taylor@wellington.com
BlackRock Inc,BLK,NVIDIA Corp,NVDA,67066G104,14600500,8120281986.92,0.2419,2024-09-30,Decreased,13F-HR,Daniel Williams,daniel.williams@blackrocki.com
Morgan Stanley IM,MS,Amazon.com Inc,AMZN,023135106,45804631,15559663672.81,1.4946,2024-03-31,Increased,13F-HR,Elizabeth Anderson,elizabeth.anderson@morganstan.com
Citadel Advisors,CDLC,Meta Platforms,META,30303M102,12043386,9268574056.00,0.6141,2025-03-31,New,13F-HR,William Thomas,william.thomas@citadeladv.com
State Street Corp,STT,JPMorgan Chase,JPM,46625H100,38836768,1318680650.92,1.2294,2024-12-31,New,13F-HR,Dorothy Jones,dorothy.jones@statestree.com
JP Morgan Asset Mgmt,JPM,Procter & Gamble,PG,742718109,29558058,10822974033.46,0.5747,2025-12-31,New,13F-HR,Elizabeth White,elizabeth.white@jpmorganas.com
T. Rowe Price,TROW,Apple Inc,AAPL,037833100,16878630,9405060889.43,3.3719,2024-06-30,Increased,13F-HR,Mark Lopez,mark.lopez@troweprice.com
Citadel Advisors,CDLC,Adobe Inc,ADBE,00724F101,41733871,5829320238.97,0.6090,2024-12-31,Unchanged,13F-HR,Daniel Thompson,daniel.thompson@citadeladv.com
Millennium Management,MLNM,UnitedHealth Group,UNH,91324P102,17536220,9857651024.05,0.3127,2024-03-31,Unchanged,13F-HR,Patricia Jones,patricia.jones@millennium.com
JP Morgan Asset Mgmt,JPM,Meta Platforms,META,30303M102,4546411,3139479101.04,0.1286,2025-12-31,Increased,13F-NT,William Miller,william.miller@jpmorganas.com
Wellington Management,WMGI,Amazon.com Inc,AMZN,023135106,16500246,8932003220.55,0.5089,2025-12-31,Increased,13F-HR,Thomas Jones,thomas.jones@wellington.com
Point72 Asset Mgmt,PT72,Amazon.com Inc,AMZN,023135106,20011052,7965553848.84,0.5566,2025-12-31,Decreased,13F-HR,Daniel Hernandez,daniel.hernandez@point72ass.com
Point72 Asset Mgmt,PT72,Microsoft Corp,MSFT,594918104,41766334,23629241548.04,1.6499,2025-09-30,Unchanged,13F-HR,Daniel Brown,daniel.brown@point72ass.com
State Street Corp,STT,Bank of America,BAC,060505104,13384908,8397917298.68,0.1859,2024-12-31,Increased,13F-HR,David Martinez,david.martinez@statestree.com
Millennium Management,MLNM,Exxon Mobil,XOM,30231G102,11821848,8595165190.62,0.2408,2025-09-30,Increased,13F-HR,Sarah White,sarah.white@millennium.com
T. Rowe Price,TROW,Salesforce Inc,CRM,79466L302,46084863,4762685787.02,0.7692,2024-03-31,New,13F-NT,Steven Hernandez,steven.hernandez@troweprice.com
Wellington Management,WMGI,Meta Platforms,META,30303M102,5270400,2836291963.85,0.1893,2024-12-31,Unchanged,13F-HR,Robert Thomas,robert.thomas@wellington.com
Two Sigma Investments,TWSM,Bank of America,BAC,060505104,47611442,31218205852.16,0.9889,2025-03-31,Unchanged,13F-HR,William Davis,william.davis@twosigmain.com
AQR Capital Management,AQRC,Berkshire Hathaway,BRK.B,084670702,9563787,1240615440.73,0.5903,2025-12-31,Unchanged,13F-HR,Mark Martin,mark.martin@aqrcapital.com
Capital Group,CGBL,Meta Platforms,META,30303M102,4200748,2194858123.95,0.0979,2024-12-31,New,13F-HR,Richard Williams,richard.williams@capitalgro.com
Renaissance Technologies,RNTC,Procter & Gamble,PG,742718109,48299973,17279721621.65,0.7412,2025-12-31,Unchanged,13F-HR,Patricia Martin,patricia.martin@renaissanc.com
Renaissance Technologies,RNTC,Amazon.com Inc,AMZN,023135106,22450509,6541754169.20,0.5599,2024-03-31,Increased,13F-NT,Mark Brown,mark.brown@renaissanc.com
DE Shaw & Co,DSHW,Amazon.com Inc,AMZN,023135106,9564089,2976134775.05,0.2021,2024-12-31,Unchanged,13F-NT,Lisa Thompson,lisa.thompson@deshaw&co.com
Appaloosa Management,APLS,UnitedHealth Group,UNH,91324P102,21943824,1055634295.36,0.4012,2025-06-30,Increased,13F-HR,,
Capital Group,CGBL,Alphabet Inc,GOOGL,02079K305,30179913,11574690402.30,1.3437,2024-09-30,Increased,13F-HR,Margaret Taylor,margaret.taylor@capitalgro.com
BlackRock Inc,BLK,Microsoft Corp,MSFT,594918104,47313866,14548602496.61,1.5812,2025-12-31,Increased,13F-NT,Michael Jones,michael.jones@blackrocki.com
Goldman Sachs AM,GS,Intel Corp,INTC,458140100,16554031,9033692243.56,0.2249,2025-03-31,Decreased,13F-HR,Nancy Rodriguez,nancy.rodriguez@goldmansac.com
Millennium Management,MLNM,Salesforce Inc,CRM,79466L302,33518376,25215454018.53,0.5240,2024-12-31,New,13F-HR,Daniel Johnson,daniel.johnson@millennium.com
Appaloosa Management,APLS,Salesforce Inc,CRM,79466L302,45373212,32903116850.33,0.6302,2024-06-30,Unchanged,13F-HR,Thomas Thompson,thomas.thompson@appaloosam.com
Capital Group,CGBL,Cisco Systems,CSCO,17275R102,5927943,4706705686.73,0.1402,2024-03-31,New,13F-HR,Margaret Thomas,margaret.thomas@capitalgro.com
Morgan Stanley IM,MS,Chevron Corp,CVX,166764100,45663046,26583336720.71,0.5913,2024-03-31,Increased,13F-HR,Margaret Rodriguez,margaret.rodriguez@morganstan.com
BlackRock Inc,BLK,Berkshire Hathaway,BRK.B,084670702,42961207,31780228365.85,2.4288,2024-09-30,Unchanged,13F-HR,Robert Taylor,robert.taylor@blackrocki.com
Point72 Asset Mgmt,PT72,Coca-Cola Co,KO,191216100,1956655,55261040.68,0.0472,2025-12-31,Increased,13F-NT,Sarah Davis,sarah.davis@point72ass.com
Bridgewater Associates,BWTR,Exxon Mobil,XOM,30231G102,40088572,3249480872.03,4.1587,2024-12-31,New,13F-HR,Jennifer Garcia,jennifer.garcia@bridgewate.com
Appaloosa Management,APLS,Johnson & Johnson,JNJ,478160104,22986697,1363643255.58,0.3702,2024-09-30,Increased,13F-HR,Susan Jones,susan.jones@appaloosam.com
Vanguard Group,VGI,Procter & Gamble,PG,742718109,19658391,1881923219.52,0.3323,2025-09-30,Unchanged,13F-NT,Susan Miller,susan.miller@vanguardgr.com
BlackRock Inc,BLK,Meta Platforms,META,30303M102,2758410,939616918.94,0.1095,2024-03-31,Unchanged,13F-HR,Michael Miller,michael.miller@blackrocki.com
Morgan Stanley IM,MS,Microsoft Corp,MSFT,594918104,24682203,19396444070.78,0.8790,2025-03-31,Decreased,13F-HR,David Williams,david.williams@morganstan.com
JP Morgan Asset Mgmt,,Intel Corp,INTC,458140100,11208124,3529534187.50,0.1718,2024-09-30,Increased,13F-HR,Karen Smith,karen.smith@jpmorganas.com
Capital Group,CGBL,Visa Inc,V,92826C839,30660344,18668198962.24,0.6664,2025-09-30,Unchanged,13F-HR,Margaret White,margaret.white@capitalgro.com
Bridgewater Associates,BWTR,Coca-Cola Co,KO,191216100,32160465,6011103196.27,0.5397,2025-03-31,Increased,13F-HR,Margaret Rodriguez,margaret.rodriguez@bridgewate.com
Goldman Sachs AM,GS,Apple Inc,AAPL,037833100,7290923,5387908233.96,0.2717,2024-06-30,Decreased,13F-HR,James Thomas,james.thomas@goldmansac.com
Goldman Sachs AM,GS,JPMorgan Chase,JPM,46625H100,20385467,6303534622.20,1.1230,2025-12-31,Unchanged,13F-HR,Thomas Anderson,thomas.anderson@goldmansac.com
Wellington Management,WMGI,Netflix Inc,NFLX,64110L106,19989531,12383553406.08,0.4916,2024-12-31,Increased,13F-HR,Susan Brown,susan.brown@wellington.com
Two Sigma Investments,TWSM,Cisco Systems,CSCO,17275R102,28033926,18042295583.55,0.6530,2024-12-31,Unchanged,13F-HR,Mark Thompson,mark.thompson@twosigmain.com
Citadel Advisors,CDLC,JPMorgan Chase,JPM,46625H100,26260504,4286843887.08,2.7519,2024-09-30,Increased,13F-NT,Margaret Rodriguez,margaret.rodriguez@citadeladv.com
AQR Capital Management,AQRC,Berkshire Hathaway,BRK.B,084670702,22393379,17134196866.06,0.3104,2024-09-30,Unchanged,13F-HR,James Smith,james.smith@aqrcapital.com
Bridgewater Associates,BWTR,Procter & Gamble,PG,742718109,25095281,13930371768.74,1.2789,2024-12-31,Unchanged,13F-HR,Robert Taylor,robert.taylor@bridgewate.com
Goldman Sachs AM,GS,Salesforce Inc,CRM,79466L302,22414425,8705156341.61,0.6370,2025-09-30,Unchanged,13F-HR,Patricia Martinez,patricia.martinez@goldmansac.com
Bridgewater Associates,BWTR,Cisco Systems,CSCO,17275R102,37965068,13672490500.12,0.6432,2025-12-31,Decreased,13F-NT,Karen Brown,karen.brown@bridgewate.com
Two Sigma Investments,TWSM,Alphabet Inc,GOOGL,02079K305,5169446,1999340240.74,0.2700,2024-12-31,New,13F-HR,Susan Johnson,susan.johnson@twosigmain.com
T. Rowe Price,TROW,Bank of America,BAC,060505104,19426485,1782811248.69,0.3622,2024-06-30,Increased,13F-HR,Margaret Moore,margaret.moore@troweprice.com
JP Morgan Asset Mgmt,JPM,JPMorgan Chase,JPM,46625H100,34455720,1228030763.97,6.4018,2025-09-30,Unchanged,13F-HR,Richard Garcia,richard.garcia@jpmorganas.com
Bridgewater Associates,BWTR,Salesforce Inc,CRM,79466L302,28634432,2401426021.23,-4.0735,2024-09-30,Unchanged,13F-HR,Nancy Lopez,nancy.lopez@bridgewate.com
Appaloosa Management,,Microsoft Corp,MSFT,594918104,30746368,9480418145.35,0.4577,2024-12-31,Unchanged,13F-NT,Steven Smith,steven.smith@appaloosam.com
JP Morgan Asset Mgmt,JPM,Walt Disney Co,DIS,254687106,48983585,26679847844.21,5.1889,2025-03-31,Increased,13F-NT,James Rodriguez,james.rodriguez@jpmorganas.com
DE Shaw & Co,DSHW,JPMorgan Chase,JPM,46625H100,26425664,9532025186.15,2.3189,2025-09-30,New,13F-NT,Thomas White,thomas.white@deshaw&co.com
JP Morgan Asset Mgmt,JPM,Cisco Systems,CSCO,17275R102,20936250,11988926708.28,0.6317,2025-06-30,Increased,13F-HR,Nancy Brown,nancy.brown@jpmorganas.com
Capital Group,CGBL,Cisco Systems,CSCO,17275R102,6617981,2736308510.04,0.1184,2025-06-30,Increased,13F-HR,Thomas Taylor,thomas.taylor@capitalgro.com
State Street Corp,STT,Home Depot,HD,437076102,2936758,174074822.61,0.0405,2025-03-31,Unchanged,13F-NT,Nancy Miller,nancy.miller@statestree.com
AQR Capital Management,AQRC,NVIDIA Corp,NVDA,67066G104,39435917,7032166012.26,0.5009,2025-03-31,Increased,13F-HR,Steven Rodriguez,steven.rodriguez@aqrcapital.com
Capital Group,CGBL,Apple Inc,AAPL,037833100,30130861,13788175527.27,0.7404,2025-12-31,Increased,13F-HR,Steven Williams,steven.williams@capitalgro.com
AQR Capital Management,AQRC,Chevron Corp,CVX,166764100,30181005,5924675932.65,0.7608,2024-09-30,Unchanged,13F-HR,Thomas Lopez,thomas.lopez@aqrcapital.com
Baupost Group,BPST,JPMorgan Chase,JPM,46625H100,1805232,366829616.78,0.0347,2024-03-31,Increased,13F-HR,James Davis,james.davis@baupostgro.com
Citadel Advisors,CDLC,Intel Corp,INTC,458140100,11893797,3928368145.47,1.7754,2025-09-30,Increased,13F-HR,James Garcia,james.garcia@citadeladv.com
Appaloosa Management,APLS,Visa Inc,V,92826C839,24657924,17341567397.91,-0.3420,2025-03-31,Decreased,13F-HR,Sarah Jones,sarah.jones@appaloosam.com
DE Shaw & Co,DSHW,Berkshire Hathaway,BRK.B,084670702,29974148,7647407893.35,0.7101,2024-06-30,Unchanged,13F-HR,Steven Moore,steven.moore@deshaw&co.com
Morgan Stanley IM,MS,Chevron Corp,CVX,166764100,14040846,2729950261.40,1.5034,2025-03-31,Decreased,13F-HR,Lisa Garcia,lisa.garcia@morganstan.com
Capital Group,CGBL,Chevron Corp,CVX,166764100,38965817,6231036813.91,0.7053,2024-03-31,Unchanged,13F-HR,Karen Anderson,karen.anderson@capitalgro.com
JP Morgan Asset Mgmt,JPM,Bank of America,BAC,060505104,38263909,19428635316.35,0.6878,2024-12-31,Increased,13F-HR,Margaret Hernandez,margaret.hernandez@jpmorganas.com
Bridgewater Associates,BWTR,Tesla Inc,TSLA,88160R101,42308532,24268562855.75,1.8614,2025-03-31,Unchanged,13F-HR,William Martin,william.martin@bridgewate.com
Fidelity Investments,FNF,Exxon Mobil,XOM,30231G102,3425415,1777732414.61,0.1441,2024-03-31,Decreased,13F-NT,William Thompson,william.thompson@fidelityin.com
BlackRock Inc,BLK,Cisco Systems,CSCO,17275R102,7488092,2203454690.71,1.0102,2025-09-30,Unchanged,13F-HR,David Johnson,david.johnson@blackrocki.com
Citadel Advisors,CDLC,Microsoft Corp,MSFT,594918104,40412968,21729534884.46,0.5675,2025-09-30,Unchanged,13F-NT,Sarah Johnson,sarah.johnson@citadeladv.com
AQR Capital Management,AQRC,Bank of America,BAC,060505104,3057907,587131536.69,0.4159,2025-03-31,Increased,13F-HR,Jennifer Martinez,jennifer.martinez@aqrcapital.com
Fidelity Investments,FNF,Amazon.com Inc,AMZN,023135106,48969297,4280199118.42,0.7951,2024-09-30,New,13F-HR,James Garcia,james.garcia@fidelityin.com
JP Morgan Asset Mgmt,JPM,Home Depot,HD,437076102,22646704,4134234803.59,0.4667,2025-09-30,Increased,13F-HR,Sarah Moore,sarah.moore@jpmorganas.com
Citadel Advisors,CDLC,Berkshire Hathaway,BRK.B,084670702,40466593,10466644981.44,0.6245,2025-12-31,Unchanged,13F-HR,Jennifer Brown,jennifer.brown@citadeladv.com
Capital Group,CGBL,Bank of America,BAC,060505104,6902643,4220200609.19,0.1297,2024-12-31,Increased,13F-HR,Margaret Taylor,margaret.taylor@capitalgro.com
JP Morgan Asset Mgmt,JPM,Exxon Mobil,XOM,30231G102,6090781,596275183.55,0.1196,2024-12-31,New,13F-NT,Mark Williams,mark.williams@jpmorganas.com
Wellington Management,WMGI,Tesla Inc,TSLA,88160R101,31796070,2838106198.96,0.7208,2024-06-30,Decreased,13F-HR,Karen Thompson,karen.thompson@wellington.com
T. Rowe Price,TROW,Apple Inc,AAPL,037833100,43420580,15898994596.22,0.7162,2024-12-31,Increased,13F-HR,Patricia Jackson,patricia.jackson@troweprice.com
DE Shaw & Co,DSHW,Walt Disney Co,DIS,254687106,22930590,4810701744.25,0.4612,2024-03-31,Increased,13F-NT,Jennifer Thompson,jennifer.thompson@deshaw&co.com
Appaloosa Management,APLS,JPMorgan Chase,JPM,46625H100,27808577,20413747674.38,2.2958,2024-12-31,Unchanged,13F-HR,Robert Taylor,robert.taylor@appaloosam.com
T. Rowe Price,TROW,Pfizer Inc,PFE,717081103,7349709,4695000497.67,0.1208,2025-12-31,Unchanged,13F-HR,Margaret Brown,margaret.brown@troweprice.com
DE Shaw & Co,DSHW,NVIDIA Corp,NVDA,67066G104,4829821,666571608.05,0.3692,2025-12-31,Increased,13F-HR,Elizabeth Johnson,elizabeth.johnson@deshaw&co.com
Point72 Asset Mgmt,PT72,Coca-Cola Co,KO,191216100,41341520,14376474410.35,0.8118,2025-03-31,Unchanged,13F-NT,Richard Jones,richard.jones@point72ass.com
Appaloosa Management,APLS,Amazon.com Inc,AMZN,023135106,35347355,27382462392.34,1.4726,2024-09-30,Unchanged,13F-HR,Nancy Martin,nancy.martin@appaloosam.com
Fidelity Investments,FNF,Chevron Corp,CVX,166764100,18822687,1725731824.73,0.2396,2024-09-30,Unchanged,13F-HR,Daniel Jones,daniel.jones@fidelityin.com
Wellington Management,WMGI,Amazon.com Inc,AMZN,023135106,23126199,15966336820.81,0.3370,2024-12-31,Increased,13F-NT,David Hernandez,david.hernandez@wellington.com
DE Shaw & Co,DSHW,Cisco Systems,CSCO,17275R102,11117040,3334774303.79,0.1836,2024-03-31,Increased,13F-HR,Margaret Taylor,margaret.taylor@deshaw&co.com
Goldman Sachs AM,GS,Alphabet Inc,GOOGL,02079K305,35915861,14833879345.32,0.6541,2024-03-31,Unchanged,13F-HR,Lisa Johnson,lisa.johnson@goldmansac.com
Renaissance Technologies,RNTC,Microsoft Corp,MSFT,594918104,21748271,13788827114.08,0.4167,2024-06-30,New,13F-HR,Michael Martin,michael.martin@renaissanc.com
Two Sigma Investments,TWSM,Adobe Inc,ADBE,00724F101,40027821,5083958553.47,0.8205,2024-09-30,Increased,13F-HR,Michael Martin,michael.martin@twosigmain.com
Point72 Asset Mgmt,PT72,Intel Corp,INTC,458140100,26275426,17542539289.41,0.4570,2025-03-31,Unchanged,13F-HR,Jennifer Thompson,jennifer.thompson@point72ass.com
Appaloosa Management,APLS,Meta Platforms,META,30303M102,25587457,3419723584.36,0.3507,2024-06-30,Decreased,13F-HR,Daniel Smith,daniel.smith@appaloosam.com
Two Sigma Investments,TWSM,Cisco Systems,CSCO,17275R102,16782355,8105555281.72,0.2870,2025-06-30,Unchanged,13F-HR,Mark White,mark.white@twosigmain.com
Citadel Advisors,CDLC,Bank of America,BAC,060505104,1554004,1013815060.07,0.1619,2024-06-30,Decreased,13F-HR,Michael Garcia,michael.garcia@citadeladv.com
Point72 Asset Mgmt,PT72,Bank of America,BAC,060505104,15887700,7953311415.15,0.4021,2024-12-31,Unchanged,13F-HR,Margaret Lopez,margaret.lopez@point72ass.com
Morgan Stanley IM,MS,Berkshire Hathaway,BRK.B,084670702,N/A,4387084117.00,0.3356,2025-03-31,Unchanged,13F-HR,Elizabeth Lopez,elizabeth.lopez@morganstan.com
State Street Corp,STT,Bank of America,BAC,060505104,42624111,4644104886.68,0.5679,2025-06-30,Increased,13F-HR,Margaret Thomas,margaret.thomas@statestree.com
T. Rowe Price,TROW,Adobe Inc,ADBE,00724F101,35744929,2171952249.07,1.9742,2025-09-30,New,13F-NT,Margaret Taylor,margaret.taylor@troweprice.com
Baupost Group,BPST,Meta Platforms,META,30303M102,35390088,15981940892.97,0.9282,2025-12-31,New,13F-NT,Karen Lopez,karen.lopez@baupostgro.com
State Street Corp,STT,Bank of America,BAC,060505104,27884874,6264740985.90,2.3475,2024-12-31,Decreased,13F-HR,Margaret Moore,margaret.moore@statestree.com
Baupost Group,BPST,Tesla Inc,TSLA,88160R101,12496143,8514443532.84,0.4172,2025-09-30,Increased,13F-HR,Susan Thomas,susan.thomas@baupostgro.com
Renaissance Technologies,RNTC,Exxon Mobil,XOM,30231G102,41859557,11339370826.79,1.5095,2024-09-30,Increased,13F-HR,Steven Lopez,steven.lopez@renaissanc.com
Millennium Management,MLNM,Pfizer Inc,PFE,717081103,9072178,329465482.58,0.1618,2025-09-30,Unchanged,13F-HR,Margaret Miller,margaret.miller@millennium.com
Vanguard Group,VGI,Walt Disney Co,DIS,254687106,33376169,24875175072.60,1.0777,2025-09-30,Decreased,13F-HR,Dorothy Jackson,dorothy.jackson@vanguardgr.com
Appaloosa Management,APLS,Visa Inc,V,92826C839,pending,2860961054.97,0.2460,2024-03-31,Increased,13F-HR,Richard Hernandez,richard.hernandez@appaloosam.com
Citadel Advisors,CDLC,Bank of America,BAC,060505104,46093558,16878620702.78,0.7745,2025-09-30,Increased,13F-NT,Daniel Miller,daniel.miller@citadeladv.com
T. Rowe Price,TROW,Coca-Cola Co,KO,191216100,47262984,20974004887.68,1.6808,2025-12-31,Increased,13F-HR,Daniel Johnson,daniel.johnson@troweprice.com
Vanguard Group,VGI,NVIDIA Corp,NVDA,67066G104,28964057,16403236103.41,2.3690,2024-12-31,New,13F-HR,Dorothy Garcia,dorothy.garcia@vanguardgr.com
Citadel Advisors,CDLC,Tesla Inc,TSLA,88160R101,35627394,10618147483.20,1.1843,2025-06-30,Increased,13F-HR,Jennifer Johnson,jennifer.johnson@citadeladv.com
Renaissance Technologies,RNTC,Tesla Inc,TSLA,88160R101,10984151,7881158076.41,0.1865,2024-06-30,Increased,13F-NT,Robert Moore,robert.moore@renaissanc.com
Appaloosa Management,APLS,Intel Corp,INTC,458140100,19216164,12011600670.75,0.3323,2025-12-31,Increased,13F-HR,Thomas Davis,thomas.davis@appaloosam.com
Capital Group,CGBL,Bank of America,BAC,060505104,15200750,850486610.06,0.3114,2025-09-30,Unchanged,13F-HR,Richard Lopez,richard.lopez@capitalgro.com
Bridgewater Associates,BWTR,UnitedHealth Group,UNH,91324P102,9193832,6890185931.70,0.1279,2024-09-30,New,13F-HR,Mark Hernandez,mark.hernandez@bridgewate.com
State Street Corp,STT,Home Depot,HD,437076102,39741981,30251554569.68,0.6056,2025-12-31,Unchanged,13F-HR,Steven Moore,steven.moore@statestree.com
T. Rowe Price,TROW,Alphabet Inc,GOOGL,02079K305,21951558,11692557517.64,0.7285,2025-09-30,Unchanged,13F-NT,Elizabeth Davis,elizabeth.davis@troweprice.com
BlackRock Inc,BLK,Visa Inc,V,92826C839,9057742,933267502.57,0.8763,2024-09-30,Unchanged,13F-HR,Patricia Thompson,patricia.thompson@blackrocki.com
Two Sigma Investments,TWSM,Home Depot,HD,437076102,32522402,9355440791.06,4.6749,2024-12-31,Unchanged,13F-HR,Patricia Garcia,patricia.garcia@twosigmain.com
Wellington Management,WMGI,Pfizer Inc,PFE,717081103,25497999,14103906247.43,1.1721,2024-12-31,Unchanged,13F-HR,Patricia Jones,patricia.jones@wellington.com
State Street Corp,STT,Microsoft Corp,MSFT,594918104,16958001,6424575561.10,0.5157,2025-06-30,Decreased,13F-HR,Margaret Martin,margaret.martin@statestree.com
T. Rowe Price,TROW,Intel Corp,INTC,458140100,19185075,527462979.84,0.5456,2025-03-31,Unchanged,13F-HR,Susan Miller,susan.miller@troweprice.com
BlackRock Inc,BLK,Johnson & Johnson,JNJ,478160104,49598128,30157745879.03,1.7389,2025-09-30,New,13F-HR,David Jones,david.jones@blackrocki.com
BlackRock Inc,BLK,Amazon.com Inc,AMZN,023135106,39742676,27432467549.25,1.3670,2025-03-31,Unchanged,13F-NT,Sarah Lopez,sarah.lopez@blackrocki.com
Renaissance Technologies,RNTC,Tesla Inc,TSLA,88160R101,34379732,10094552441.67,0.7050,2025-06-30,New,13F-HR,Michael Smith,michael.smith@renaissanc.com
Citadel Advisors,CDLC,Intel Corp,INTC,458140100,27323418,4254008375.03,1.2277,2025-06-30,Decreased,13F-HR,Steven Taylor,steven.taylor@citadeladv.com
Capital Group,CGBL,Adobe Inc,ADBE,00724F101,15429691,5683434169.35,0.1979,2024-06-30,Increased,13F-NT,Sarah Brown,sarah.brown@capitalgro.com
Renaissance Technologies,RNTC,Walt Disney Co,DIS,254687106,39159127,20118014399.77,0.8373,2025-03-31,Decreased,13F-HR,Michael Taylor,michael.taylor@renaissanc.com
State Street Corp,STT,Coca-Cola Co,KO,191216100,34281370,12223747089.87,0.7098,2025-12-31,Increased,13F-HR,Lisa White,lisa.white@statestree.com
Two Sigma Investments,TWSM,Coca-Cola Co,KO,191216100,1549541,1175570699.12,0.0576,2025-09-30,Unchanged,13F-HR,Margaret Lopez,margaret.lopez@twosigmain.com
DE Shaw & Co,DSHW,Walt Disney Co,DIS,254687106,21161341,14202342862.28,1.4520,2024-12-31,Increased,13F-HR,Patricia Martinez,patricia.martinez@deshaw&co.com
Citadel Advisors,CDLC,Tesla Inc,TSLA,88160R101,34015239,5083149176.20,0.7145,2025-03-31,Decreased,13F-HR,Richard Thompson,richard.thompson@citadeladv.com
State Street Corp,STT,Coca-Cola Co,KO,191216100,12974205,8267158648.70,0.2169,2025-09-30,New,13F-HR,Richard Taylor,richard.taylor@statestree.com
Vanguard Group,VGI,Netflix Inc,NFLX,64110L106,3642465,938776316.09,0.5381,2025-09-30,Increased,13F-HR,Margaret White,margaret.white@vanguardgr.com
Citadel Advisors,CDLC,Pfizer Inc,PFE,717081103,20060938,7946409991.17,0.2875,2025-06-30,Decreased,13F-HR,James Thompson,james.thompson@citadeladv.com
Wellington Management,WMGI,Cisco Systems,CSCO,17275R102,3858046,989592449.33,0.0533,2025-06-30,Increased,13F-HR,Daniel Martinez,daniel.martinez@wellington.com
Morgan Stanley IM,MS,Tesla Inc,TSLA,88160R101,19120106,2811857328.71,1.8174,2025-12-31,New,13F-HR,James Brown,james.brown@morganstan.com
Capital Group,CGBL,Alphabet Inc,GOOGL,02079K305,4792731,1505418143.96,0.1335,2025-06-30,Increased,13F-HR,Margaret Thomas,margaret.thomas@capitalgro.com
Millennium Management,MLNM,JPMorgan Chase,JPM,46625H100,40971668,26295799064.42,0.7152,2024-09-30,Unchanged,13F-HR,William Lopez,william.lopez@millennium.com
Baupost Group,BPST,Adobe Inc,ADBE,00724F101,47859763,22294074707.90,0.8288,2024-06-30,Increased,13F-NT,Sarah Anderson,sarah.anderson@baupostgro.com
Bridgewater Associates,BWTR,Pfizer Inc,PFE,717081103,6712571,5323971491.02,0.5416,2025-06-30,Decreased,13F-HR,Karen Hernandez,karen.hernandez@bridgewate.com
Goldman Sachs AM,GS,Adobe Inc,ADBE,00724F101,15382888,3621623659.17,0.2389,2025-03-31,Decreased,13F-HR,Robert Lopez,robert.lopez@goldmansac.com
Appaloosa Management,APLS,Amazon.com Inc,AMZN,,24879412,7365361002.53,0.3384,2025-03-31,Unchanged,13F-HR,Robert Miller,robert.miller@appaloosam.com
Morgan Stanley IM,MS,Meta Platforms,META,30303M102,37572486,17298897637.63,0.7233,2025-12-31,Increased,13F-HR,Michael Lopez,michael.lopez@morganstan.com
AQR Capital Management,AQRC,Visa Inc,V,92826C839,14677724,10532245640.11,0.8865,2025-06-30,Increased,13F-HR,Jennifer Martin,jennifer.martin@aqrcapital.com
Baupost Group,BPST,Tesla Inc,TSLA,88160R101,44961951,30425294565.28,0.6093,2025-09-30,New,13F-HR,Susan Taylor,susan.taylor@baupostgro.com
JP Morgan Asset Mgmt,JPM,Netflix Inc,NFLX,64110L106,18995987,14388141615.28,3.4462,2024-03-31,Unchanged,13F-NT,Jennifer Williams,jennifer.williams@jpmorganas.com
Appaloosa Management,APLS,Home Depot,HD,437076102,40215982,4864279889.91,2.3508,2024-06-30,Decreased,13F-NT,Thomas Jones,thomas.jones@appaloosam.com
Capital Group,CGBL,Coca-Cola Co,KO,191216100,17272758,3648965372.75,0.5272,2025-09-30,Increased,13F-HR,Mark Anderson,mark.anderson@capitalgro.com
AQR Capital Management,AQRC,Coca-Cola Co,KO,191216100,25096360,17401484585.08,0.3376,2024-12-31,Increased,13F-NT,Dorothy Anderson,dorothy.anderson@aqrcapital.com
JP Morgan Asset Mgmt,JPM,NVIDIA Corp,NVDA,67066G104,9963369,2352189189.67,0.1768,2027-01-18,Unchanged,13F-HR,Robert Smith,robert.smith@jpmorganas.com
Renaissance Technologies,RNTC,Berkshire Hathaway,BRK.B,084670702,13826953,810887007.76,0.2164,2025-06-30,Increased,13F-HR,Steven Smith,steven.smith@renaissanc.com
Morgan Stanley IM,MS,Johnson & Johnson,JNJ,478160104,7069404,5610785929.43,0.5988,2025-12-31,Unchanged,13F-HR,Margaret Miller,margaret.miller@morganstan.com
Baupost Group,BPST,Bank of America,BAC,060505104,44268799,30997896942.93,0.9239,2024-06-30,Decreased,13F-HR,Mark Davis,mark.davis@baupostgro.com
Morgan Stanley IM,MS,Adobe Inc,ADBE,00724F101,9304289,7109131370.98,0.5329,2024-03-31,Increased,13F-HR,William Smith,william.smith@morganstan.com
Morgan Stanley IM,MS,Meta Platforms,META,30303M102,24702218,15463522217.30,0.3373,2024-12-31,Increased,13F-HR,David Rodriguez,david.rodriguez@morganstan.com
State Street Corp,STT,Salesforce Inc,CRM,79466L302,1543924,317519636.22,0.0297,2025-06-30,Unchanged,13F-HR,Nancy Taylor,nancy.taylor@statestree.com
DE Shaw & Co,DSHW,Visa Inc,V,92826C839,25452729,6033318959.64,1.1016,2025-06-30,New,13F-NT,Michael Martin,michael.martin@deshaw&co.com
Point72 Asset Mgmt,PT72,Visa Inc,V,92826C839,31389635,5867269183.70,0.9351,2025-06-30,Increased,13F-NT,Richard Davis,richard.davis@point72ass.com
Renaissance Technologies,RNTC,UnitedHealth Group,UNH,91324P102,1053944,479361197.75,0.0379,2024-09-30,Unchanged,13F-HR,James Davis,james.davis@renaissanc.com
BlackRock Inc,BLK,Netflix Inc,NFLX,64110L106,26347595,18172730766.67,1.8853,2024-12-31,Decreased,13F-HR,Daniel Williams,daniel.williams@blackrocki.com
State Street Corp,STT,Bank of America,BAC,,35919839,7925649660.06,0.5115,2024-03-31,Unchanged,13F-HR,Michael Thomas,michael.thomas@statestree.com
Bridgewater Associates,BWTR,Cisco Systems,CSCO,17275R102,40386878,1516390535.57,2.6363,2025-06-30,Unchanged,13F-HR,William Smith,william.smith@bridgewate.com
Two Sigma Investments,TWSM,Exxon Mobil,XOM,30231G102,2242456,635107318.66,0.3414,2025-09-30,Decreased,13F-HR,Lisa Moore,lisa.moore@twosigmain.com
Two Sigma Investments,TWSM,Amazon.com Inc,AMZN,023135106,17665805,3409161019.08,0.3438,2024-06-30,Unchanged,13F-NT,Robert Thomas,robert.thomas@twosigmain.com
Citadel Advisors,CDLC,Chevron Corp,CVX,166764100,4475144,2467724938.46,0.0629,2024-03-31,Unchanged,13F-NT,Patricia Hernandez,patricia.hernandez@citadeladv.com
Point72 Asset Mgmt,PT72,Meta Platforms,META,30303M102,1093202,550479942.87,0.0804,2024-06-30,Increased,13F-HR,Richard Martinez,richard.martinez@point72ass.com
Capital Group,CGBL,UnitedHealth Group,UNH,91324P102,42509418,5854683675.45,3.6903,2024-03-31,New,13F-HR,Jennifer Garcia,jennifer.garcia@capitalgro.com
DE Shaw & Co,DSHW,Microsoft Corp,MSFT,594918104,26121385,12892594834.30,0.4916,2024-09-30,Increased,13F-HR,Nancy Garcia,nancy.garcia@deshaw&co.com
Two Sigma Investments,TWSM,Cisco Systems,CSCO,17275R102,22874749,3763751677.24,0.2885,2024-06-30,Increased,13F-HR,Nancy Martin,nancy.martin@twosigmain.com
Fidelity Investments,FNF,UnitedHealth Group,UNH,91324P102,33840257,23941462117.89,0.5133,2025-06-30,Decreased,13F-HR,Dorothy Davis,dorothy.davis@fidelityin.com
Bridgewater Associates,BWTR,Netflix Inc,NFLX,64110L106,23098969,15839782347.70,3.0593,2025-06-30,Decreased,13F-HR,Dorothy Davis,dorothy.davis@bridgewate.com
Baupost Group,BPST,JPMorgan Chase,JPM,46625H100,22933219,13682550489.36,0.3498,2025-06-30,Increased,13F-HR,Nancy Williams,nancy.williams@baupostgro.com
Point72 Asset Mgmt,PT72,Alphabet Inc,GOOGL,02079K305,17477750,9947452546.76,0.3057,2025-03-31,Increased,13F-HR,Dorothy Martinez,dorothy.martinez@point72ass.com
Vanguard Group,VGI,Chevron Corp,CVX,166764100,6853202,2231688195.24,0.1999,2025-03-31,New,13F-HR,Karen Taylor,karen.taylor@vanguardgr.com
T. Rowe Price,TROW,Apple Inc,AAPL,037833100,18729863,14157857745.44,0.6188,2025-06-30,Decreased,13F-HR,Steven Williams,steven.williams@troweprice.com
Fidelity Investments,FNF,Microsoft Corp,MSFT,594918104,3977337,2025318102.67,0.0516,2025-12-31,New,13F-HR,Daniel Williams,daniel.williams@fidelityin.com
T. Rowe Price,TROW,Adobe Inc,ADBE,00724F101,5284393,2590849078.87,1.0527,2024-06-30,Unchanged,13F-HR,David Davis,david.davis@troweprice.com
Fidelity Investments,FNF,Alphabet Inc,GOOGL,02079K305,4146343,1756217805.83,0.0966,2024-12-31,Decreased,13F-HR,Jennifer Brown,jennifer.brown@fidelityin.com
Goldman Sachs AM,GS,Walt Disney Co,DIS,254687106,45517900,1159255905.19,0.6649,2025-12-31,Increased,13F-HR,Patricia Taylor,patricia.taylor@goldmansac.com
Citadel Advisors,CDLC,Coca-Cola Co,KO,191216100,1994044,282361392.93,0.0662,2025-12-31,Unchanged,13F-HR,Dorothy Taylor,dorothy.taylor@citadeladv.com
T. Rowe Price,TROW,Berkshire Hathaway,BRK.B,084670702,7216613,162166832.44,0.2133,2025-03-31,Unchanged,13F-HR,Mark White,mark.white@troweprice.com
AQR Capital Management,AQRC,Apple Inc,AAPL,037833100,9548840,6028737957.94,0.4131,2024-09-30,Increased,13F-HR,Elizabeth Martinez,elizabeth.martinez@aqrcapital.com
State Street Corp,STT,Johnson & Johnson,JNJ,478160104,29360432,2400592362.57,0.7447,2025-12-31,Increased,13F-HR,Elizabeth Jones,elizabeth.jones@statestree.com
Morgan Stanley IM,MS,Adobe Inc,ADBE,00724F101,3778587,904589604.61,0.1689,2024-09-30,Increased,13F-HR,David Taylor,david.taylor@morganstan.com
Millennium Management,MLNM,Apple Inc,AAPL,037833100,22107001,2532964785.66,0.2801,2024-12-31,Unchanged,13F-HR,Patricia Jackson,patricia.jackson@millennium.com
BlackRock Inc,BLK,Berkshire Hathaway,BRK.B,084670702,19849152,5088380827.07,0.4258,2025-03-31,Unchanged,13F-HR,Richard Lopez,richard.lopez@blackrocki.com
Capital Group,CGBL,Alphabet Inc,GOOGL,02079K305,19487033,4059192675.08,0.6184,2025-12-31,Decreased,13F-HR,Elizabeth Martin,elizabeth.martin@capitalgro.com
Morgan Stanley IM,MS,Visa Inc,V,92826C839,42823532,13247920013.93,0.5375,2024-06-30,Decreased,13F-HR,Robert Garcia,robert.garcia@morganstan.com
Wellington Management,WMGI,Exxon Mobil,XOM,30231G102,4348812,295994351.38,0.1659,2024-09-30,Unchanged,13F-HR,Robert Lopez,robert.lopez@wellington.com
Millennium Management,MLNM,JPMorgan Chase,JPM,46625H100,28116920,18779547349.62,0.5360,2024-09-30,Decreased,13F-HR,Dorothy Brown,dorothy.brown@millennium.com
Morgan Stanley IM,MS,Salesforce Inc,CRM,79466L302,21038886,3561530546.60,0.3869,2024-06-30,Increased,13F-HR,David Thompson,david.thompson@morganstan.com
AQR Capital Management,AQRC,Meta Platforms,META,30303M102,17173717,11937950766.78,0.5789,2025-09-30,Increased,13F-HR,Jennifer Garcia,jennifer.garcia@aqrcapital.com
Point72 Asset Mgmt,,JPMorgan Chase,JPM,46625H100,39296179,15164935234.85,0.7388,2024-12-31,Increased,13F-HR,David Jackson,david.jackson@point72ass.com
Millennium Management,MLNM,Berkshire Hathaway,BRK.B,084670702,1165113,925868796.19,0.0321,2025-09-30,Increased,13F-HR,Thomas Thompson,thomas.thompson@millennium.com
Two Sigma Investments,TWSM,Intel Corp,INTC,458140100,2806855,925222473.41,0.0954,2025-06-30,Unchanged,13F-NT,David Anderson,david.anderson@twosigmain.com
Point72 Asset Mgmt,PT72,Netflix Inc,NFLX,64110L106,3308824,1881722147.29,0.2808,2025-12-31,Increased,13F-HR,James Johnson,james.johnson@point72ass.com
Morgan Stanley IM,MS,Visa Inc,V,92826C839,7967099,3291277043.46,0.1642,2025-09-30,Increased,13F-NT,William Jackson,william.jackson@morganstan.com
Capital Group,CGBL,Exxon Mobil,XOM,30231G102,5395737,2682083578.52,0.1066,2024-03-31,Unchanged,13F-NT,Daniel Rodriguez,daniel.rodriguez@capitalgro.com
T. Rowe Price,TROW,Coca-Cola Co,KO,191216100,48491592,9028322298.57,1.3057,2025-06-30,Increased,13F-HR,Mark Lopez,mark.lopez@troweprice.com
Capital Group,CGBL,Microsoft Corp,MSFT,594918104,42616577,3335543061.42,2.1043,2025-12-31,Increased,13F-HR,Steven Thompson,steven.thompson@capitalgro.com
Two Sigma Investments,TWSM,Walt Disney Co,DIS,254687106,35853862,2721032080.94,0.5202,2025-09-30,Increased,13F-NT,Susan Smith,susan.smith@twosigmain.com
Capital Group,CGBL,Coca-Cola Co,KO,191216100,18592715,504116334.50,1.5757,2025-12-31,Increased,13F-HR,Nancy Jackson,nancy.jackson@capitalgro.com
DE Shaw & Co,DSHW,Alphabet Inc,GOOGL,02079K305,7608836,4898838615.79,0.1025,2024-12-31,Decreased,13F-NT,Patricia Rodriguez,patricia.rodriguez@deshaw&co.com
Appaloosa Management,APLS,Chevron Corp,CVX,166764100,30614836,5620730907.62,-0.6646,2025-12-31,New,13F-NT,Sarah Brown,sarah.brown@appaloosam.com
AQR Capital Management,AQRC,UnitedHealth Group,UNH,91324P102,41861855,19598984963.85,0.6277,2024-09-30,Increased,13F-HR,Karen Jones,karen.jones@aqrcapital.com
BlackRock Inc,BLK,Tesla Inc,TSLA,88160R101,35963852,28504033272.48,3.6368,2025-09-30,Unchanged,13F-HR,Daniel Thompson,daniel.thompson@blackrocki.com
Renaissance Technologies,RNTC,Meta Platforms,META,30303M102,7249676,4627584956.42,0.6959,2024-06-30,New,13F-HR,Thomas Jackson,thomas.jackson@renaissanc.com
Morgan Stanley IM,MS,Adobe Inc,ADBE,00724F101,7367091,4631550911.55,0.1957,2025-09-30,New,13F-NT,William Rodriguez,william.rodriguez@morganstan.com
Citadel Advisors,CDLC,Cisco Systems,CSCO,17275R102,40347622,25172086856.34,0.7969,2024-03-31,Unchanged,13F-HR,Thomas Hernandez,thomas.hernandez@citadeladv.com
Appaloosa Management,APLS,Cisco Systems,CSCO,17275R102,37526295,9285080607.06,0.7938,2025-12-31,Increased,13F-NT,Dorothy Jackson,dorothy.jackson@appaloosam.com
Millennium Management,MLNM,NVIDIA Corp,NVDA,67066G104,46237760,10367324230.65,1.8919,2024-09-30,Unchanged,13F-HR,Michael Jones,michael.jones@millennium.com
AQR Capital Management,AQRC,Amazon.com Inc,AMZN,023135106,49808306,21491372679.10,1.8960,2024-12-31,New,13F-HR,Michael Martinez,michael.martinez@aqrcapital.com
Fidelity Investments,FNF,Intel Corp,INTC,458140100,30058746,3119306701.99,0.9869,2025-06-30,Increased,13F-HR,David Anderson,david.anderson@fidelityin.com
Appaloosa Management,APLS,Chevron Corp,CVX,166764100,13873173,6148207329.88,0.4852,2024-06-30,Increased,13F-HR,Patricia Jones,patricia.jones@appaloosam.com
Baupost Group,,Tesla Inc,TSLA,88160R101,32004492,2667716137.65,0.6151,2024-09-30,Increased,13F-NT,Susan White,susan.white@baupostgro.com
Bridgewater Associates,BWTR,Bank of America,BAC,060505104,6031769,2353994757.35,0.1307,2024-09-30,Increased,13F-HR,Daniel Davis,daniel.davis@bridgewate.com
Renaissance Technologies,RNTC,Netflix Inc,NFLX,64110L106,22865393,15590486583.57,1.4993,2025-03-31,Unchanged,13F-HR,Steven Lopez,steven.lopez@renaissanc.com
Morgan Stanley IM,MS,Pfizer Inc,PFE,717081103,2569314,814493636.17,0.0659,2024-06-30,Unchanged,13F-HR,Robert Hernandez,robert.hernandez@morganstan.com
Baupost Group,BPST,Adobe Inc,ADBE,00724F101,36272527,1194046832.85,1.1347,2025-09-30,Increased,13F-HR,Elizabeth Taylor,elizabeth.taylor@baupostgro.com
Fidelity Investments,FNF,Adobe Inc,ADBE,00724F101,40577593,14828484317.84,2.8341,2025-12-31,New,13F-NT,Robert Thompson,robert.thompson@fidelityin.com
Renaissance Technologies,RNTC,Bank of America,BAC,,36382906,28288052977.97,0.5019,2025-09-30,New,13F-HR,Elizabeth Jones,elizabeth.jones@renaissanc.com
Bridgewater Associates,BWTR,Exxon Mobil,XOM,30231G102,13775022,10129953518.49,0.2453,2025-09-30,Increased,13F-NT,David Moore,david.moore@bridgewate.com
Bridgewater Associates,BWTR,JPMorgan Chase,JPM,46625H100,24855614,7564093574.80,1.6482,2025-09-30,New,13F-HR,Margaret Taylor,margaret.taylor@bridgewate.com
Point72 Asset Mgmt,PT72,Salesforce Inc,CRM,79466L302,43399984,28516757679.71,0.8502,2025-09-30,Unchanged,13F-HR,Richard Smith,richard.smith@point72ass.com
Fidelity Investments,FNF,Netflix Inc,NFLX,64110L106,32658700,2814942773.98,1.0149,2025-06-30,New,13F-HR,Jennifer Jones,jennifer.jones@fidelityin.com
Renaissance Technologies,RNTC,Netflix Inc,NFLX,,25252898,9029349152.31,0.5018,2025-06-30,Decreased,13F-NT,Thomas Smith,thomas.smith@renaissanc.com
Vanguard Group,VGI,Netflix Inc,NFLX,64110L106,49551625,4400595413.56,1.7395,2025-06-30,Increased,13F-NT,Richard White,richard.white@vanguardgr.com
Wellington Management,WMGI,Berkshire Hathaway,BRK.B,,43154313,8833024496.99,0.7247,2025-12-31,Increased,13F-NT,Steven Williams,steven.williams@wellington.com
Wellington Management,WMGI,Procter & Gamble,PG,742718109,3059011,898901225.79,0.0413,2025-09-30,Increased,13F-HR,Thomas Thomas,thomas.thomas@wellington.com
Fidelity Investments,FNF,UnitedHealth Group,UNH,91324P102,8822713,5038751534.05,0.1312,2024-03-31,Increased,13F-HR,Elizabeth Davis,elizabeth.davis@fidelityin.com
Appaloosa Management,APLS,Tesla Inc,TSLA,88160R101,47936471,16848880979.28,0.6761,2024-03-31,Increased,13F-NT,Thomas Davis,thomas.davis@appaloosam.com
Two Sigma Investments,TWSM,JPMorgan Chase,JPM,46625H100,28993218,17440645581.41,1.8543,2025-09-30,Increased,13F-NT,Richard Martin,richard.martin@twosigmain.com
Two Sigma Investments,TWSM,Microsoft Corp,MSFT,594918104,34876315,5538209256.97,0.4370,2024-03-31,Unchanged,13F-HR,Lisa Thomas,lisa.thomas@twosigmain.com
DE Shaw & Co,DSHW,Alphabet Inc,GOOGL,02079K305,314018,15498595.98,0.0043,2024-12-31,Decreased,13F-HR,Susan Anderson,susan.anderson@deshaw&co.com
Goldman Sachs AM,GS,JPMorgan Chase,JPM,46625H100,47841204,37042442741.17,1.4673,2025-03-31,Decreased,13F-HR,Mark Thomas,mark.thomas@goldmansac.com
Wellington Management,WMGI,Exxon Mobil,XOM,30231G102,21974793,1920172959.46,0.8927,2025-03-31,Decreased,13F-NT,Thomas Miller,thomas.miller@wellington.com
Bridgewater Associates,BWTR,Johnson & Johnson,JNJ,478160104,29416068,19718210018.67,0.8353,2024-09-30,New,13F-NT,Dorothy Jackson,dorothy.jackson@bridgewate.com
DE Shaw & Co,DSHW,Berkshire Hathaway,BRK.B,084670702,43235175,22648468774.64,0.5796,2025-09-30,Decreased,13F-HR,Robert Jackson,robert.jackson@deshaw&co.com
Wellington Management,WMGI,JPMorgan Chase,JPM,46625H100,32052357,24791169982.98,0.6719,2025-12-31,Decreased,13F-HR,Patricia Johnson,patricia.johnson@wellington.com
Bridgewater Associates,BWTR,Microsoft Corp,MSFT,594918104,12926020,3126408558.15,0.2994,2025-06-30,New,13F-HR,Patricia Williams,patricia.williams@bridgewate.com
JP Morgan Asset Mgmt,JPM,Home Depot,HD,437076102,29990572,20799791264.85,0.6397,2025-06-30,Increased,13F-HR,Steven Williams,steven.williams@jpmorganas.com
Wellington Management,WMGI,Walt Disney Co,DIS,,17259102,13638032785.14,0.3698,2025-06-30,Increased,13F-HR,Nancy Rodriguez,nancy.rodriguez@wellington.com
Renaissance Technologies,RNTC,Berkshire Hathaway,BRK.B,084670702,19138503,649030921.20,0.2633,2024-03-31,Decreased,13F-HR,James Moore,james.moore@renaissanc.com
Vanguard Group,VGI,UnitedHealth Group,UNH,91324P102,46165244,29884792752.97,2.0464,2024-12-31,Unchanged,13F-NT,David Jones,david.jones@vanguardgr.com
Two Sigma Investments,TWSM,UnitedHealth Group,UNH,91324P102,4475595,3152291138.55,0.0782,2024-06-30,Increased,13F-HR,Dorothy Martin,dorothy.martin@twosigmain.com
T. Rowe Price,TROW,Procter & Gamble,PG,742718109,47248067,24288048206.34,5.8792,2025-12-31,New,13F-HR,William Jackson,william.jackson@troweprice.com
Millennium Management,MLNM,Johnson & Johnson,JNJ,478160104,22436760,5640945273.58,0.3421,2024-06-30,New,13F-HR,Jennifer Anderson,jennifer.anderson@millennium.com
JP Morgan Asset Mgmt,JPM,Visa Inc,V,92826C839,44020018,6831959939.26,0.9760,2025-09-30,Unchanged,13F-HR,Margaret Thomas,margaret.thomas@jpmorganas.com
Two Sigma Investments,TWSM,NVIDIA Corp,NVDA,67066G104,43655865,5267993884.67,1.0636,2024-12-31,New,13F-HR,Karen Johnson,karen.johnson@twosigmain.com
DE Shaw & Co,DSHW,Visa Inc,V,92826C839,46871728,22194369706.32,2.9689,2024-06-30,Unchanged,13F-HR,Lisa Jackson,lisa.jackson@deshaw&co.com
Renaissance Technologies,RNTC,Meta Platforms,META,30303M102,223468,102680392.82,0.0029,2024-06-30,Unchanged,13F-HR,Mark Miller,mark.miller@renaissanc.com
Morgan Stanley IM,MS,Meta Platforms,META,30303M102,10011396,5710591589.62,0.1266,2024-06-30,Unchanged,13F-HR,Thomas White,thomas.white@morganstan.com
Citadel Advisors,CDLC,Chevron Corp,CVX,166764100,41931119,7612723214.89,1.4834,2024-12-31,Increased,13F-HR,Mark Brown,mark.brown@citadeladv.com
Two Sigma Investments,TWSM,Amazon.com Inc,AMZN,023135106,13560573,10819574337.30,0.4246,2025-09-30,Decreased,13F-HR,Dorothy Rodriguez,dorothy.rodriguez@twosigmain.com
Capital Group,CGBL,Cisco Systems,CSCO,17275R102,34913185,20970684296.38,6.5912,2024-12-31,Increased,13F-HR,William Smith,william.smith@capitalgro.com
Citadel Advisors,CDLC,Bank of America,BAC,060505104,5335437,2325122884.07,0.0719,2024-06-30,Unchanged,13F-HR,Sarah Smith,sarah.smith@citadeladv.com
Citadel Advisors,CDLC,Bank of America,BAC,060505104,35982640,21451687679.47,0.6041,2025-03-31,New,13F-NT,Patricia Johnson,patricia.johnson@citadeladv.com
Point72 Asset Mgmt,PT72,NVIDIA Corp,NVDA,67066G104,34728720,21840418083.92,0.5566,2024-12-31,Decreased,13F-HR,Susan Martin,susan.martin@point72ass.com
Point72 Asset Mgmt,PT72,NVIDIA Corp,NVDA,67066G104,25228444,13285595863.98,0.9290,2024-09-30,Increased,13F-HR,Dorothy Lopez,dorothy.lopez@point72ass.com
Citadel Advisors,CDLC,Tesla Inc,TSLA,88160R101,1332586,100695808.68,0.0994,2024-03-31,Increased,13F-HR,Patricia Brown,patricia.brown@citadeladv.com
Renaissance Technologies,RNTC,Adobe Inc,ADBE,00724F101,42375721,20254964475.39,0.7968,2025-09-30,Unchanged,13F-HR,Patricia Brown,patricia.brown@renaissanc.com
Point72 Asset Mgmt,PT72,Bank of America,BAC,060505104,28565077,22777008056.72,0.9974,2025-06-30,Decreased,13F-HR,Thomas Moore,thomas.moore@point72ass.com
Point72 Asset Mgmt,PT72,Coca-Cola Co,KO,191216100,28321997,4619903067.30,1.1388,2024-09-30,Unchanged,13F-HR,Michael Moore,michael.moore@point72ass.com
Two Sigma Investments,TWSM,Coca-Cola Co,KO,191216100,728478,263185173.79,0.0312,2025-06-30,Unchanged,13F-HR,Karen Lopez,karen.lopez@twosigmain.com
AQR Capital Management,AQRC,Johnson & Johnson,JNJ,478160104,30898590,9356336095.82,0.4855,2025-09-30,New,13F-NT,David Martinez,david.martinez@aqrcapital.com
Morgan Stanley IM,MS,Amazon.com Inc,AMZN,023135106,42116652,1602531939.72,0.9972,2024-09-30,Unchanged,13F-HR,David Moore,david.moore@morganstan.com
Vanguard Group,VGI,Salesforce Inc,CRM,79466L302,83643,60868525.45,0.0084,2024-09-30,Increased,13F-NT,Thomas Garcia,thomas.garcia@vanguardgr.com
Citadel Advisors,CDLC,Home Depot,HD,437076102,20171870,5448801745.65,1.4803,2024-09-30,Unchanged,13F-HR,William Garcia,william.garcia@citadeladv.com
Capital Group,CGBL,NVIDIA Corp,NVDA,67066G104,30913287,9555314555.34,1.9188,not_a_date,Unchanged,13F-HR,Richard Garcia,richard.garcia@capitalgro.com
State Street Corp,,Netflix Inc,NFLX,64110L106,8785793,3169448052.53,0.1334,2024-03-31,Unchanged,13F-HR,Richard Davis,richard.davis@statestree.com
T. Rowe Price,TROW,Visa Inc,V,92826C839,29823642,22123154025.57,0.4196,2025-12-31,Increased,13F-HR,Susan Martin,susan.martin@troweprice.com
Morgan Stanley IM,MS,Adobe Inc,ADBE,00724F101,18161804,13096157753.88,1.4290,2024-12-31,Decreased,13F-HR,Karen Johnson,karen.johnson@morganstan.com
Renaissance Technologies,RNTC,NVIDIA Corp,NVDA,67066G104,36307506,19194927886.73,0.8767,2024-03-31,Unchanged,13F-HR,Sarah Jackson,sarah.jackson@renaissanc.com
Goldman Sachs AM,GS,Procter & Gamble,PG,742718109,13019048,6476085496.71,1.5885,2024-06-30,Unchanged,13F-HR,Jennifer Johnson,jennifer.johnson@goldmansac.com
Morgan Stanley IM,MS,Alphabet Inc,GOOGL,02079K305,43277078,26710355921.72,1.3049,2024-06-30,Decreased,13F-HR,Robert Brown,robert.brown@morganstan.com
Point72 Asset Mgmt,PT72,Intel Corp,INTC,458140100,6100632,2564416004.33,0.4342,2025-03-31,Decreased,13F-HR,Jennifer Moore,jennifer.moore@point72ass.com
Capital Group,CGBL,UnitedHealth Group,UNH,91324P102,35135159,20517713058.16,0.4861,2025-12-31,Unchanged,13F-HR,Lisa Johnson,lisa.johnson@capitalgro.com
Millennium Management,MLNM,Berkshire Hathaway,BRK.B,084670702,14687950,9277544046.20,0.2102,2025-03-31,Decreased,13F-HR,Karen Brown,karen.brown@millennium.com
DE Shaw & Co,DSHW,Alphabet Inc,GOOGL,02079K305,20455252,517079072.64,0.9300,2024-09-30,Decreased,13F-HR,Dorothy Thomas,dorothy.thomas@deshaw&co.com
Capital Group,CGBL,Apple Inc,AAPL,037833100,36929313,21423327901.50,3.5865,2024-03-31,Increased,13F-HR,James Brown,james.brown@capitalgro.com
Renaissance Technologies,RNTC,Salesforce Inc,CRM,79466L302,21347371,10410010177.41,0.3652,2025-06-30,Unchanged,13F-HR,Robert Lopez,robert.lopez@renaissanc.com
Goldman Sachs AM,GS,Bank of America,BAC,060505104,4271259,102446360.34,0.1502,2025-12-31,Decreased,13F-HR,Jennifer Anderson,jennifer.anderson@goldmansac.com
Appaloosa Management,APLS,Berkshire Hathaway,BRK.B,084670702,46297403,35216878448.93,2.0683,2024-09-30,Unchanged,13F-HR,Richard Moore,richard.moore@appaloosam.com
T. Rowe Price,TROW,Alphabet Inc,GOOGL,02079K305,2826705,1032225775.85,0.1922,2025-03-31,Unchanged,13F-HR,Jennifer Johnson,jennifer.johnson@troweprice.com
JP Morgan Asset Mgmt,JPM,Johnson & Johnson,JNJ,478160104,35262356,27842377384.32,0.6943,2025-12-31,New,13F-HR,Susan Thomas,susan.thomas@jpmorganas.com
Vanguard Group,VGI,Netflix Inc,NFLX,64110L106,3322111,1981291783.21,0.1129,2025-03-31,New,13F-HR,Elizabeth Martin,elizabeth.martin@vanguardgr.com
Millennium Management,MLNM,Visa Inc,V,92826C839,30195269,14008993630.27,0.7923,2024-12-31,Increased,13F-NT,David Martinez,david.martinez@millennium.com
JP Morgan Asset Mgmt,JPM,UnitedHealth Group,UNH,91324P102,730572,157418154.66,0.0093,2024-03-31,Increased,13F-HR,Richard Anderson,richard.anderson@jpmorganas.com
Renaissance Technologies,RNTC,UnitedHealth Group,UNH,91324P102,18586083,8591917659.73,0.7606,2025-06-30,Unchanged,13F-HR,William Davis,william.davis@renaissanc.com
Wellington Management,,Intel Corp,INTC,458140100,18496719,3987487038.96,3.6002,2025-09-30,Unchanged,13F-HR,James Smith,james.smith@wellington.com
Vanguard Group,VGI,Home Depot,HD,437076102,36144916,17094871236.96,0.8453,2024-06-30,Decreased,13F-NT,James Martinez,james.martinez@vanguardgr.com
Appaloosa Management,APLS,Meta Platforms,META,30303M102,40768940,21102405613.84,6.3556,2024-09-30,Unchanged,13F-HR,Elizabeth White,elizabeth.white@appaloosam.com
Bridgewater Associates,BWTR,Walt Disney Co,DIS,254687106,28161075,11015694281.67,1.0230,2024-12-31,Unchanged,13F-HR,Lisa Hernandez,lisa.hernandez@bridgewate.com
BlackRock Inc,BLK,Amazon.com Inc,AMZN,023135106,14532574,4028515392.82,0.6943,2025-03-31,Unchanged,13F-NT,Jennifer Thomas,jennifer.thomas@blackrocki.com
Citadel Advisors,CDLC,Coca-Cola Co,KO,191216100,18101988,10327823479.01,0.2652,2025-06-30,Decreased,13F-HR,Susan Miller,susan.miller@citadeladv.com
T. Rowe Price,TROW,UnitedHealth Group,UNH,91324P102,49267568,27443453438.85,4.7058,2025-03-31,Unchanged,13F-NT,James White,james.white@troweprice.com
BlackRock Inc,BLK,Exxon Mobil,XOM,30231G102,13914926,6625146852.16,0.3410,2025-03-31,New,13F-NT,Lisa Martin,lisa.martin@blackrocki.com
Morgan Stanley IM,MS,Amazon.com Inc,AMZN,023135106,4785384,3324313788.49,0.0692,2024-03-31,New,13F-HR,Jennifer Johnson,jennifer.johnson@morganstan.com
Millennium Management,MLNM,Alphabet Inc,GOOGL,02079K305,17103779,12809261378.74,0.2236,2024-03-31,Increased,13F-HR,Sarah Davis,sarah.davis@millennium.com
Two Sigma Investments,TWSM,Chevron Corp,CVX,166764100,17173462,6642145302.14,0.3706,2024-09-30,Unchanged,13F-HR,,
Appaloosa Management,APLS,Salesforce Inc,CRM,79466L302,21708296,11179613459.13,1.5738,2025-12-31,Unchanged,13F-HR,Margaret Martinez,margaret.martinez@appaloosam.com
Renaissance Technologies,RNTC,Cisco Systems,CSCO,17275R102,29008377,20942578927.44,0.5378,2024-09-30,Increased,13F-HR,Robert Davis,robert.davis@renaissanc.com
Vanguard Group,VGI,Salesforce Inc,CRM,79466L302,30717212,9480385733.25,1.1226,2024-09-30,Unchanged,13F-HR,Michael Rodriguez,michael.rodriguez@vanguardgr.com
Fidelity Investments,FNF,Intel Corp,INTC,458140100,16320695,12406566592.78,0.3643,2024-03-31,Decreased,13F-HR,Elizabeth Smith,elizabeth.smith@fidelityin.com
Point72 Asset Mgmt,PT72,Procter & Gamble,PG,742718109,21249280,9470403034.93,0.3109,2024-06-30,Increased,13F-HR,Lisa Rodriguez,lisa.rodriguez@point72ass.com
BlackRock Inc,BLK,Chevron Corp,CVX,166764100,12780911,1306400168.29,1.6512,2024-09-30,New,13F-NT,Michael Moore,michael.moore@blackrocki.com
State Street Corp,STT,Intel Corp,INTC,458140100,38263097,5928134037.86,6.0529,2025-03-31,Increased,13F-HR,Susan Lopez,susan.lopez@statestree.com
Millennium Management,MLNM,Procter & Gamble,PG,742718109,6266859,613211287.72,0.1400,2024-09-30,Unchanged,13F-HR,Nancy Martinez,nancy.martinez@millennium.com
JP Morgan Asset Mgmt,JPM,Chevron Corp,CVX,166764100,32996874,14674832178.63,0.5899,2024-03-31,New,13F-HR,Karen Thompson,karen.thompson@jpmorganas.com
DE Shaw & Co,DSHW,JPMorgan Chase,JPM,46625H100,24002875,9906359205.61,1.8498,2024-03-31,Unchanged,13F-HR,James Miller,james.miller@deshaw&co.com
T. Rowe Price,TROW,Apple Inc,AAPL,037833100,44762311,5616858438.29,0.6706,2024-06-30,Decreased,13F-HR,William White,william.white@troweprice.com
Morgan Stanley IM,MS,Netflix Inc,NFLX,64110L106,38405477,13247496568.02,1.1837,2024-12-31,Decreased,13F-HR,Karen Thompson,karen.thompson@morganstan.com
Wellington Management,WMGI,Bank of America,BAC,060505104,1353194,965469961.30,0.0186,2025-03-31,Decreased,13F-NT,Elizabeth Thomas,elizabeth.thomas@wellington.com
Fidelity Investments,FNF,JPMorgan Chase,JPM,46625H100,21373197,8176580598.11,0.9506,2024-03-31,Unchanged,13F-HR,Karen Smith,karen.smith@fidelityin.com
Citadel Advisors,CDLC,Procter & Gamble,PG,742718109,8148726,5846111557.75,0.3729,2025-12-31,Unchanged,13F-HR,Lisa Garcia,lisa.garcia@citadeladv.com
AQR Capital Management,AQRC,Johnson & Johnson,JNJ,478160104,40820139,2117902868.02,0.8955,2025-09-30,Increased,13F-HR,Susan Jackson,susan.jackson@aqrcapital.com
Wellington Management,WMGI,Intel Corp,INTC,458140100,10750844,2873889809.53,0.1376,2025-06-30,Unchanged,13F-HR,,
Fidelity Investments,FNF,Home Depot,HD,437076102,13669158,4250413678.80,0.4110,2024-12-31,Unchanged,13F-HR,Mark Hernandez,mark.hernandez@fidelityin.com
Citadel Advisors,CDLC,Intel Corp,INTC,458140100,32880018,11101250749.31,0.6080,2024-06-30,Unchanged,13F-HR,Mark Garcia,mark.garcia@citadeladv.com
Goldman Sachs AM,GS,Pfizer Inc,PFE,717081103,41803319,3352450188.59,1.6697,2025-12-31,Unchanged,13F-HR,Jennifer Martin,jennifer.martin@goldmansac.com
Renaissance Technologies,RNTC,Walt Disney Co,DIS,254687106,8656592,880655491.44,0.1086,2025-03-31,Increased,13F-NT,Karen Martinez,karen.martinez@renaissanc.com
Capital Group,CGBL,Exxon Mobil,XOM,30231G102,11287701,6356225356.33,0.3924,2025-09-30,Unchanged,13F-HR,Steven Davis,steven.davis@capitalgro.com
JP Morgan Asset Mgmt,JPM,Walt Disney Co,DIS,254687106,41692082,26623673019.12,2.3005,2024-03-31,Decreased,13F-HR,Patricia Jones,patricia.jones@jpmorganas.com
Renaissance Technologies,RNTC,Chevron Corp,CVX,166764100,16156446,7728221793.81,0.4229,2024-09-30,Increased,13F-HR,Nancy Rodriguez,nancy.rodriguez@renaissanc.com
Goldman Sachs AM,GS,JPMorgan Chase,JPM,46625H100,35740325,6453668035.11,0.4484,2024-06-30,Increased,13F-HR,Thomas Anderson,thomas.anderson@goldmansac.com
Appaloosa Management,APLS,Johnson & Johnson,JNJ,478160104,26438520,14577979047.15,1.5330,2025-03-31,Increased,13F-NT,Thomas Garcia,thomas.garcia@appaloosam.com
Bridgewater Associates,BWTR,Procter & Gamble,PG,742718109,37100243,1252849271.42,0.9063,2025-06-30,Decreased,13F-HR,Karen Lopez,karen.lopez@bridgewate.com
Fidelity Investments,FNF,Meta Platforms,META,30303M102,35442530,8624845874.93,2.0077,2025-03-31,Unchanged,13F-HR,Dorothy Davis,dorothy.davis@fidelityin.com
T. Rowe Price,TROW,Netflix Inc,NFLX,64110L106,1487733,726780204.07,0.0431,2024-12-31,New,13F-HR,Elizabeth Miller,elizabeth.miller@troweprice.com
Fidelity Investments,FNF,UnitedHealth Group,UNH,91324P102,14877977,1850022688.11,0.4532,00-00-0000,Increased,13F-HR,James Jackson,james.jackson@fidelityin.com
Point72 Asset Mgmt,PT72,Pfizer Inc,PFE,717081103,24220254,13874034388.45,0.9165,2024-12-31,Unchanged,13F-NT,Steven Garcia,steven.garcia@point72ass.com
Renaissance Technologies,RNTC,Walt Disney Co,DIS,254687106,25174196,1226283002.92,0.8133,2025-12-31,Increased,13F-NT,Karen Davis,karen.davis@renaissanc.com
T. Rowe Price,TROW,Pfizer Inc,PFE,717081103,19376361,10175024716.56,0.2460,2025-06-30,Unchanged,13F-HR,Jennifer Jones,jennifer.jones@troweprice.com
Goldman Sachs AM,GS,Tesla Inc,TSLA,88160R101,29509501,18845947431.28,1.8320,2025-03-31,Unchanged,13F-HR,Elizabeth Martin,elizabeth.martin@goldmansac.com
Fidelity Investments,FNF,Berkshire Hathaway,BRK.B,084670702,21256588,15001130789.90,0.7456,2024-12-31,New,13F-HR,Robert Thompson,robert.thompson@fidelityin.com
Vanguard Group,VGI,JPMorgan Chase,JPM,46625H100,32665602,11346879404.99,1.4120,2024-09-30,Decreased,13F-HR,Nancy Brown,nancy.brown@vanguardgr.com
Baupost Group,BPST,Salesforce Inc,CRM,79466L302,3570085,2107988748.42,0.2090,2025-06-30,New,13F-NT,James Miller,james.miller@baupostgro.com
Goldman Sachs AM,GS,Pfizer Inc,PFE,717081103,24264102,12426692821.63,0.7126,2024-03-31,Unchanged,13F-HR,Richard Rodriguez,richard.rodriguez@goldmansac.com
Millennium Management,MLNM,Netflix Inc,NFLX,64110L106,4996585,1636875847.81,0.2707,2024-09-30,Increased,13F-HR,Michael Lopez,michael.lopez@millennium.com
JP Morgan Asset Mgmt,JPM,Adobe Inc,ADBE,00724F101,619018,157016431.04,0.0082,2024-06-30,New,13F-HR,Steven Lopez,steven.lopez@jpmorganas.com
Bridgewater Associates,BWTR,UnitedHealth Group,UNH,91324P102,21070839,12427330211.07,0.5408,2024-06-30,Decreased,13F-HR,Robert Taylor,robert.taylor@bridgewate.com
Fidelity Investments,FNF,Exxon Mobil,XOM,30231G102,44821911,20314039354.86,0.8055,2024-03-31,Decreased,13F-HR,Lisa Jackson,lisa.jackson@fidelityin.com
DE Shaw & Co,DSHW,Coca-Cola Co,KO,191216100,25637025,10569305009.42,0.3888,2025-03-31,Unchanged,13F-HR,Sarah Miller,sarah.miller@deshaw&co.com
BlackRock Inc,BLK,Coca-Cola Co,KO,191216100,41512653,3686477647.26,2.2286,2025-03-31,Increased,13F-HR,Thomas Thompson,thomas.thompson@blackrocki.com
Two Sigma Investments,TWSM,NVIDIA Corp,NVDA,67066G104,19570819,5295391944.76,0.2658,2024-09-30,Unchanged,13F-HR,Margaret White,margaret.white@twosigmain.com
Appaloosa Management,APLS,Microsoft Corp,MSFT,594918104,31968692,17409932180.62,1.0370,2024-12-31,Unchanged,13F-HR,Elizabeth Taylor,elizabeth.taylor@appaloosam.com
Two Sigma Investments,TWSM,UnitedHealth Group,UNH,91324P102,32047790,10222822224.07,0.6465,2025-09-30,New,13F-HR,Jennifer Taylor,jennifer.taylor@twosigmain.com
Citadel Advisors,CDLC,Amazon.com Inc,AMZN,023135106,46437805,31243993064.63,2.0402,2024-03-31,New,13F-HR,Michael Lopez,michael.lopez@citadeladv.com
Renaissance Technologies,RNTC,Amazon.com Inc,AMZN,023135106,1991177,1363128559.92,0.1682,2024-03-31,Unchanged,13F-HR,David Brown,david.brown@renaissanc.com
BlackRock Inc,BLK,Netflix Inc,NFLX,64110L106,unknown,14121618706.69,0.7766,2024-09-30,New,13F-HR,Sarah Hernandez,sarah.hernandez@blackrocki.com
JP Morgan Asset Mgmt,JPM,NVIDIA Corp,NVDA,67066G104,10747623,5009256670.04,0.1465,2024-03-31,Unchanged,13F-NT,James Jackson,james.jackson@jpmorganas.com
T. Rowe Price,TROW,Procter & Gamble,PG,742718109,32011658,15429679875.55,1.9850,2025-09-30,Increased,13F-HR,Nancy Jones,nancy.jones@troweprice.com
DE Shaw & Co,DSHW,Alphabet Inc,GOOGL,02079K305,43160045,32252491281.39,0.5730,2024-06-30,Unchanged,13F-HR,Margaret Thomas,margaret.thomas@deshaw&co.com
AQR Capital Management,AQRC,Intel Corp,INTC,458140100,3451783,2632462102.45,0.0567,2025-09-30,Increased,13F-NT,Patricia Brown,patricia.brown@aqrcapital.com
JP Morgan Asset Mgmt,JPM,Johnson & Johnson,JNJ,478160104,24366495,12332387872.93,0.3962,2024-06-30,Decreased,13F-HR,Steven Martin,steven.martin@jpmorganas.com
Goldman Sachs AM,GS,Netflix Inc,NFLX,64110L106,4095655,2633423440.94,0.6080,2025-09-30,Decreased,13F-HR,James Rodriguez,james.rodriguez@goldmansac.com
T. Rowe Price,TROW,Walt Disney Co,DIS,254687106,15203072,3508326233.31,0.2145,2024-03-31,Increased,13F-HR,James Martinez,james.martinez@troweprice.com
Baupost Group,BPST,Berkshire Hathaway,BRK.B,084670702,27260712,8603496483.41,0.3872,2024-06-30,Increased,13F-HR,David Hernandez,david.hernandez@baupostgro.com
Baupost Group,BPST,Home Depot,HD,437076102,26922558,14706536379.59,0.3866,2024-09-30,Decreased,13F-HR,Susan Thomas,susan.thomas@baupostgro.com
BlackRock Inc,BLK,Coca-Cola Co,KO,191216100,18824914,2905210591.32,0.2548,2024-12-31,New,13F-HR,Jennifer White,jennifer.white@blackrocki.com
Capital Group,CGBL,JPMorgan Chase,JPM,46625H100,27590438,16167525067.75,0.3605,2024-06-30,Increased,13F-HR,David Martinez,david.martinez@capitalgro.com
DE Shaw & Co,DSHW,Microsoft Corp,MSFT,594918104,27961369,12713577914.16,2.5988,2025-09-30,Increased,13F-HR,Lisa Rodriguez,lisa.rodriguez@deshaw&co.com
Citadel Advisors,CDLC,Alphabet Inc,GOOGL,02079K305,13751393,8039120202.09,0.2390,2024-12-31,New,13F-HR,Margaret Johnson,margaret.johnson@citadeladv.com
Renaissance Technologies,RNTC,Cisco Systems,CSCO,17275R102,16691471,11196248846.11,2.0788,2024-12-31,Unchanged,13F-HR,Patricia Jones,patricia.jones@renaissanc.com
Appaloosa Management,APLS,Netflix Inc,NFLX,64110L106,9409201,3056623099.95,0.1620,2024-12-31,Unchanged,13F-HR,Elizabeth Jackson,elizabeth.jackson@appaloosam.com
AQR Capital Management,AQRC,Netflix Inc,NFLX,64110L106,5322859,645155107.72,-0.1103,2025-06-30,Unchanged,13F-HR,Robert Williams,robert.williams@aqrcapital.com
Baupost Group,BPST,Visa Inc,V,92826C839,2096867,1584520942.51,0.0363,2025-03-31,Unchanged,13F-HR,William Hernandez,william.hernandez@baupostgro.com
Baupost Group,BPST,Tesla Inc,TSLA,88160R101,2988729,1712100943.40,0.0622,2025-03-31,Decreased,13F-HR,Margaret Miller,margaret.miller@baupostgro.com
Vanguard Group,VGI,JPMorgan Chase,JPM,46625H100,46500913,9500881023.61,1.3806,2025-06-30,Increased,13F-HR,Steven Martinez,steven.martinez@vanguardgr.com
Fidelity Investments,FNF,Adobe Inc,ADBE,00724F101,25280231,19246106831.01,0.3813,2024-09-30,New,13F-HR,Sarah Johnson,sarah.johnson@fidelityin.com
Goldman Sachs AM,GS,Walt Disney Co,DIS,254687106,42531402,22711464099.27,0.8253,2025-12-31,Increased,13F-HR,James Brown,james.brown@goldmansac.com
Citadel Advisors,CDLC,Berkshire Hathaway,BRK.B,084670702,11657466,2760899796.46,0.5578,2024-03-31,Increased,13F-HR,Robert Williams,robert.williams@citadeladv.com
Baupost Group,BPST,Intel Corp,INTC,458140100,10940892,6675617620.89,0.2060,2024-06-30,Decreased,13F-HR,Karen Lopez,karen.lopez@baupostgro.com
JP Morgan Asset Mgmt,JPM,UnitedHealth Group,UNH,91324P102,28614795,1665381169.41,0.5532,2024-03-31,Unchanged,13F-NT,Patricia Anderson,patricia.anderson@jpmorganas.com
DE Shaw & Co,DSHW,Exxon Mobil,XOM,30231G102,1317255,867354185.85,0.0963,2025-03-31,Decreased,13F-HR,Patricia Martinez,patricia.martinez@deshaw&co.com
Capital Group,CGBL,Adobe Inc,ADBE,00724F101,30408598,13208872824.63,0.4700,2024-09-30,Increased,13F-HR,Susan Moore,susan.moore@capitalgro.com
Citadel Advisors,CDLC,Meta Platforms,META,30303M102,46798325,3676695271.95,0.8195,2025-12-31,Unchanged,13F-HR,Mark Martin,mark.martin@citadeladv.com
Morgan Stanley IM,MS,JPMorgan Chase,JPM,46625H100,18195385,11004437951.24,3.5696,2024-06-30,New,13F-HR,Robert Rodriguez,robert.rodriguez@morganstan.com
Morgan Stanley IM,MS,Adobe Inc,ADBE,00724F101,13319450,2790272548.08,0.2242,2024-12-31,New,13F-HR,Robert Brown,robert.brown@morganstan.com
JP Morgan Asset Mgmt,JPM,Salesforce Inc,CRM,79466L302,22589038,10604117569.98,1.7909,2025-09-30,Unchanged,13F-NT,Daniel Moore,daniel.moore@jpmorganas.com
Renaissance Technologies,RNTC,Cisco Systems,CSCO,17275R102,15787089,2025699798.22,0.6017,2024-09-30,Increased,13F-NT,Steven White,steven.white@renaissanc.com
Two Sigma Investments,TWSM,Apple Inc,AAPL,037833100,25441313,14867410411.77,0.3210,2025-09-30,New,13F-HR,Sarah Hernandez,sarah.hernandez@twosigmain.com
BlackRock Inc,BLK,Cisco Systems,CSCO,17275R102,3448768,1888209981.25,0.0688,2024-03-31,Unchanged,13F-HR,David Martin,david.martin@blackrocki.com
Two Sigma Investments,TWSM,Exxon Mobil,XOM,30231G102,37608033,1636174248.67,1.2118,2024-09-30,Increased,13F-HR,Mark Thomas,mark.thomas@twosigmain.com
Citadel Advisors,CDLC,NVIDIA Corp,NVDA,67066G104,9232417,6891999723.68,0.1250,2024-06-30,New,13F-HR,David Taylor,david.taylor@citadeladv.com
Renaissance Technologies,RNTC,Coca-Cola Co,KO,191216100,45005568,34227499529.91,0.5780,2025-06-30,Unchanged,13F-HR,Margaret Hernandez,margaret.hernandez@renaissanc.com
Goldman Sachs AM,GS,Intel Corp,INTC,458140100,20780966,10256778670.70,0.3830,2025-12-31,Unchanged,13F-NT,Michael Jackson,michael.jackson@goldmansac.com
AQR Capital Management,AQRC,Intel Corp,INTC,458140100,15138836,4086907065.94,0.3475,2024-12-31,Decreased,13F-HR,Nancy Hernandez,nancy.hernandez@aqrcapital.com
Appaloosa Management,APLS,Meta Platforms,META,30303M102,37744727,29765110717.46,0.8502,2024-03-31,Increased,13F-HR,Patricia White,patricia.white@appaloosam.com
JP Morgan Asset Mgmt,JPM,Microsoft Corp,MSFT,594918104,2935808,1405198757.77,0.0673,2024-03-31,Increased,13F-HR,Mark Miller,mark.miller@jpmorganas.com
Fidelity Investments,FNF,Home Depot,HD,437076102,18649155,2882076400.06,0.4603,2024-03-31,Unchanged,13F-HR,Patricia Rodriguez,patricia.rodriguez@fidelityin.com
Renaissance Technologies,RNTC,Pfizer Inc,PFE,717081103,3486842,2711528915.58,0.0447,2025-03-31,Increased,13F-HR,Karen Martin,karen.martin@renaissanc.com
JP Morgan Asset Mgmt,JPM,Cisco Systems,CSCO,17275R102,24232160,9250583965.89,0.3198,2025-03-31,Decreased,13F-HR,Lisa White,lisa.white@jpmorganas.com
State Street Corp,STT,Microsoft Corp,MSFT,594918104,12593866,9818892064.34,0.1575,2025-06-30,Increased,13F-NT,Richard Taylor,richard.taylor@statestree.com
Morgan Stanley IM,MS,Bank of America,BAC,060505104,48171141,28120580147.82,0.8545,2025-12-31,Unchanged,13F-HR,Margaret Taylor,margaret.taylor@morganstan.com
Morgan Stanley IM,MS,Cisco Systems,CSCO,17275R102,19704676,9675548325.26,0.7092,2025-09-30,New,13F-HR,Daniel Smith,daniel.smith@morganstan.com
Vanguard Group,VGI,Pfizer Inc,PFE,717081103,31818514,3882590650.53,4.2250,2024-12-31,New,13F-HR,Sarah Smith,sarah.smith@vanguardgr.com
Millennium Management,MLNM,Apple Inc,AAPL,037833100,27952703,18823881457.50,0.8280,2025-09-30,Unchanged,13F-HR,Michael Miller,michael.miller@millennium.com
Citadel Advisors,CDLC,Intel Corp,INTC,458140100,1617591,284573605.71,0.0289,2024-12-31,Increased,13F-HR,Robert Moore,robert.moore@citadeladv.com
AQR Capital Management,AQRC,Amazon.com Inc,AMZN,023135106,16636039,8346937344.33,0.2099,2025-09-30,Decreased,13F-HR,Sarah Davis,sarah.davis@aqrcapital.com
Baupost Group,BPST,Exxon Mobil,XOM,30231G102,2956402,2308184947.88,0.2181,2025-06-30,Increased,13F-HR,Elizabeth Garcia,elizabeth.garcia@baupostgro.com
Bridgewater Associates,BWTR,Berkshire Hathaway,BRK.B,084670702,18494008,5152614809.35,0.3954,2024-09-30,Increased,13F-HR,Steven Lopez,steven.lopez@bridgewate.com
Two Sigma Investments,TWSM,Alphabet Inc,GOOGL,02079K305,23311063,7872485097.72,0.9767,2026-07-30,New,13F-HR,Susan White,susan.white@twosigmain.com
DE Shaw & Co,DSHW,Apple Inc,AAPL,037833100,4716987,314837192.24,0.0806,2024-06-30,Increased,13F-HR,Elizabeth White,elizabeth.white@deshaw&co.com
Two Sigma Investments,TWSM,Tesla Inc,TSLA,88160R101,31997822,9588127390.65,0.4113,2026-09-29,Increased,13F-HR,Patricia White,patricia.white@twosigmain.com
Appaloosa Management,APLS,Amazon.com Inc,AMZN,023135106,11575298,3698164981.87,0.3024,2025-12-31,Increased,13F-HR,Lisa Rodriguez,lisa.rodriguez@appaloosam.com
Fidelity Investments,FNF,Berkshire Hathaway,BRK.B,084670702,31894118,18542515306.01,0.7346,2024-12-31,Increased,13F-HR,William Garcia,william.garcia@fidelityin.com
Goldman Sachs AM,GS,Adobe Inc,ADBE,00724F101,6821959,2231108808.06,0.2057,2024-06-30,New,13F-HR,Steven Williams,steven.williams@goldmansac.com
DE Shaw & Co,DSHW,UnitedHealth Group,UNH,91324P102,17532628,2744332007.33,0.6556,2024-03-31,Unchanged,13F-HR,Margaret Williams,margaret.williams@deshaw&co.com
JP Morgan Asset Mgmt,JPM,Amazon.com Inc,AMZN,023135106,18515928,6066401946.10,2.7232,2025-09-30,Increased,13F-HR,Elizabeth Smith,elizabeth.smith@jpmorganas.com
Two Sigma Investments,TWSM,Amazon.com Inc,AMZN,023135106,24559337,10375002926.37,1.1308,2024-06-30,New,13F-HR,Nancy Hernandez,nancy.hernandez@twosigmain.com
Renaissance Technologies,RNTC,Pfizer Inc,PFE,717081103,21774199,7952822672.51,1.3374,2024-12-31,Increased,13F-HR,Richard Miller,richard.miller@renaissanc.com
Citadel Advisors,CDLC,JPMorgan Chase,JPM,46625H100,4115814,1958619100.05,0.0748,2024-03-31,Unchanged,13F-HR,Jennifer Brown,jennifer.brown@citadeladv.com
Renaissance Technologies,RNTC,NVIDIA Corp,NVDA,67066G104,8166523,2652065243.54,0.1647,2024-09-30,Increased,13F-HR,Daniel Lopez,daniel.lopez@renaissanc.com
Capital Group,CGBL,Amazon.com Inc,AMZN,023135106,40689227,27866767537.64,0.7437,2025-12-31,Unchanged,13F-NT,Nancy Brown,nancy.brown@capitalgro.com
Citadel Advisors,CDLC,Walt Disney Co,DIS,254687106,3797747,425216371.42,0.0651,2024-09-30,Increased,13F-HR,Karen Thomas,karen.thomas@citadeladv.com
Point72 Asset Mgmt,PT72,Berkshire Hathaway,BRK.B,084670702,1986655,45590827.28,0.0488,2024-06-30,Increased,13F-HR,Elizabeth Davis,elizabeth.davis@point72ass.com
Baupost Group,BPST,Intel Corp,INTC,458140100,20926817,3152414338.06,2.9921,2025-09-30,Increased,13F-HR,Lisa Hernandez,lisa.hernandez@baupostgro.com
Fidelity Investments,FNF,Chevron Corp,CVX,166764100,6069053,3419480958.62,0.0790,2024-03-31,Unchanged,13F-HR,Thomas Lopez,thomas.lopez@fidelityin.com
Fidelity Investments,FNF,UnitedHealth Group,UNH,91324P102,14790979,5296691267.34,0.3491,2024-03-31,Unchanged,13F-HR,Robert Anderson,robert.anderson@fidelityin.com
T. Rowe Price,TROW,Home Depot,HD,437076102,2031146,552680695.75,0.0570,2025-03-31,Increased,13F-NT,Steven Miller,steven.miller@troweprice.com
Fidelity Investments,FNF,Chevron Corp,CVX,166764100,32568849,9259370696.37,2.2101,2024-12-31,Unchanged,13F-HR,Steven Hernandez,steven.hernandez@fidelityin.com
JP Morgan Asset Mgmt,JPM,UnitedHealth Group,UNH,91324P102,14700560,4792190684.46,0.1988,2024-03-31,Unchanged,13F-HR,Michael Moore,michael.moore@jpmorganas.com
Capital Group,CGBL,Procter & Gamble,PG,742718109,14995855,10726854254.81,0.2047,2025-09-30,Unchanged,13F-NT,Elizabeth Jones,elizabeth.jones@capitalgro.com
Morgan Stanley IM,MS,Tesla Inc,TSLA,88160R101,18789407,10337636927.61,3.6925,2024-12-31,Increased,13F-HR,Daniel Miller,daniel.miller@morganstan.com
Goldman Sachs AM,GS,Berkshire Hathaway,BRK.B,084670702,21968985,6542619558.48,0.6940,2024-03-31,Decreased,13F-HR,Margaret Jones,margaret.jones@goldmansac.com
BlackRock Inc,BLK,Salesforce Inc,CRM,79466L302,26060934,8897149001.99,0.6856,2024-06-30,Increased,13F-NT,Mark Garcia,mark.garcia@blackrocki.com
DE Shaw & Co,DSHW,Chevron Corp,CVX,166764100,44882627,17785860379.28,0.8910,2025-06-30,Unchanged,13F-HR,Jennifer Miller,jennifer.miller@deshaw&co.com
Vanguard Group,VGI,NVIDIA Corp,NVDA,67066G104,TBD,820221125.35,1.2418,2025-09-30,Unchanged,13F-HR,James Davis,james.davis@vanguardgr.com
T. Rowe Price,TROW,Berkshire Hathaway,BRK.B,084670702,29306299,2647243197.29,1.8894,2024-12-31,New,13F-HR,Margaret Taylor,margaret.taylor@troweprice.com
BlackRock Inc,BLK,Coca-Cola Co,KO,191216100,28879425,13950084377.93,0.8438,2024-06-30,Decreased,13F-HR,James Martin,james.martin@blackrocki.com
Two Sigma Investments,TWSM,JPMorgan Chase,JPM,46625H100,21100343,3579559278.34,0.2771,2024-03-31,Unchanged,13F-HR,William Hernandez,william.hernandez@twosigmain.com
DE Shaw & Co,DSHW,Home Depot,HD,437076102,12598451,5346564980.26,0.1687,2024-03-31,New,13F-HR,Karen Moore,karen.moore@deshaw&co.com
Point72 Asset Mgmt,PT72,Netflix Inc,NFLX,64110L106,6079443,3894014328.85,0.0977,2025-12-31,Unchanged,13F-HR,Lisa White,lisa.white@point72ass.com
Morgan Stanley IM,MS,Adobe Inc,ADBE,00724F101,42942556,10058574889.35,0.8990,2024-09-30,Unchanged,13F-HR,William Miller,william.miller@morganstan.com
JP Morgan Asset Mgmt,JPM,Home Depot,HD,437076102,679504,193245528.20,0.0099,2024-03-31,New,13F-HR,William Smith,william.smith@jpmorganas.com
BlackRock Inc,BLK,Exxon Mobil,XOM,30231G102,45081654,33736449934.13,1.1857,2025-06-30,New,13F-HR,Mark Taylor,mark.taylor@blackrocki.com
State Street Corp,STT,Cisco Systems,CSCO,17275R102,40500159,12126738604.66,4.7394,2025-03-31,Unchanged,13F-HR,William Lopez,william.lopez@statestree.com
Point72 Asset Mgmt,PT72,Chevron Corp,CVX,166764100,457287,183337972.45,0.0113,2024-12-31,Decreased,13F-NT,Thomas Miller,thomas.miller@point72ass.com
Vanguard Group,VGI,Visa Inc,V,92826C839,33292083,22340794602.14,0.5169,2024-12-31,Increased,13F-NT,Dorothy Miller,dorothy.miller@vanguardgr.com
Millennium Management,MLNM,Alphabet Inc,GOOGL,02079K305,48515575,1132121617.72,0.7620,2025-12-31,New,13F-HR,David Hernandez,david.hernandez@millennium.com
JP Morgan Asset Mgmt,JPM,Salesforce Inc,CRM,79466L302,36096549,13633774561.72,3.9807,2024-06-30,Unchanged,13F-HR,Dorothy Moore,dorothy.moore@jpmorganas.com
State Street Corp,STT,Procter & Gamble,PG,742718109,41925862,8421664429.03,0.9370,2024-06-30,Decreased,13F-NT,Margaret Martinez,margaret.martinez@statestree.com
Millennium Management,MLNM,Tesla Inc,TSLA,88160R101,16207130,9427010678.86,0.2351,2024-06-30,Increased,13F-HR,Lisa Martin,lisa.martin@millennium.com
DE Shaw & Co,DSHW,UnitedHealth Group,UNH,91324P102,957282,459056206.08,0.0212,2024-09-30,Increased,13F-HR,Mark White,mark.white@deshaw&co.com
Two Sigma Investments,TWSM,NVIDIA Corp,NVDA,67066G104,33100172,23427676595.23,0.5251,2025-09-30,Unchanged,13F-NT,Daniel Brown,daniel.brown@twosigmain.com
JP Morgan Asset Mgmt,JPM,Berkshire Hathaway,BRK.B,084670702,45831919,5341977825.79,0.6122,2024-12-31,Unchanged,13F-HR,Nancy Miller,nancy.miller@jpmorganas.com
Fidelity Investments,FNF,Berkshire Hathaway,BRK.B,084670702,21787731,691821685.16,0.5570,2025-09-30,Unchanged,13F-HR,Susan Brown,susan.brown@fidelityin.com
State Street Corp,STT,Tesla Inc,TSLA,88160R101,22875742,4444673495.88,0.8238,2025-12-31,Unchanged,13F-HR,David Smith,david.smith@statestree.com
Two Sigma Investments,TWSM,Tesla Inc,TSLA,88160R101,28006391,10837099224.65,0.3710,2025-06-30,Unchanged,13F-HR,Thomas Martin,thomas.martin@twosigmain.com
Appaloosa Management,APLS,Johnson & Johnson,JNJ,478160104,27323767,19658989416.88,0.3558,2024-06-30,Increased,13F-HR,Michael Thomas,michael.thomas@appaloosam.com
Baupost Group,BPST,Walt Disney Co,DIS,254687106,45995096,27674771687.06,0.7131,2024-09-30,Unchanged,13F-HR,Patricia Taylor,patricia.taylor@baupostgro.com
AQR Capital Management,AQRC,Apple Inc,AAPL,037833100,30008868,1691949735.84,1.9281,2024-03-31,Unchanged,13F-NT,Nancy Johnson,nancy.johnson@aqrcapital.com
JP Morgan Asset Mgmt,JPM,Apple Inc,AAPL,037833100,23856564,10043877037.30,1.7802,2024-09-30,Unchanged,13F-HR,Mark Anderson,mark.anderson@jpmorganas.com
Two Sigma Investments,TWSM,Microsoft Corp,MSFT,594918104,31755046,17703274634.73,0.7292,2025-06-30,Unchanged,13F-HR,Elizabeth Thompson,elizabeth.thompson@twosigmain.com
Citadel Advisors,CDLC,Alphabet Inc,GOOGL,02079K305,49880846,16184677571.24,1.1657,2024-09-30,New,13F-HR,Steven Lopez,steven.lopez@citadeladv.com
T. Rowe Price,TROW,Visa Inc,V,92826C839,29384523,22478265103.07,0.4941,2025-06-30,Decreased,13F-HR,Michael Taylor,michael.taylor@troweprice.com
Vanguard Group,VGI,Walt Disney Co,DIS,254687106,22456764,5072943569.21,0.4585,2025-03-31,Increased,13F-NT,Sarah Thompson,sarah.thompson@vanguardgr.com
Bridgewater Associates,BWTR,UnitedHealth Group,UNH,91324P102,8592059,2584808795.37,0.1248,2024-06-30,Decreased,13F-HR,Margaret Smith,margaret.smith@bridgewate.com
Two Sigma Investments,TWSM,Salesforce Inc,CRM,79466L302,10110176,483347471.45,0.4642,2024-09-30,Increased,13F-HR,Mark Hernandez,mark.hernandez@twosigmain.com
AQR Capital Management,AQRC,Home Depot,HD,437076102,27687323,4333560437.46,0.5706,2025-12-31,Decreased,13F-HR,Robert Williams,robert.williams@aqrcapital.com
JP Morgan Asset Mgmt,JPM,Walt Disney Co,DIS,254687106,41160592,30360025049.79,0.9090,2024-09-30,Unchanged,13F-HR,Margaret Thomas,margaret.thomas@jpmorganas.com
AQR Capital Management,AQRC,Salesforce Inc,CRM,79466L302,TBD,6602280508.61,0.7414,2025-03-31,Unchanged,13F-HR,Elizabeth Jones,elizabeth.jones@aqrcapital.com
Vanguard Group,VGI,Exxon Mobil,XOM,30231G102,12453983,3634616450.86,0.1609,2025-09-30,Unchanged,13F-HR,Patricia Brown,patricia.brown@vanguardgr.com
Morgan Stanley IM,MS,Chevron Corp,CVX,166764100,5577665,1179139714.86,0.0743,2024-06-30,Unchanged,13F-HR,David Moore,david.moore@morganstan.com
JP Morgan Asset Mgmt,JPM,Berkshire Hathaway,BRK.B,084670702,32769770,11133698864.00,0.6920,2024-09-30,New,13F-HR,Susan Lopez,susan.lopez@jpmorganas.com
Appaloosa Management,APLS,JPMorgan Chase,JPM,46625H100,N/A,10492633114.25,0.6667,2024-09-30,Increased,13F-HR,Karen Garcia,karen.garcia@appaloosam.com
Morgan Stanley IM,MS,Bank of America,BAC,060505104,35754553,970321112.27,0.7303,2024-09-30,New,13F-HR,Susan Garcia,susan.garcia@morganstan.com
Millennium Management,MLNM,Procter & Gamble,PG,742718109,20930094,16664781038.42,0.8806,2025-09-30,Increased,13F-HR,,
AQR Capital Management,AQRC,Pfizer Inc,PFE,717081103,14731256,9835817865.79,0.4782,2024-09-30,Unchanged,13F-NT,Susan Garcia,susan.garcia@aqrcapital.com
Goldman Sachs AM,GS,Coca-Cola Co,KO,191216100,7755498,4347709251.17,0.1156,2025-06-30,New,13F-HR,Mark Taylor,mark.taylor@goldmansac.com
DE Shaw & Co,DSHW,Amazon.com Inc,AMZN,023135106,16948200,4612512851.96,0.2595,2025-06-30,Increased,13F-NT,Nancy Smith,nancy.smith@deshaw&co.com
Two Sigma Investments,TWSM,Home Depot,HD,437076102,16279973,10107343974.02,0.7428,2024-06-30,Unchanged,13F-HR,Margaret Smith,margaret.smith@twosigmain.com
Two Sigma Investments,TWSM,Apple Inc,AAPL,037833100,26300663,8073403538.24,0.6740,2024-12-31,New,13F-HR,Richard Johnson,richard.johnson@twosigmain.com
T. Rowe Price,TROW,Microsoft Corp,MSFT,,7108070,4707592406.67,0.4307,2024-09-30,Unchanged,13F-HR,Steven Thomas,steven.thomas@troweprice.com
AQR Capital Management,AQRC,JPMorgan Chase,JPM,46625H100,42489377,24066060157.03,1.6160,2025-09-30,Increased,13F-HR,Robert Anderson,robert.anderson@aqrcapital.com
Point72 Asset Mgmt,PT72,Pfizer Inc,PFE,717081103,2236136,1076298424.60,0.0793,2024-09-30,Decreased,13F-HR,William Thomas,william.thomas@point72ass.com
T. Rowe Price,TROW,Cisco Systems,CSCO,17275R102,17028968,5142125086.96,0.3299,2025-12-31,Increased,13F-HR,,
Point72 Asset Mgmt,PT72,NVIDIA Corp,NVDA,67066G104,8062931,3694796060.31,0.1223,2025-12-31,Increased,13F-HR,William Miller,william.miller@point72ass.com
Appaloosa Management,APLS,UnitedHealth Group,UNH,91324P102,49398278,7337090856.20,1.1327,2025-06-30,New,13F-HR,Karen Hernandez,karen.hernandez@appaloosam.com
Fidelity Investments,FNF,Coca-Cola Co,KO,191216100,29083591,13835320398.48,0.5636,2024-03-31,Unchanged,13F-HR,Patricia Lopez,patricia.lopez@fidelityin.com
Citadel Advisors,CDLC,Adobe Inc,ADBE,00724F101,27508702,1286950075.06,0.9892,2024-12-31,Unchanged,13F-HR,Margaret Johnson,margaret.johnson@citadeladv.com
Appaloosa Management,APLS,Pfizer Inc,PFE,717081103,1869505,937728060.78,0.0932,2024-09-30,New,13F-HR,Susan Jones,susan.jones@appaloosam.com
Point72 Asset Mgmt,PT72,Walt Disney Co,DIS,254687106,2249385,1579441941.73,0.0446,2024-09-30,Unchanged,13F-HR,Richard Jackson,richard.jackson@point72ass.com
Baupost Group,BPST,Johnson & Johnson,JNJ,478160104,16722165,8374128821.21,0.3870,2025-03-31,Increased,13F-NT,Mark Rodriguez,mark.rodriguez@baupostgro.com
Wellington Management,WMGI,Procter & Gamble,PG,742718109,17105941,7828834809.10,0.2266,2025-09-30,Unchanged,13F-HR,Jennifer Williams,jennifer.williams@wellington.com
Goldman Sachs AM,GS,Meta Platforms,META,30303M102,1283766,57802861.92,0.0273,2025-12-31,Unchanged,13F-HR,Daniel Hernandez,daniel.hernandez@goldmansac.com
Goldman Sachs AM,GS,Home Depot,HD,437076102,48654995,38029906364.77,1.0807,2025-12-31,Unchanged,13F-HR,Karen Moore,karen.moore@goldmansac.com
Renaissance Technologies,RNTC,Cisco Systems,CSCO,17275R102,43330813,29058542899.97,0.7190,2024-06-30,Decreased,13F-HR,David Davis,david.davis@renaissanc.com
Wellington Management,WMGI,Johnson & Johnson,JNJ,478160104,31614429,18116168257.68,1.4570,2025-09-30,Increased,13F-NT,David Taylor,david.taylor@wellington.com
Appaloosa Management,APLS,Procter & Gamble,PG,742718109,31163008,19347815311.82,0.9353,2024-12-31,Increased,13F-HR,Patricia Johnson,patricia.johnson@appaloosam.com
BlackRock Inc,BLK,Meta Platforms,META,30303M102,27271937,13317753264.33,0.4858,2025-12-31,Unchanged,13F-NT,Patricia Martin,patricia.martin@blackrocki.com
Citadel Advisors,CDLC,Bank of America,BAC,060505104,27791117,18497842593.64,0.3577,2024-03-31,Decreased,13F-HR,Steven Rodriguez,steven.rodriguez@citadeladv.com
Baupost Group,BPST,Johnson & Johnson,JNJ,478160104,23064993,10086919838.47,4.2219,2024-03-31,Unchanged,13F-NT,Steven Jackson,steven.jackson@baupostgro.com
Citadel Advisors,CDLC,Exxon Mobil,XOM,30231G102,14664314,774164021.72,0.4824,2025-09-30,Unchanged,13F-HR,William White,william.white@citadeladv.com
Point72 Asset Mgmt,PT72,Procter & Gamble,PG,742718109,575100,235851081.03,0.0072,2024-09-30,Unchanged,13F-HR,William Jones,william.jones@point72ass.com
BlackRock Inc,BLK,Exxon Mobil,XOM,30231G102,16309896,12969300492.40,0.4685,2024-09-30,Unchanged,13F-HR,Karen Williams,karen.williams@blackrocki.com
Goldman Sachs AM,GS,Microsoft Corp,MSFT,594918104,24436049,7788355037.28,2.1349,2025-12-31,Increased,13F-HR,Robert Thompson,robert.thompson@goldmansac.com
Capital Group,CGBL,Visa Inc,V,92826C839,15215674,6092902265.61,0.6769,not_a_date,Increased,13F-NT,Mark Thomas,mark.thomas@capitalgro.com
Point72 Asset Mgmt,PT72,Bank of America,BAC,060505104,35080168,21077861074.42,1.3889,2025-12-31,New,13F-HR,Steven Lopez,steven.lopez@point72ass.com
Point72 Asset Mgmt,PT72,Chevron Corp,CVX,166764100,22377848,13064969561.17,1.1075,2024-12-31,Increased,13F-HR,Steven White,steven.white@point72ass.com
Vanguard Group,VGI,Salesforce Inc,CRM,79466L302,39469289,1473958182.80,2.1227,2025-12-31,Decreased,13F-NT,Susan Thomas,susan.thomas@vanguardgr.com
Fidelity Investments,FNF,Coca-Cola Co,KO,191216100,14303569,8556474877.35,0.7531,2025-09-30,Increased,13F-HR,Mark Martinez,mark.martinez@fidelityin.com
Vanguard Group,VGI,Bank of America,BAC,060505104,47983842,15415403632.63,0.9908,2025-12-31,Increased,13F-HR,Michael Martinez,michael.martinez@vanguardgr.com
Citadel Advisors,CDLC,Chevron Corp,CVX,166764100,11467464,7433555252.77,0.1611,2024-06-30,Increased,13F-NT,Daniel Martinez,daniel.martinez@citadeladv.com
Appaloosa Management,APLS,Chevron Corp,CVX,166764100,37333565,1320937085.62,1.5622,2025-03-31,New,13F-NT,David Martin,david.martin@appaloosam.com
Goldman Sachs AM,GS,Pfizer Inc,PFE,717081103,47732790,15162399324.47,0.6539,2025-09-30,Increased,13F-HR,Mark Lopez,mark.lopez@goldmansac.com
Morgan Stanley IM,MS,Walt Disney Co,DIS,254687106,42682212,11033262091.18,1.6663,2024-12-31,Unchanged,13F-HR,Nancy Thompson,nancy.thompson@morganstan.com
Bridgewater Associates,BWTR,Walt Disney Co,DIS,254687106,44235525,8424187001.09,1.6505,2024-12-31,Increased,13F-NT,Elizabeth Brown,elizabeth.brown@bridgewate.com
AQR Capital Management,AQRC,Adobe Inc,ADBE,00724F101,22463277,10691398000.29,0.5490,2024-06-30,Increased,13F-HR,David Thompson,david.thompson@aqrcapital.com
Renaissance Technologies,RNTC,Visa Inc,V,92826C839,16761154,12892774202.56,0.3416,2025-03-31,Unchanged,13F-HR,Sarah Martin,sarah.martin@renaissanc.com
Vanguard Group,VGI,Amazon.com Inc,AMZN,023135106,44469919,16456114630.96,6.9769,2024-12-31,Increased,13F-NT,James White,james.white@vanguardgr.com
Appaloosa Management,APLS,Apple Inc,AAPL,037833100,29423928,12196462185.72,1.6040,2024-03-31,Unchanged,13F-HR,Daniel Hernandez,daniel.hernandez@appaloosam.com
BlackRock Inc,BLK,Tesla Inc,TSLA,88160R101,30694437,23357611868.00,0.7084,2024-06-30,Increased,13F-HR,William Williams,william.williams@blackrocki.com
AQR Capital Management,AQRC,Walt Disney Co,DIS,254687106,16443891,4493749428.09,0.3930,2024-12-31,Increased,13F-NT,Thomas Martin,thomas.martin@aqrcapital.com
AQR Capital Management,AQRC,Tesla Inc,TSLA,88160R101,31595947,20125917796.54,1.0059,2024-06-30,Unchanged,13F-NT,Sarah Jackson,sarah.jackson@aqrcapital.com
Baupost Group,BPST,Tesla Inc,TSLA,88160R101,45758960,28312988966.03,0.9318,2024-09-30,Unchanged,13F-HR,Steven Miller,steven.miller@baupostgro.com
Goldman Sachs AM,GS,Visa Inc,V,92826C839,39411715,12490790448.78,1.7047,2025-12-31,New,13F-NT,James Smith,james.smith@goldmansac.com
Bridgewater Associates,BWTR,Microsoft Corp,MSFT,594918104,12662063,3507282877.91,0.7983,2024-06-30,Unchanged,13F-NT,Michael Williams,michael.williams@bridgewate.com
Capital Group,CGBL,Walt Disney Co,DIS,254687106,5135039,461497937.03,0.1264,2024-09-30,Decreased,13F-HR,Patricia Moore,patricia.moore@capitalgro.com
DE Shaw & Co,DSHW,Coca-Cola Co,KO,191216100,39833407,17222324870.33,1.4986,2024-06-30,Increased,13F-HR,Steven Rodriguez,steven.rodriguez@deshaw&co.com
Millennium Management,MLNM,Walt Disney Co,DIS,254687106,28640019,5097323497.32,1.0757,2025-09-30,Unchanged,13F-HR,Thomas Miller,thomas.miller@millennium.com
Citadel Advisors,CDLC,Adobe Inc,ADBE,00724F101,4540753,1277686479.12,0.0613,2025-12-31,Unchanged,13F-NT,Susan Moore,susan.moore@citadeladv.com
AQR Capital Management,AQRC,Adobe Inc,ADBE,00724F101,7982016,2781368210.81,0.2788,2025-03-31,Unchanged,13F-NT,Richard Anderson,richard.anderson@aqrcapital.com
Vanguard Group,VGI,UnitedHealth Group,UNH,91324P102,45800976,23251145927.52,3.0133,2024-09-30,New,13F-HR,Robert Rodriguez,robert.rodriguez@vanguardgr.com
Two Sigma Investments,TWSM,Pfizer Inc,PFE,717081103,34616319,19610869568.45,1.3410,2025-06-30,Decreased,13F-HR,William Thompson,william.thompson@twosigmain.com
Baupost Group,BPST,Visa Inc,V,92826C839,20388329,5739339538.30,0.3359,2024-06-30,Increased,13F-HR,Steven Garcia,steven.garcia@baupostgro.com
Appaloosa Management,APLS,Tesla Inc,TSLA,88160R101,31354715,11615287654.66,2.1213,2024-12-31,Unchanged,13F-HR,Richard Lopez,richard.lopez@appaloosam.com
Baupost Group,BPST,Coca-Cola Co,KO,191216100,2065385,1146090219.97,0.1191,2024-03-31,New,13F-HR,William Thompson,william.thompson@baupostgro.com
DE Shaw & Co,DSHW,Berkshire Hathaway,BRK.B,084670702,688410,342273568.22,0.0087,2024-12-31,Decreased,13F-HR,Robert Moore,robert.moore@deshaw&co.com
JP Morgan Asset Mgmt,JPM,Intel Corp,INTC,458140100,39125336,18130711117.06,0.7404,2025-03-31,New,13F-HR,Dorothy Moore,dorothy.moore@jpmorganas.com
Wellington Management,WMGI,Pfizer Inc,PFE,717081103,24244682,5244750119.70,0.4142,2024-06-30,Unchanged,13F-HR,Karen Lopez,karen.lopez@wellington.com
Baupost Group,BPST,NVIDIA Corp,NVDA,67066G104,29042521,11972307440.91,0.6868,2024-09-30,Increased,13F-HR,David Jackson,david.jackson@baupostgro.com
Appaloosa Management,APLS,Netflix Inc,NFLX,64110L106,TBD,1076436039.23,0.7765,2024-09-30,New,13F-HR,Dorothy Thompson,dorothy.thompson@appaloosam.com
Point72 Asset Mgmt,PT72,Visa Inc,V,92826C839,44404372,7712262866.03,-0.7762,2025-03-31,Decreased,13F-HR,William Martin,william.martin@point72ass.com
Fidelity Investments,FNF,Adobe Inc,ADBE,00724F101,10794715,6238266777.61,0.1393,2025-09-30,Unchanged,13F-HR,Daniel White,daniel.white@fidelityin.com
Capital Group,CGBL,Cisco Systems,CSCO,17275R102,42653307,21702353041.76,1.5886,2025-03-31,New,13F-HR,Elizabeth Moore,elizabeth.moore@capitalgro.com
Two Sigma Investments,TWSM,Amazon.com Inc,AMZN,023135106,23818505,15731014768.44,0.8302,2025-03-31,New,13F-HR,Robert Martin,robert.martin@twosigmain.com
Fidelity Investments,FNF,Cisco Systems,CSCO,17275R102,42964888,5467571493.69,2.0185,2024-03-31,Increased,13F-HR,Karen Brown,karen.brown@fidelityin.com
Renaissance Technologies,RNTC,Intel Corp,INTC,458140100,39861585,4282374816.97,0.5790,2024-03-31,Unchanged,13F-HR,Thomas Johnson,thomas.johnson@renaissanc.com
Appaloosa Management,APLS,JPMorgan Chase,JPM,46625H100,36840271,2843407521.65,0.5817,2099-13-45,Decreased,13F-HR,Steven Thomas,steven.thomas@appaloosam.com
State Street Corp,STT,Pfizer Inc,PFE,717081103,4178123,819285976.92,0.0809,2025-06-30,New,13F-HR,Susan Garcia,susan.garcia@statestree.com
Wellington Management,WMGI,Procter & Gamble,PG,742718109,27658483,7894953862.98,0.6269,2025-12-31,Increased,13F-NT,David Miller,david.miller@wellington.com
Goldman Sachs AM,GS,Apple Inc,AAPL,037833100,1354081,824628576.45,0.0490,2024-03-31,Unchanged,13F-HR,Nancy Thomas,nancy.thomas@goldmansac.com
State Street Corp,STT,Coca-Cola Co,KO,191216100,35331276,23194487877.51,0.4647,2024-06-30,Decreased,13F-HR,Susan Davis,susan.davis@statestree.com
Renaissance Technologies,RNTC,Adobe Inc,ADBE,00724F101,9188577,521625228.22,0.3029,2099-13-45,Unchanged,13F-HR,Thomas Johnson,thomas.johnson@renaissanc.com
Renaissance Technologies,RNTC,JPMorgan Chase,JPM,46625H100,47680791,15958754266.63,0.8568,2024-06-30,New,13F-HR,Margaret Martin,margaret.martin@renaissanc.com
Goldman Sachs AM,GS,Pfizer Inc,PFE,717081103,6016568,4759936383.68,0.1517,2025-12-31,Increased,13F-HR,Jennifer Martinez,jennifer.martinez@goldmansac.com
Appaloosa Management,APLS,Chevron Corp,CVX,166764100,4307885,1566100672.34,0.0730,2025-06-30,Unchanged,13F-HR,Patricia Rodriguez,patricia.rodriguez@appaloosam.com
Wellington Management,WMGI,Exxon Mobil,XOM,30231G102,48795212,31568800041.85,3.4055,2025-06-30,Unchanged,13F-HR,Lisa Williams,lisa.williams@wellington.com
Citadel Advisors,CDLC,Apple Inc,AAPL,037833100,38548022,17324141138.31,0.6851,2024-12-31,Unchanged,13F-HR,Jennifer Rodriguez,jennifer.rodriguez@citadeladv.com
Appaloosa Management,APLS,Visa Inc,V,92826C839,41948458,6188624325.73,1.9789,2025-12-31,Increased,13F-HR,Mark Davis,mark.davis@appaloosam.com
Baupost Group,BPST,Tesla Inc,TSLA,88160R101,31106632,13923337897.37,1.3805,2025-06-30,Unchanged,13F-HR,Elizabeth Miller,elizabeth.miller@baupostgro.com
Capital Group,CGBL,Cisco Systems,CSCO,17275R102,13634713,10257818146.60,0.5920,2024-06-30,New,13F-HR,James Jackson,james.jackson@capitalgro.com
Appaloosa Management,APLS,NVIDIA Corp,NVDA,67066G104,10310634,2750475704.43,0.2655,2025-09-30,Unchanged,13F-HR,Daniel Smith,daniel.smith@appaloosam.com
Citadel Advisors,CDLC,Microsoft Corp,MSFT,594918104,38072434,3608829927.56,0.8455,2025-12-31,Increased,13F-NT,William Davis,william.davis@citadeladv.com
Baupost Group,BPST,Microsoft Corp,MSFT,594918104,41178117,9576256720.91,0.5621,2025-06-30,Decreased,13F-HR,Dorothy Jackson,dorothy.jackson@baupostgro.com
Capital Group,CGBL,Berkshire Hathaway,BRK.B,084670702,43664322,11327671693.22,0.9896,2024-03-31,Increased,13F-NT,Richard Anderson,richard.anderson@capitalgro.com
Capital Group,CGBL,Apple Inc,AAPL,037833100,7520320,4936753274.70,0.0966,2024-12-31,Increased,13F-HR,Jennifer Smith,jennifer.smith@capitalgro.com
Two Sigma Investments,TWSM,Chevron Corp,CVX,166764100,45128350,10475003231.70,1.1993,2024-03-31,Unchanged,13F-HR,Karen Jones,karen.jones@twosigmain.com
Point72 Asset Mgmt,PT72,Johnson & Johnson,JNJ,478160104,867014,370847368.69,0.1425,2025-09-30,Increased,13F-HR,Richard Johnson,richard.johnson@point72ass.com
Fidelity Investments,FNF,Home Depot,HD,437076102,42663394,30522608467.01,0.6302,2025-06-30,Increased,13F-NT,Richard Hernandez,richard.hernandez@fidelityin.com
Fidelity Investments,FNF,Bank of America,BAC,060505104,31900791,4116985925.79,1.0562,2024-09-30,Unchanged,13F-NT,Thomas White,thomas.white@fidelityin.com
Goldman Sachs AM,GS,Amazon.com Inc,AMZN,023135106,35607640,17389432436.37,0.9430,2025-06-30,Decreased,13F-NT,William Jackson,william.jackson@goldmansac.com
Appaloosa Management,APLS,Amazon.com Inc,AMZN,023135106,28940260,16304394972.28,0.6767,2025-06-30,Unchanged,13F-NT,Margaret Brown,margaret.brown@appaloosam.com
T. Rowe Price,TROW,Cisco Systems,CSCO,17275R102,29688503,15374462590.37,1.1581,2025-12-31,Decreased,13F-HR,William Jackson,william.jackson@troweprice.com
Fidelity Investments,FNF,Home Depot,HD,437076102,45969382,18499945745.24,7.4460,2025-06-30,New,13F-HR,Robert Martin,robert.martin@fidelityin.com
JP Morgan Asset Mgmt,JPM,Amazon.com Inc,AMZN,023135106,4845105,1708326482.11,0.0718,2024-09-30,Increased,13F-NT,Daniel Brown,daniel.brown@jpmorganas.com
Capital Group,CGBL,NVIDIA Corp,NVDA,67066G104,2394477,1713090579.06,0.0531,2025-03-31,Unchanged,13F-HR,Lisa Johnson,lisa.johnson@capitalgro.com
Morgan Stanley IM,MS,Berkshire Hathaway,BRK.B,084670702,26310506,8589081297.79,0.4584,2025-09-30,Increased,13F-HR,Patricia Martin,patricia.martin@morganstan.com
Fidelity Investments,FNF,Intel Corp,INTC,458140100,3836081,733018804.82,0.1629,2024-03-31,Increased,13F-HR,Mark Smith,mark.smith@fidelityin.com
Capital Group,CGBL,Walt Disney Co,DIS,254687106,5940565,1486854710.26,0.1062,2025-06-30,Increased,13F-NT,Robert Anderson,robert.anderson@capitalgro.com
Citadel Advisors,CDLC,Microsoft Corp,MSFT,594918104,40061373,21532922595.80,3.0890,2025-09-30,Unchanged,13F-HR,Michael Hernandez,michael.hernandez@citadeladv.com
Vanguard Group,VGI,JPMorgan Chase,JPM,46625H100,15815563,5827302815.78,0.2662,2025-09-30,Unchanged,13F-NT,William Martinez,william.martinez@vanguardgr.com
Bridgewater Associates,BWTR,Pfizer Inc,PFE,717081103,21415073,7696401098.12,0.8013,2024-03-31,Increased,13F-HR,James White,james.white@bridgewate.com
Capital Group,CGBL,Visa Inc,V,92826C839,9469347,272160335.88,0.1693,2025-06-30,Decreased,13F-NT,Margaret Hernandez,margaret.hernandez@capitalgro.com
Millennium Management,MLNM,Microsoft Corp,MSFT,594918104,32166380,24459707344.28,0.9013,2024-03-31,Increased,13F-NT,Sarah Smith,sarah.smith@millennium.com
Citadel Advisors,CDLC,Cisco Systems,CSCO,,2794447,1270454052.88,0.0373,2025-09-30,Unchanged,13F-HR,Susan Anderson,susan.anderson@citadeladv.com
Millennium Management,MLNM,Exxon Mobil,XOM,30231G102,41567377,25183362975.49,0.5418,2025-03-31,Decreased,13F-HR,Steven White,steven.white@millennium.com
Baupost Group,BPST,Procter & Gamble,PG,742718109,15559983,6831803178.64,0.2995,2024-12-31,New,13F-NT,Patricia Williams,patricia.williams@baupostgro.com
Citadel Advisors,CDLC,Adobe Inc,ADBE,00724F101,N/A,19873757793.65,1.1127,2025-12-31,Unchanged,13F-HR,David Martinez,david.martinez@citadeladv.com
JP Morgan Asset Mgmt,JPM,Amazon.com Inc,AMZN,023135106,19056678,3441559651.96,0.3152,2025-09-30,Unchanged,13F-HR,Nancy Williams,nancy.williams@jpmorganas.com
Point72 Asset Mgmt,PT72,Netflix Inc,NFLX,64110L106,11283693,2941207869.67,0.3051,2025-09-30,Increased,13F-HR,Michael Rodriguez,michael.rodriguez@point72ass.com
Two Sigma Investments,TWSM,Chevron Corp,CVX,166764100,30921139,24169658901.93,1.1016,2025-09-30,Unchanged,13F-NT,William Smith,william.smith@twosigmain.com
Capital Group,CGBL,Adobe Inc,ADBE,00724F101,33397655,5261218676.24,0.4353,2025-12-31,Increased,13F-HR,Robert Johnson,robert.johnson@capitalgro.com
Wellington Management,WMGI,Apple Inc,AAPL,037833100,28981936,16454003446.80,0.4467,2024-12-31,Unchanged,13F-HR,William Thomas,william.thomas@wellington.com
Wellington Management,WMGI,Walt Disney Co,DIS,254687106,24938766,7979358971.30,0.3973,2025-12-31,Increased,13F-HR,Steven Thompson,steven.thompson@wellington.com
DE Shaw & Co,DSHW,Amazon.com Inc,AMZN,023135106,4921252,282868472.02,0.0911,2024-09-30,Increased,13F-HR,Patricia Jones,patricia.jones@deshaw&co.com
T. Rowe Price,TROW,Microsoft Corp,MSFT,594918104,24104858,13313218975.60,0.3832,2025-06-30,Increased,13F-HR,William Davis,william.davis@troweprice.com
T. Rowe Price,TROW,UnitedHealth Group,UNH,91324P102,22934633,13887067676.48,0.9179,2025-06-30,Decreased,13F-NT,Jennifer Thomas,jennifer.thomas@troweprice.com
Two Sigma Investments,TWSM,Exxon Mobil,XOM,30231G102,19061379,8654300666.03,0.2761,2024-03-31,Unchanged,13F-HR,Lisa Thomas,lisa.thomas@twosigmain.com
Morgan Stanley IM,MS,Chevron Corp,CVX,166764100,pending,7948971449.87,0.2813,2024-09-30,Unchanged,13F-HR,Karen Miller,karen.miller@morganstan.com
Citadel Advisors,CDLC,Home Depot,HD,437076102,21866359,9955603925.91,0.5952,2025-09-30,Unchanged,13F-HR,Jennifer Lopez,jennifer.lopez@citadeladv.com
BlackRock Inc,BLK,NVIDIA Corp,NVDA,67066G104,20962693,5953631035.82,2.4940,2025-12-31,Increased,13F-HR,James Jones,james.jones@blackrocki.com
Bridgewater Associates,BWTR,Meta Platforms,META,30303M102,14405721,5101907526.90,0.2067,2024-03-31,New,13F-NT,Elizabeth Williams,elizabeth.williams@bridgewate.com
Capital Group,CGBL,Home Depot,HD,437076102,4397546,460639784.03,0.0918,2024-06-30,Increased,13F-HR,Steven Thomas,steven.thomas@capitalgro.com
Two Sigma Investments,TWSM,Amazon.com Inc,AMZN,023135106,15608274,9997318994.85,0.7143,2025-09-30,Increased,13F-HR,Margaret Brown,margaret.brown@twosigmain.com
Citadel Advisors,CDLC,Berkshire Hathaway,BRK.B,084670702,35911765,22163252679.87,0.4605,2025-12-31,Unchanged,13F-HR,Jennifer Williams,jennifer.williams@citadeladv.com
Baupost Group,BPST,Johnson & Johnson,JNJ,478160104,32135966,11683533770.35,0.5752,2025-12-31,Unchanged,13F-HR,Robert Rodriguez,robert.rodriguez@baupostgro.com
Capital Group,CGBL,Cisco Systems,CSCO,17275R102,35981326,12088038496.65,0.4704,2024-09-30,New,13F-HR,Lisa Miller,lisa.miller@capitalgro.com
Millennium Management,MLNM,Chevron Corp,CVX,166764100,21425504,4468407375.03,2.0878,2024-06-30,Increased,13F-HR,Steven Davis,steven.davis@millennium.com
Baupost Group,BPST,Walt Disney Co,DIS,254687106,4626038,1034619595.92,0.0729,2024-12-31,Decreased,13F-HR,Elizabeth Miller,elizabeth.miller@baupostgro.com
Bridgewater Associates,BWTR,Walt Disney Co,DIS,254687106,174910,102695502.95,0.0024,2025-03-31,Increased,13F-HR,Dorothy Jones,dorothy.jones@bridgewate.com
Morgan Stanley IM,MS,UnitedHealth Group,UNH,91324P102,38935787,5475941313.09,1.0478,2024-12-31,Unchanged,13F-NT,Margaret Jackson,margaret.jackson@morganstan.com
AQR Capital Management,AQRC,Amazon.com Inc,AMZN,023135106,8651465,1556597914.68,0.1227,2024-09-30,New,13F-HR,Margaret Martin,margaret.martin@aqrcapital.com
Morgan Stanley IM,MS,Visa Inc,V,92826C839,36846108,13851427873.40,0.7073,2025-12-31,Decreased,13F-HR,William Jackson,william.jackson@morganstan.com
JP Morgan Asset Mgmt,JPM,Apple Inc,AAPL,037833100,6833317,4033347549.77,0.5974,2024-06-30,Increased,13F-NT,James Williams,james.williams@jpmorganas.com
Two Sigma Investments,TWSM,Walt Disney Co,DIS,254687106,39933854,26554340104.32,0.5870,2024-09-30,Unchanged,13F-HR,Lisa Jackson,lisa.jackson@twosigmain.com
BlackRock Inc,BLK,Visa Inc,V,92826C839,42253156,12672973653.06,0.9669,2024-06-30,Unchanged,13F-HR,Sarah Hernandez,sarah.hernandez@blackrocki.com
Point72 Asset Mgmt,PT72,Tesla Inc,TSLA,88160R101,37330164,13941968355.18,0.7579,2024-06-30,New,13F-HR,Susan Taylor,susan.taylor@point72ass.com
BlackRock Inc,BLK,NVIDIA Corp,NVDA,67066G104,41039094,7891747818.53,1.4011,2025-06-30,Decreased,13F-HR,Karen Jones,karen.jones@blackrocki.com
Wellington Management,WMGI,Adobe Inc,ADBE,00724F101,46854939,27489766873.23,1.0710,2024-06-30,Unchanged,13F-HR,Karen Hernandez,karen.hernandez@wellington.com
Morgan Stanley IM,MS,Coca-Cola Co,KO,191216100,21465796,11275211905.76,0.2726,2025-03-31,New,13F-HR,Richard Rodriguez,richard.rodriguez@morganstan.com
Goldman Sachs AM,GS,Exxon Mobil,XOM,30231G102,1130584,577866570.75,0.0541,2024-12-31,Increased,13F-NT,Nancy Martinez,nancy.martinez@goldmansac.com
Millennium Management,MLNM,Meta Platforms,META,30303M102,16575674,13086852392.23,0.2482,2025-03-31,Unchanged,13F-HR,James Rodriguez,james.rodriguez@millennium.com
Fidelity Investments,FNF,Apple Inc,AAPL,037833100,39834350,27601978608.32,1.0337,2024-09-30,New,13F-NT,Nancy Moore,nancy.moore@fidelityin.com
Citadel Advisors,CDLC,Netflix Inc,NFLX,64110L106,32839918,24521550806.17,0.6992,2025-03-31,Unchanged,13F-NT,James White,james.white@citadeladv.com
AQR Capital Management,AQRC,UnitedHealth Group,UNH,91324P102,10139256,2083417927.33,0.1558,2024-06-30,New,13F-NT,David Garcia,david.garcia@aqrcapital.com
Wellington Management,WMGI,Exxon Mobil,XOM,30231G102,4002956,471716911.34,0.0603,2025-09-30,Unchanged,13F-HR,Mark Moore,mark.moore@wellington.com
Goldman Sachs AM,GS,NVIDIA Corp,NVDA,67066G104,17253161,3671367970.95,1.2942,2024-06-30,Unchanged,13F-HR,Margaret Miller,margaret.miller@goldmansac.com
Goldman Sachs AM,GS,Tesla Inc,TSLA,88160R101,12296145,8755754655.57,0.3092,2025-06-30,Unchanged,13F-HR,Thomas Davis,thomas.davis@goldmansac.com
Wellington Management,WMGI,JPMorgan Chase,JPM,46625H100,48005987,17376485915.45,8.9691,2024-09-30,New,13F-HR,Michael Jones,michael.jones@wellington.com
Baupost Group,BPST,Microsoft Corp,MSFT,594918104,45158676,29325772113.04,1.2522,2025-12-31,New,13F-HR,Daniel Rodriguez,daniel.rodriguez@baupostgro.com
Baupost Group,BPST,Meta Platforms,META,30303M102,16788588,2112655539.27,0.5828,2024-12-31,New,13F-HR,Elizabeth Martinez,elizabeth.martinez@baupostgro.com
Citadel Advisors,CDLC,Microsoft Corp,MSFT,594918104,9922785,4738677144.30,0.2235,2024-03-31,Decreased,13F-HR,David Jackson,david.jackson@citadeladv.com
Capital Group,CGBL,Meta Platforms,META,30303M102,45432373,22019393641.22,0.6044,2024-12-31,Unchanged,13F-HR,Daniel Rodriguez,daniel.rodriguez@capitalgro.com
AQR Capital Management,AQRC,UnitedHealth Group,UNH,91324P102,28779790,4785140607.88,3.5612,2025-03-31,New,13F-HR,Margaret Williams,margaret.williams@aqrcapital.com
Morgan Stanley IM,MS,Adobe Inc,ADBE,00724F101,6815634,3746953989.98,0.0905,2024-09-30,Increased,13F-HR,Robert Thompson,robert.thompson@morganstan.com
Citadel Advisors,CDLC,Alphabet Inc,GOOGL,02079K305,27424158,9554511389.33,0.5806,2024-06-30,Increased,13F-HR,Susan Martin,susan.martin@citadeladv.com
JP Morgan Asset Mgmt,JPM,Meta Platforms,META,30303M102,N/A,6963126534.92,0.4054,2025-09-30,Increased,13F-HR,Patricia Williams,patricia.williams@jpmorganas.com
DE Shaw & Co,DSHW,Exxon Mobil,XOM,30231G102,30199648,14562316858.49,0.7012,2025-06-30,Increased,13F-HR,Lisa Thomas,lisa.thomas@deshaw&co.com
Renaissance Technologies,RNTC,Exxon Mobil,XOM,30231G102,3471108,1306833938.98,0.0874,2024-09-30,Unchanged,13F-HR,Dorothy Jackson,dorothy.jackson@renaissanc.com
Fidelity Investments,FNF,Visa Inc,V,92826C839,3631770,1055216515.38,0.0543,2025-09-30,Increased,13F-HR,Robert Taylor,robert.taylor@fidelityin.com
Point72 Asset Mgmt,PT72,Microsoft Corp,MSFT,594918104,25609044,8535821883.43,0.3439,2025-03-31,Unchanged,13F-NT,Mark Davis,mark.davis@point72ass.com
Vanguard Group,VGI,Meta Platforms,META,30303M102,9086850,346920254.46,0.5587,2025-06-30,Unchanged,13F-HR,Sarah Miller,sarah.miller@vanguardgr.com
Bridgewater Associates,BWTR,Johnson & Johnson,JNJ,478160104,9856703,5261471941.21,0.2608,00-00-0000,Decreased,13F-HR,Elizabeth Martin,elizabeth.martin@bridgewate.com
Citadel Advisors,CDLC,Johnson & Johnson,JNJ,478160104,43539639,27828681678.43,0.7641,2025-03-31,Unchanged,13F-NT,Elizabeth Davis,elizabeth.davis@citadeladv.com
T. Rowe Price,TROW,Netflix Inc,NFLX,64110L106,20085441,13600030853.17,0.3242,2025-03-31,Unchanged,13F-HR,James Smith,james.smith@troweprice.com
Wellington Management,WMGI,Cisco Systems,CSCO,17275R102,15111393,543990989.26,0.6912,2025-06-30,Increased,13F-HR,Steven Thomas,steven.thomas@wellington.com
DE Shaw & Co,DSHW,Meta Platforms,META,30303M102,42886953,33287860468.42,4.6691,2025-12-31,Unchanged,13F-NT,Jennifer Miller,jennifer.miller@deshaw&co.com
Goldman Sachs AM,GS,Johnson & Johnson,JNJ,478160104,9293660,4444208382.60,0.2243,2025-06-30,Decreased,13F-HR,Steven Moore,steven.moore@goldmansac.com
DE Shaw & Co,DSHW,Johnson & Johnson,JNJ,478160104,14631871,1027928124.80,0.8249,2025-06-30,Decreased,13F-HR,Susan Taylor,susan.taylor@deshaw&co.com
AQR Capital Management,AQRC,Walt Disney Co,DIS,254687106,16296150,9240104662.88,1.5364,2024-03-31,Decreased,13F-HR,Sarah Johnson,sarah.johnson@aqrcapital.com
Fidelity Investments,FNF,Chevron Corp,CVX,166764100,49495602,34321911517.41,0.6880,2024-06-30,Unchanged,13F-NT,David Miller,david.miller@fidelityin.com
Renaissance Technologies,RNTC,Alphabet Inc,GOOGL,02079K305,11803132,5083030896.80,0.2770,2024-06-30,New,13F-NT,Susan Martin,susan.martin@renaissanc.com
Citadel Advisors,CDLC,Meta Platforms,META,30303M102,49569559,22107704017.77,1.8501,2024-03-31,Decreased,13F-NT,Elizabeth Martin,elizabeth.martin@citadeladv.com
DE Shaw & Co,DSHW,Berkshire Hathaway,BRK.B,084670702,9531304,6469261515.85,0.3140,2025-12-31,Increased,13F-HR,Patricia Taylor,patricia.taylor@deshaw&co.com
Wellington Management,WMGI,Chevron Corp,CVX,166764100,43194101,27536080741.34,1.0819,2025-09-30,Increased,13F-HR,Nancy Williams,nancy.williams@wellington.com
Baupost Group,BPST,Alphabet Inc,GOOGL,02079K305,36457238,24140546232.53,0.5723,2025-03-31,Unchanged,13F-HR,Robert Moore,robert.moore@baupostgro.com
Renaissance Technologies,RNTC,Exxon Mobil,XOM,30231G102,41037569,1743138827.29,0.5306,2025-06-30,Unchanged,13F-HR,Richard Martin,richard.martin@renaissanc.com
Citadel Advisors,CDLC,Intel Corp,INTC,458140100,39709087,1667826302.39,1.1317,2025-06-30,Increased,13F-NT,Susan White,susan.white@citadeladv.com
Bridgewater Associates,BWTR,NVIDIA Corp,NVDA,67066G104,47038205,9606743704.03,0.8443,2025-03-31,Decreased,13F-HR,Nancy Johnson,nancy.johnson@bridgewate.com
Fidelity Investments,FNF,Cisco Systems,CSCO,17275R102,45096617,29498760906.74,0.7841,2024-06-30,Unchanged,13F-HR,Susan Hernandez,susan.hernandez@fidelityin.com
State Street Corp,STT,Johnson & Johnson,JNJ,478160104,32989042,8260754567.49,1.8631,2025-06-30,Increased,13F-HR,Richard Johnson,richard.johnson@statestree.com
AQR Capital Management,AQRC,Microsoft Corp,MSFT,594918104,18634737,10126100666.82,0.7473,2024-06-30,Increased,13F-HR,Daniel Jackson,daniel.jackson@aqrcapital.com
Morgan Stanley IM,MS,UnitedHealth Group,UNH,91324P102,17398961,2073356133.71,0.2351,2024-12-31,Increased,13F-HR,Sarah Martinez,sarah.martinez@morganstan.com
Morgan Stanley IM,MS,Procter & Gamble,PG,742718109,16969816,1190204123.91,2.9208,2025-03-31,Unchanged,13F-HR,David Hernandez,david.hernandez@morganstan.com
Fidelity Investments,FNF,Netflix Inc,NFLX,64110L106,31075602,9740651701.54,0.4959,2024-06-30,Decreased,13F-HR,Jennifer Garcia,jennifer.garcia@fidelityin.com
Baupost Group,BPST,Home Depot,HD,437076102,33433151,23907887985.39,2.3315,2024-12-31,Unchanged,13F-HR,Michael Martinez,michael.martinez@baupostgro.com
Point72 Asset Mgmt,PT72,Procter & Gamble,PG,742718109,21532956,3051006364.53,0.6541,2025-09-30,Increased,13F-HR,Elizabeth Jones,elizabeth.jones@point72ass.com
T. Rowe Price,TROW,Chevron Corp,CVX,166764100,32912019,9093685107.13,0.4196,2025-06-30,Increased,13F-NT,Thomas Jackson,thomas.jackson@troweprice.com
Point72 Asset Mgmt,PT72,Microsoft Corp,MSFT,594918104,35169854,20831939538.87,0.4835,2024-12-31,Decreased,13F-HR,Robert Martinez,robert.martinez@point72ass.com
Point72 Asset Mgmt,PT72,Intel Corp,INTC,458140100,17276555,5472369270.21,0.9526,2024-09-30,Unchanged,13F-NT,Elizabeth Thomas,elizabeth.thomas@point72ass.com
JP Morgan Asset Mgmt,JPM,NVIDIA Corp,NVDA,67066G104,5508638,2144981601.96,0.5530,2025-03-31,Unchanged,13F-HR,Daniel Martin,daniel.martin@jpmorganas.com
AQR Capital Management,AQRC,Cisco Systems,CSCO,17275R102,41343095,20446907381.96,0.5789,2024-12-31,New,13F-HR,Michael Hernandez,michael.hernandez@aqrcapital.com
Appaloosa Management,APLS,Walt Disney Co,DIS,254687106,38622246,21578660529.27,0.7414,2025-03-31,Increased,13F-HR,Sarah Jackson,sarah.jackson@appaloosam.com
Goldman Sachs AM,GS,Meta Platforms,META,30303M102,34594038,9308294819.20,5.8892,2024-03-31,Increased,13F-NT,Robert Rodriguez,robert.rodriguez@goldmansac.com
JP Morgan Asset Mgmt,JPM,Walt Disney Co,DIS,254687106,12926563,8577030410.99,0.7356,2025-09-30,Unchanged,13F-HR,Richard Thomas,richard.thomas@jpmorganas.com
Vanguard Group,VGI,Procter & Gamble,PG,742718109,47667839,13362073148.17,0.6791,2025-03-31,New,13F-HR,Dorothy Martin,dorothy.martin@vanguardgr.com
T. Rowe Price,TROW,Exxon Mobil,XOM,30231G102,36924596,12504242122.87,0.9908,2025-09-30,Decreased,13F-HR,Mark Lopez,mark.lopez@troweprice.com
AQR Capital Management,AQRC,Salesforce Inc,CRM,79466L302,29210625,3555981074.55,1.4810,2025-06-30,New,13F-HR,Nancy Smith,nancy.smith@aqrcapital.com
Two Sigma Investments,TWSM,Walt Disney Co,DIS,254687106,45453076,14854517929.40,1.8840,2025-03-31,Decreased,13F-HR,Nancy Hernandez,nancy.hernandez@twosigmain.com
DE Shaw & Co,DSHW,Alphabet Inc,GOOGL,02079K305,27184706,12617966207.78,0.7456,2025-03-31,New,13F-NT,Nancy Garcia,nancy.garcia@deshaw&co.com
Bridgewater Associates,BWTR,Exxon Mobil,XOM,30231G102,25250773,11152865092.86,0.4896,2024-03-31,Increased,13F-HR,Sarah Garcia,sarah.garcia@bridgewate.com
Morgan Stanley IM,MS,Procter & Gamble,PG,742718109,37048947,22721790168.03,1.7801,2025-09-30,Decreased,13F-HR,Margaret White,margaret.white@morganstan.com
Vanguard Group,VGI,Intel Corp,INTC,458140100,3827397,305262112.37,0.3665,2024-12-31,New,13F-HR,Sarah Martinez,sarah.martinez@vanguardgr.com
Capital Group,CGBL,Alphabet Inc,GOOGL,02079K305,15245140,9412195245.94,0.1947,2024-06-30,Increased,13F-HR,James Martinez,james.martinez@capitalgro.com
State Street Corp,STT,Cisco Systems,CSCO,17275R102,34178386,24638911262.10,2.8360,2025-06-30,Unchanged,13F-HR,Jennifer Jones,jennifer.jones@statestree.com
Millennium Management,,Procter & Gamble,PG,742718109,46733431,17621257880.60,2.4383,2025-06-30,Increased,13F-HR,Margaret White,margaret.white@millennium.com
JP Morgan Asset Mgmt,JPM,Amazon.com Inc,AMZN,023135106,38788157,18793212163.53,0.8535,2024-09-30,Decreased,13F-HR,Steven Smith,steven.smith@jpmorganas.com
Morgan Stanley IM,MS,Walt Disney Co,DIS,254687106,14357178,7444025053.46,1.9271,2024-03-31,New,13F-HR,Lisa Jackson,lisa.jackson@morganstan.com
Goldman Sachs AM,GS,Bank of America,BAC,060505104,4846904,1598099452.94,0.1315,2025-06-30,Unchanged,13F-HR,Mark Smith,mark.smith@goldmansac.com
Renaissance Technologies,RNTC,Exxon Mobil,XOM,30231G102,19131723,10040156827.76,1.6464,2025-09-30,Unchanged,13F-HR,Elizabeth Martin,elizabeth.martin@renaissanc.com
Citadel Advisors,CDLC,Walt Disney Co,DIS,254687106,3087488,71034198.29,0.0516,2024-06-30,Unchanged,13F-HR,Patricia Miller,patricia.miller@citadeladv.com
Millennium Management,MLNM,Procter & Gamble,PG,742718109,46180383,22874054082.44,0.9947,2024-09-30,Unchanged,13F-HR,Nancy Davis,nancy.davis@millennium.com
JP Morgan Asset Mgmt,JPM,Home Depot,HD,437076102,18232868,12932432900.12,2.5348,2025-03-31,Increased,13F-HR,Daniel Miller,daniel.miller@jpmorganas.com
Appaloosa Management,APLS,Salesforce Inc,CRM,79466L302,36199312,20832583251.52,1.6303,2024-03-31,Unchanged,13F-HR,Patricia Garcia,patricia.garcia@appaloosam.com
JP Morgan Asset Mgmt,JPM,Home Depot,HD,437076102,45023170,26918097843.73,0.9116,2024-09-30,Decreased,13F-HR,Lisa Miller,lisa.miller@jpmorganas.com
Baupost Group,BPST,Meta Platforms,META,30303M102,40745378,8923198753.43,1.6563,2025-12-31,Increased,13F-HR,Lisa Jackson,lisa.jackson@baupostgro.com
Vanguard Group,VGI,Home Depot,HD,437076102,12740536,2247046977.46,0.1593,2025-03-31,Increased,13F-HR,,
AQR Capital Management,AQRC,Tesla Inc,TSLA,88160R101,31595947,20125917796.54,1.0059,2024-06-30,Unchanged,13F-NT,Sarah Jackson,sarah.jackson@aqrcapital.com
Appaloosa Management,APLS,JPMorgan Chase,JPM,46625H100,42171016,4039471598.32,0.5630,2024-09-30,Unchanged,13F-HR,Robert Martinez,robert.martinez@appaloosam.com
Vanguard Group,VGI,Adobe Inc,ADBE,00724F101,26750599,7384350962.29,0.6350,2024-12-31,Increased,13F-NT,Patricia Taylor,patricia.taylor@vanguardgr.com
Citadel Advisors,CDLC,Cisco Systems,CSCO,17275R102,38490201,12911532148.61,1.1845,2025-09-30,Unchanged,13F-HR,Elizabeth Brown,elizabeth.brown@citadeladv.com
State Street Corp,STT,Bank of America,BAC,060505104,36607374,18640570172.37,0.7998,2024-09-30,Unchanged,13F-HR,,
Appaloosa Management,APLS,Apple Inc,AAPL,037833100,10493082,8041090544.97,0.4249,2024-06-30,Increased,13F-NT,Lisa Smith,lisa.smith@appaloosam.com
Vanguard Group,VGI,Home Depot,HD,437076102,28369279,881730768.40,1.1871,2024-09-30,Increased,13F-HR,David Anderson,david.anderson@vanguardgr.com
DE Shaw & Co,DSHW,Pfizer Inc,PFE,717081103,19670418,12846684437.47,0.2487,2024-03-31,Unchanged,13F-NT,Robert Taylor,robert.taylor@deshaw&co.com
Wellington Management,WMGI,Procter & Gamble,PG,742718109,27958745,10145902315.03,0.5467,2025-03-31,New,13F-HR,Jennifer Moore,jennifer.moore@wellington.com
Citadel Advisors,CDLC,Exxon Mobil,XOM,30231G102,47629613,12249275561.94,1.4383,2024-03-31,Unchanged,13F-HR,Susan Jones,susan.jones@citadeladv.com
Renaissance Technologies,RNTC,Tesla Inc,TSLA,88160R101,10665506,5978189360.16,0.1519,2024-09-30,Increased,13F-HR,James Williams,james.williams@renaissanc.com
Appaloosa Management,APLS,Cisco Systems,CSCO,17275R102,17704575,3400525669.09,0.6097,2025-09-30,Increased,13F-HR,Lisa Jones,lisa.jones@appaloosam.com
Two Sigma Investments,TWSM,Chevron Corp,CVX,166764100,19435736,1349707291.88,2.7989,2024-12-31,Decreased,13F-HR,Patricia Williams,patricia.williams@twosigmain.com
Bridgewater Associates,BWTR,Salesforce Inc,CRM,79466L302,38748350,18337389353.04,1.2946,2025-09-30,Unchanged,13F-HR,Elizabeth Garcia,elizabeth.garcia@bridgewate.com
Vanguard Group,VGI,Adobe Inc,ADBE,00724F101,30630227,16704642768.89,0.5303,2024-03-31,Decreased,13F-NT,Thomas Hernandez,thomas.hernandez@vanguardgr.com
Point72 Asset Mgmt,PT72,NVIDIA Corp,NVDA,67066G104,19319601,5507944618.09,-0.5565,2024-09-30,Increased,13F-HR,James Rodriguez,james.rodriguez@point72ass.com
Capital Group,CGBL,NVIDIA Corp,NVDA,67066G104,28426819,13237848954.46,0.5798,2024-06-30,Decreased,13F-HR,Nancy Moore,nancy.moore@capitalgro.com
Appaloosa Management,APLS,Microsoft Corp,MSFT,594918104,28770636,18726938056.35,1.1358,2025-03-31,Unchanged,13F-NT,William Brown,william.brown@appaloosam.com
BlackRock Inc,BLK,Intel Corp,INTC,458140100,14098933,4674692213.20,0.2153,2025-06-30,Increased,13F-HR,Jennifer Miller,jennifer.miller@blackrocki.com
Renaissance Technologies,RNTC,Johnson & Johnson,JNJ,478160104,2688860,443967819.75,0.0373,2025-03-31,Increased,13F-HR,Richard Anderson,richard.anderson@renaissanc.com
Goldman Sachs AM,GS,Procter & Gamble,PG,742718109,48270433,15029122204.82,1.5358,2024-09-30,Increased,13F-HR,Jennifer Davis,jennifer.davis@goldmansac.com
Bridgewater Associates,BWTR,Home Depot,HD,437076102,10009031,2061705595.82,0.9732,2024-03-31,New,13F-HR,Mark Martinez,mark.martinez@bridgewate.com
BlackRock Inc,BLK,JPMorgan Chase,JPM,46625H100,28163108,14539845647.57,0.6119,2025-06-30,Decreased,13F-NT,Robert Martinez,robert.martinez@blackrocki.com
Wellington Management,WMGI,Berkshire Hathaway,BRK.B,084670702,26588719,3363747919.50,0.3597,2024-12-31,Increased,13F-HR,Patricia Thomas,patricia.thomas@wellington.com
T. Rowe Price,TROW,Johnson & Johnson,JNJ,478160104,1637011,326426683.15,0.1048,2025-03-31,Unchanged,13F-HR,Patricia Brown,patricia.brown@troweprice.com
Wellington Management,WMGI,UnitedHealth Group,UNH,91324P102,30268540,18399461929.37,0.4834,2024-03-31,Increased,13F-HR,Mark Garcia,mark.garcia@wellington.com
Fidelity Investments,FNF,Alphabet Inc,GOOGL,02079K305,45362983,34725733356.70,0.6564,2024-06-30,New,13F-HR,James Thompson,james.thompson@fidelityin.com
Millennium Management,MLNM,JPMorgan Chase,JPM,46625H100,3688515,719136392.51,0.0928,2025-09-30,Unchanged,13F-HR,David Anderson,david.anderson@millennium.com
DE Shaw & Co,DSHW,Netflix Inc,NFLX,64110L106,29277904,2131801096.96,0.4440,2024-06-30,Increased,13F-NT,Nancy Smith,nancy.smith@deshaw&co.com
DE Shaw & Co,DSHW,Salesforce Inc,CRM,79466L302,26106615,12162865163.81,1.2772,2024-03-31,Unchanged,13F-HR,James Martin,james.martin@deshaw&co.com
Vanguard Group,VGI,Intel Corp,INTC,458140100,9049746,2647975366.60,0.4556,2024-03-31,Increased,13F-HR,William Miller,william.miller@vanguardgr.com
AQR Capital Management,AQRC,Chevron Corp,CVX,166764100,35829564,13603972766.52,0.5931,2024-12-31,Unchanged,13F-HR,Jennifer Smith,jennifer.smith@aqrcapital.com
Morgan Stanley IM,MS,Cisco Systems,CSCO,17275R102,47533665,14580208209.18,4.6751,2025-03-31,Increased,13F-HR,Elizabeth Hernandez,elizabeth.hernandez@morganstan.com
Goldman Sachs AM,GS,Salesforce Inc,CRM,79466L302,17179278,7060014726.77,0.3346,2025-09-30,Decreased,13F-HR,Margaret Moore,margaret.moore@goldmansac.com
Two Sigma Investments,TWSM,UnitedHealth Group,UNH,91324P102,28544640,9447420046.77,0.6460,2025-12-31,Increased,13F-HR,Patricia Martin,patricia.martin@twosigmain.com
Wellington Management,WMGI,Coca-Cola Co,KO,191216100,8462947,1869922130.97,0.1295,2024-09-30,Unchanged,13F-HR,Margaret Hernandez,margaret.hernandez@wellington.com
Renaissance Technologies,RNTC,Meta Platforms,META,30303M102,27468735,20407424715.92,0.4129,2024-12-31,New,13F-HR,Nancy Taylor,nancy.taylor@renaissanc.com
BlackRock Inc,BLK,Adobe Inc,ADBE,00724F101,24257511,5147183590.56,0.5404,2025-12-31,New,13F-HR,Robert Taylor,robert.taylor@blackrocki.com
T. Rowe Price,TROW,JPMorgan Chase,JPM,46625H100,34460519,4649825084.35,1.4486,2025-12-31,Decreased,13F-HR,Lisa Moore,lisa.moore@troweprice.com
Millennium Management,MLNM,Chevron Corp,CVX,166764100,41822259,29388995965.47,3.3868,2024-12-31,Unchanged,13F-HR,Steven Anderson,steven.anderson@millennium.com
Millennium Management,MLNM,Pfizer Inc,PFE,717081103,34832864,23441551657.81,0.4899,2024-06-30,Increased,13F-HR,David Miller,david.miller@millennium.com
Wellington Management,WMGI,Tesla Inc,TSLA,88160R101,48396214,19150551954.18,0.6287,2024-12-31,Unchanged,13F-NT,Elizabeth Garcia,elizabeth.garcia@wellington.com
Fidelity Investments,FNF,Bank of America,BAC,060505104,33895275,15105227873.49,0.4492,2024-06-30,Unchanged,13F-HR,Mark Lopez,mark.lopez@fidelityin.com
Renaissance Technologies,RNTC,Coca-Cola Co,KO,191216100,45837379,18455899235.48,2.9123,2024-12-31,Increased,13F-HR,Steven Martin,steven.martin@renaissanc.com
Renaissance Technologies,RNTC,Cisco Systems,CSCO,17275R102,20825122,11765510608.86,0.2626,2024-06-30,Increased,13F-HR,Lisa Johnson,lisa.johnson@renaissanc.com
Capital Group,CGBL,Chevron Corp,CVX,166764100,24208501,17678023884.25,0.5871,2025-09-30,Unchanged,13F-HR,Margaret Miller,margaret.miller@capitalgro.com
AQR Capital Management,AQRC,Alphabet Inc,GOOGL,02079K305,2359065,1154677147.17,0.0502,2025-12-31,Decreased,13F-HR,Elizabeth Martinez,elizabeth.martinez@aqrcapital.com
Bridgewater Associates,BWTR,Meta Platforms,META,30303M102,30857693,9047998673.49,0.4814,2025-12-31,Increased,13F-HR,Karen Johnson,karen.johnson@bridgewate.com
Morgan Stanley IM,MS,Chevron Corp,CVX,166764100,48826357,36032785235.19,4.1930,2025-06-30,Increased,13F-HR,Michael Garcia,michael.garcia@morganstan.com
Vanguard Group,VGI,JPMorgan Chase,JPM,46625H100,32665602,11346879404.99,1.4120,2024-09-30,Decreased,13F-HR,Nancy Brown,nancy.brown@vanguardgr.com
Millennium Management,MLNM,Exxon Mobil,XOM,30231G102,6263872,2481419922.75,0.1170,2024-06-30,New,13F-HR,Dorothy Thompson,dorothy.thompson@millennium.com
AQR Capital Management,AQRC,UnitedHealth Group,UNH,91324P102,47337412,22760916072.30,0.8351,2024-03-31,Decreased,13F-HR,Karen Moore,karen.moore@aqrcapital.com
Fidelity Investments,FNF,Bank of America,BAC,060505104,31900791,4116985925.79,1.0562,2024-09-30,Unchanged,13F-NT,Thomas White,thomas.white@fidelityin.com
Appaloosa Management,APLS,Coca-Cola Co,KO,191216100,5200633,1345591562.51,0.1509,2025-12-31,Unchanged,13F-HR,Mark Smith,mark.smith@appaloosam.com
Citadel Advisors,CDLC,Tesla Inc,TSLA,88160R101,27476306,15491510301.28,0.3480,2024-12-31,Increased,13F-HR,Margaret Rodriguez,margaret.rodriguez@citadeladv.com
DE Shaw & Co,DSHW,UnitedHealth Group,UNH,91324P102,6535174,403609182.59,0.1143,2024-09-30,Increased,13F-HR,Jennifer Hernandez,jennifer.hernandez@deshaw&co.com
Goldman Sachs AM,GS,Apple Inc,AAPL,037833100,36319629,15374805823.13,1.0206,2025-12-31,Unchanged,13F-NT,Steven White,steven.white@goldmansac.com
Fidelity Investments,FNF,Adobe Inc,ADBE,00724F101,15921535,774622167.85,1.4364,2024-03-31,Unchanged,13F-NT,Jennifer Jones,jennifer.jones@fidelityin.com
Goldman Sachs AM,GS,Salesforce Inc,CRM,79466L302,35464204,1235407392.85,1.1918,2024-03-31,Decreased,13F-HR,Margaret Williams,margaret.williams@goldmansac.com
State Street Corp,STT,JPMorgan Chase,JPM,46625H100,2759973,1773518179.34,0.0866,2025-09-30,Decreased,13F-HR,Susan Davis,susan.davis@statestree.com
AQR Capital Management,AQRC,Adobe Inc,ADBE,00724F101,48378198,25947795464.70,2.1112,2024-03-31,Unchanged,13F-HR,Lisa White,lisa.white@aqrcapital.com
DE Shaw & Co,DSHW,JPMorgan Chase,JPM,46625H100,2529258,646570658.16,0.0615,2024-12-31,Increased,13F-NT,Robert Jones,robert.jones@deshaw&co.com
Vanguard Group,VGI,Netflix Inc,NFLX,64110L106,2815106,1584570743.86,0.1159,2025-09-30,Increased,13F-HR,Lisa Williams,lisa.williams@vanguardgr.com
Two Sigma Investments,TWSM,Berkshire Hathaway,BRK.B,084670702,23865974,14143573047.34,0.4934,2025-09-30,Decreased,13F-HR,William Smith,william.smith@twosigmain.com
Vanguard Group,VGI,Pfizer Inc,PFE,717081103,29217535,17709200116.49,0.5074,2025-09-30,Unchanged,13F-HR,Patricia Martinez,patricia.martinez@vanguardgr.com
Capital Group,CGBL,Coca-Cola Co,KO,191216100,34723374,11995162778.03,0.8404,2025-09-30,Unchanged,13F-NT,Sarah Martin,sarah.martin@capitalgro.com
State Street Corp,STT,Meta Platforms,META,30303M102,41907237,21531931873.08,0.5861,2025-03-31,Unchanged,13F-NT,William Thomas,william.thomas@statestree.com
Renaissance Technologies,RNTC,UnitedHealth Group,UNH,91324P102,34808431,25401812272.33,0.8166,2024-06-30,Decreased,13F-HR,Sarah Hernandez,sarah.hernandez@renaissanc.com
Wellington Management,WMGI,Adobe Inc,ADBE,00724F101,31319291,17138647224.85,0.5516,2024-06-30,New,13F-NT,Sarah Hernandez,sarah.hernandez@wellington.com
Goldman Sachs AM,GS,Coca-Cola Co,KO,191216100,7337994,4618590254.52,0.0943,2024-12-31,Unchanged,13F-HR,Lisa Taylor,lisa.taylor@goldmansac.com
Citadel Advisors,CDLC,Exxon Mobil,XOM,30231G102,17728566,14107417626.17,0.9038,2025-12-31,Unchanged,13F-HR,James Martinez,james.martinez@citadeladv.com
Wellington Management,WMGI,Tesla Inc,TSLA,88160R101,27271017,7727605007.63,0.3846,2024-03-31,Decreased,13F-NT,Karen Martinez,karen.martinez@wellington.com
AQR Capital Management,AQRC,Adobe Inc,ADBE,00724F101,14539943,1398859538.58,0.7792,2024-03-31,New,13F-HR,Lisa Jackson,lisa.jackson@aqrcapital.com
Baupost Group,BPST,Intel Corp,INTC,458140100,19820019,2752622075.62,1.0340,2025-09-30,Increased,13F-HR,Daniel White,daniel.white@baupostgro.com
Baupost Group,BPST,Alphabet Inc,GOOGL,02079K305,16023135,4828517984.20,0.2085,2024-06-30,Unchanged,13F-HR,Dorothy Hernandez,dorothy.hernandez@baupostgro.com
AQR Capital Management,AQRC,UnitedHealth Group,UNH,91324P102,30180467,9126715603.18,0.3926,2025-03-31,Decreased,13F-HR,Thomas Hernandez,thomas.hernandez@aqrcapital.com
Morgan Stanley IM,MS,Meta Platforms,META,30303M102,46316333,28387974215.01,0.9595,2024-09-30,Increased,13F-HR,Robert Moore,robert.moore@morganstan.com
Morgan Stanley IM,MS,NVIDIA Corp,NVDA,67066G104,44323479,5711609348.84,3.1201,2025-09-30,Unchanged,13F-NT,Robert Jackson,robert.jackson@morganstan.com
Millennium Management,MLNM,Pfizer Inc,PFE,717081103,22272291,16391493569.28,0.3935,2024-03-31,Increased,13F-HR,Richard Anderson,richard.anderson@millennium.com
T. Rowe Price,TROW,Procter & Gamble,PG,742718109,39411991,26998639312.58,0.6414,2024-09-30,Unchanged,13F-HR,Thomas Thomas,thomas.thomas@troweprice.com
Vanguard Group,VGI,Exxon Mobil,XOM,30231G102,12609273,5678198665.51,0.1673,2025-03-31,Decreased,13F-HR,Robert Davis,robert.davis@vanguardgr.com
BlackRock Inc,BLK,Berkshire Hathaway,BRK.B,084670702,14371401,11261273154.51,0.2149,2026-07-15,Decreased,13F-HR,Karen Moore,karen.moore@blackrocki.com
Vanguard Group,VGI,Johnson & Johnson,JNJ,478160104,31381951,22255785978.81,0.6679,2025-03-31,Increased,13F-HR,William Thompson,william.thompson@vanguardgr.com
Millennium Management,MLNM,Johnson & Johnson,JNJ,478160104,1071294,654918271.67,0.0621,2024-09-30,Unchanged,13F-HR,William White,william.white@millennium.com
Two Sigma Investments,TWSM,Procter & Gamble,PG,742718109,32155608,2993012752.78,2.5130,2024-09-30,Increased,13F-NT,Sarah Garcia,sarah.garcia@twosigmain.com
Fidelity Investments,FNF,Visa Inc,V,92826C839,6329066,4797398918.94,0.0872,2024-06-30,Unchanged,13F-HR,Daniel Hernandez,daniel.hernandez@fidelityin.com
State Street Corp,STT,Procter & Gamble,PG,742718109,14241510,1957974577.83,0.5360,2025-09-30,New,13F-HR,Nancy Anderson,nancy.anderson@statestree.com
Vanguard Group,VGI,Home Depot,HD,437076102,15646213,6921966867.07,0.2079,2024-03-31,New,13F-HR,James Anderson,james.anderson@vanguardgr.com
Wellington Management,WMGI,Adobe Inc,ADBE,00724F101,9022124,2041557063.20,0.2088,2024-06-30,Decreased,13F-HR,Margaret Jones,margaret.jones@wellington.com
Wellington Management,WMGI,Berkshire Hathaway,BRK.B,084670702,3340978,1090708131.04,0.0467,2024-06-30,New,13F-HR,Karen Jones,karen.jones@wellington.com
Fidelity Investments,FNF,Walt Disney Co,DIS,254687106,23208669,13652851088.13,1.2564,2025-09-30,New,13F-HR,Dorothy Jackson,dorothy.jackson@fidelityin.com
AQR Capital Management,AQRC,JPMorgan Chase,JPM,46625H100,48612709,8742801845.73,2.6831,2024-12-31,Unchanged,13F-HR,David Johnson,david.johnson@aqrcapital.com
BlackRock Inc,BLK,Tesla Inc,TSLA,88160R101,31468870,5618034979.93,0.5491,2024-09-30,Unchanged,13F-HR,Richard Martinez,richard.martinez@blackrocki.com
DE Shaw & Co,DSHW,Alphabet Inc,GOOGL,02079K305,29747443,2729678038.36,0.5004,2025-09-30,Unchanged,13F-NT,Susan Taylor,susan.taylor@deshaw&co.com
State Street Corp,STT,Procter & Gamble,PG,742718109,32358458,2756997078.71,0.6018,2025-12-31,Unchanged,13F-HR,Dorothy Williams,dorothy.williams@statestree.com
Capital Group,CGBL,Walt Disney Co,DIS,254687106,34886865,20540133684.69,1.3226,2025-12-31,Increased,13F-HR,Sarah Lopez,sarah.lopez@capitalgro.com
BlackRock Inc,BLK,Microsoft Corp,MSFT,594918104,49660440,26595286538.01,0.7770,2024-12-31,Unchanged,13F-HR,Mark Garcia,mark.garcia@blackrocki.com
BlackRock Inc,BLK,Apple Inc,AAPL,037833100,38125275,18687893233.68,1.9662,2025-03-31,Unchanged,13F-HR,Steven Thompson,steven.thompson@blackrocki.com
Renaissance Technologies,RNTC,Tesla Inc,TSLA,88160R101,24441764,15326736311.15,0.4028,2025-06-30,Unchanged,13F-HR,Richard Garcia,richard.garcia@renaissanc.com
Millennium Management,MLNM,Bank of America,BAC,060505104,16668196,10613528101.52,0.2521,2025-03-31,Decreased,13F-HR,James Martinez,james.martinez@millennium.com
Millennium Management,MLNM,Meta Platforms,META,30303M102,9163833,1781119193.05,0.1191,2025-12-31,Increased,13F-HR,Richard Martinez,richard.martinez@millennium.com
AQR Capital Management,AQRC,JPMorgan Chase,JPM,46625H100,45270828,25369710319.76,0.5922,2025-12-31,Unchanged,13F-HR,William Davis,william.davis@aqrcapital.com
JP Morgan Asset Mgmt,JPM,Salesforce Inc,CRM,79466L302,8545182,5754967204.07,0.2859,2024-09-30,Unchanged,13F-HR,Patricia Davis,patricia.davis@jpmorganas.com
BlackRock Inc,BLK,Alphabet Inc,GOOGL,02079K305,42464678,11912260436.05,1.3644,2025-09-30,New,13F-HR,Lisa Johnson,lisa.johnson@blackrocki.com
Morgan Stanley IM,MS,Pfizer Inc,PFE,,967892,690249421.20,0.0225,2025-03-31,Increased,13F-HR,Dorothy Jones,dorothy.jones@morganstan.com
Two Sigma Investments,TWSM,Berkshire Hathaway,BRK.B,084670702,44863891,26099892031.10,0.8221,2025-12-31,Unchanged,13F-HR,Mark Garcia,mark.garcia@twosigmain.com
JP Morgan Asset Mgmt,JPM,Bank of America,BAC,060505104,46763428,18097440069.74,0.7520,2024-03-31,Unchanged,13F-HR,Michael Williams,michael.williams@jpmorganas.com
Bridgewater Associates,BWTR,NVIDIA Corp,NVDA,67066G104,13298932,5312226235.62,0.1913,2024-09-30,Unchanged,13F-HR,David Moore,david.moore@bridgewate.com
Goldman Sachs AM,GS,Pfizer Inc,PFE,717081103,12788193,1196643922.53,0.3840,2025-09-30,Unchanged,13F-HR,Thomas Hernandez,thomas.hernandez@goldmansac.com
Morgan Stanley IM,MS,Johnson & Johnson,JNJ,478160104,14048424,2968854358.99,0.7387,2024-06-30,Decreased,13F-HR,Steven White,steven.white@morganstan.com
Citadel Advisors,CDLC,Pfizer Inc,PFE,717081103,29647249,18367298052.72,0.6897,2025-09-30,New,13F-HR,Patricia Jackson,patricia.jackson@citadeladv.com
Goldman Sachs AM,GS,Netflix Inc,NFLX,64110L106,25679011,16175062610.76,1.2573,2024-03-31,Decreased,13F-NT,Margaret Martin,margaret.martin@goldmansac.com
Two Sigma Investments,TWSM,Pfizer Inc,PFE,717081103,2356415,1579552578.84,0.0422,2024-09-30,New,13F-HR,Thomas Lopez,thomas.lopez@twosigmain.com
Renaissance Technologies,RNTC,Chevron Corp,CVX,166764100,299497,25887487.22,0.0090,2024-09-30,Unchanged,13F-NT,Lisa Smith,lisa.smith@renaissanc.com
Citadel Advisors,CDLC,Walt Disney Co,DIS,254687106,20762214,4535211663.07,0.5515,2025-12-31,Unchanged,13F-NT,Thomas Jones,thomas.jones@citadeladv.com
Appaloosa Management,APLS,Tesla Inc,TSLA,88160R101,6501271,4787513766.33,0.1074,2025-12-31,New,13F-HR,Thomas Thompson,thomas.thompson@appaloosam.com
BlackRock Inc,BLK,Microsoft Corp,MSFT,594918104,32684820,15169930243.31,1.0965,2025-09-30,Unchanged,13F-HR,James Thomas,james.thomas@blackrocki.com
Millennium Management,MLNM,Chevron Corp,CVX,166764100,36238172,14297509786.15,0.5553,2024-03-31,New,13F-HR,Elizabeth Taylor,elizabeth.taylor@millennium.com
Two Sigma Investments,TWSM,NVIDIA Corp,NVDA,67066G104,6473515,2777271373.28,0.4217,2024-06-30,Decreased,13F-HR,Dorothy Jackson,dorothy.jackson@twosigmain.com
Morgan Stanley IM,MS,UnitedHealth Group,UNH,91324P102,2520340,2006389033.25,0.0421,2025-12-31,Unchanged,13F-HR,Michael Jones,michael.jones@morganstan.com
BlackRock Inc,BLK,Walt Disney Co,DIS,254687106,16943365,5964877405.06,0.4985,2025-06-30,Decreased,13F-HR,James Thompson,james.thompson@blackrocki.com
Baupost Group,BPST,Coca-Cola Co,KO,191216100,43465550,14145361520.82,4.4142,2025-09-30,Decreased,13F-HR,Patricia Williams,patricia.williams@baupostgro.com
State Street Corp,STT,Berkshire Hathaway,BRK.B,084670702,45935693,26064704935.24,0.6176,2025-06-30,Unchanged,13F-NT,Nancy Lopez,nancy.lopez@statestree.com
Goldman Sachs AM,GS,Bank of America,BAC,060505104,9579424,1876900721.54,0.1861,2024-09-30,Decreased,13F-NT,David Thomas,david.thomas@goldmansac.com
Morgan Stanley IM,MS,Exxon Mobil,XOM,30231G102,42070375,8692234802.15,1.7608,2025-12-31,Decreased,13F-HR,Elizabeth Davis,elizabeth.davis@morganstan.com
Bridgewater Associates,BWTR,Amazon.com Inc,AMZN,023135106,33682873,14146031003.83,1.0318,2025-03-31,New,13F-HR,Patricia Davis,patricia.davis@bridgewate.com
Wellington Management,WMGI,Johnson & Johnson,JNJ,478160104,37717635,5455994548.02,0.8808,2024-06-30,New,13F-NT,Sarah Hernandez,sarah.hernandez@wellington.com
Bridgewater Associates,BWTR,Johnson & Johnson,JNJ,478160104,15955186,514486848.23,0.5037,2025-09-30,Unchanged,13F-HR,Michael Taylor,michael.taylor@bridgewate.com
Millennium Management,MLNM,Alphabet Inc,GOOGL,02079K305,29742276,4350370029.50,1.0619,2025-09-30,Increased,13F-HR,Mark Anderson,mark.anderson@millennium.com
Capital Group,CGBL,Intel Corp,INTC,458140100,5708658,454929372.24,0.0820,2025-03-31,New,13F-NT,Mark Smith,mark.smith@capitalgro.com
Renaissance Technologies,RNTC,Exxon Mobil,XOM,30231G102,40807488,24221643131.73,0.6348,2024-03-31,Unchanged,13F-NT,William Thomas,william.thomas@renaissanc.com
Goldman Sachs AM,GS,Pfizer Inc,PFE,717081103,27740235,1530084955.31,3.4631,2025-09-30,Decreased,13F-HR,Richard Hernandez,richard.hernandez@goldmansac.com
Capital Group,CGBL,UnitedHealth Group,UNH,91324P102,946179,339505477.88,0.0216,2025-06-30,Increased,13F-HR,Richard White,richard.white@capitalgro.com
Point72 Asset Mgmt,PT72,NVIDIA Corp,NVDA,67066G104,37580827,13249801494.31,1.5126,2025-06-30,Increased,13F-HR,Daniel Garcia,daniel.garcia@point72ass.com
Bridgewater Associates,BWTR,Chevron Corp,CVX,166764100,34851543,6272561330.07,1.1049,2025-12-31,New,13F-HR,David Davis,david.davis@bridgewate.com
Morgan Stanley IM,MS,Johnson & Johnson,JNJ,478160104,30220772,18492057240.49,0.3856,2024-03-31,Unchanged,13F-NT,Mark Moore,mark.moore@morganstan.com
JP Morgan Asset Mgmt,JPM,Microsoft Corp,MSFT,594918104,13317356,1905977124.56,0.2029,2025-12-31,Unchanged,13F-NT,Daniel Taylor,daniel.taylor@jpmorganas.com
Point72 Asset Mgmt,PT72,Amazon.com Inc,AMZN,023135106,13440121,6450472586.47,0.9621,2024-03-31,New,13F-HR,Susan Martin,susan.martin@point72ass.com
Appaloosa Management,APLS,NVIDIA Corp,NVDA,67066G104,21069838,11595262222.82,0.3240,2025-06-30,Increased,13F-HR,Richard Brown,richard.brown@appaloosam.com
Vanguard Group,VGI,Home Depot,HD,437076102,1052205,42585385.07,0.0270,2024-03-31,Decreased,13F-HR,Nancy Lopez,nancy.lopez@vanguardgr.com
Two Sigma Investments,TWSM,Apple Inc,AAPL,037833100,2570290,820884254.48,0.0356,2025-12-31,Decreased,13F-NT,Lisa Martin,lisa.martin@twosigmain.com
Citadel Advisors,CDLC,NVIDIA Corp,NVDA,67066G104,28009871,2096595466.65,0.5229,2025-03-31,New,13F-HR,Mark Garcia,mark.garcia@citadeladv.com
Wellington Management,WMGI,Pfizer Inc,PFE,717081103,45497092,35131186458.24,0.7230,2024-12-31,Unchanged,13F-HR,Karen Moore,karen.moore@wellington.com
T. Rowe Price,,Pfizer Inc,PFE,717081103,28054339,4070562216.27,0.6736,2025-03-31,Decreased,13F-NT,Jennifer Martinez,jennifer.martinez@troweprice.com
Baupost Group,BPST,Home Depot,HD,437076102,15547103,8988465443.32,0.4214,2025-12-31,New,13F-NT,Elizabeth Taylor,elizabeth.taylor@baupostgro.com
Two Sigma Investments,TWSM,Apple Inc,AAPL,037833100,3620366,960544260.90,0.7063,2099-13-45,Unchanged,13F-HR,William Lopez,william.lopez@twosigmain.com
Point72 Asset Mgmt,PT72,Microsoft Corp,MSFT,594918104,15765164,8076581694.07,0.3538,2024-06-30,Unchanged,13F-HR,Lisa Williams,lisa.williams@point72ass.com
Two Sigma Investments,TWSM,Pfizer Inc,PFE,717081103,2494183,998289962.17,0.0362,2025-03-31,Increased,13F-HR,Susan Lopez,susan.lopez@twosigmain.com
Citadel Advisors,CDLC,Apple Inc,AAPL,037833100,783739,492530660.86,0.0226,2024-03-31,Decreased,13F-HR,James Williams,james.williams@citadeladv.com
Capital Group,CGBL,Berkshire Hathaway,BRK.B,084670702,45602511,15806532405.16,1.8160,2025-12-31,Increased,13F-HR,Mark Johnson,mark.johnson@capitalgro.com
Vanguard Group,VGI,Salesforce Inc,CRM,79466L302,42406173,32195853135.20,1.9140,2024-09-30,Decreased,13F-NT,Daniel Johnson,daniel.johnson@vanguardgr.com
State Street Corp,STT,Walt Disney Co,DIS,254687106,27442074,18792194091.59,0.4100,2025-12-31,Decreased,13F-HR,Patricia Lopez,patricia.lopez@statestree.com
Bridgewater Associates,BWTR,JPMorgan Chase,JPM,46625H100,41151538,24859657975.66,0.6205,2025-03-31,Increased,13F-HR,William Martinez,william.martinez@bridgewate.com
Appaloosa Management,APLS,Apple Inc,AAPL,037833100,23438148,3997167096.10,0.5514,2024-06-30,Unchanged,13F-HR,James Garcia,james.garcia@appaloosam.com
Two Sigma Investments,TWSM,Coca-Cola Co,KO,191216100,3600556,395446957.64,0.1061,2024-09-30,Unchanged,13F-HR,David Brown,david.brown@twosigmain.com
DE Shaw & Co,DSHW,Apple Inc,AAPL,037833100,31467695,14382235639.54,0.7299,2024-03-31,Increased,13F-HR,Richard Anderson,richard.anderson@deshaw&co.com
Capital Group,CGBL,Home Depot,HD,437076102,25792627,8578765570.41,4.8499,2024-06-30,Decreased,13F-HR,Mark Anderson,mark.anderson@capitalgro.com
Morgan Stanley IM,MS,Exxon Mobil,XOM,30231G102,6081061,888564587.60,0.2034,2025-03-31,Unchanged,13F-HR,Steven Anderson,steven.anderson@morganstan.com
DE Shaw & Co,DSHW,Procter & Gamble,PG,742718109,6894690,2584715927.86,0.3724,2024-03-31,Increased,13F-HR,William Hernandez,william.hernandez@deshaw&co.com
Bridgewater Associates,BWTR,UnitedHealth Group,UNH,91324P102,28687217,19443665298.01,3.6833,2024-06-30,New,13F-HR,Karen Jones,karen.jones@bridgewate.com
Wellington Management,WMGI,Netflix Inc,NFLX,64110L106,1269167,735352349.73,0.0404,2024-03-31,Unchanged,13F-HR,Robert Williams,robert.williams@wellington.com
DE Shaw & Co,DSHW,Netflix Inc,NFLX,64110L106,19254746,2056175810.67,0.3811,2024-03-31,Increased,13F-NT,Robert Lopez,robert.lopez@deshaw&co.com
BlackRock Inc,BLK,NVIDIA Corp,NVDA,67066G104,48625731,15954052587.89,7.7599,2025-09-30,Decreased,13F-HR,Mark Garcia,mark.garcia@blackrocki.com
T. Rowe Price,TROW,Tesla Inc,TSLA,88160R101,12272762,7991523462.29,0.9268,2024-03-31,Increased,13F-NT,Mark Moore,mark.moore@troweprice.com
Two Sigma Investments,TWSM,Cisco Systems,CSCO,17275R102,108013,42686199.36,0.0083,2025-06-30,Decreased,13F-HR,Elizabeth Hernandez,elizabeth.hernandez@twosigmain.com
AQR Capital Management,AQRC,Exxon Mobil,XOM,30231G102,45695244,19644035513.13,4.1563,2025-12-31,Unchanged,13F-HR,Karen Brown,karen.brown@aqrcapital.com
Fidelity Investments,FNF,Alphabet Inc,GOOGL,02079K305,6085309,3403817996.94,0.1208,2024-06-30,Increased,13F-HR,Nancy Taylor,nancy.taylor@fidelityin.com
State Street Corp,STT,Exxon Mobil,XOM,30231G102,43048666,15495265136.10,0.9992,2025-06-30,Unchanged,13F-NT,Dorothy Thomas,dorothy.thomas@statestree.com
Bridgewater Associates,BWTR,Berkshire Hathaway,BRK.B,084670702,31232607,13104090916.20,1.6060,2024-03-31,Unchanged,13F-HR,Steven Moore,steven.moore@bridgewate.com
JP Morgan Asset Mgmt,JPM,Apple Inc,AAPL,037833100,31557649,2665526201.51,0.4075,2025-09-30,Unchanged,13F-HR,Karen Williams,karen.williams@jpmorganas.com
Fidelity Investments,FNF,Procter & Gamble,PG,742718109,2713288,1160653573.28,0.2698,2025-03-31,Decreased,13F-HR,Elizabeth Taylor,elizabeth.taylor@fidelityin.com
Goldman Sachs AM,GS,UnitedHealth Group,UNH,91324P102,21179891,8430369227.19,0.2878,2024-06-30,Increased,13F-NT,Michael Garcia,michael.garcia@goldmansac.com
Capital Group,CGBL,Procter & Gamble,PG,742718109,42283909,7985159403.61,0.7161,2025-09-30,Decreased,13F-HR,Patricia Thompson,patricia.thompson@capitalgro.com
T. Rowe Price,TROW,Chevron Corp,CVX,166764100,38440757,792610971.26,0.5646,2024-12-31,New,13F-HR,Lisa Davis,lisa.davis@troweprice.com
DE Shaw & Co,DSHW,Chevron Corp,CVX,166764100,34636351,1269302942.38,0.4350,2025-09-30,Increased,13F-HR,Robert Rodriguez,robert.rodriguez@deshaw&co.com
BlackRock Inc,BLK,UnitedHealth Group,UNH,91324P102,32272506,9994371849.60,0.7153,2025-12-31,Unchanged,13F-HR,Susan Taylor,susan.taylor@blackrocki.com
Capital Group,CGBL,Chevron Corp,CVX,166764100,16580100,5048672057.53,0.2847,2025-06-30,Increased,13F-NT,Lisa White,lisa.white@capitalgro.com
Wellington Management,WMGI,Exxon Mobil,XOM,30231G102,20176421,10727825791.63,0.3016,2025-03-31,Increased,13F-HR,Mark Thomas,mark.thomas@wellington.com
Goldman Sachs AM,GS,JPMorgan Chase,JPM,46625H100,28759480,18092753944.61,0.7338,2025-06-30,Unchanged,13F-HR,Nancy Thomas,nancy.thomas@goldmansac.com
JP Morgan Asset Mgmt,JPM,NVIDIA Corp,NVDA,67066G104,15291731,2243149977.63,0.2033,2025-06-30,Unchanged,13F-HR,Susan Martinez,susan.martinez@jpmorganas.com
Renaissance Technologies,RNTC,NVIDIA Corp,NVDA,67066G104,31774045,6804860858.46,0.7526,2024-09-30,New,13F-HR,Lisa Martinez,lisa.martinez@renaissanc.com
Capital Group,CGBL,Amazon.com Inc,AMZN,023135106,29744381,6396434019.83,0.8326,2025-09-30,New,13F-HR,Thomas Jones,thomas.jones@capitalgro.com
Baupost Group,BPST,Alphabet Inc,GOOGL,02079K305,8994743,1965567776.82,0.2374,2025-09-30,Unchanged,13F-NT,Michael Martinez,michael.martinez@baupostgro.com
Fidelity Investments,FNF,Coca-Cola Co,KO,191216100,44517958,28179090522.41,2.7808,2024-12-31,Unchanged,13F-NT,Michael Hernandez,michael.hernandez@fidelityin.com
Renaissance Technologies,RNTC,JPMorgan Chase,JPM,46625H100,29373271,1202533389.04,1.4932,2024-06-30,Increased,13F-NT,Karen Williams,karen.williams@renaissanc.com
State Street Corp,STT,Bank of America,BAC,060505104,26212906,18380450945.87,0.5262,2024-03-31,Decreased,13F-HR,Daniel Taylor,daniel.taylor@statestree.com
Renaissance Technologies,RNTC,Alphabet Inc,GOOGL,02079K305,3427832,1578210018.06,0.0493,2025-12-31,New,13F-HR,Steven Miller,steven.miller@renaissanc.com
Point72 Asset Mgmt,PT72,Walt Disney Co,DIS,254687106,32354697,24847183212.87,0.6634,2025-09-30,Increased,13F-HR,Richard Thomas,richard.thomas@point72ass.com
Morgan Stanley IM,MS,NVIDIA Corp,NVDA,67066G104,1059481,465285047.10,0.0202,2025-03-31,Increased,13F-NT,Daniel Rodriguez,daniel.rodriguez@morganstan.com
Two Sigma Investments,TWSM,Tesla Inc,TSLA,88160R101,30207105,20700820837.79,4.8001,2025-12-31,Increased,13F-HR,Richard White,richard.white@twosigmain.com
T. Rowe Price,TROW,Microsoft Corp,MSFT,594918104,25308915,2006447099.04,0.7558,2025-09-30,New,13F-NT,Dorothy Jackson,dorothy.jackson@troweprice.com
Capital Group,CGBL,Walt Disney Co,DIS,254687106,9799216,5906053593.13,0.1983,2025-03-31,Unchanged,13F-HR,William Martinez,william.martinez@capitalgro.com
Fidelity Investments,FNF,Meta Platforms,META,30303M102,1495743,1063538064.35,0.0940,2024-06-30,Decreased,13F-HR,Steven Garcia,steven.garcia@fidelityin.com
Goldman Sachs AM,GS,Chevron Corp,CVX,166764100,7718008,784764667.58,0.3981,2025-09-30,Increased,13F-HR,David Williams,david.williams@goldmansac.com
Point72 Asset Mgmt,PT72,Intel Corp,INTC,458140100,10814473,7850944245.87,0.2621,2024-03-31,New,13F-HR,Nancy Smith,nancy.smith@point72ass.com
AQR Capital Management,AQRC,Pfizer Inc,PFE,717081103,12008740,854258416.45,0.1806,2024-09-30,Unchanged,13F-HR,Elizabeth Brown,elizabeth.brown@aqrcapital.com
Morgan Stanley IM,MS,Pfizer Inc,PFE,717081103,44051044,7255116398.89,1.9364,2024-06-30,Increased,13F-HR,Margaret Johnson,margaret.johnson@morganstan.com
T. Rowe Price,TROW,Microsoft Corp,MSFT,594918104,9317443,990601423.33,0.1393,2025-06-30,New,13F-HR,Daniel Thompson,daniel.thompson@troweprice.com
Capital Group,CGBL,Johnson & Johnson,JNJ,478160104,37515839,8651631329.71,1.4690,2025-09-30,Decreased,13F-HR,Richard Taylor,richard.taylor@capitalgro.com
Baupost Group,BPST,Berkshire Hathaway,BRK.B,084670702,22827968,6054558072.18,0.3334,2024-03-31,Increased,13F-NT,Karen Lopez,karen.lopez@baupostgro.com
Millennium Management,MLNM,Microsoft Corp,MSFT,594918104,13515483,2272326718.82,0.3241,2024-09-30,New,13F-HR,Susan Moore,susan.moore@millennium.com
BlackRock Inc,BLK,Amazon.com Inc,AMZN,023135106,N/A,2465734899.34,0.5458,2024-06-30,Increased,13F-HR,Robert Davis,robert.davis@blackrocki.com
Goldman Sachs AM,GS,Netflix Inc,NFLX,64110L106,9868411,6903610359.02,0.2975,2024-09-30,Increased,13F-HR,Lisa Brown,lisa.brown@goldmansac.com
Morgan Stanley IM,MS,NVIDIA Corp,NVDA,67066G104,18618447,11657803580.02,0.8684,2024-06-30,Decreased,13F-HR,William Johnson,william.johnson@morganstan.com
Fidelity Investments,FNF,Meta Platforms,META,30303M102,17592164,12627509921.54,1.9580,2025-03-31,Increased,13F-HR,Karen Taylor,karen.taylor@fidelityin.com
AQR Capital Management,AQRC,Chevron Corp,CVX,166764100,28331224,14862537443.69,4.2996,2025-09-30,Increased,13F-HR,Sarah Rodriguez,sarah.rodriguez@aqrcapital.com
Renaissance Technologies,RNTC,Apple Inc,AAPL,037833100,3215371,2468559955.67,0.0539,2025-09-30,New,13F-NT,Margaret Hernandez,margaret.hernandez@renaissanc.com
Baupost Group,BPST,Chevron Corp,CVX,166764100,17808686,4384717404.02,0.3681,2024-03-31,Increased,13F-NT,Dorothy Garcia,dorothy.garcia@baupostgro.com
Goldman Sachs AM,GS,Microsoft Corp,MSFT,594918104,9320309,950725961.62,0.1508,2024-03-31,Increased,13F-HR,Mark Davis,mark.davis@goldmansac.com
Renaissance Technologies,RNTC,Intel Corp,INTC,458140100,35897228,13695940431.40,0.4948,2025-03-31,Decreased,13F-HR,Susan Jackson,susan.jackson@renaissanc.com
Goldman Sachs AM,GS,Adobe Inc,ADBE,00724F101,5944925,1918206176.52,0.1361,2025-06-30,Increased,13F-HR,Robert Davis,robert.davis@goldmansac.com
DE Shaw & Co,DSHW,Berkshire Hathaway,BRK.B,084670702,21624722,9718425708.69,1.2562,2025-09-30,New,13F-NT,William White,william.white@deshaw&co.com
DE Shaw & Co,DSHW,Amazon.com Inc,AMZN,023135106,46329015,13526663377.49,0.5872,2024-12-31,Increased,13F-HR,Daniel White,daniel.white@deshaw&co.com
Wellington Management,WMGI,Meta Platforms,META,30303M102,6480814,2140618743.69,0.5878,2024-12-31,Unchanged,13F-HR,Richard Martinez,richard.martinez@wellington.com
Capital Group,CGBL,Johnson & Johnson,JNJ,478160104,9021207,262067388.63,0.2746,2024-09-30,Increased,13F-HR,Richard Martin,richard.martin@capitalgro.com
Wellington Management,WMGI,Meta Platforms,META,30303M102,20614461,7689205551.51,0.2875,2025-06-30,Increased,13F-HR,Michael Jackson,michael.jackson@wellington.com
Citadel Advisors,CDLC,UnitedHealth Group,UNH,91324P102,30033075,3177261688.29,0.4462,2025-03-31,New,13F-NT,Patricia Johnson,patricia.johnson@citadeladv.com
Point72 Asset Mgmt,PT72,Adobe Inc,ADBE,00724F101,29967881,4632077286.83,0.5990,2024-09-30,Increased,13F-HR,William Brown,william.brown@point72ass.com
Renaissance Technologies,RNTC,Chevron Corp,CVX,166764100,42560084,5634057921.73,0.5524,2025-03-31,Unchanged,13F-NT,Thomas Smith,thomas.smith@renaissanc.com
Morgan Stanley IM,MS,NVIDIA Corp,NVDA,67066G104,37570086,27237300418.81,3.2780,2025-09-30,Increased,13F-HR,Daniel White,daniel.white@morganstan.com
BlackRock Inc,BLK,Adobe Inc,ADBE,00724F101,26945221,3612398232.67,0.3913,2025-03-31,Increased,13F-HR,Daniel Rodriguez,daniel.rodriguez@blackrocki.com
Millennium Management,MLNM,Procter & Gamble,PG,742718109,42295357,31838557115.57,4.7394,2025-06-30,Unchanged,13F-HR,Mark Johnson,mark.johnson@millennium.com
Goldman Sachs AM,GS,Alphabet Inc,GOOGL,02079K305,41585000,3096041927.15,3.1242,2025-03-31,Decreased,13F-NT,Karen Moore,karen.moore@goldmansac.com
Two Sigma Investments,TWSM,JPMorgan Chase,JPM,46625H100,8515908,5626572809.14,0.2621,2025-06-30,Increased,13F-NT,Margaret Moore,margaret.moore@twosigmain.com
Two Sigma Investments,TWSM,Home Depot,HD,437076102,34052709,9977658092.09,5.2446,2024-06-30,New,13F-NT,Daniel Williams,daniel.williams@twosigmain.com
AQR Capital Management,AQRC,Pfizer Inc,PFE,717081103,15915015,5762808316.30,1.3513,2025-03-31,Unchanged,13F-HR,Richard Davis,richard.davis@aqrcapital.com
AQR Capital Management,AQRC,Microsoft Corp,MSFT,594918104,8271963,2499965994.97,0.6919,2025-09-30,Unchanged,13F-HR,Lisa Thompson,lisa.thompson@aqrcapital.com
Morgan Stanley IM,MS,Johnson & Johnson,JNJ,478160104,7783123,1625412535.61,0.1616,2024-03-31,Increased,13F-HR,Nancy Moore,nancy.moore@morganstan.com
Vanguard Group,VGI,Chevron Corp,CVX,166764100,17339854,7831440904.10,0.3575,2024-03-31,Increased,13F-HR,Nancy Hernandez,nancy.hernandez@vanguardgr.com
Vanguard Group,VGI,JPMorgan Chase,JPM,46625H100,394340,198218019.39,0.0136,2026-10-10,Unchanged,13F-HR,Lisa Davis,lisa.davis@vanguardgr.com
AQR Capital Management,AQRC,Apple Inc,AAPL,037833100,28297773,11593210042.19,0.4034,2024-09-30,Decreased,13F-HR,William Martin,william.martin@aqrcapital.com
Vanguard Group,VGI,Cisco Systems,CSCO,17275R102,49060766,10041020421.20,1.8479,2025-12-31,Unchanged,13F-HR,Mark Thompson,mark.thompson@vanguardgr.com
Capital Group,,Coca-Cola Co,KO,191216100,18262935,7446349573.35,1.0008,2025-09-30,Increased,13F-HR,Patricia Davis,patricia.davis@capitalgro.com
Bridgewater Associates,BWTR,Intel Corp,INTC,458140100,45565185,15244821715.99,0.6209,2025-09-30,Increased,13F-HR,Dorothy Taylor,dorothy.taylor@bridgewate.com
T. Rowe Price,TROW,Procter & Gamble,PG,742718109,38374401,10255478282.28,1.3051,2025-12-31,Unchanged,13F-NT,James Martinez,james.martinez@troweprice.com
Baupost Group,BPST,Adobe Inc,ADBE,00724F101,45466923,35175180617.27,0.6359,2024-03-31,Unchanged,13F-HR,Nancy Jackson,nancy.jackson@baupostgro.com
Vanguard Group,VGI,Meta Platforms,META,30303M102,7669900,251608042.60,0.4435,2025-03-31,Unchanged,13F-HR,Thomas Johnson,thomas.johnson@vanguardgr.com
Capital Group,CGBL,Coca-Cola Co,KO,191216100,1659979,1234204057.66,0.0799,2024-06-30,New,13F-HR,Nancy Johnson,nancy.johnson@capitalgro.com
Morgan Stanley IM,MS,Tesla Inc,TSLA,88160R101,34932527,8424195120.11,0.8470,2026-05-31,Unchanged,13F-HR,William White,william.white@morganstan.com
Renaissance Technologies,RNTC,Procter & Gamble,PG,742718109,11784246,7051509261.20,0.1697,2025-03-31,Unchanged,13F-HR,Lisa Thomas,lisa.thomas@renaissanc.com
DE Shaw & Co,DSHW,UnitedHealth Group,UNH,91324P102,30919519,638726252.24,2.7279,2024-09-30,Decreased,13F-HR,Sarah Martinez,sarah.martinez@deshaw&co.com
T. Rowe Price,TROW,NVIDIA Corp,NVDA,67066G104,11747871,1629212894.09,0.2108,2024-06-30,Unchanged,13F-HR,Steven Hernandez,steven.hernandez@troweprice.com
Citadel Advisors,CDLC,UnitedHealth Group,UNH,91324P102,17167492,3328996806.77,0.3462,2025-03-31,Increased,13F-NT,William Williams,william.williams@citadeladv.com
Goldman Sachs AM,GS,NVIDIA Corp,NVDA,67066G104,21912268,10377206269.17,1.2874,2025-09-30,Increased,13F-HR,James Miller,james.miller@goldmansac.com
Baupost Group,BPST,Meta Platforms,META,30303M102,10607907,627222090.11,0.1779,2025-12-31,Unchanged,13F-NT,Robert Miller,robert.miller@baupostgro.com
Millennium Management,MLNM,Johnson & Johnson,JNJ,478160104,20232395,15768569543.37,1.9468,2025-12-31,Increased,13F-HR,William Rodriguez,william.rodriguez@millennium.com
Wellington Management,WMGI,Walt Disney Co,DIS,254687106,42534721,31702169171.55,1.8485,2025-03-31,Decreased,13F-NT,David Lopez,david.lopez@wellington.com
Two Sigma Investments,TWSM,Coca-Cola Co,KO,191216100,24540799,16116327324.67,0.8441,2024-12-31,Unchanged,13F-HR,Richard Anderson,richard.anderson@twosigmain.com
BlackRock Inc,BLK,NVIDIA Corp,NVDA,67066G104,11806980,8837047956.02,0.2385,2025-09-30,Increased,13F-HR,Daniel Martin,daniel.martin@blackrocki.com
Renaissance Technologies,RNTC,Berkshire Hathaway,BRK.B,084670702,5817693,2079771830.69,0.2949,2025-06-30,Unchanged,13F-HR,Richard Rodriguez,richard.rodriguez@renaissanc.com
Two Sigma Investments,TWSM,Alphabet Inc,GOOGL,02079K305,29764594,15395229101.36,3.8772,2024-03-31,Decreased,13F-HR,David Thompson,david.thompson@twosigmain.com
Baupost Group,BPST,Alphabet Inc,GOOGL,02079K305,16023135,4828517984.20,0.2085,2024-06-30,Unchanged,13F-HR,Dorothy Hernandez,dorothy.hernandez@baupostgro.com
Point72 Asset Mgmt,PT72,Johnson & Johnson,JNJ,478160104,2997261,725033907.91,0.5195,2025-12-31,Unchanged,13F-HR,Susan Williams,susan.williams@point72ass.com
Baupost Group,BPST,Apple Inc,AAPL,037833100,12946135,9096483090.60,0.2288,2024-09-30,New,13F-HR,Robert Davis,robert.davis@baupostgro.com
Citadel Advisors,CDLC,Procter & Gamble,PG,742718109,14669614,11167103644.26,0.1969,2025-03-31,Increased,13F-HR,Karen Thompson,karen.thompson@citadeladv.com
Baupost Group,BPST,Procter & Gamble,PG,742718109,5520241,2924342421.90,0.1124,2024-06-30,Unchanged,13F-HR,Jennifer Davis,jennifer.davis@baupostgro.com
State Street Corp,STT,UnitedHealth Group,UNH,91324P102,48172924,2739451124.62,1.4563,2024-09-30,New,13F-HR,Lisa Moore,lisa.moore@statestree.com
Point72 Asset Mgmt,PT72,Meta Platforms,META,30303M102,35575534,4242627051.21,0.4713,2025-09-30,Unchanged,13F-HR,Thomas Johnson,thomas.johnson@point72ass.com
Renaissance Technologies,RNTC,Adobe Inc,ADBE,00724F101,8792587,5045959445.06,0.2846,2025-06-30,Unchanged,13F-HR,Margaret Thompson,margaret.thompson@renaissanc.com
Bridgewater Associates,BWTR,Amazon.com Inc,AMZN,023135106,32626217,4351193095.56,0.9556,2024-09-30,Unchanged,13F-HR,Nancy Jones,nancy.jones@bridgewate.com
Fidelity Investments,FNF,Procter & Gamble,PG,742718109,23548419,15217168136.00,0.3197,2024-12-31,Unchanged,13F-HR,Mark Martinez,mark.martinez@fidelityin.com
State Street Corp,STT,Coca-Cola Co,KO,191216100,21955991,16615187337.40,0.3400,2024-09-30,Unchanged,13F-NT,Robert Brown,robert.brown@statestree.com
Bridgewater Associates,BWTR,NVIDIA Corp,NVDA,67066G104,11000137,8497410062.69,0.2092,2024-06-30,Unchanged,13F-HR,James Martinez,james.martinez@bridgewate.com
Appaloosa Management,APLS,Netflix Inc,NFLX,64110L106,33849411,5454146904.41,0.5612,2025-06-30,Increased,13F-HR,Steven Martin,steven.martin@appaloosam.com
Baupost Group,BPST,Coca-Cola Co,KO,191216100,45885438,8454707280.52,0.5755,2025-06-30,Decreased,13F-HR,Thomas Jackson,thomas.jackson@baupostgro.com
Bridgewater Associates,BWTR,Apple Inc,AAPL,037833100,37057942,15521409721.62,0.6589,2025-09-30,Decreased,13F-HR,Sarah Moore,sarah.moore@bridgewate.com
Capital Group,CGBL,Salesforce Inc,CRM,79466L302,39132237,21594703577.84,0.9762,2024-06-30,Unchanged,13F-HR,Richard Martinez,richard.martinez@capitalgro.com
Point72 Asset Mgmt,PT72,Microsoft Corp,MSFT,594918104,23178402,13418561116.20,0.3363,2024-03-31,Unchanged,13F-HR,Jennifer Miller,jennifer.miller@point72ass.com
Capital Group,CGBL,Meta Platforms,META,30303M102,20724789,10167519349.77,1.1842,2025-12-31,Unchanged,13F-HR,James Jackson,james.jackson@capitalgro.com
T. Rowe Price,TROW,Tesla Inc,TSLA,88160R101,16709215,4317875635.71,-0.3626,2024-09-30,Decreased,13F-HR,Lisa Miller,lisa.miller@troweprice.com
State Street Corp,STT,Apple Inc,AAPL,037833100,21045111,12676570617.26,0.4749,2024-09-30,New,13F-HR,Patricia Garcia,patricia.garcia@statestree.com
Vanguard Group,VGI,Netflix Inc,NFLX,64110L106,30245911,12179142026.46,0.4783,2025-03-31,Increased,13F-NT,Daniel Hernandez,daniel.hernandez@vanguardgr.com
Bridgewater Associates,BWTR,Visa Inc,V,92826C839,25410040,14270805694.79,1.0238,2025-12-31,Decreased,13F-HR,Mark Thomas,mark.thomas@bridgewate.com
Appaloosa Management,APLS,Microsoft Corp,MSFT,594918104,44828187,24114713584.22,0.7485,2024-09-30,Unchanged,13F-HR,James Davis,james.davis@appaloosam.com
Two Sigma Investments,TWSM,Netflix Inc,NFLX,64110L106,16206093,7895665294.07,0.9339,2024-09-30,Unchanged,13F-HR,Michael Hernandez,michael.hernandez@twosigmain.com
Goldman Sachs AM,GS,Coca-Cola Co,KO,191216100,46209815,32060429308.52,1.1256,2024-12-31,Increased,13F-HR,Daniel Rodriguez,daniel.rodriguez@goldmansac.com
Capital Group,CGBL,Home Depot,HD,437076102,13968055,7797858440.58,2.5156,2024-09-30,Unchanged,13F-HR,Mark Smith,mark.smith@capitalgro.com
Appaloosa Management,APLS,Walt Disney Co,DIS,254687106,7405337,4297329816.24,0.1224,2024-06-30,Increased,13F-HR,James Martinez,james.martinez@appaloosam.com
Wellington Management,WMGI,Bank of America,BAC,060505104,38333751,23301482407.34,0.5496,2025-12-31,Increased,13F-HR,Dorothy Hernandez,dorothy.hernandez@wellington.com
Wellington Management,WMGI,Salesforce Inc,CRM,79466L302,33117260,22584792477.59,0.6229,2025-12-31,New,13F-HR,Thomas Lopez,thomas.lopez@wellington.com
Two Sigma Investments,TWSM,Johnson & Johnson,JNJ,478160104,41143141,27445748375.55,0.9183,2025-03-31,Unchanged,13F-HR,Nancy Anderson,nancy.anderson@twosigmain.com
Capital Group,CGBL,Salesforce Inc,CRM,79466L302,38086631,21518911789.93,2.2965,2024-03-31,Unchanged,13F-HR,Michael Thomas,michael.thomas@capitalgro.com
Morgan Stanley IM,MS,Apple Inc,AAPL,037833100,25191982,12814618636.82,0.6117,2025-06-30,Unchanged,13F-HR,Susan Lopez,susan.lopez@morganstan.com
JP Morgan Asset Mgmt,JPM,Meta Platforms,META,30303M102,31481170,12387192981.19,3.2173,2024-03-31,Increased,13F-HR,Robert Thomas,robert.thomas@jpmorganas.com
Capital Group,CGBL,Berkshire Hathaway,BRK.B,084670702,43269754,3708823628.52,0.6033,2025-03-31,Decreased,13F-HR,Dorothy Lopez,dorothy.lopez@capitalgro.com
State Street Corp,STT,Home Depot,HD,437076102,pending,7851125864.44,0.7351,2025-03-31,Decreased,13F-HR,Michael Williams,michael.williams@statestree.com
DE Shaw & Co,DSHW,Microsoft Corp,MSFT,594918104,3680368,849194785.46,0.3835,2024-06-30,Decreased,13F-NT,Dorothy Brown,dorothy.brown@deshaw&co.com
T. Rowe Price,TROW,Coca-Cola Co,KO,191216100,33008890,25877291076.88,0.5835,2024-06-30,Increased,13F-HR,Daniel Garcia,daniel.garcia@troweprice.com
Fidelity Investments,FNF,Pfizer Inc,PFE,717081103,46373095,25346922082.34,2.3867,2024-06-30,Increased,13F-NT,Nancy Anderson,nancy.anderson@fidelityin.com
Point72 Asset Mgmt,PT72,JPMorgan Chase,JPM,46625H100,20771858,4107889825.78,0.5380,2025-09-30,Unchanged,13F-HR,Patricia Jones,patricia.jones@point72ass.com
Vanguard Group,VGI,Home Depot,HD,437076102,19776878,13104948450.84,0.2644,2024-06-30,New,13F-HR,Karen Miller,karen.miller@vanguardgr.com
Bridgewater Associates,BWTR,Pfizer Inc,PFE,717081103,47677870,22319328734.66,6.6794,2024-03-31,Increased,13F-HR,Daniel Davis,daniel.davis@bridgewate.com
DE Shaw & Co,DSHW,Apple Inc,AAPL,037833100,24718171,5343087897.59,0.9952,2027-01-09,New,13F-HR,Daniel Davis,daniel.davis@deshaw&co.com
Goldman Sachs AM,GS,Meta Platforms,META,30303M102,19029894,4029517638.52,0.6103,2024-03-31,Increased,13F-HR,Steven Martinez,steven.martinez@goldmansac.com
AQR Capital Management,AQRC,Coca-Cola Co,KO,191216100,36029152,13097473980.02,7.1614,2025-09-30,Decreased,13F-HR,Karen Martin,karen.martin@aqrcapital.com
AQR Capital Management,AQRC,Netflix Inc,NFLX,64110L106,11700543,6688061719.46,0.1623,2025-06-30,Increased,13F-NT,Dorothy Taylor,dorothy.taylor@aqrcapital.com
DE Shaw & Co,DSHW,NVIDIA Corp,NVDA,67066G104,1928390,754902071.24,0.0694,2025-03-31,New,13F-NT,Thomas Rodriguez,thomas.rodriguez@deshaw&co.com
State Street Corp,STT,Apple Inc,AAPL,037833100,47474495,26505494693.18,0.6121,2024-03-31,Unchanged,13F-HR,Patricia Brown,patricia.brown@statestree.com
Fidelity Investments,FNF,NVIDIA Corp,NVDA,67066G104,6636148,4752997100.19,0.0865,2025-09-30,Decreased,13F-HR,Susan Taylor,susan.taylor@fidelityin.com
Capital Group,CGBL,Procter & Gamble,PG,742718109,33698195,18161786395.95,0.6171,2025-03-31,Increased,13F-HR,Michael Rodriguez,michael.rodriguez@capitalgro.com
Baupost Group,BPST,Johnson & Johnson,JNJ,478160104,46550233,30247466563.13,1.2192,2025-09-30,Increased,13F-HR,Richard Miller,richard.miller@baupostgro.com
DE Shaw & Co,DSHW,Amazon.com Inc,AMZN,023135106,29002952,17196907693.15,0.9377,2024-03-31,Increased,13F-NT,James Williams,james.williams@deshaw&co.com
Two Sigma Investments,TWSM,Amazon.com Inc,AMZN,023135106,13782446,3095485004.33,0.6497,2025-12-31,Increased,13F-HR,Margaret Moore,margaret.moore@twosigmain.com
Two Sigma Investments,TWSM,Intel Corp,INTC,458140100,4252573,2250516174.32,0.0884,2025-03-31,Unchanged,13F-HR,William Davis,william.davis@twosigmain.com
Morgan Stanley IM,MS,Chevron Corp,CVX,166764100,26146447,6830943139.05,0.4281,2024-03-31,New,13F-HR,Richard Smith,richard.smith@morganstan.com
T. Rowe Price,TROW,Tesla Inc,TSLA,88160R101,3466353,1438998398.19,0.0700,2025-03-31,Unchanged,13F-HR,Thomas Hernandez,thomas.hernandez@troweprice.com
Capital Group,CGBL,Apple Inc,AAPL,037833100,16363101,12638541382.13,0.2382,2025-03-31,Unchanged,13F-NT,Steven Hernandez,steven.hernandez@capitalgro.com
Baupost Group,BPST,NVIDIA Corp,NVDA,67066G104,3279320,934250036.83,0.0483,2024-12-31,Decreased,13F-HR,Margaret Garcia,margaret.garcia@baupostgro.com
DE Shaw & Co,DSHW,Coca-Cola Co,KO,191216100,24310923,8941630508.98,1.2427,2025-03-31,Increased,13F-NT,Sarah Brown,sarah.brown@deshaw&co.com
Renaissance Technologies,RNTC,Apple Inc,AAPL,037833100,21931336,14898026659.18,0.5589,2025-12-31,New,13F-NT,Michael Johnson,michael.johnson@renaissanc.com
Millennium Management,MLNM,Intel Corp,INTC,458140100,20301265,9170963185.80,0.4705,2025-06-30,Decreased,13F-HR,Robert Miller,robert.miller@millennium.com
Bridgewater Associates,BWTR,NVIDIA Corp,NVDA,67066G104,46738850,6864200928.89,0.6124,2024-12-31,Decreased,13F-NT,Margaret Johnson,margaret.johnson@bridgewate.com
Bridgewater Associates,BWTR,Exxon Mobil,XOM,30231G102,34013367,3292516134.22,1.6544,2025-12-31,Increased,13F-HR,Richard Thomas,richard.thomas@bridgewate.com
AQR Capital Management,AQRC,UnitedHealth Group,UNH,91324P102,8185757,1824732282.47,0.3026,2024-03-31,New,13F-HR,James Jackson,james.jackson@aqrcapital.com
Point72 Asset Mgmt,PT72,Meta Platforms,META,30303M102,29400518,3293863346.68,0.3952,2024-06-30,Increased,13F-HR,Thomas Taylor,thomas.taylor@point72ass.com
Appaloosa Management,APLS,Meta Platforms,META,30303M102,27923854,22224102938.35,0.6292,2024-12-31,Unchanged,13F-HR,William Lopez,william.lopez@appaloosam.com
BlackRock Inc,BLK,Amazon.com Inc,AMZN,023135106,3651868,580040391.34,0.0621,2024-06-30,Increased,13F-HR,Michael White,michael.white@blackrocki.com
Morgan Stanley IM,MS,Pfizer Inc,PFE,717081103,6431221,1363615027.37,0.2864,2024-06-30,Unchanged,13F-HR,Lisa Moore,lisa.moore@morganstan.com
Wellington Management,WMGI,Meta Platforms,META,30303M102,13843320,8295744410.35,0.2344,2025-12-31,Unchanged,13F-NT,Susan Martin,susan.martin@wellington.com
Goldman Sachs AM,GS,Adobe Inc,ADBE,00724F101,30682920,21839915294.49,0.4949,2025-09-30,Unchanged,13F-HR,Dorothy Brown,dorothy.brown@goldmansac.com
DE Shaw & Co,DSHW,Netflix Inc,NFLX,64110L106,17520603,6720683529.57,0.3742,2024-09-30,Increased,13F-HR,Thomas Rodriguez,thomas.rodriguez@deshaw&co.com
Baupost Group,BPST,Amazon.com Inc,AMZN,023135106,28443850,8212664372.91,0.5612,2024-03-31,Unchanged,13F-HR,Robert Williams,robert.williams@baupostgro.com
AQR Capital Management,AQRC,Netflix Inc,NFLX,64110L106,15804610,1595273301.99,0.6446,2025-12-31,Unchanged,13F-HR,Susan Martinez,susan.martinez@aqrcapital.com
T. Rowe Price,TROW,Procter & Gamble,PG,742718109,18811490,4578715904.38,2.2714,2025-06-30,Increased,13F-NT,Nancy Brown,nancy.brown@troweprice.com
Vanguard Group,VGI,Apple Inc,AAPL,037833100,25472982,12053468925.05,1.3423,2024-12-31,Increased,13F-NT,Dorothy Rodriguez,dorothy.rodriguez@vanguardgr.com
Goldman Sachs AM,GS,Johnson & Johnson,JNJ,478160104,44316105,18904178932.69,1.9469,2024-09-30,Unchanged,13F-NT,Patricia Johnson,patricia.johnson@goldmansac.com
Citadel Advisors,CDLC,Walt Disney Co,DIS,254687106,9535108,3443655506.78,0.1665,2025-12-31,New,13F-HR,Dorothy Taylor,dorothy.taylor@citadeladv.com
Capital Group,CGBL,Meta Platforms,META,30303M102,34900758,2515935031.15,1.1803,2025-09-30,Unchanged,13F-HR,Steven Rodriguez,steven.rodriguez@capitalgro.com
State Street Corp,STT,JPMorgan Chase,JPM,46625H100,38694082,1116637035.03,0.9610,2025-06-30,Increased,13F-HR,Dorothy White,dorothy.white@statestree.com
BlackRock Inc,BLK,Johnson & Johnson,JNJ,478160104,13497415,9749133099.99,0.2060,2024-06-30,Unchanged,13F-HR,Daniel Martin,daniel.martin@blackrocki.com
Two Sigma Investments,TWSM,Intel Corp,INTC,458140100,1561857,381277833.39,0.0359,2025-12-31,Unchanged,13F-NT,William Anderson,william.anderson@twosigmain.com
AQR Capital Management,AQRC,Adobe Inc,ADBE,00724F101,21509720,7140795040.71,0.9693,2024-03-31,Unchanged,13F-HR,Mark Johnson,mark.johnson@aqrcapital.com
Fidelity Investments,FNF,Meta Platforms,META,30303M102,10054260,2612450448.11,0.2214,2024-06-30,Increased,13F-HR,Susan Davis,susan.davis@fidelityin.com
T. Rowe Price,TROW,NVIDIA Corp,NVDA,67066G104,34067094,25612422383.92,0.6113,not_a_date,Decreased,13F-NT,Robert Martinez,robert.martinez@troweprice.com
Baupost Group,BPST,Chevron Corp,CVX,166764100,48658189,37571229022.27,2.7592,2024-12-31,Increased,13F-HR,Sarah Williams,sarah.williams@baupostgro.com
JP Morgan Asset Mgmt,JPM,Tesla Inc,TSLA,88160R101,29185615,9509002755.17,0.3679,2024-12-31,Unchanged,13F-HR,James Jones,james.jones@jpmorganas.com
Bridgewater Associates,BWTR,Microsoft Corp,MSFT,594918104,6869244,2374513338.90,-0.1819,2025-03-31,Increased,13F-HR,William Smith,william.smith@bridgewate.com
Baupost Group,BPST,NVIDIA Corp,NVDA,67066G104,28766379,5437259833.54,0.4385,2025-03-31,Increased,13F-HR,Dorothy Jackson,dorothy.jackson@baupostgro.com
Two Sigma Investments,TWSM,JPMorgan Chase,JPM,46625H100,10004850,7691174670.25,0.1875,2025-03-31,Unchanged,13F-HR,Elizabeth Martinez,elizabeth.martinez@twosigmain.com
DE Shaw & Co,DSHW,Bank of America,BAC,060505104,17814607,13005648641.26,0.2831,2024-09-30,Unchanged,13F-HR,William Thomas,william.thomas@deshaw&co.com
Vanguard Group,VGI,Cisco Systems,CSCO,17275R102,17366886,745279004.27,0.2207,2024-12-31,Unchanged,13F-HR,Susan Williams,susan.williams@vanguardgr.com
Millennium Management,MLNM,Netflix Inc,NFLX,64110L106,34270584,26803647982.74,0.4286,2024-03-31,Unchanged,13F-HR,Robert Thomas,robert.thomas@millennium.com
BlackRock Inc,BLK,UnitedHealth Group,UNH,91324P102,8468805,941110678.07,0.1921,2024-09-30,Unchanged,13F-HR,Dorothy Lopez,dorothy.lopez@blackrocki.com
Two Sigma Investments,TWSM,Procter & Gamble,PG,742718109,27788434,18744218204.57,0.5159,2025-12-31,Increased,13F-HR,Sarah Jones,sarah.jones@twosigmain.com
Two Sigma Investments,TWSM,NVIDIA Corp,NVDA,67066G104,2695013,569149030.79,0.1204,2024-03-31,Increased,13F-HR,Nancy Taylor,nancy.taylor@twosigmain.com
Appaloosa Management,APLS,Pfizer Inc,PFE,717081103,1152653,466707649.07,0.0324,2024-03-31,Unchanged,13F-HR,William Taylor,william.taylor@appaloosam.com
Two Sigma Investments,TWSM,Alphabet Inc,GOOGL,02079K305,9690747,4131691561.21,0.3028,2024-03-31,Increased,13F-NT,David Rodriguez,david.rodriguez@twosigmain.com
State Street Corp,STT,Microsoft Corp,MSFT,,18908694,9432088993.82,2.2488,2024-06-30,Increased,13F-NT,Mark Davis,mark.davis@statestree.com
Baupost Group,BPST,Amazon.com Inc,AMZN,023135106,26155021,4461388884.38,0.7643,2024-06-30,New,13F-HR,Susan Anderson,susan.anderson@baupostgro.com
Citadel Advisors,CDLC,Intel Corp,INTC,458140100,35608972,26780879373.94,1.0990,2025-12-31,Unchanged,13F-NT,Daniel Miller,daniel.miller@citadeladv.com
Appaloosa Management,APLS,UnitedHealth Group,UNH,91324P102,39403219,4298931273.94,0.6248,2025-09-30,Increased,13F-HR,Steven Lopez,steven.lopez@appaloosam.com
Renaissance Technologies,RNTC,Apple Inc,AAPL,037833100,11478995,1288502338.49,1.8081,2025-06-30,Unchanged,13F-HR,Daniel Jones,daniel.jones@renaissanc.com
Appaloosa Management,APLS,Pfizer Inc,PFE,717081103,39222533,13362206928.19,1.0656,2024-09-30,Unchanged,13F-HR,Sarah Thompson,sarah.thompson@appaloosam.com
JP Morgan Asset Mgmt,JPM,Netflix Inc,NFLX,64110L106,17770100,9509383751.76,1.5129,2024-12-31,New,13F-HR,Sarah Thompson,sarah.thompson@jpmorganas.com
Fidelity Investments,FNF,Cisco Systems,CSCO,17275R102,38613727,12156033743.51,0.7593,2025-06-30,New,13F-HR,Lisa Jones,lisa.jones@fidelityin.com
State Street Corp,STT,Chevron Corp,CVX,166764100,29964043,16878391199.18,0.6567,2024-06-30,Decreased,13F-HR,Robert Martin,robert.martin@statestree.com
BlackRock Inc,BLK,Exxon Mobil,XOM,30231G102,45801995,29689760367.99,5.8812,2025-06-30,Increased,13F-NT,David Lopez,david.lopez@blackrocki.com
Millennium Management,MLNM,Chevron Corp,CVX,166764100,14163292,507358564.31,0.2563,2024-09-30,Unchanged,13F-HR,Thomas Thompson,thomas.thompson@millennium.com
JP Morgan Asset Mgmt,JPM,Intel Corp,INTC,458140100,22378622,15432474748.75,0.5313,2025-12-31,Unchanged,13F-HR,Nancy Lopez,nancy.lopez@jpmorganas.com
Citadel Advisors,CDLC,Cisco Systems,CSCO,17275R102,45084033,28927559915.44,0.8694,2024-06-30,New,13F-HR,Elizabeth Jones,elizabeth.jones@citadeladv.com
Two Sigma Investments,TWSM,Intel Corp,INTC,458140100,38300825,10556784726.93,3.2520,2099-13-45,Unchanged,13F-HR,Mark Jones,mark.jones@twosigmain.com
Wellington Management,WMGI,Netflix Inc,NFLX,64110L106,22728981,13569625822.93,0.5366,2025-12-31,Increased,13F-HR,Michael Brown,michael.brown@wellington.com
Renaissance Technologies,RNTC,Berkshire Hathaway,BRK.B,084670702,5325675,1860507085.30,0.0914,2025-03-31,Decreased,13F-NT,Dorothy Rodriguez,dorothy.rodriguez@renaissanc.com
BlackRock Inc,BLK,Procter & Gamble,PG,742718109,24777777,15845751885.64,0.4911,2025-09-30,Unchanged,13F-HR,Dorothy Rodriguez,dorothy.rodriguez@blackrocki.com
Goldman Sachs AM,GS,Coca-Cola Co,KO,191216100,11873447,4041145373.33,0.2020,2025-09-30,New,13F-HR,Dorothy Moore,dorothy.moore@goldmansac.com
Goldman Sachs AM,GS,Salesforce Inc,CRM,79466L302,16726755,6709077639.59,0.2455,2024-12-31,Unchanged,13F-HR,James Anderson,james.anderson@goldmansac.com
T. Rowe Price,TROW,Salesforce Inc,CRM,79466L302,13447419,6136967640.68,0.1786,2025-09-30,Increased,13F-HR,Margaret Martin,margaret.martin@troweprice.com
Capital Group,CGBL,Berkshire Hathaway,BRK.B,084670702,21827260,11559484223.24,0.2794,2024-09-30,Unchanged,13F-HR,Lisa White,lisa.white@capitalgro.com
State Street Corp,STT,Johnson & Johnson,JNJ,478160104,43022247,11385830450.43,0.8603,2024-09-30,Decreased,13F-HR,James Johnson,james.johnson@statestree.com
Wellington Management,WMGI,Meta Platforms,META,30303M102,21923764,10817931816.28,1.0708,2024-03-31,Unchanged,13F-HR,Mark Taylor,mark.taylor@wellington.com
BlackRock Inc,BLK,Intel Corp,INTC,458140100,5638104,4150443513.11,0.0760,2024-06-30,Decreased,13F-HR,Nancy Martin,nancy.martin@blackrocki.com
Baupost Group,BPST,Meta Platforms,META,30303M102,36371549,24991545100.82,1.3663,2025-03-31,New,13F-HR,Lisa Smith,lisa.smith@baupostgro.com
Millennium Management,MLNM,Cisco Systems,CSCO,17275R102,37710040,21678509253.83,1.0766,2025-03-31,Unchanged,13F-NT,Lisa Jones,lisa.jones@millennium.com
DE Shaw & Co,DSHW,Salesforce Inc,CRM,79466L302,44082459,9186696276.31,0.7004,2024-06-30,Unchanged,13F-HR,Daniel Hernandez,daniel.hernandez@deshaw&co.com
Fidelity Investments,FNF,Microsoft Corp,MSFT,594918104,13007078,4907492468.84,0.5519,2024-09-30,New,13F-HR,Lisa Garcia,lisa.garcia@fidelityin.com
DE Shaw & Co,DSHW,JPMorgan Chase,JPM,46625H100,40288665,22821104513.22,3.1198,2024-06-30,Increased,13F-HR,Margaret Williams,margaret.williams@deshaw&co.com
Millennium Management,MLNM,Chevron Corp,CVX,166764100,42264912,11074699921.48,0.5404,2024-09-30,Unchanged,13F-HR,Mark White,mark.white@millennium.com
DE Shaw & Co,DSHW,Tesla Inc,TSLA,88160R101,5072171,1740011441.30,0.0641,2024-12-31,Unchanged,13F-HR,Robert Thomas,robert.thomas@deshaw&co.com
Vanguard Group,VGI,Netflix Inc,NFLX,64110L106,1031749,668686981.13,0.1213,2024-06-30,Increased,13F-NT,Elizabeth Taylor,elizabeth.taylor@vanguardgr.com
Wellington Management,WMGI,Meta Platforms,META,30303M102,14535186,9200013442.69,0.4328,2025-03-31,Increased,13F-HR,William Thompson,william.thompson@wellington.com
AQR Capital Management,AQRC,Visa Inc,V,92826C839,7236291,1574756809.61,0.0992,2025-06-30,Increased,13F-HR,Robert White,robert.white@aqrcapital.com
BlackRock Inc,BLK,Alphabet Inc,GOOGL,02079K305,15588920,10509523471.98,0.2491,2025-09-30,Unchanged,13F-HR,Dorothy Lopez,dorothy.lopez@blackrocki.com
Bridgewater Associates,BWTR,Coca-Cola Co,KO,,49970367,1309829169.69,1.8531,2025-09-30,Increased,13F-HR,Nancy Hernandez,nancy.hernandez@bridgewate.com
Two Sigma Investments,TWSM,UnitedHealth Group,UNH,91324P102,36630563,16285620167.26,0.5940,2025-12-31,Increased,13F-HR,Karen Davis,karen.davis@twosigmain.com
Citadel Advisors,CDLC,Salesforce Inc,CRM,79466L302,1222574,891059913.44,0.0302,2024-09-30,Unchanged,13F-HR,Susan Martinez,susan.martinez@citadeladv.com
Millennium Management,MLNM,Coca-Cola Co,KO,191216100,16066047,12077006521.88,0.2166,2025-09-30,Increased,13F-HR,Robert Lopez,robert.lopez@millennium.com
Bridgewater Associates,BWTR,Meta Platforms,META,30303M102,3602741,2194650878.25,0.1648,2025-03-31,Unchanged,13F-NT,Daniel Smith,daniel.smith@bridgewate.com
State Street Corp,STT,Chevron Corp,CVX,166764100,48740343,32520363302.95,2.4431,2025-03-31,Unchanged,13F-HR,Patricia Davis,patricia.davis@statestree.com
Fidelity Investments,FNF,UnitedHealth Group,UNH,91324P102,30647792,7111201378.74,0.4750,2025-09-30,Increased,13F-HR,Karen Hernandez,karen.hernandez@fidelityin.com
JP Morgan Asset Mgmt,,Adobe Inc,ADBE,00724F101,2370437,1197948936.60,0.1525,2025-03-31,Unchanged,13F-HR,Nancy Garcia,nancy.garcia@jpmorganas.com
Renaissance Technologies,RNTC,Procter & Gamble,PG,742718109,20758011,6691674298.62,1.4487,2025-12-31,New,13F-HR,Richard Miller,richard.miller@renaissanc.com
Two Sigma Investments,TWSM,Coca-Cola Co,KO,191216100,2972615,1448808216.85,0.0618,2024-03-31,Unchanged,13F-HR,Patricia Davis,patricia.davis@twosigmain.com
Capital Group,CGBL,Adobe Inc,ADBE,00724F101,33397655,5261218676.24,0.4353,2025-12-31,Increased,13F-HR,Robert Johnson,robert.johnson@capitalgro.com
Vanguard Group,VGI,Alphabet Inc,GOOGL,02079K305,33030656,5750130465.50,0.4674,2025-09-30,New,13F-HR,Richard Hernandez,richard.hernandez@vanguardgr.com
Morgan Stanley IM,MS,Bank of America,BAC,060505104,47755673,28210521934.60,5.0540,2025-03-31,Increased,13F-HR,Jennifer Jones,jennifer.jones@morganstan.com
Bridgewater Associates,BWTR,Coca-Cola Co,KO,191216100,48615390,36739871272.63,0.7948,2024-06-30,Decreased,13F-HR,Jennifer Jones,jennifer.jones@bridgewate.com
Wellington Management,WMGI,Tesla Inc,TSLA,88160R101,30096997,9925902706.33,0.3963,2024-03-31,Unchanged,13F-NT,Lisa Jones,lisa.jones@wellington.com
Citadel Advisors,CDLC,UnitedHealth Group,UNH,91324P102,37215991,4439290255.67,0.5638,2025-03-31,Unchanged,13F-NT,Daniel Garcia,daniel.garcia@citadeladv.com
Bridgewater Associates,BWTR,UnitedHealth Group,UNH,91324P102,41649577,17513728478.54,1.0818,2025-12-31,Decreased,13F-HR,Jennifer Williams,jennifer.williams@bridgewate.com
Baupost Group,BPST,JPMorgan Chase,JPM,46625H100,44295582,2589272258.12,0.8314,2025-06-30,Increased,13F-HR,Richard Lopez,richard.lopez@baupostgro.com
Point72 Asset Mgmt,PT72,Amazon.com Inc,AMZN,023135106,42166624,18622975621.34,0.6834,2024-03-31,Unchanged,13F-HR,William Jackson,william.jackson@point72ass.com
Renaissance Technologies,RNTC,Amazon.com Inc,AMZN,023135106,39307666,15785992582.63,0.5205,2024-06-30,Decreased,13F-NT,Susan Jones,susan.jones@renaissanc.com
BlackRock Inc,BLK,Adobe Inc,ADBE,00724F101,42623980,6970342410.76,6.1300,2025-06-30,Unchanged,13F-HR,Michael Jones,michael.jones@blackrocki.com
Goldman Sachs AM,GS,Apple Inc,AAPL,037833100,10355857,1833378946.07,0.2620,2025-12-31,New,13F-NT,Robert Thompson,robert.thompson@goldmansac.com
Capital Group,CGBL,Johnson & Johnson,JNJ,478160104,47085116,15291061452.55,2.2452,2024-09-30,New,13F-NT,Nancy Smith,nancy.smith@capitalgro.com
Baupost Group,BPST,Home Depot,HD,437076102,20366225,4566217462.56,0.7670,2025-06-30,Increased,13F-HR,Daniel Brown,daniel.brown@baupostgro.com
Baupost Group,BPST,Alphabet Inc,GOOGL,02079K305,8660942,1954903206.87,0.1309,2025-09-30,Increased,13F-HR,Dorothy Martinez,dorothy.martinez@baupostgro.com
Fidelity Investments,FNF,Netflix Inc,NFLX,64110L106,19484272,4469599873.62,0.3211,2025-03-31,Increased,13F-HR,Margaret Rodriguez,margaret.rodriguez@fidelityin.com
Renaissance Technologies,RNTC,Salesforce Inc,CRM,79466L302,19484152,12567328852.64,0.4417,2024-12-31,Increased,13F-NT,William Hernandez,william.hernandez@renaissanc.com
Millennium Management,MLNM,Exxon Mobil,XOM,30231G102,44019086,9897993933.63,0.6462,2024-06-30,Decreased,13F-HR,Mark Moore,mark.moore@millennium.com
T. Rowe Price,TROW,Microsoft Corp,MSFT,594918104,26585283,16795014207.58,0.6491,2024-06-30,Unchanged,13F-HR,Michael Anderson,michael.anderson@troweprice.com
JP Morgan Asset Mgmt,JPM,Salesforce Inc,CRM,79466L302,16894476,10899002242.01,0.4266,2024-06-30,Unchanged,13F-HR,Susan Taylor,susan.taylor@jpmorganas.com
Renaissance Technologies,RNTC,UnitedHealth Group,UNH,91324P102,5690233,435494047.96,0.1986,2024-12-31,Decreased,13F-HR,Robert Miller,robert.miller@renaissanc.com
AQR Capital Management,AQRC,Pfizer Inc,PFE,717081103,46764080,16867406620.45,1.5855,2024-09-30,Unchanged,13F-HR,James Thompson,james.thompson@aqrcapital.com
Morgan Stanley IM,MS,Coca-Cola Co,KO,191216100,35131879,25088871845.14,3.9928,2024-06-30,Increased,13F-NT,Karen Williams,karen.williams@morganstan.com
Wellington Management,WMGI,Intel Corp,INTC,458140100,19734852,13506367280.52,1.0763,2024-09-30,Unchanged,13F-NT,Steven Martinez,steven.martinez@wellington.com
Bridgewater Associates,BWTR,Visa Inc,V,92826C839,5199215,1845190610.93,0.0912,2024-06-30,New,13F-HR,Dorothy Moore,dorothy.moore@bridgewate.com
JP Morgan Asset Mgmt,JPM,Microsoft Corp,MSFT,594918104,25974483,7010924972.64,0.9365,2024-06-30,Increased,13F-HR,Karen Miller,karen.miller@jpmorganas.com
Two Sigma Investments,TWSM,Home Depot,HD,437076102,42719213,1822058914.23,2.9202,2024-12-31,Unchanged,13F-HR,Dorothy Lopez,dorothy.lopez@twosigmain.com
Citadel Advisors,CDLC,Berkshire Hathaway,BRK.B,084670702,12747887,840482526.40,0.7005,2024-03-31,Unchanged,13F-NT,James Moore,james.moore@citadeladv.com
Wellington Management,WMGI,Alphabet Inc,GOOGL,02079K305,47811310,36131645469.09,3.1008,2025-03-31,Decreased,13F-HR,Michael Lopez,michael.lopez@wellington.com
Wellington Management,WMGI,Exxon Mobil,XOM,,16748830,10343981390.30,1.6322,2025-12-31,Unchanged,13F-HR,Elizabeth Lopez,elizabeth.lopez@wellington.com
Vanguard Group,VGI,Home Depot,HD,437076102,46220618,33710435858.18,2.5728,2024-12-31,Increased,13F-HR,Patricia Williams,patricia.williams@vanguardgr.com
Fidelity Investments,FNF,Meta Platforms,META,30303M102,32953909,3536284691.39,0.6365,2025-09-30,Unchanged,13F-HR,Mark White,mark.white@fidelityin.com
BlackRock Inc,BLK,Procter & Gamble,PG,742718109,41307251,24139880187.19,0.5891,2025-03-31,Decreased,13F-NT,Michael Rodriguez,michael.rodriguez@blackrocki.com
DE Shaw & Co,DSHW,Apple Inc,AAPL,037833100,37646875,10678685587.79,1.7449,2024-09-30,Unchanged,13F-HR,Sarah Taylor,sarah.taylor@deshaw&co.com
BlackRock Inc,BLK,Bank of America,BAC,060505104,21925223,13669443427.44,1.1579,2024-09-30,Unchanged,13F-NT,Nancy Miller,nancy.miller@blackrocki.com
AQR Capital Management,AQRC,Apple Inc,AAPL,037833100,40951923,7890060235.08,0.8083,2025-06-30,Increased,13F-HR,Steven Martinez,steven.martinez@aqrcapital.com
Two Sigma Investments,TWSM,Tesla Inc,TSLA,88160R101,22927595,1901187006.92,0.3363,2024-09-30,New,13F-HR,Richard Miller,richard.miller@twosigmain.com
JP Morgan Asset Mgmt,JPM,Exxon Mobil,XOM,30231G102,30498200,2940956941.96,0.8575,2025-06-30,New,13F-HR,Mark Williams,mark.williams@jpmorganas.com
Renaissance Technologies,RNTC,Berkshire Hathaway,BRK.B,084670702,46512152,25037723214.98,1.0384,2025-03-31,Increased,13F-HR,Daniel Hernandez,daniel.hernandez@renaissanc.com
Vanguard Group,VGI,Alphabet Inc,GOOGL,02079K305,17443829,1766824506.94,0.6414,2025-06-30,Unchanged,13F-HR,Steven Davis,steven.davis@vanguardgr.com
AQR Capital Management,AQRC,Tesla Inc,TSLA,88160R101,7118708,5647870166.70,0.1656,2024-03-31,Decreased,13F-HR,Michael Garcia,michael.garcia@aqrcapital.com
Millennium Management,MLNM,Meta Platforms,META,30303M102,18491453,4898322176.82,0.6507,2099-13-45,Unchanged,13F-NT,Nancy White,nancy.white@millennium.com
BlackRock Inc,BLK,Microsoft Corp,MSFT,594918104,20925608,9959070006.03,0.2990,2024-09-30,Unchanged,13F-NT,Thomas Martinez,thomas.martinez@blackrocki.com
BlackRock Inc,BLK,Visa Inc,V,92826C839,45121720,34457655924.33,2.5900,2025-12-31,Increased,13F-HR,Michael White,michael.white@blackrocki.com
Morgan Stanley IM,MS,Chevron Corp,CVX,166764100,12681457,8875142729.28,0.2740,2025-03-31,New,13F-HR,Steven Johnson,steven.johnson@morganstan.com
Wellington Management,,Visa Inc,V,92826C839,49405289,37827708367.57,0.9554,2024-12-31,Increased,13F-HR,Jennifer Anderson,jennifer.anderson@wellington.com
Morgan Stanley IM,MS,Bank of America,BAC,060505104,39863795,5602833854.43,0.5123,2025-03-31,Increased,13F-HR,Mark Martin,mark.martin@morganstan.com
AQR Capital Management,AQRC,Walt Disney Co,DIS,254687106,43251606,8343979766.15,2.5244,2025-06-30,Increased,13F-NT,Richard Anderson,richard.anderson@aqrcapital.com
Morgan Stanley IM,MS,Tesla Inc,TSLA,88160R101,20286613,11121385012.78,0.3121,2025-12-31,Unchanged,13F-HR,David Smith,david.smith@morganstan.com
Baupost Group,BPST,Berkshire Hathaway,BRK.B,084670702,6635696,2212726710.34,0.3622,2024-06-30,Unchanged,13F-HR,Steven Thomas,steven.thomas@baupostgro.com
Baupost Group,BPST,Meta Platforms,META,30303M102,6445246,727229503.69,1.2252,2025-03-31,Unchanged,13F-NT,James Lopez,james.lopez@baupostgro.com
Morgan Stanley IM,MS,Salesforce Inc,CRM,79466L302,44726679,29522978058.31,3.3078,2024-12-31,Unchanged,13F-HR,David Jackson,david.jackson@morganstan.com
Vanguard Group,VGI,Coca-Cola Co,KO,191216100,14715023,4813744339.46,0.4050,2024-09-30,Decreased,13F-HR,Elizabeth Martin,elizabeth.martin@vanguardgr.com
Renaissance Technologies,RNTC,NVIDIA Corp,NVDA,67066G104,47258985,8190539695.87,0.9704,2024-06-30,Decreased,13F-NT,Mark Garcia,mark.garcia@renaissanc.com
Citadel Advisors,CDLC,Salesforce Inc,CRM,79466L302,48219311,28543161646.85,5.4078,2024-09-30,New,13F-NT,Steven Taylor,steven.taylor@citadeladv.com
T. Rowe Price,TROW,Berkshire Hathaway,BRK.B,084670702,37009260,5626236523.85,1.2435,2024-06-30,Increased,13F-HR,Daniel Miller,daniel.miller@troweprice.com
Point72 Asset Mgmt,PT72,Procter & Gamble,PG,742718109,27641126,19572305772.30,1.1627,2024-12-31,Increased,13F-HR,Lisa Garcia,lisa.garcia@point72ass.com
Appaloosa Management,,Exxon Mobil,XOM,30231G102,43285974,13594871811.35,0.6460,2024-06-30,Increased,13F-NT,Steven Anderson,steven.anderson@appaloosam.com
T. Rowe Price,TROW,Salesforce Inc,CRM,79466L302,10831620,2226614454.31,0.2179,2024-09-30,Increased,13F-HR,William White,william.white@troweprice.com
Morgan Stanley IM,MS,Pfizer Inc,PFE,717081103,9194462,6184937687.00,0.5825,2024-06-30,New,13F-HR,Mark Smith,mark.smith@morganstan.com
Millennium Management,MLNM,Bank of America,BAC,060505104,24045484,9708540999.16,0.4643,2024-12-31,Decreased,13F-NT,Sarah Brown,sarah.brown@millennium.com
Vanguard Group,VGI,Adobe Inc,ADBE,00724F101,10310974,3750237687.58,0.8156,2025-03-31,Increased,13F-HR,Robert Thompson,robert.thompson@vanguardgr.com
Wellington Management,WMGI,JPMorgan Chase,JPM,46625H100,34389344,16479654457.29,0.5040,2024-06-30,Increased,13F-HR,Elizabeth Smith,elizabeth.smith@wellington.com
Two Sigma Investments,TWSM,Home Depot,HD,437076102,37466932,14521113003.26,1.1008,2025-09-30,Increased,13F-HR,James Davis,james.davis@twosigmain.com
Two Sigma Investments,TWSM,Coca-Cola Co,KO,191216100,28501113,9952088193.79,0.4140,2024-03-31,Unchanged,13F-HR,Patricia Martin,patricia.martin@twosigmain.com
Point72 Asset Mgmt,PT72,Visa Inc,V,92826C839,27814158,9284219790.21,0.3719,2024-12-31,Increased,13F-HR,Steven Thompson,steven.thompson@point72ass.com
Vanguard Group,VGI,Netflix Inc,NFLX,64110L106,43805367,15775870093.90,1.1299,2025-06-30,Unchanged,13F-HR,Susan Hernandez,susan.hernandez@vanguardgr.com
JP Morgan Asset Mgmt,JPM,Tesla Inc,TSLA,88160R101,47611653,20326203467.78,1.2410,2025-09-30,Unchanged,13F-HR,Robert Smith,robert.smith@jpmorganas.com
Baupost Group,BPST,Visa Inc,V,92826C839,8620315,4243283048.56,0.1260,2025-09-30,Increased,13F-NT,Jennifer White,jennifer.white@baupostgro.com
AQR Capital Management,AQRC,Apple Inc,AAPL,037833100,27225661,13089420982.81,0.7344,2024-06-30,Increased,13F-NT,Richard White,richard.white@aqrcapital.com
Baupost Group,BPST,Meta Platforms,META,30303M102,6445246,727229503.69,1.2252,2025-03-31,Unchanged,13F-NT,James Lopez,james.lopez@baupostgro.com
Vanguard Group,VGI,Procter & Gamble,PG,742718109,23859022,12112752029.95,0.4107,2025-06-30,New,13F-HR,Nancy Rodriguez,nancy.rodriguez@vanguardgr.com
Renaissance Technologies,RNTC,UnitedHealth Group,UNH,91324P102,31146076,10750979011.82,1.3398,2024-06-30,Unchanged,13F-HR,James Martinez,james.martinez@renaissanc.com
Fidelity Investments,FNF,Amazon.com Inc,AMZN,023135106,16202871,11311253482.01,0.4828,2025-06-30,New,13F-HR,Mark Hernandez,mark.hernandez@fidelityin.com
Bridgewater Associates,BWTR,UnitedHealth Group,UNH,91324P102,2162407,1296644151.92,0.0310,2024-12-31,Increased,13F-HR,Richard White,richard.white@bridgewate.com
Morgan Stanley IM,MS,Netflix Inc,NFLX,64110L106,38017589,6784489294.91,1.5679,2024-06-30,Unchanged,13F-HR,Dorothy Brown,dorothy.brown@morganstan.com
Millennium Management,MLNM,Adobe Inc,ADBE,00724F101,49358251,2928224641.67,4.2555,2024-12-31,Unchanged,13F-HR,Jennifer Thomas,jennifer.thomas@millennium.com
DE Shaw & Co,DSHW,Intel Corp,INTC,458140100,9340008,7138473288.27,0.9198,2025-06-30,Increased,13F-HR,Sarah Moore,sarah.moore@deshaw&co.com
Two Sigma Investments,TWSM,Netflix Inc,NFLX,64110L106,1994419,934599935.32,0.0264,2025-06-30,New,13F-NT,Daniel Garcia,daniel.garcia@twosigmain.com
Point72 Asset Mgmt,PT72,Netflix Inc,NFLX,64110L106,17278906,10633806586.09,0.2507,2025-06-30,Increased,13F-HR,Karen Moore,karen.moore@point72ass.com
Wellington Management,WMGI,Meta Platforms,META,30303M102,46965526,14469326228.20,0.6484,2024-09-30,Increased,13F-HR,Lisa Davis,lisa.davis@wellington.com
AQR Capital Management,AQRC,JPMorgan Chase,JPM,46625H100,6756192,4522933568.08,0.3812,2025-03-31,Decreased,13F-HR,Thomas Garcia,thomas.garcia@aqrcapital.com
BlackRock Inc,BLK,Exxon Mobil,XOM,30231G102,9425593,1245662077.03,0.2337,2025-09-30,Increased,13F-HR,Lisa Thomas,lisa.thomas@blackrocki.com
Renaissance Technologies,RNTC,Microsoft Corp,MSFT,594918104,33577846,14435275122.06,1.8250,2024-03-31,Unchanged,13F-HR,Patricia Smith,patricia.smith@renaissanc.com
Citadel Advisors,CDLC,Intel Corp,INTC,458140100,35608972,26780879373.94,1.0990,2025-12-31,Unchanged,13F-NT,Daniel Miller,daniel.miller@citadeladv.com
State Street Corp,STT,Johnson & Johnson,JNJ,478160104,5944244,816873611.78,0.2099,2024-03-31,Unchanged,13F-HR,Jennifer Williams,jennifer.williams@statestree.com
DE Shaw & Co,DSHW,Visa Inc,V,92826C839,17567345,11782372367.92,0.6106,2024-09-30,Increased,13F-HR,Lisa Anderson,lisa.anderson@deshaw&co.com
DE Shaw & Co,DSHW,Coca-Cola Co,KO,191216100,10801644,3369105954.21,0.1939,2024-06-30,Unchanged,13F-NT,Patricia Jackson,patricia.jackson@deshaw&co.com
Vanguard Group,VGI,Meta Platforms,META,30303M102,20159538,4077689027.59,0.8821,2027-03-07,Decreased,13F-HR,Susan Martinez,susan.martinez@vanguardgr.com
DE Shaw & Co,DSHW,Intel Corp,INTC,458140100,6946906,5048864356.56,0.1258,2025-09-30,Increased,13F-HR,Richard Thompson,richard.thompson@deshaw&co.com
Morgan Stanley IM,MS,Berkshire Hathaway,BRK.B,084670702,45546497,36009739473.92,1.0514,2025-03-31,Increased,13F-HR,Thomas Brown,thomas.brown@morganstan.com
Goldman Sachs AM,GS,Exxon Mobil,XOM,30231G102,49019742,34111804894.37,2.4862,2099-13-45,Increased,13F-HR,Susan Johnson,susan.johnson@goldmansac.com
Millennium Management,MLNM,Procter & Gamble,PG,742718109,32574333,25198176316.33,1.3213,2024-06-30,Unchanged,13F-NT,Mark Martin,mark.martin@millennium.com
AQR Capital Management,AQRC,Coca-Cola Co,KO,191216100,8662769,6148502825.76,0.2580,2024-03-31,Decreased,13F-HR,Margaret Smith,margaret.smith@aqrcapital.com
T. Rowe Price,TROW,JPMorgan Chase,JPM,46625H100,13472527,2651115236.37,0.4186,2025-09-30,New,13F-NT,William Moore,william.moore@troweprice.com
Fidelity Investments,FNF,UnitedHealth Group,UNH,91324P102,6936884,5232569968.70,0.1825,2025-03-31,Increased,13F-HR,Patricia Rodriguez,patricia.rodriguez@fidelityin.com
Millennium Management,MLNM,Johnson & Johnson,JNJ,,15230,8612994.56,0.0028,2024-12-31,Unchanged,13F-NT,Dorothy Thompson,dorothy.thompson@millennium.com
DE Shaw & Co,DSHW,Salesforce Inc,CRM,79466L302,4151400,2369630192.37,0.2450,2024-12-31,Increased,13F-HR,Steven Hernandez,steven.hernandez@deshaw&co.com
Point72 Asset Mgmt,PT72,Bank of America,BAC,060505104,6337502,313290064.26,0.3126,2024-09-30,Decreased,13F-NT,Richard Rodriguez,richard.rodriguez@point72ass.com
Baupost Group,BPST,Microsoft Corp,MSFT,594918104,48792249,33918328907.11,2.3380,2025-03-31,Unchanged,13F-HR,Margaret Rodriguez,margaret.rodriguez@baupostgro.com
Wellington Management,WMGI,Amazon.com Inc,AMZN,023135106,41282514,19955234855.15,1.9189,2024-06-30,Increased,13F-HR,Susan Thompson,susan.thompson@wellington.com
Capital Group,CGBL,Amazon.com Inc,AMZN,023135106,43110191,27962755434.30,1.0278,2024-09-30,Unchanged,13F-HR,Dorothy Hernandez,dorothy.hernandez@capitalgro.com
Point72 Asset Mgmt,PT72,Netflix Inc,NFLX,64110L106,12032968,4298601654.73,0.1743,2025-03-31,Increased,13F-NT,Richard Miller,richard.miller@point72ass.com
Baupost Group,BPST,Procter & Gamble,PG,,23375802,17282985401.66,0.3090,2024-12-31,Increased,13F-HR,Dorothy Anderson,dorothy.anderson@baupostgro.com
Appaloosa Management,APLS,Bank of America,BAC,060505104,34405274,18184208404.13,0.4818,2025-09-30,Unchanged,13F-HR,Patricia Davis,patricia.davis@appaloosam.com
Morgan Stanley IM,MS,NVIDIA Corp,NVDA,67066G104,1962148,1375222790.37,0.0528,2024-06-30,Increased,13F-HR,Steven Thompson,steven.thompson@morganstan.com
Citadel Advisors,CDLC,Pfizer Inc,PFE,717081103,11712516,1068987223.71,0.3237,2025-03-31,Unchanged,13F-NT,Lisa Anderson,lisa.anderson@citadeladv.com
Morgan Stanley IM,MS,Pfizer Inc,PFE,717081103,8498482,3408632591.31,0.1202,2024-03-31,Unchanged,13F-HR,James Garcia,james.garcia@morganstan.com
BlackRock Inc,BLK,Microsoft Corp,MSFT,594918104,32151971,4146326242.30,0.4889,2025-09-30,Unchanged,13F-HR,Mark Miller,mark.miller@blackrocki.com
Vanguard Group,VGI,Exxon Mobil,XOM,30231G102,2723542,645394087.15,0.0610,2025-03-31,New,13F-HR,William Taylor,william.taylor@vanguardgr.com
Two Sigma Investments,TWSM,Visa Inc,V,92826C839,38633391,20678321999.72,6.4025,2024-09-30,Unchanged,13F-NT,Lisa Thomas,lisa.thomas@twosigmain.com
JP Morgan Asset Mgmt,JPM,Visa Inc,V,92826C839,18648419,6378521940.47,2.9661,2024-12-31,Unchanged,13F-NT,William Thomas,william.thomas@jpmorganas.com
Morgan Stanley IM,MS,Chevron Corp,CVX,166764100,41448750,12031491930.13,0.6714,2024-12-31,Decreased,13F-HR,William Thompson,william.thompson@morganstan.com
Millennium Management,MLNM,Salesforce Inc,CRM,79466L302,10290909,611336131.86,0.1297,2024-12-31,Unchanged,13F-NT,Daniel Moore,daniel.moore@millennium.com
Appaloosa Management,APLS,UnitedHealth Group,UNH,91324P102,35710593,16494473146.93,1.4579,2025-12-31,Unchanged,13F-HR,Robert White,robert.white@appaloosam.com
Wellington Management,WMGI,Berkshire Hathaway,BRK.B,084670702,43106892,16938450730.39,0.5594,2025-12-31,Decreased,13F-NT,James Taylor,james.taylor@wellington.com
BlackRock Inc,BLK,Adobe Inc,ADBE,00724F101,39364552,13783520596.84,0.7471,2025-09-30,Unchanged,13F-HR,Michael Smith,michael.smith@blackrocki.com
Millennium Management,MLNM,Bank of America,BAC,060505104,37899563,16890548026.71,1.4088,2025-06-30,New,13F-HR,Susan Garcia,susan.garcia@millennium.com
T. Rowe Price,TROW,Intel Corp,INTC,458140100,8181445,6205766466.83,0.1816,2025-03-31,Unchanged,13F-NT,Robert Moore,robert.moore@troweprice.com
Capital Group,CGBL,Apple Inc,AAPL,037833100,10901093,7197086162.43,1.7273,2024-06-30,New,13F-HR,Steven Martinez,steven.martinez@capitalgro.com
Goldman Sachs AM,GS,Alphabet Inc,GOOGL,02079K305,45196384,15731972654.49,1.9598,2025-06-30,New,13F-HR,James Brown,james.brown@goldmansac.com
BlackRock Inc,BLK,Johnson & Johnson,JNJ,478160104,36163756,22042194376.17,0.9894,2025-03-31,Unchanged,13F-NT,David Brown,david.brown@blackrocki.com
Citadel Advisors,CDLC,Cisco Systems,CSCO,17275R102,7258199,726530694.75,0.0987,2024-12-31,Increased,13F-NT,Michael White,michael.white@citadeladv.com
Millennium Management,MLNM,Berkshire Hathaway,BRK.B,084670702,29060696,899935210.55,0.3976,2025-09-30,Increased,13F-HR,,
Wellington Management,WMGI,Adobe Inc,ADBE,00724F101,46711513,10344707972.93,0.7270,2024-09-30,Decreased,13F-HR,Richard Rodriguez,richard.rodriguez@wellington.com
Wellington Management,WMGI,Amazon.com Inc,AMZN,023135106,25346956,14570615182.58,1.5360,2025-09-30,Unchanged,13F-HR,Robert Thompson,robert.thompson@wellington.com
T. Rowe Price,TROW,Visa Inc,V,92826C839,46859221,15685107855.49,0.7556,2025-03-31,Decreased,13F-NT,Dorothy Williams,dorothy.williams@troweprice.com
AQR Capital Management,AQRC,Alphabet Inc,GOOGL,02079K305,20164152,14632063052.67,0.8883,2025-12-31,Decreased,13F-NT,Jennifer Miller,jennifer.miller@aqrcapital.com
Baupost Group,BPST,UnitedHealth Group,UNH,91324P102,38969250,9982130219.29,0.5151,2024-03-31,New,13F-HR,Dorothy Moore,dorothy.moore@baupostgro.com
Capital Group,CGBL,Home Depot,HD,437076102,2072255,855959647.70,0.1923,2024-03-31,Unchanged,13F-HR,Thomas Thompson,thomas.thompson@capitalgro.com
BlackRock Inc,BLK,Coca-Cola Co,KO,191216100,7435466,5551544477.70,0.9097,2024-06-30,Increased,13F-HR,David White,david.white@blackrocki.com
AQR Capital Management,AQRC,Home Depot,HD,437076102,20978813,12131294164.91,0.3045,2024-09-30,Increased,13F-HR,David White,david.white@aqrcapital.com
Citadel Advisors,CDLC,Tesla Inc,TSLA,88160R101,40338381,3831274151.96,0.9600,2025-06-30,New,13F-HR,Daniel Anderson,daniel.anderson@citadeladv.com
Capital Group,CGBL,Microsoft Corp,MSFT,594918104,9665652,6273314880.53,0.4434,2025-12-31,Increased,13F-HR,Patricia Moore,patricia.moore@capitalgro.com
JP Morgan Asset Mgmt,JPM,Chevron Corp,CVX,166764100,103949,54671299.88,0.0014,2024-06-30,New,13F-NT,Thomas Anderson,thomas.anderson@jpmorganas.com
Point72 Asset Mgmt,PT72,Home Depot,HD,437076102,13019820,8690200863.04,0.7356,2025-09-30,Increased,13F-HR,William Davis,william.davis@point72ass.com
Baupost Group,BPST,Alphabet Inc,GOOGL,02079K305,44740273,21045878805.38,2.4446,2025-12-31,New,13F-HR,David Hernandez,david.hernandez@baupostgro.com
DE Shaw & Co,DSHW,Cisco Systems,CSCO,17275R102,12512842,1223620193.09,1.4498,2024-06-30,Unchanged,13F-HR,Robert Brown,robert.brown@deshaw&co.com
Bridgewater Associates,BWTR,UnitedHealth Group,UNH,91324P102,18538018,6666204376.94,0.5466,2024-06-30,New,13F-HR,,
BlackRock Inc,BLK,Intel Corp,INTC,458140100,44575738,24988383520.56,0.7458,2024-06-30,Unchanged,13F-HR,Jennifer Williams,jennifer.williams@blackrocki.com
JP Morgan Asset Mgmt,JPM,NVIDIA Corp,NVDA,67066G104,1977235,524157750.10,0.0396,2025-03-31,Decreased,13F-NT,Richard Hernandez,richard.hernandez@jpmorganas.com
Citadel Advisors,CDLC,Home Depot,HD,437076102,24017828,5076123591.17,0.4200,2024-09-30,Increased,13F-HR,Thomas Taylor,thomas.taylor@citadeladv.com
Vanguard Group,VGI,Exxon Mobil,XOM,30231G102,13106890,1555768104.37,0.5972,2025-06-30,Unchanged,13F-HR,David Brown,david.brown@vanguardgr.com
T. Rowe Price,TROW,Coca-Cola Co,KO,191216100,34056254,4635151807.23,0.8477,2024-09-30,New,13F-NT,James Lopez,james.lopez@troweprice.com
Two Sigma Investments,TWSM,NVIDIA Corp,NVDA,67066G104,46170374,24144010320.65,7.4210,2025-12-31,New,13F-NT,Patricia Martin,patricia.martin@twosigmain.com
Citadel Advisors,CDLC,NVIDIA Corp,NVDA,67066G104,45431560,5520128570.90,2.0033,2024-12-31,New,13F-HR,Robert Smith,robert.smith@citadeladv.com
Goldman Sachs AM,GS,Adobe Inc,ADBE,00724F101,13806642,10862655258.60,0.3207,2024-06-30,New,13F-NT,Mark Brown,mark.brown@goldmansac.com
Baupost Group,BPST,Pfizer Inc,PFE,717081103,42362229,15988910201.58,0.6026,2025-09-30,Decreased,13F-HR,Karen Jones,karen.jones@baupostgro.com
Bridgewater Associates,BWTR,Home Depot,HD,437076102,4980679,899923016.45,0.0653,2024-12-31,Increased,13F-HR,Robert Hernandez,robert.hernandez@bridgewate.com
Renaissance Technologies,RNTC,Home Depot,HD,437076102,3339779,2621337300.89,0.2350,2025-06-30,Unchanged,13F-NT,Margaret Williams,margaret.williams@renaissanc.com
Bridgewater Associates,BWTR,Home Depot,HD,437076102,10009031,2061705595.82,0.9732,2024-03-31,New,13F-HR,Mark Martinez,mark.martinez@bridgewate.com
Wellington Management,WMGI,Procter & Gamble,PG,742718109,15201014,11485234240.78,0.3583,2024-03-31,Increased,13F-HR,Margaret Johnson,margaret.johnson@wellington.com
Wellington Management,WMGI,Cisco Systems,CSCO,17275R102,3858046,989592449.33,0.0533,2025-06-30,Increased,13F-HR,Daniel Martinez,daniel.martinez@wellington.com
AQR Capital Management,AQRC,Pfizer Inc,PFE,717081103,30603625,22569745240.02,3.0664,2025-12-31,Increased,13F-HR,Nancy Martinez,nancy.martinez@aqrcapital.com
State Street Corp,STT,Bank of America,BAC,060505104,44319586,17910209657.92,1.7214,2025-09-30,Increased,13F-HR,Margaret Smith,margaret.smith@statestree.com
JP Morgan Asset Mgmt,JPM,Meta Platforms,META,30303M102,4616606,1355717305.44,0.4451,2025-09-30,Increased,13F-HR,Patricia Thompson,patricia.thompson@jpmorganas.com
Morgan Stanley IM,MS,Walt Disney Co,DIS,254687106,2117181,344504493.99,0.1601,2025-03-31,Unchanged,13F-HR,Jennifer Taylor,jennifer.taylor@morganstan.com
Appaloosa Management,APLS,Coca-Cola Co,KO,191216100,23659103,8752269776.40,0.4256,2025-06-30,Unchanged,13F-NT,Mark Brown,mark.brown@appaloosam.com
Capital Group,CGBL,Salesforce Inc,CRM,79466L302,3038785,1853456647.51,0.0583,2025-03-31,Unchanged,13F-HR,David Hernandez,david.hernandez@capitalgro.com
Citadel Advisors,CDLC,Intel Corp,INTC,458140100,615883,102569595.33,0.0251,2024-09-30,New,13F-HR,David Jones,david.jones@citadeladv.com
DE Shaw & Co,DSHW,Apple Inc,AAPL,037833100,21377331,10234357159.23,0.3368,2024-06-30,Unchanged,13F-HR,Dorothy Williams,dorothy.williams@deshaw&co.com
Citadel Advisors,CDLC,Apple Inc,AAPL,037833100,48265893,38180023258.92,2.0654,00-00-0000,Unchanged,13F-HR,Robert Thomas,robert.thomas@citadeladv.com
JP Morgan Asset Mgmt,JPM,Alphabet Inc,GOOGL,02079K305,38306884,25431417868.04,0.9113,2024-06-30,Increased,13F-HR,Lisa Moore,lisa.moore@jpmorganas.com
AQR Capital Management,AQRC,JPMorgan Chase,JPM,46625H100,42419685,15169845814.88,2.5264,2024-06-30,Increased,13F-HR,Karen Thomas,karen.thomas@aqrcapital.com
State Street Corp,STT,Intel Corp,INTC,458140100,14076566,8470121427.47,0.3169,2024-09-30,Unchanged,13F-NT,Jennifer Hernandez,jennifer.hernandez@statestree.com
Appaloosa Management,APLS,Procter & Gamble,PG,742718109,9507085,2342103556.41,0.2762,2024-09-30,Unchanged,13F-NT,Dorothy Taylor,dorothy.taylor@appaloosam.com
Wellington Management,WMGI,Alphabet Inc,GOOGL,02079K305,22499696,5316291939.19,0.6991,2024-12-31,Unchanged,13F-HR,William Moore,william.moore@wellington.com
Capital Group,CGBL,Coca-Cola Co,KO,191216100,16736762,1046629827.26,0.5571,2025-12-31,Unchanged,13F-HR,Robert Hernandez,robert.hernandez@capitalgro.com
State Street Corp,STT,Microsoft Corp,MSFT,594918104,36676081,1456523152.28,4.5454,2025-09-30,Increased,13F-HR,Steven Smith,steven.smith@statestree.com
Bridgewater Associates,BWTR,Meta Platforms,META,30303M102,14071021,10488724163.79,0.2163,2025-03-31,Increased,13F-HR,Elizabeth Smith,elizabeth.smith@bridgewate.com
Citadel Advisors,CDLC,Procter & Gamble,PG,742718109,16340895,9548563702.87,0.3284,2024-06-30,Decreased,13F-NT,Robert Jackson,robert.jackson@citadeladv.com
Appaloosa Management,APLS,Salesforce Inc,CRM,79466L302,31498180,7707274721.27,0.4091,2024-09-30,Increased,13F-NT,Robert Moore,robert.moore@appaloosam.com
Fidelity Investments,FNF,Coca-Cola Co,KO,191216100,10031153,5855789784.07,0.1670,2024-09-30,Unchanged,13F-HR,William Anderson,william.anderson@fidelityin.com
Bridgewater Associates,BWTR,Bank of America,BAC,060505104,N/A,5135828737.68,0.5216,2024-06-30,Increased,13F-NT,Sarah Brown,sarah.brown@bridgewate.com
BlackRock Inc,BLK,Netflix Inc,NFLX,64110L106,8045144,3086703709.72,0.1390,2025-12-31,Decreased,13F-HR,Lisa Williams,lisa.williams@blackrocki.com
Millennium Management,MLNM,Chevron Corp,CVX,166764100,46523195,3473891576.93,0.7645,2024-12-31,Increased,13F-HR,Susan Martin,susan.martin@millennium.com
Vanguard Group,VGI,NVIDIA Corp,NVDA,67066G104,36929027,26045467403.71,1.9691,2024-12-31,New,13F-HR,Sarah Hernandez,sarah.hernandez@vanguardgr.com
Wellington Management,WMGI,Amazon.com Inc,AMZN,023135106,38536816,19369143015.41,1.4933,2025-12-31,Unchanged,13F-NT,Margaret Smith,margaret.smith@wellington.com
Wellington Management,WMGI,Berkshire Hathaway,BRK.B,084670702,18904562,6174297992.43,1.5375,2025-03-31,Increased,13F-HR,Nancy Smith,nancy.smith@wellington.com
BlackRock Inc,BLK,Chevron Corp,CVX,166764100,36147921,27052700137.82,0.4740,2025-12-31,Unchanged,13F-HR,Elizabeth Martin,elizabeth.martin@blackrocki.com
Fidelity Investments,FNF,Berkshire Hathaway,BRK.B,084670702,6124785,4265136229.61,0.2896,2025-12-31,Increased,13F-HR,Margaret Davis,margaret.davis@fidelityin.com
Two Sigma Investments,TWSM,Meta Platforms,META,30303M102,16451872,12432626133.68,0.2454,2025-09-30,Unchanged,13F-NT,William Johnson,william.johnson@twosigmain.com
Millennium Management,MLNM,Coca-Cola Co,KO,191216100,43840058,20678026714.33,0.6170,2024-12-31,Unchanged,13F-HR,William Miller,william.miller@millennium.com
Renaissance Technologies,RNTC,Walt Disney Co,DIS,254687106,9679449,5203834886.41,0.3285,2024-09-30,New,13F-HR,James Martin,james.martin@renaissanc.com
AQR Capital Management,AQRC,Meta Platforms,META,30303M102,46339319,36726745219.29,3.1874,2025-12-31,Increased,13F-HR,Steven Moore,steven.moore@aqrcapital.com
DE Shaw & Co,DSHW,Meta Platforms,META,30303M102,44706609,17444006441.88,2.3107,2024-03-31,New,13F-HR,Sarah Rodriguez,sarah.rodriguez@deshaw&co.com
Goldman Sachs AM,GS,Cisco Systems,CSCO,17275R102,27390312,15242290508.32,0.5775,2025-06-30,Increased,13F-HR,Lisa Moore,lisa.moore@goldmansac.com
Morgan Stanley IM,MS,Coca-Cola Co,KO,191216100,23956573,5252833117.45,0.6018,2025-06-30,Unchanged,13F-HR,Sarah White,sarah.white@morganstan.com
Citadel Advisors,CDLC,Chevron Corp,CVX,166764100,9122362,6201103231.90,0.8861,2025-12-31,New,13F-HR,Patricia Miller,patricia.miller@citadeladv.com
BlackRock Inc,BLK,Home Depot,HD,437076102,47328707,30265476230.10,2.5394,2024-06-30,Increased,13F-HR,Margaret Johnson,margaret.johnson@blackrocki.com
Baupost Group,BPST,Amazon.com Inc,AMZN,023135106,33066555,6252560215.69,0.5060,2024-12-31,New,13F-HR,William Davis,william.davis@baupostgro.com
Two Sigma Investments,TWSM,Adobe Inc,ADBE,00724F101,14644311,6112142113.04,0.4470,00-00-0000,Unchanged,13F-HR,Sarah Jackson,sarah.jackson@twosigmain.com
Bridgewater Associates,BWTR,Amazon.com Inc,AMZN,023135106,12827483,7684562376.02,0.2461,2024-12-31,Unchanged,13F-HR,Thomas Moore,thomas.moore@bridgewate.com
AQR Capital Management,AQRC,Meta Platforms,META,30303M102,3530029,694406141.51,0.2535,2024-09-30,Decreased,13F-HR,Karen Thompson,karen.thompson@aqrcapital.com
BlackRock Inc,BLK,Coca-Cola Co,KO,191216100,16433830,9821219029.57,0.7377,2024-03-31,Increased,13F-HR,Lisa Thompson,lisa.thompson@blackrocki.com
Appaloosa Management,APLS,Meta Platforms,META,30303M102,34466660,14788509880.90,1.1912,2025-12-31,Increased,13F-HR,Margaret Lopez,margaret.lopez@appaloosam.com
Millennium Management,MLNM,Alphabet Inc,GOOGL,02079K305,30116738,17636557971.07,0.8327,2024-09-30,Increased,13F-HR,Karen Martinez,karen.martinez@millennium.com
Wellington Management,WMGI,NVIDIA Corp,NVDA,67066G104,20447448,15688181661.93,0.4636,2024-09-30,Decreased,13F-HR,Michael Hernandez,michael.hernandez@wellington.com
Wellington Management,WMGI,Home Depot,HD,,5669668,304148777.79,0.1216,2024-03-31,Unchanged,13F-HR,Dorothy Moore,dorothy.moore@wellington.com
Citadel Advisors,CDLC,Tesla Inc,TSLA,88160R101,44039435,2574588230.13,2.0263,2025-06-30,New,13F-HR,Karen Davis,karen.davis@citadeladv.com
Fidelity Investments,FNF,JPMorgan Chase,JPM,46625H100,21373197,8176580598.11,0.9506,2024-03-31,Unchanged,13F-HR,Karen Smith,karen.smith@fidelityin.com
BlackRock Inc,BLK,Meta Platforms,META,30303M102,32181239,21026236421.20,0.5811,2024-06-30,Unchanged,13F-NT,William White,william.white@blackrocki.com
Fidelity Investments,FNF,Coca-Cola Co,KO,191216100,10177286,7220221659.94,0.6880,2024-03-31,New,13F-HR,Susan Johnson,susan.johnson@fidelityin.com
BlackRock Inc,BLK,Johnson & Johnson,JNJ,478160104,34401739,24620903234.63,0.9830,2024-12-31,Unchanged,13F-NT,Robert White,robert.white@blackrocki.com
Renaissance Technologies,RNTC,Apple Inc,AAPL,037833100,27507746,20399677551.81,0.9752,2024-12-31,Unchanged,13F-HR,Sarah Moore,sarah.moore@renaissanc.com
T. Rowe Price,TROW,Apple Inc,AAPL,037833100,42101112,19616141418.17,1.2508,2024-06-30,Increased,13F-HR,Jennifer Garcia,jennifer.garcia@troweprice.com
T. Rowe Price,TROW,Adobe Inc,ADBE,00724F101,25783629,7613005725.56,0.3339,2024-06-30,Unchanged,13F-HR,Thomas Johnson,thomas.johnson@troweprice.com
Renaissance Technologies,RNTC,Johnson & Johnson,JNJ,478160104,14118549,4722673974.96,0.2540,2024-09-30,Unchanged,13F-NT,Elizabeth Anderson,elizabeth.anderson@renaissanc.com
Vanguard Group,VGI,Apple Inc,AAPL,037833100,5200569,950656477.26,0.2433,2025-09-30,Unchanged,13F-HR,Patricia White,patricia.white@vanguardgr.com
JP Morgan Asset Mgmt,JPM,Coca-Cola Co,KO,191216100,16622863,947065116.61,0.3692,2025-09-30,Unchanged,13F-NT,Steven Davis,steven.davis@jpmorganas.com
Vanguard Group,VGI,Coca-Cola Co,KO,191216100,20959971,2929797060.23,1.4196,2024-12-31,Increased,13F-HR,Susan Moore,susan.moore@vanguardgr.com
T. Rowe Price,TROW,Tesla Inc,TSLA,88160R101,8756203,4321189085.66,0.1189,2024-03-31,Unchanged,13F-HR,Dorothy Thomas,dorothy.thomas@troweprice.com
JP Morgan Asset Mgmt,JPM,Berkshire Hathaway,BRK.B,084670702,16018170,2819019142.08,2.8157,2025-06-30,Decreased,13F-HR,James Smith,james.smith@jpmorganas.com
Citadel Advisors,CDLC,Chevron Corp,CVX,166764100,31927169,23795341491.34,5.7633,2025-09-30,Decreased,13F-HR,William Anderson,william.anderson@citadeladv.com
State Street Corp,STT,Adobe Inc,ADBE,00724F101,24391397,10249438080.81,0.4449,2025-09-30,Unchanged,13F-HR,James Jones,james.jones@statestree.com
Vanguard Group,VGI,Adobe Inc,ADBE,00724F101,N/A,6401557002.70,0.2626,2024-09-30,New,13F-HR,Dorothy Jones,dorothy.jones@vanguardgr.com
Appaloosa Management,APLS,Meta Platforms,META,30303M102,49393627,23649308903.09,2.2659,2024-06-30,Decreased,13F-HR,Dorothy Martinez,dorothy.martinez@appaloosam.com
Appaloosa Management,APLS,Adobe Inc,ADBE,00724F101,40427493,28062398912.76,2.6790,2024-03-31,Unchanged,13F-HR,Elizabeth Williams,elizabeth.williams@appaloosam.com
Goldman Sachs AM,GS,Procter & Gamble,PG,742718109,2810749,1013825592.98,0.0402,2024-12-31,Unchanged,13F-HR,William Hernandez,william.hernandez@goldmansac.com
BlackRock Inc,BLK,Alphabet Inc,GOOGL,02079K305,18422976,12165390197.56,0.2955,2024-06-30,Increased,13F-HR,Mark Martin,mark.martin@blackrocki.com
DE Shaw & Co,DSHW,Bank of America,BAC,060505104,37057450,24445158543.72,1.7217,2025-09-30,Unchanged,13F-NT,Lisa Garcia,lisa.garcia@deshaw&co.com
Appaloosa Management,APLS,Pfizer Inc,PFE,717081103,7489910,2110851235.73,0.1381,2025-03-31,Decreased,13F-HR,Robert White,robert.white@appaloosam.com
T. Rowe Price,TROW,Pfizer Inc,PFE,717081103,27538714,12435707404.33,0.3807,2025-09-30,Unchanged,13F-HR,Nancy Rodriguez,nancy.rodriguez@troweprice.com
Vanguard Group,VGI,Amazon.com Inc,AMZN,023135106,43361446,15864931174.51,4.1173,2024-12-31,New,13F-HR,William Brown,william.brown@vanguardgr.com
T. Rowe Price,TROW,UnitedHealth Group,UNH,91324P102,17795624,7933533231.70,0.2391,2025-09-30,Increased,13F-NT,Margaret Lopez,margaret.lopez@troweprice.com
AQR Capital Management,AQRC,Pfizer Inc,PFE,717081103,32620374,18444274303.07,2.4606,2024-06-30,Unchanged,13F-HR,Thomas Hernandez,thomas.hernandez@aqrcapital.com
Citadel Advisors,CDLC,JPMorgan Chase,JPM,46625H100,38034048,11267754338.50,0.5800,2025-06-30,New,13F-HR,Mark Smith,mark.smith@citadeladv.com
Point72 Asset Mgmt,PT72,Cisco Systems,CSCO,17275R102,8402744,5975030319.05,0.2041,2025-12-31,Unchanged,13F-HR,Steven Davis,steven.davis@point72ass.com
T. Rowe Price,TROW,Tesla Inc,TSLA,88160R101,22688558,16775425557.99,0.3311,2025-06-30,Increased,13F-HR,Karen Johnson,karen.johnson@troweprice.com
Bridgewater Associates,BWTR,Netflix Inc,NFLX,64110L106,23942497,14903109339.91,1.3466,2024-12-31,New,13F-HR,Nancy Martinez,nancy.martinez@bridgewate.com
T. Rowe Price,TROW,Procter & Gamble,PG,742718109,14552924,10078853935.22,0.1932,2025-03-31,New,13F-NT,William Taylor,william.taylor@troweprice.com
Fidelity Investments,FNF,Home Depot,HD,437076102,40558203,10337339180.68,0.5221,2024-03-31,Unchanged,13F-NT,David Miller,david.miller@fidelityin.com
Two Sigma Investments,TWSM,UnitedHealth Group,UNH,91324P102,42303164,14191419420.48,2.2757,2025-12-31,Unchanged,13F-HR,Daniel Brown,daniel.brown@twosigmain.com
BlackRock Inc,BLK,Johnson & Johnson,JNJ,478160104,41307281,14298312904.26,0.9441,2025-09-30,Increased,13F-HR,William White,william.white@blackrocki.com
Fidelity Investments,FNF,Adobe Inc,ADBE,00724F101,23150302,2298754262.33,0.7708,2026-11-11,Unchanged,13F-HR,David Rodriguez,david.rodriguez@fidelityin.com
Goldman Sachs AM,GS,UnitedHealth Group,UNH,91324P102,1746996,428523408.95,0.0863,2025-06-30,Unchanged,13F-HR,Nancy Hernandez,nancy.hernandez@goldmansac.com
Bridgewater Associates,BWTR,Tesla Inc,TSLA,88160R101,23936797,12495644227.21,0.4710,2025-03-31,Decreased,13F-HR,Thomas Hernandez,thomas.hernandez@bridgewate.com
Capital Group,CGBL,Pfizer Inc,PFE,717081103,45613156,18085017153.06,2.2271,2024-09-30,Decreased,13F-HR,Michael Martinez,michael.martinez@capitalgro.com
Two Sigma Investments,TWSM,Berkshire Hathaway,BRK.B,084670702,29210314,12601621647.90,0.3760,2025-06-30,Unchanged,13F-NT,Nancy Martin,nancy.martin@twosigmain.com
JP Morgan Asset Mgmt,JPM,Salesforce Inc,CRM,79466L302,21286244,8392030815.89,0.2956,2025-12-31,New,13F-NT,Patricia Martinez,patricia.martinez@jpmorganas.com
Bridgewater Associates,BWTR,Chevron Corp,CVX,166764100,16100051,12578619162.00,0.5897,2024-06-30,Increased,13F-HR,William Moore,william.moore@bridgewate.com
Two Sigma Investments,TWSM,UnitedHealth Group,UNH,91324P102,17542922,12942315626.17,0.5725,2024-06-30,Unchanged,13F-HR,Sarah White,sarah.white@twosigmain.com
DE Shaw & Co,DSHW,Walt Disney Co,DIS,254687106,39083734,13000343331.69,0.5607,2025-12-31,New,13F-HR,Mark Thompson,mark.thompson@deshaw&co.com
DE Shaw & Co,DSHW,NVIDIA Corp,NVDA,67066G104,38017591,28893187765.08,0.4985,2024-09-30,Decreased,13F-HR,Richard Martin,richard.martin@deshaw&co.com
Wellington Management,WMGI,Coca-Cola Co,KO,191216100,1536600,428502177.88,0.0193,2025-12-31,Unchanged,13F-NT,Jennifer Miller,jennifer.miller@wellington.com
Renaissance Technologies,RNTC,Exxon Mobil,XOM,30231G102,13396272,4463449842.93,1.7243,2025-09-30,Unchanged,13F-HR,William Lopez,william.lopez@renaissanc.com
Point72 Asset Mgmt,PT72,Amazon.com Inc,AMZN,023135106,18286433,14077592953.97,-0.2489,2025-03-31,Unchanged,13F-HR,Lisa Thompson,lisa.thompson@point72ass.com
Fidelity Investments,FNF,Procter & Gamble,PG,742718109,9530164,5435992921.34,0.7445,2024-12-31,New,13F-HR,Daniel Thomas,daniel.thomas@fidelityin.com
Citadel Advisors,CDLC,Salesforce Inc,CRM,79466L302,11864077,2873477582.27,2.2425,2025-12-31,Increased,13F-HR,Lisa Johnson,lisa.johnson@citadeladv.com
Vanguard Group,VGI,JPMorgan Chase,JPM,46625H100,5401040,3856438541.40,0.1331,2025-12-31,Increased,13F-HR,Daniel Anderson,daniel.anderson@vanguardgr.com
Vanguard Group,VGI,Exxon Mobil,XOM,30231G102,2723542,645394087.15,0.0610,2025-03-31,New,13F-HR,William Taylor,william.taylor@vanguardgr.com
Wellington Management,WMGI,Berkshire Hathaway,BRK.B,084670702,40078218,22387567596.91,6.3012,2025-09-30,Decreased,13F-HR,James Martinez,james.martinez@wellington.com
Wellington Management,WMGI,Home Depot,HD,437076102,10652987,385140766.95,0.2491,2025-03-31,Increased,13F-NT,Richard Taylor,richard.taylor@wellington.com
Goldman Sachs AM,GS,Visa Inc,V,92826C839,27944507,20521515852.79,1.4911,2024-12-31,Decreased,13F-HR,Michael White,michael.white@goldmansac.com
Millennium Management,MLNM,NVIDIA Corp,NVDA,67066G104,14301020,7657178670.88,0.3158,2025-12-31,Unchanged,13F-HR,Patricia Thompson,patricia.thompson@millennium.com
DE Shaw & Co,DSHW,Berkshire Hathaway,BRK.B,084670702,26864631,16026891223.38,0.6871,2025-12-31,Unchanged,13F-HR,Thomas Hernandez,thomas.hernandez@deshaw&co.com
Goldman Sachs AM,GS,Chevron Corp,CVX,166764100,48211486,22381675877.67,2.6446,2024-09-30,Decreased,13F-HR,Susan Brown,susan.brown@goldmansac.com
JP Morgan Asset Mgmt,,Amazon.com Inc,AMZN,023135106,5263078,793506617.61,0.1647,2024-03-31,Increased,13F-NT,Lisa Davis,lisa.davis@jpmorganas.com
Capital Group,CGBL,Meta Platforms,META,30303M102,19860271,13478255198.73,0.3798,2024-06-30,New,13F-HR,Margaret Jackson,margaret.jackson@capitalgro.com
Citadel Advisors,CDLC,Johnson & Johnson,JNJ,478160104,10926356,246195543.70,0.1966,2025-09-30,Decreased,13F-HR,David Davis,david.davis@citadeladv.com
Baupost Group,BPST,Intel Corp,INTC,458140100,36795885,12193023477.88,4.2518,2024-03-31,Increased,13F-HR,Nancy Hernandez,nancy.hernandez@baupostgro.com
Goldman Sachs AM,GS,Intel Corp,INTC,458140100,11432953,5140091791.98,0.2873,2024-09-30,Increased,13F-HR,James Martinez,james.martinez@goldmansac.com
Appaloosa Management,APLS,Apple Inc,AAPL,037833100,27259038,2989922910.19,0.6461,2025-12-31,New,13F-HR,Robert Brown,robert.brown@appaloosam.com
BlackRock Inc,BLK,Intel Corp,INTC,458140100,49211703,2391511284.00,4.5536,2024-06-30,New,13F-HR,Elizabeth Jackson,elizabeth.jackson@blackrocki.com
Morgan Stanley IM,MS,Coca-Cola Co,KO,191216100,35501767,21616411914.78,0.6140,2024-06-30,New,13F-NT,William Miller,william.miller@morganstan.com
DE Shaw & Co,DSHW,Bank of America,BAC,060505104,11010932,498661127.78,0.2176,2025-03-31,New,13F-HR,Michael Martinez,michael.martinez@deshaw&co.com
Goldman Sachs AM,GS,NVIDIA Corp,NVDA,67066G104,unknown,2801300592.73,0.2285,2025-03-31,Increased,13F-HR,Steven Brown,steven.brown@goldmansac.com
Wellington Management,WMGI,Chevron Corp,CVX,166764100,26908338,12932632837.20,0.4624,2025-12-31,Increased,13F-HR,Lisa Thompson,lisa.thompson@wellington.com
Morgan Stanley IM,MS,Procter & Gamble,PG,742718109,12631351,295810866.94,1.7913,2024-06-30,Unchanged,13F-NT,Robert Brown,robert.brown@morganstan.com
BlackRock Inc,BLK,Netflix Inc,NFLX,64110L106,6268758,4654968099.82,0.1512,2024-03-31,Unchanged,13F-HR,Sarah Hernandez,sarah.hernandez@blackrocki.com
Wellington Management,WMGI,UnitedHealth Group,UNH,91324P102,31822606,18495771473.31,2.0712,2024-12-31,New,13F-HR,Margaret Anderson,margaret.anderson@wellington.com
Point72 Asset Mgmt,PT72,Pfizer Inc,PFE,717081103,32967601,11550036578.32,0.9010,2025-12-31,Increased,13F-NT,Thomas Williams,thomas.williams@point72ass.com
Goldman Sachs AM,GS,Bank of America,BAC,060505104,23692584,15576563232.38,1.1954,2025-09-30,New,13F-NT,Karen Lopez,karen.lopez@goldmansac.com
Morgan Stanley IM,MS,Chevron Corp,CVX,166764100,38746564,24765953267.84,1.1073,2025-06-30,Increased,13F-NT,Richard Anderson,richard.anderson@morganstan.com
Goldman Sachs AM,GS,Tesla Inc,TSLA,88160R101,6219889,2303119307.05,0.2209,2025-12-31,New,13F-HR,Daniel Jackson,daniel.jackson@goldmansac.com
Appaloosa Management,APLS,Tesla Inc,TSLA,88160R101,2457430,1049569675.16,0.1415,2025-06-30,Increased,13F-HR,Richard Thomas,richard.thomas@appaloosam.com
Bridgewater Associates,BWTR,Netflix Inc,NFLX,64110L106,13250293,9370080540.89,1.5372,2025-09-30,Unchanged,13F-HR,Margaret Anderson,margaret.anderson@bridgewate.com
Two Sigma Investments,TWSM,Johnson & Johnson,JNJ,478160104,29706609,22130966115.59,0.7993,2024-09-30,Increased,13F-HR,Margaret Thomas,margaret.thomas@twosigmain.com
Goldman Sachs AM,GS,NVIDIA Corp,NVDA,67066G104,5916807,4069682107.72,0.1511,2024-06-30,Decreased,13F-HR,Steven Jones,steven.jones@goldmansac.com
Capital Group,CGBL,Berkshire Hathaway,BRK.B,084670702,26943198,10740440230.77,0.4532,2024-09-30,Unchanged,13F-HR,Margaret Anderson,margaret.anderson@capitalgro.com
AQR Capital Management,AQRC,Coca-Cola Co,KO,191216100,39469887,12232598263.94,3.3240,2025-03-31,Increased,13F-NT,James Thomas,james.thomas@aqrcapital.com
BlackRock Inc,BLK,Home Depot,HD,437076102,22015240,8343522743.81,0.7016,2025-12-31,Increased,13F-HR,Nancy Davis,nancy.davis@blackrocki.com
AQR Capital Management,AQRC,Bank of America,BAC,060505104,39200832,31348610658.65,0.8371,2025-06-30,Increased,13F-HR,David Davis,david.davis@aqrcapital.com
Fidelity Investments,FNF,Alphabet Inc,GOOGL,02079K305,31764961,14223660877.11,0.6472,2024-06-30,New,13F-HR,Daniel Jackson,daniel.jackson@fidelityin.com
Two Sigma Investments,TWSM,Intel Corp,INTC,458140100,49171023,8447719054.40,1.0351,2024-09-30,Increased,13F-HR,Sarah Smith,sarah.smith@twosigmain.com
Wellington Management,WMGI,Adobe Inc,ADBE,00724F101,20415285,12715289817.56,3.6956,2024-12-31,New,13F-HR,Susan Brown,susan.brown@wellington.com
Millennium Management,MLNM,NVIDIA Corp,NVDA,67066G104,15042482,7036658307.01,0.5437,2024-06-30,Unchanged,13F-HR,William Rodriguez,william.rodriguez@millennium.com
Vanguard Group,VGI,Home Depot,HD,437076102,49427713,29651085844.07,2.2758,2025-09-30,Unchanged,13F-HR,James Thomas,james.thomas@vanguardgr.com
State Street Corp,STT,Salesforce Inc,CRM,79466L302,10517394,2793346483.51,1.0543,2024-12-31,Decreased,13F-HR,Susan Smith,susan.smith@statestree.com
Appaloosa Management,APLS,Coca-Cola Co,KO,191216100,17703057,12091245978.29,0.2545,2025-03-31,Unchanged,13F-HR,Nancy Johnson,nancy.johnson@appaloosam.com
T. Rowe Price,TROW,Johnson & Johnson,JNJ,478160104,4584263,1093307811.60,0.2225,2024-09-30,Increased,13F-HR,Michael Williams,michael.williams@troweprice.com
Appaloosa Management,APLS,Pfizer Inc,PFE,717081103,38655068,27234779896.36,0.7192,2025-12-31,Increased,13F-NT,Patricia Anderson,patricia.anderson@appaloosam.com
Baupost Group,BPST,Amazon.com Inc,AMZN,023135106,25030413,11853200218.40,0.3462,2024-09-30,Increased,13F-HR,Karen Garcia,karen.garcia@baupostgro.com
DE Shaw & Co,DSHW,Pfizer Inc,PFE,717081103,34516611,25055688207.09,0.8380,2025-03-31,Decreased,13F-HR,Thomas Garcia,thomas.garcia@deshaw&co.com
Fidelity Investments,FNF,Netflix Inc,NFLX,64110L106,33455413,25006897038.53,0.5531,2024-09-30,Unchanged,13F-HR,Patricia Hernandez,patricia.hernandez@fidelityin.com
AQR Capital Management,AQRC,Apple Inc,AAPL,037833100,45691551,10466124622.68,1.0832,2024-09-30,Unchanged,13F-HR,Mark Davis,mark.davis@aqrcapital.com
JP Morgan Asset Mgmt,JPM,UnitedHealth Group,UNH,91324P102,29172055,944529299.36,0.4755,2025-12-31,Decreased,13F-NT,David Johnson,david.johnson@jpmorganas.com
Millennium Management,MLNM,Walt Disney Co,DIS,254687106,40444679,28305546620.85,0.5757,2025-09-30,Unchanged,13F-HR,Karen Jackson,karen.jackson@millennium.com
Appaloosa Management,APLS,Berkshire Hathaway,BRK.B,084670702,23955415,18239867782.52,0.3361,2024-12-31,Unchanged,13F-HR,Steven Jackson,steven.jackson@appaloosam.com
Vanguard Group,VGI,Visa Inc,V,92826C839,32257768,1495330015.66,0.5688,2025-06-30,Increased,13F-HR,Mark Thompson,mark.thompson@vanguardgr.com
Appaloosa Management,APLS,Amazon.com Inc,AMZN,023135106,3674237,1206353032.57,0.1546,2024-06-30,Decreased,13F-HR,Richard Hernandez,richard.hernandez@appaloosam.com
Wellington Management,WMGI,Procter & Gamble,PG,742718109,1185679,436899847.04,0.0195,2025-09-30,New,13F-HR,Robert Lopez,robert.lopez@wellington.com
Baupost Group,BPST,Visa Inc,V,92826C839,38793913,3257191733.69,1.1293,2024-09-30,Unchanged,13F-HR,Dorothy Brown,dorothy.brown@baupostgro.com
Renaissance Technologies,RNTC,NVIDIA Corp,NVDA,67066G104,25086230,15327015358.01,3.6796,2025-06-30,Increased,13F-HR,Daniel Davis,daniel.davis@renaissanc.com
T. Rowe Price,TROW,Procter & Gamble,PG,742718109,12896455,5422569615.30,2.1469,2025-03-31,New,13F-HR,William Garcia,william.garcia@troweprice.com
Fidelity Investments,FNF,Exxon Mobil,XOM,30231G102,25977522,3297647046.43,0.3295,2025-09-30,New,13F-HR,Daniel Hernandez,daniel.hernandez@fidelityin.com
AQR Capital Management,AQRC,Apple Inc,AAPL,037833100,25337184,11400239307.20,1.6965,2024-12-31,Unchanged,13F-HR,James Rodriguez,james.rodriguez@aqrcapital.com
Vanguard Group,VGI,Meta Platforms,META,30303M102,7800614,3637262652.58,1.1627,2025-06-30,Decreased,13F-HR,Steven Jones,steven.jones@vanguardgr.com
Appaloosa Management,APLS,Home Depot,HD,437076102,10324514,7960348608.36,0.7145,2024-06-30,Increased,13F-HR,Richard Williams,richard.williams@appaloosam.com
Morgan Stanley IM,MS,Exxon Mobil,XOM,30231G102,24219815,10135497780.96,0.3147,2025-06-30,Increased,13F-HR,Elizabeth Thomas,elizabeth.thomas@morganstan.com
DE Shaw & Co,DSHW,Walt Disney Co,DIS,254687106,17533586,5875079989.07,0.5916,2024-09-30,New,13F-HR,Elizabeth Moore,elizabeth.moore@deshaw&co.com
Morgan Stanley IM,MS,JPMorgan Chase,JPM,46625H100,2952371,793708806.66,0.0492,2024-09-30,Increased,13F-NT,Elizabeth Anderson,elizabeth.anderson@morganstan.com
JP Morgan Asset Mgmt,JPM,Tesla Inc,TSLA,88160R101,11855363,5732294347.43,0.1593,2027-01-20,Unchanged,13F-HR,Thomas Johnson,thomas.johnson@jpmorganas.com
AQR Capital Management,AQRC,Chevron Corp,CVX,166764100,22449451,8445604894.82,0.3831,2024-12-31,Increased,13F-HR,Nancy Brown,nancy.brown@aqrcapital.com
T. Rowe Price,TROW,Microsoft Corp,MSFT,594918104,11783659,8909394729.45,1.0407,2024-09-30,New,13F-HR,David Brown,david.brown@troweprice.com
JP Morgan Asset Mgmt,JPM,UnitedHealth Group,UNH,91324P102,30453653,8706664851.56,1.4576,2025-09-30,Unchanged,13F-HR,William White,william.white@jpmorganas.com
Wellington Management,WMGI,Pfizer Inc,PFE,717081103,35700009,19618545705.30,0.4630,2024-03-31,New,13F-HR,Richard Miller,richard.miller@wellington.com
Baupost Group,BPST,Berkshire Hathaway,BRK.B,084670702,4791028,1259439073.54,0.1106,2024-09-30,New,13F-HR,Margaret Moore,margaret.moore@baupostgro.com
Morgan Stanley IM,MS,Amazon.com Inc,AMZN,023135106,14719914,10995494170.30,0.3669,2024-06-30,Decreased,13F-NT,Margaret Johnson,margaret.johnson@morganstan.com
JP Morgan Asset Mgmt,JPM,JPMorgan Chase,JPM,46625H100,26912121,6762133734.69,0.5757,2024-03-31,Decreased,13F-HR,Karen Moore,karen.moore@jpmorganas.com
AQR Capital Management,AQRC,Amazon.com Inc,AMZN,023135106,22634479,3836125977.09,0.4233,2025-12-31,Unchanged,13F-HR,Karen Lopez,karen.lopez@aqrcapital.com
AQR Capital Management,AQRC,Microsoft Corp,MSFT,594918104,26793858,8489341825.48,-1.8270,2025-06-30,Unchanged,13F-HR,Robert Taylor,robert.taylor@aqrcapital.com
Vanguard Group,VGI,Meta Platforms,META,30303M102,21598649,3084488303.66,0.6176,2025-09-30,Decreased,13F-HR,Michael Thomas,michael.thomas@vanguardgr.com
AQR Capital Management,AQRC,Tesla Inc,TSLA,88160R101,25969279,1903180588.97,1.1916,2024-03-31,Increased,13F-HR,Michael Martin,michael.martin@aqrcapital.com
Two Sigma Investments,,Bank of America,BAC,060505104,10408124,6391684321.40,0.2418,2024-06-30,New,13F-HR,Karen Anderson,karen.anderson@twosigmain.com
T. Rowe Price,TROW,Johnson & Johnson,JNJ,478160104,8291629,4510350320.26,0.1066,2024-09-30,Decreased,13F-HR,Lisa Jackson,lisa.jackson@troweprice.com
Vanguard Group,VGI,Coca-Cola Co,KO,191216100,677646,392863963.27,0.0097,2024-09-30,Decreased,13F-HR,Michael Williams,michael.williams@vanguardgr.com
BlackRock Inc,BLK,Meta Platforms,META,30303M102,15847381,9940142815.89,0.7643,2024-06-30,New,13F-NT,Daniel White,daniel.white@blackrocki.com
Morgan Stanley IM,MS,Adobe Inc,ADBE,00724F101,42014895,15261245274.30,0.9210,2025-03-31,Decreased,13F-NT,Karen Smith,karen.smith@morganstan.com
Appaloosa Management,APLS,Berkshire Hathaway,BRK.B,084670702,9156413,299126625.86,0.4774,2024-03-31,Increased,13F-HR,Susan Brown,susan.brown@appaloosam.com
DE Shaw & Co,DSHW,Exxon Mobil,XOM,30231G102,43482623,7758776946.29,1.5091,2025-03-31,Decreased,13F-HR,Daniel Miller,daniel.miller@deshaw&co.com
State Street Corp,STT,UnitedHealth Group,UNH,91324P102,17218373,1266870083.25,0.2201,2025-03-31,New,13F-HR,Mark Williams,mark.williams@statestree.com
Citadel Advisors,CDLC,Procter & Gamble,PG,742718109,38987442,22694659036.56,3.6011,2025-12-31,Increased,13F-HR,Mark Jones,mark.jones@citadeladv.com
Fidelity Investments,FNF,Procter & Gamble,PG,742718109,38722000,18168272442.18,0.5106,2024-12-31,Decreased,13F-HR,Sarah Martinez,sarah.martinez@fidelityin.com
Two Sigma Investments,TWSM,Chevron Corp,CVX,166764100,33648322,22954856110.27,1.5841,2024-09-30,Increased,13F-HR,Steven Taylor,steven.taylor@twosigmain.com
T. Rowe Price,TROW,Cisco Systems,CSCO,17275R102,46150977,11510300212.64,0.6600,2024-03-31,Increased,13F-HR,David Martin,david.martin@troweprice.com
Millennium Management,MLNM,Pfizer Inc,PFE,717081103,2453881,445076469.23,0.0333,2024-09-30,New,13F-NT,Thomas Martinez,thomas.martinez@millennium.com
Millennium Management,MLNM,Salesforce Inc,CRM,79466L302,28353899,16119802707.21,1.2422,2024-03-31,Increased,13F-NT,Robert Anderson,robert.anderson@millennium.com
Millennium Management,MLNM,Microsoft Corp,MSFT,594918104,1803006,138998210.80,0.0232,2025-12-31,Decreased,13F-HR,Steven Thomas,steven.thomas@millennium.com
Wellington Management,WMGI,Intel Corp,INTC,458140100,35141874,19174727233.82,1.2471,2025-06-30,Unchanged,13F-HR,Jennifer Williams,jennifer.williams@wellington.com
Citadel Advisors,CDLC,Cisco Systems,CSCO,17275R102,18071262,11545587733.90,0.3499,2024-12-31,Unchanged,13F-HR,Thomas Miller,thomas.miller@citadeladv.com
T. Rowe Price,TROW,Pfizer Inc,PFE,717081103,8772090,3628675743.72,0.2833,2099-13-45,Unchanged,13F-HR,Mark Hernandez,mark.hernandez@troweprice.com
Baupost Group,BPST,Visa Inc,V,92826C839,47572723,21839729598.87,0.6961,2025-12-31,Decreased,13F-HR,James Taylor,james.taylor@baupostgro.com
Capital Group,,Apple Inc,AAPL,037833100,6056358,3381628899.16,0.0814,2025-09-30,Increased,13F-HR,Richard Smith,richard.smith@capitalgro.com
DE Shaw & Co,DSHW,Salesforce Inc,CRM,79466L302,13113217,8030324976.88,0.1904,2025-06-30,Decreased,13F-HR,Daniel Rodriguez,daniel.rodriguez@deshaw&co.com
State Street Corp,STT,Exxon Mobil,XOM,30231G102,34019677,8209147444.15,0.9566,2024-12-31,Increased,13F-HR,William Williams,william.williams@statestree.com
Capital Group,CGBL,Visa Inc,V,92826C839,19835813,11967433480.78,0.3711,2025-03-31,Decreased,13F-HR,William Miller,william.miller@capitalgro.com
Point72 Asset Mgmt,PT72,UnitedHealth Group,UNH,91324P102,45559172,7322838658.65,0.7886,2024-03-31,Increased,13F-HR,Susan Jones,susan.jones@point72ass.com
Wellington Management,WMGI,Exxon Mobil,XOM,30231G102,39320714,4928965920.52,0.8409,2025-06-30,Decreased,13F-HR,David Thompson,david.thompson@wellington.com
JP Morgan Asset Mgmt,JPM,Pfizer Inc,PFE,717081103,28242193,999065648.69,3.6379,2025-03-31,Unchanged,13F-HR,Mark Thompson,mark.thompson@jpmorganas.com
State Street Corp,STT,Visa Inc,V,92826C839,42267539,13452795191.29,1.7791,2025-06-30,New,13F-HR,Lisa Martinez,lisa.martinez@statestree.com
Morgan Stanley IM,MS,Meta Platforms,META,30303M102,26271736,12300936370.84,0.3749,2025-06-30,Unchanged,13F-HR,Karen Martin,karen.martin@morganstan.com
Citadel Advisors,CDLC,Berkshire Hathaway,BRK.B,084670702,31101252,9673983703.06,0.4630,2025-09-30,Unchanged,13F-HR,Karen Martin,karen.martin@citadeladv.com
Citadel Advisors,CDLC,Salesforce Inc,CRM,79466L302,15179040,10430226213.66,0.2082,2024-03-31,Decreased,13F-HR,Margaret Thompson,margaret.thompson@citadeladv.com
DE Shaw & Co,DSHW,Microsoft Corp,MSFT,594918104,19562036,10974244386.32,0.4342,2025-12-31,Decreased,13F-HR,Dorothy Jones,dorothy.jones@deshaw&co.com
Vanguard Group,VGI,Berkshire Hathaway,BRK.B,084670702,39211386,20171833710.08,0.5613,2025-03-31,Unchanged,13F-HR,Susan Davis,susan.davis@vanguardgr.com
Two Sigma Investments,TWSM,Salesforce Inc,CRM,79466L302,38935864,7605772902.20,5.9251,2025-09-30,Unchanged,13F-HR,Robert White,robert.white@twosigmain.com
Fidelity Investments,FNF,Visa Inc,V,92826C839,22844704,11720657705.88,0.2959,2025-06-30,Increased,13F-HR,William Moore,william.moore@fidelityin.com
Vanguard Group,,Apple Inc,AAPL,037833100,47767414,9350301137.19,1.1950,2024-09-30,Unchanged,13F-HR,Richard Smith,richard.smith@vanguardgr.com
Capital Group,CGBL,NVIDIA Corp,NVDA,67066G104,25281381,14615743551.21,0.7419,2025-06-30,Unchanged,13F-HR,Karen Williams,karen.williams@capitalgro.com
State Street Corp,STT,Procter & Gamble,PG,742718109,18224645,9624832125.58,0.2404,2024-12-31,New,13F-HR,Patricia Davis,patricia.davis@statestree.com
Appaloosa Management,APLS,Coca-Cola Co,KO,191216100,2809764,664883724.61,0.1103,2024-09-30,Decreased,13F-HR,Robert Rodriguez,robert.rodriguez@appaloosam.com
Baupost Group,BPST,Walt Disney Co,DIS,254687106,45574660,17433119191.41,0.8826,2025-12-31,Increased,13F-HR,Karen Thompson,karen.thompson@baupostgro.com
Wellington Management,WMGI,Tesla Inc,TSLA,88160R101,26299965,6588740870.88,0.5229,2024-12-31,Unchanged,13F-HR,Lisa Martin,lisa.martin@wellington.com
Vanguard Group,VGI,Walt Disney Co,DIS,254687106,6925578,1807332481.27,0.3446,2025-03-31,Unchanged,13F-HR,Dorothy Thompson,dorothy.thompson@vanguardgr.com
Fidelity Investments,FNF,Adobe Inc,ADBE,00724F101,49188593,21952265251.60,-1.3400,2024-09-30,Unchanged,13F-HR,Nancy Anderson,nancy.anderson@fidelityin.com
AQR Capital Management,AQRC,Coca-Cola Co,KO,191216100,8653130,5504000508.29,0.1169,2024-06-30,Unchanged,13F-HR,Michael Thompson,michael.thompson@aqrcapital.com
Point72 Asset Mgmt,PT72,Procter & Gamble,PG,742718109,6351836,1027275744.94,0.1080,2024-12-31,Decreased,13F-NT,Patricia Miller,patricia.miller@point72ass.com
Capital Group,CGBL,Coca-Cola Co,KO,191216100,14145636,6155437937.83,0.2560,2025-12-31,Unchanged,13F-HR,Daniel Rodriguez,daniel.rodriguez@capitalgro.com
Millennium Management,MLNM,UnitedHealth Group,UNH,91324P102,14416746,2068696561.81,0.1815,2024-06-30,Unchanged,13F-HR,Patricia Anderson,patricia.anderson@millennium.com
Point72 Asset Mgmt,PT72,Netflix Inc,NFLX,64110L106,47394695,4261713943.48,1.1313,2024-09-30,Unchanged,13F-HR,Mark Rodriguez,mark.rodriguez@point72ass.com
Baupost Group,BPST,Berkshire Hathaway,BRK.B,084670702,21429980,2238390563.91,1.0510,2026-06-02,Increased,13F-NT,Margaret Thomas,margaret.thomas@baupostgro.com
State Street Corp,STT,Visa Inc,V,92826C839,9525750,2125353794.19,0.5162,2025-09-30,Decreased,13F-HR,Richard Martin,richard.martin@statestree.com
AQR Capital Management,AQRC,Netflix Inc,NFLX,64110L106,21559657,14302146347.11,0.9465,2025-12-31,Increased,13F-HR,Dorothy Lopez,dorothy.lopez@aqrcapital.com
Millennium Management,MLNM,Visa Inc,V,92826C839,46501827,33205437894.63,0.6898,2026-09-24,Increased,13F-HR,Mark Martin,mark.martin@millennium.com
T. Rowe Price,TROW,JPMorgan Chase,JPM,46625H100,43422981,22411476752.25,0.5787,2025-03-31,Increased,13F-HR,Mark Thomas,mark.thomas@troweprice.com
Appaloosa Management,APLS,Microsoft Corp,MSFT,594918104,4018802,1095027625.68,0.7270,2024-03-31,Increased,13F-HR,Elizabeth Taylor,elizabeth.taylor@appaloosam.com
AQR Capital Management,AQRC,Coca-Cola Co,KO,191216100,42673783,11436112921.88,1.3974,2024-12-31,Increased,13F-HR,Daniel White,daniel.white@aqrcapital.com
Appaloosa Management,APLS,Microsoft Corp,MSFT,594918104,5353954,2617362942.23,0.1255,2024-03-31,Decreased,13F-HR,Jennifer Williams,jennifer.williams@appaloosam.com
Goldman Sachs AM,GS,Apple Inc,AAPL,037833100,30012909,19054480888.73,0.6774,2024-09-30,Increased,13F-HR,Robert Smith,robert.smith@goldmansac.com
Millennium Management,MLNM,Berkshire Hathaway,BRK.B,084670702,40340111,13291665648.10,0.5698,2024-06-30,Unchanged,13F-HR,Mark Miller,mark.miller@millennium.com
AQR Capital Management,AQRC,Home Depot,HD,437076102,7825419,1170387544.20,0.1436,2024-03-31,Unchanged,13F-HR,Steven Martin,steven.martin@aqrcapital.com
Morgan Stanley IM,MS,Salesforce Inc,CRM,79466L302,45647446,33567378583.43,0.7014,2024-12-31,Increased,13F-HR,Thomas Jones,thomas.jones@morganstan.com
Point72 Asset Mgmt,PT72,Amazon.com Inc,AMZN,023135106,16533690,5046759049.05,0.2839,2025-06-30,Unchanged,13F-HR,Karen Miller,karen.miller@point72ass.com
Citadel Advisors,CDLC,Berkshire Hathaway,BRK.B,084670702,11650982,2049529479.72,0.5023,2025-12-31,Increased,13F-HR,Steven Hernandez,steven.hernandez@citadeladv.com
Two Sigma Investments,TWSM,Apple Inc,AAPL,037833100,46168268,30874385217.72,1.8741,2024-06-30,New,13F-HR,David Thompson,david.thompson@twosigmain.com
Point72 Asset Mgmt,PT72,Netflix Inc,NFLX,64110L106,46037760,9455379820.05,0.5946,2024-12-31,Increased,13F-HR,Lisa White,lisa.white@point72ass.com
Two Sigma Investments,TWSM,Apple Inc,AAPL,037833100,19847490,2136178886.42,0.3931,2025-12-31,Increased,13F-HR,Mark Smith,mark.smith@twosigmain.com
BlackRock Inc,BLK,Meta Platforms,META,30303M102,49310940,23050351083.36,2.7393,2024-03-31,Unchanged,13F-HR,Jennifer Martin,jennifer.martin@blackrocki.com
JP Morgan Asset Mgmt,JPM,Bank of America,BAC,060505104,4087745,634498172.50,0.0657,2025-09-30,Unchanged,13F-NT,Robert Thompson,robert.thompson@jpmorganas.com
Wellington Management,WMGI,Cisco Systems,CSCO,17275R102,17761471,12097733643.22,0.7382,2025-06-30,New,13F-HR,James Moore,james.moore@wellington.com
AQR Capital Management,AQRC,JPMorgan Chase,JPM,46625H100,48860603,32082566327.59,2.6871,2024-09-30,Unchanged,13F-NT,James Rodriguez,james.rodriguez@aqrcapital.com
State Street Corp,STT,Johnson & Johnson,JNJ,478160104,14498807,11153318366.50,1.5809,2024-06-30,Unchanged,13F-HR,Lisa Thompson,lisa.thompson@statestree.com
Goldman Sachs AM,GS,Amazon.com Inc,AMZN,023135106,23986192,13376739649.20,0.5992,2025-03-31,New,13F-HR,David Jackson,david.jackson@goldmansac.com
Fidelity Investments,FNF,Amazon.com Inc,AMZN,023135106,48772065,13835632346.59,0.7746,2025-09-30,Increased,13F-HR,Thomas Thompson,thomas.thompson@fidelityin.com
Capital Group,CGBL,Meta Platforms,META,30303M102,17572326,8491677229.02,0.3937,2025-06-30,Unchanged,13F-HR,Lisa Hernandez,lisa.hernandez@capitalgro.com
Baupost Group,BPST,Microsoft Corp,MSFT,594918104,2125139,871298447.65,0.1057,2025-12-31,Unchanged,13F-NT,Patricia Martin,patricia.martin@baupostgro.com
Goldman Sachs AM,GS,Procter & Gamble,PG,742718109,5593849,3770225316.00,0.1434,2025-03-31,Unchanged,13F-HR,Michael White,michael.white@goldmansac.com
Morgan Stanley IM,MS,Tesla Inc,TSLA,88160R101,1600511,805264834.50,0.0318,2024-03-31,Unchanged,13F-HR,Dorothy Miller,dorothy.miller@morganstan.com
State Street Corp,STT,Alphabet Inc,GOOGL,02079K305,pending,14441117552.74,0.8634,2024-06-30,Increased,13F-HR,Daniel Jones,daniel.jones@statestree.com
Morgan Stanley IM,MS,Alphabet Inc,GOOGL,02079K305,30888208,16444795414.83,0.4254,2024-06-30,Unchanged,13F-HR,Karen Moore,karen.moore@morganstan.com
Wellington Management,WMGI,Salesforce Inc,CRM,79466L302,49722064,23518120521.35,3.5851,2025-09-30,Unchanged,13F-NT,Michael Rodriguez,michael.rodriguez@wellington.com
AQR Capital Management,AQRC,Alphabet Inc,GOOGL,02079K305,30516256,1521547369.42,0.5585,2025-03-31,Increased,13F-HR,Karen Jones,karen.jones@aqrcapital.com
Two Sigma Investments,TWSM,Tesla Inc,TSLA,88160R101,3757278,1961309769.57,0.0543,00-00-0000,Increased,13F-HR,Dorothy Hernandez,dorothy.hernandez@twosigmain.com
AQR Capital Management,AQRC,Adobe Inc,ADBE,00724F101,23724219,18265815814.27,0.4668,2024-03-31,Unchanged,13F-HR,William Martin,william.martin@aqrcapital.com
Goldman Sachs AM,GS,Home Depot,HD,437076102,27653148,1140297639.70,0.3984,2025-09-30,Unchanged,13F-HR,Susan Martin,susan.martin@goldmansac.com
Two Sigma Investments,TWSM,Salesforce Inc,CRM,79466L302,9328491,1932810082.36,0.3315,2024-09-30,Unchanged,13F-HR,Michael Garcia,michael.garcia@twosigmain.com
Two Sigma Investments,TWSM,Berkshire Hathaway,BRK.B,084670702,12424235,4632169981.85,0.4708,2025-03-31,Increased,13F-HR,William Garcia,william.garcia@twosigmain.com
JP Morgan Asset Mgmt,JPM,NVIDIA Corp,NVDA,67066G104,41859065,28529036405.94,3.4876,2024-09-30,Decreased,13F-HR,Margaret Lopez,margaret.lopez@jpmorganas.com
Capital Group,CGBL,UnitedHealth Group,UNH,91324P102,32433727,25296144104.14,1.5415,2025-06-30,Unchanged,13F-HR,Mark Hernandez,mark.hernandez@capitalgro.com
Morgan Stanley IM,MS,Netflix Inc,NFLX,64110L106,27874170,9355673837.75,0.7869,2024-12-31,Increased,13F-HR,Lisa Martin,lisa.martin@morganstan.com
AQR Capital Management,AQRC,Home Depot,HD,437076102,14478667,7433700177.08,2.3908,2024-09-30,Increased,13F-HR,Margaret Taylor,margaret.taylor@aqrcapital.com
Renaissance Technologies,RNTC,Tesla Inc,TSLA,88160R101,4285455,1872326658.77,0.3274,2025-09-30,Unchanged,13F-HR,David Anderson,david.anderson@renaissanc.com
Vanguard Group,,Alphabet Inc,GOOGL,02079K305,42703191,20557745050.17,1.9273,2025-03-31,Unchanged,13F-NT,David Martin,david.martin@vanguardgr.com
Baupost Group,BPST,Chevron Corp,CVX,166764100,29128869,17300814063.37,0.6699,2024-03-31,Increased,13F-HR,Thomas Davis,thomas.davis@baupostgro.com
Millennium Management,MLNM,Amazon.com Inc,AMZN,023135106,28996712,7134083170.38,1.3219,2024-12-31,New,13F-HR,Richard Anderson,richard.anderson@millennium.com
Renaissance Technologies,RNTC,Meta Platforms,META,30303M102,46528994,7994988991.57,0.8908,2025-12-31,Increased,13F-HR,Dorothy Thomas,dorothy.thomas@renaissanc.com
Baupost Group,BPST,Meta Platforms,META,30303M102,46530858,15315777882.00,1.1527,2024-12-31,Unchanged,13F-HR,David Jackson,david.jackson@baupostgro.com
Citadel Advisors,CDLC,Amazon.com Inc,AMZN,023135106,3244496,382527787.52,0.0805,2025-09-30,New,13F-HR,William Brown,william.brown@citadeladv.com
State Street Corp,STT,Bank of America,BAC,060505104,40829810,26357539908.33,0.9868,2024-12-31,Unchanged,13F-HR,David Hernandez,david.hernandez@statestree.com
Two Sigma Investments,TWSM,Visa Inc,V,92826C839,27912136,1913858525.92,0.6846,2025-12-31,Increased,13F-HR,Daniel White,daniel.white@twosigmain.com
Morgan Stanley IM,MS,Walt Disney Co,DIS,254687106,2411228,1251720586.55,0.0310,2025-03-31,Unchanged,13F-HR,Margaret Anderson,margaret.anderson@morganstan.com
JP Morgan Asset Mgmt,JPM,Amazon.com Inc,AMZN,023135106,37857680,6519640168.50,0.7284,2025-03-31,Unchanged,13F-HR,Michael Miller,michael.miller@jpmorganas.com
Vanguard Group,VGI,Bank of America,BAC,060505104,48508415,12320285958.22,2.2493,2025-03-31,Increased,13F-HR,Elizabeth Taylor,elizabeth.taylor@vanguardgr.com
Vanguard Group,VGI,Exxon Mobil,XOM,30231G102,5944368,3623496722.43,0.0799,2025-09-30,Unchanged,13F-NT,Elizabeth Davis,elizabeth.davis@vanguardgr.com
Baupost Group,BPST,Cisco Systems,CSCO,17275R102,39606666,7364991639.55,0.7997,2025-09-30,Unchanged,13F-HR,Patricia Thompson,patricia.thompson@baupostgro.com
Two Sigma Investments,TWSM,Chevron Corp,CVX,166764100,28261222,11327472940.39,0.3796,2024-12-31,Unchanged,13F-HR,James Brown,james.brown@twosigmain.com
Goldman Sachs AM,GS,Procter & Gamble,PG,742718109,39875590,14672649109.48,0.5835,2025-12-31,Decreased,13F-HR,Margaret Taylor,margaret.taylor@goldmansac.com
Bridgewater Associates,BWTR,NVIDIA Corp,NVDA,67066G104,21686172,15793859786.38,0.3829,2025-06-30,Decreased,13F-HR,Michael Miller,michael.miller@bridgewate.com
Two Sigma Investments,TWSM,Netflix Inc,NFLX,64110L106,47234376,4451521995.10,3.3343,2024-06-30,Unchanged,13F-HR,Michael Jones,michael.jones@twosigmain.com
JP Morgan Asset Mgmt,JPM,JPMorgan Chase,JPM,46625H100,42730676,9172460808.07,5.9591,2024-12-31,Unchanged,13F-NT,Sarah Martin,sarah.martin@jpmorganas.com
Fidelity Investments,FNF,Procter & Gamble,PG,742718109,44848816,32174245684.79,1.5361,2025-03-31,Decreased,13F-HR,Margaret Brown,margaret.brown@fidelityin.com
BlackRock Inc,BLK,Coca-Cola Co,KO,191216100,36103961,19892187730.50,2.0120,2024-12-31,Unchanged,13F-HR,Nancy Rodriguez,nancy.rodriguez@blackrocki.com
Appaloosa Management,APLS,Exxon Mobil,XOM,30231G102,12632553,1027811053.12,0.1600,2025-06-30,Increased,13F-HR,David Brown,david.brown@appaloosam.com
Fidelity Investments,FNF,Apple Inc,AAPL,037833100,2275339,525223069.19,0.0752,2025-12-31,New,13F-HR,Elizabeth Williams,elizabeth.williams@fidelityin.com
Capital Group,CGBL,Tesla Inc,TSLA,88160R101,6869215,634315388.06,0.7504,2025-06-30,Decreased,13F-HR,Thomas Lopez,thomas.lopez@capitalgro.com
Bridgewater Associates,BWTR,Visa Inc,V,92826C839,21697905,3404190430.32,0.6541,2024-09-30,New,13F-HR,Elizabeth Williams,elizabeth.williams@bridgewate.com
Baupost Group,BPST,Microsoft Corp,MSFT,594918104,40492097,15237786694.43,0.5948,2024-12-31,Increased,13F-HR,Nancy Miller,nancy.miller@baupostgro.com
Renaissance Technologies,RNTC,Netflix Inc,NFLX,64110L106,43437590,18237290681.84,1.9064,2025-03-31,New,13F-HR,Karen Williams,karen.williams@renaissanc.com
JP Morgan Asset Mgmt,JPM,Pfizer Inc,PFE,717081103,11791415,4746521001.45,1.3284,2025-03-31,Increased,13F-HR,Lisa Lopez,lisa.lopez@jpmorganas.com
BlackRock Inc,BLK,Bank of America,BAC,060505104,30494979,4399832123.80,0.5606,2024-06-30,Unchanged,13F-NT,Sarah Lopez,sarah.lopez@blackrocki.com
T. Rowe Price,TROW,Exxon Mobil,XOM,30231G102,8382761,3192995129.74,0.1854,2024-03-31,Increased,13F-HR,Steven Smith,steven.smith@troweprice.com
Bridgewater Associates,BWTR,Meta Platforms,META,30303M102,4515240,411588214.47,0.5210,2025-12-31,Increased,13F-HR,Mark Brown,mark.brown@bridgewate.com
State Street Corp,STT,Adobe Inc,ADBE,00724F101,9453930,323652148.16,1.6114,2024-03-31,Unchanged,13F-HR,Michael Smith,michael.smith@statestree.com
Fidelity Investments,FNF,Chevron Corp,CVX,166764100,1243124,989128409.35,0.0212,2025-03-31,Increased,13F-HR,Margaret Jones,margaret.jones@fidelityin.com
Citadel Advisors,CDLC,Netflix Inc,NFLX,64110L106,6949067,660023772.96,0.1621,2025-03-31,Increased,13F-HR,Karen Brown,karen.brown@citadeladv.com
Capital Group,CGBL,Salesforce Inc,CRM,79466L302,43796736,18091746845.75,2.0139,2025-12-31,New,13F-HR,James Lopez,james.lopez@capitalgro.com
Appaloosa Management,APLS,Visa Inc,V,92826C839,3979952,343914570.47,0.5664,2024-12-31,Unchanged,13F-HR,Lisa White,lisa.white@appaloosam.com
Point72 Asset Mgmt,PT72,Home Depot,HD,437076102,32184284,4803338059.66,0.9675,2024-06-30,Increased,13F-HR,Steven Smith,steven.smith@point72ass.com
Citadel Advisors,CDLC,Meta Platforms,META,30303M102,35573650,2389513358.09,0.8465,2025-09-30,New,13F-HR,Margaret Hernandez,margaret.hernandez@citadeladv.com
Baupost Group,BPST,Salesforce Inc,CRM,79466L302,23039550,13517509123.00,0.4007,2024-12-31,Increased,13F-HR,Margaret Martin,margaret.martin@baupostgro.com
Bridgewater Associates,BWTR,Bank of America,BAC,060505104,N/A,249767536.51,0.0449,2025-12-31,Unchanged,13F-HR,David Williams,david.williams@bridgewate.com
State Street Corp,STT,Pfizer Inc,PFE,717081103,9683949,1595017029.27,1.7290,2025-03-31,Unchanged,13F-HR,Jennifer Garcia,jennifer.garcia@statestree.com
Point72 Asset Mgmt,PT72,Procter & Gamble,PG,742718109,11052389,2436351782.05,0.1610,2025-03-31,New,13F-HR,Elizabeth Anderson,elizabeth.anderson@point72ass.com
AQR Capital Management,AQRC,Bank of America,BAC,060505104,32246297,16362037560.78,2.9062,2024-03-31,Increased,13F-HR,Robert Martin,robert.martin@aqrcapital.com
State Street Corp,STT,UnitedHealth Group,UNH,91324P102,4981570,2341719000.30,0.1445,2025-12-31,Unchanged,13F-HR,Richard Jones,richard.jones@statestree.com
Appaloosa Management,APLS,Amazon.com Inc,AMZN,023135106,35306673,18311629813.59,1.1889,2024-06-30,Decreased,13F-HR,David Thompson,david.thompson@appaloosam.com
Vanguard Group,VGI,Bank of America,BAC,060505104,13208741,2487099448.24,0.2159,2024-06-30,Increased,13F-HR,Susan Smith,susan.smith@vanguardgr.com
Millennium Management,MLNM,Intel Corp,INTC,458140100,32525136,1624225839.30,0.8952,2024-06-30,New,13F-HR,Lisa Taylor,lisa.taylor@millennium.com
State Street Corp,STT,Cisco Systems,CSCO,17275R102,19151098,13290278299.15,0.2513,2025-12-31,Decreased,13F-HR,William Moore,william.moore@statestree.com
State Street Corp,STT,Bank of America,BAC,060505104,9752935,4266971380.84,0.1532,2025-03-31,Increased,13F-HR,Daniel White,daniel.white@statestree.com
Capital Group,CGBL,Salesforce Inc,CRM,79466L302,17667833,12104914354.93,0.2344,2025-09-30,Increased,13F-HR,Mark Williams,mark.williams@capitalgro.com
Morgan Stanley IM,MS,UnitedHealth Group,UNH,91324P102,8194701,6393397814.37,0.2296,2024-03-31,Increased,13F-HR,Daniel Moore,daniel.moore@morganstan.com
BlackRock Inc,BLK,Intel Corp,INTC,458140100,3846296,227358491.57,0.0562,2025-06-30,New,13F-NT,Nancy Garcia,nancy.garcia@blackrocki.com
Capital Group,CGBL,Bank of America,BAC,060505104,3426281,1198250536.78,0.1610,2025-06-30,Decreased,13F-HR,Thomas Brown,thomas.brown@capitalgro.com
Wellington Management,WMGI,Salesforce Inc,CRM,79466L302,28442029,21232861543.34,0.4770,2024-12-31,Unchanged,13F-HR,Michael Jackson,michael.jackson@wellington.com
Vanguard Group,VGI,Apple Inc,AAPL,037833100,22463852,14092332578.37,0.4258,2024-06-30,Unchanged,13F-HR,Richard Lopez,richard.lopez@vanguardgr.com
State Street Corp,STT,Salesforce Inc,CRM,79466L302,35347068,11342942524.87,0.7876,2025-03-31,Decreased,13F-HR,Mark Moore,mark.moore@statestree.com
Appaloosa Management,APLS,Berkshire Hathaway,BRK.B,084670702,3722772,2324222305.78,0.0986,2024-12-31,Increased,13F-HR,William Davis,william.davis@appaloosam.com
DE Shaw & Co,DSHW,Berkshire Hathaway,BRK.B,084670702,36819071,6118248027.00,6.0280,2024-09-30,Increased,13F-HR,Margaret Davis,margaret.davis@deshaw&co.com
Bridgewater Associates,BWTR,Johnson & Johnson,JNJ,478160104,11800024,984592554.37,-0.1829,2025-09-30,Increased,13F-HR,Steven Smith,steven.smith@bridgewate.com
Baupost Group,BPST,UnitedHealth Group,UNH,91324P102,4930300,637653482.65,0.2636,2025-03-31,Unchanged,13F-NT,Margaret Jackson,margaret.jackson@baupostgro.com
DE Shaw & Co,DSHW,Salesforce Inc,CRM,79466L302,6440697,2075885931.72,0.1045,2024-12-31,Decreased,13F-HR,Richard Thomas,richard.thomas@deshaw&co.com
Citadel Advisors,CDLC,Exxon Mobil,XOM,30231G102,49177111,31501472786.56,0.9371,2024-12-31,Unchanged,13F-HR,Sarah Thomas,sarah.thomas@citadeladv.com
T. Rowe Price,TROW,JPMorgan Chase,JPM,46625H100,16129416,10892955627.33,0.4944,2025-06-30,Unchanged,13F-NT,Robert Lopez,robert.lopez@troweprice.com
Goldman Sachs AM,GS,Salesforce Inc,CRM,79466L302,2159747,705906639.78,0.0346,2025-03-31,Unchanged,13F-HR,Sarah Martin,sarah.martin@goldmansac.com
Goldman Sachs AM,GS,Meta Platforms,META,30303M102,45898168,1738432247.95,0.8360,2024-06-30,Unchanged,13F-HR,Dorothy Williams,dorothy.williams@goldmansac.com
Renaissance Technologies,RNTC,Walt Disney Co,DIS,254687106,6518205,2142434671.06,0.1143,2024-06-30,Decreased,13F-HR,David White,david.white@renaissanc.com
Point72 Asset Mgmt,PT72,JPMorgan Chase,JPM,46625H100,30938145,20051118859.03,0.4017,2024-03-31,Increased,13F-NT,Susan Anderson,susan.anderson@point72ass.com
Capital Group,CGBL,NVIDIA Corp,NVDA,67066G104,6068346,3774976673.30,0.0772,2025-03-31,Increased,13F-NT,Sarah Davis,sarah.davis@capitalgro.com
AQR Capital Management,AQRC,Procter & Gamble,PG,742718109,8408297,2415085288.57,0.2903,2024-06-30,Unchanged,13F-HR,Karen White,karen.white@aqrcapital.com
State Street Corp,STT,Pfizer Inc,PFE,717081103,25819529,1488505375.89,1.6624,2024-06-30,Unchanged,13F-HR,Lisa Johnson,lisa.johnson@statestree.com
State Street Corp,STT,Bank of America,BAC,060505104,30167663,7560760757.34,0.5091,2024-09-30,New,13F-NT,Thomas Moore,thomas.moore@statestree.com
Two Sigma Investments,TWSM,Amazon.com Inc,AMZN,023135106,46781822,33119822152.34,0.7444,2025-06-30,Unchanged,13F-HR,Nancy Anderson,nancy.anderson@twosigmain.com
Bridgewater Associates,BWTR,UnitedHealth Group,UNH,91324P102,46191005,9608422392.49,0.8129,2024-12-31,Increased,13F-HR,Margaret White,margaret.white@bridgewate.com
Morgan Stanley IM,MS,JPMorgan Chase,JPM,46625H100,12650631,1732438779.33,0.3340,2025-03-31,Unchanged,13F-HR,Robert Lopez,robert.lopez@morganstan.com
Appaloosa Management,APLS,Tesla Inc,TSLA,88160R101,44984975,33603225438.59,0.8559,2025-09-30,Increased,13F-HR,Susan Thomas,susan.thomas@appaloosam.com
Capital Group,CGBL,NVIDIA Corp,NVDA,67066G104,42606709,4379196335.90,1.3705,2024-03-31,Decreased,13F-NT,Patricia Jones,patricia.jones@capitalgro.com
Fidelity Investments,FNF,Amazon.com Inc,AMZN,023135106,13184739,8035346470.93,0.4278,2024-03-31,Decreased,13F-HR,James White,james.white@fidelityin.com
Baupost Group,BPST,Cisco Systems,CSCO,17275R102,16453368,12904230694.55,-2.0956,2025-06-30,Unchanged,13F-HR,Robert Johnson,robert.johnson@baupostgro.com
State Street Corp,STT,Chevron Corp,CVX,166764100,34976478,3808493756.00,0.7271,2025-12-31,New,13F-HR,Elizabeth Thompson,elizabeth.thompson@statestree.com
Wellington Management,WMGI,Chevron Corp,CVX,166764100,15293325,2571693814.39,0.2066,2025-03-31,Unchanged,13F-HR,Karen Hernandez,karen.hernandez@wellington.com
Wellington Management,WMGI,Adobe Inc,ADBE,00724F101,46711513,10344707972.93,0.7270,2024-09-30,Decreased,13F-HR,Richard Rodriguez,richard.rodriguez@wellington.com
Wellington Management,WMGI,Home Depot,HD,437076102,9098477,5616904676.05,0.1202,2024-09-30,Unchanged,13F-HR,Mark Taylor,mark.taylor@wellington.com
Bridgewater Associates,BWTR,Exxon Mobil,XOM,30231G102,302782,175719978.80,0.0235,2024-03-31,Increased,13F-HR,Patricia Lopez,patricia.lopez@bridgewate.com
Morgan Stanley IM,MS,Microsoft Corp,MSFT,594918104,38808391,5894288588.49,0.7736,2025-12-31,New,13F-HR,Elizabeth Lopez,elizabeth.lopez@morganstan.com
Baupost Group,BPST,Visa Inc,V,92826C839,24695630,983530107.01,1.2527,2025-06-30,Increased,13F-NT,Lisa Thomas,lisa.thomas@baupostgro.com
Vanguard Group,VGI,Intel Corp,INTC,458140100,29594012,2011220334.14,0.7367,2025-03-31,Increased,13F-NT,William Lopez,william.lopez@vanguardgr.com
Appaloosa Management,APLS,Home Depot,HD,437076102,26770394,8942810334.28,1.0903,2025-06-30,Unchanged,13F-NT,Elizabeth Johnson,elizabeth.johnson@appaloosam.com
State Street Corp,STT,Berkshire Hathaway,BRK.B,084670702,45935693,26064704935.24,0.6176,2025-06-30,Unchanged,13F-NT,Nancy Lopez,nancy.lopez@statestree.com
Capital Group,CGBL,Meta Platforms,META,30303M102,45909466,18332091604.52,1.6305,2024-12-31,New,13F-HR,Susan Jones,susan.jones@capitalgro.com
Two Sigma Investments,TWSM,Procter & Gamble,PG,742718109,7929874,4292281999.15,0.2925,2024-06-30,Unchanged,13F-HR,Michael Anderson,michael.anderson@twosigmain.com
Point72 Asset Mgmt,PT72,Apple Inc,AAPL,037833100,48602143,36334205837.88,2.3246,2024-09-30,Increased,13F-HR,Richard Brown,richard.brown@point72ass.com
Capital Group,CGBL,JPMorgan Chase,JPM,46625H100,12651603,1631173676.92,1.2054,2024-03-31,Unchanged,13F-HR,Patricia Martin,patricia.martin@capitalgro.com
Bridgewater Associates,,Tesla Inc,TSLA,88160R101,18842756,1007418960.97,0.8111,2025-12-31,Unchanged,13F-HR,Patricia Jones,patricia.jones@bridgewate.com
AQR Capital Management,AQRC,Microsoft Corp,MSFT,594918104,38748943,10021880930.73,1.1343,2025-06-30,Increased,13F-HR,Mark Jackson,mark.jackson@aqrcapital.com
Vanguard Group,VGI,Microsoft Corp,MSFT,594918104,47344506,9031616381.07,1.2812,2024-12-31,Unchanged,13F-HR,Richard Garcia,richard.garcia@vanguardgr.com
Vanguard Group,VGI,Exxon Mobil,XOM,30231G102,41566883,3629772774.21,0.5340,2024-09-30,New,13F-HR,Jennifer Jackson,jennifer.jackson@vanguardgr.com
Wellington Management,WMGI,Amazon.com Inc,AMZN,023135106,18732910,11283720466.52,0.2506,2025-03-31,Increased,13F-HR,Patricia Jones,patricia.jones@wellington.com
Two Sigma Investments,TWSM,Bank of America,BAC,060505104,44901104,900120898.88,1.2491,2025-12-31,Unchanged,13F-HR,Susan Hernandez,susan.hernandez@twosigmain.com
DE Shaw & Co,DSHW,Tesla Inc,TSLA,88160R101,42738870,25665683692.49,0.5534,2024-06-30,Increased,13F-HR,James Martin,james.martin@deshaw&co.com
Wellington Management,WMGI,Walt Disney Co,DIS,254687106,28067628,3962005546.55,2.0816,2099-13-45,Unchanged,13F-HR,Karen Moore,karen.moore@wellington.com
BlackRock Inc,BLK,Tesla Inc,TSLA,88160R101,1600956,299692319.65,0.0634,2025-12-31,New,13F-HR,Michael Jones,michael.jones@blackrocki.com
Bridgewater Associates,BWTR,Salesforce Inc,CRM,79466L302,15944767,4248249315.75,0.3298,2025-09-30,Unchanged,13F-HR,James Moore,james.moore@bridgewate.com
Millennium Management,MLNM,Adobe Inc,ADBE,00724F101,21860617,14655095489.40,0.3689,2024-09-30,Decreased,13F-HR,,
Bridgewater Associates,BWTR,Tesla Inc,TSLA,88160R101,40281229,26123162179.01,0.9840,2024-09-30,Increased,13F-HR,Lisa Martinez,lisa.martinez@bridgewate.com
T. Rowe Price,TROW,Apple Inc,AAPL,037833100,20010074,6486325012.31,1.0675,2024-03-31,Decreased,13F-HR,Mark Anderson,mark.anderson@troweprice.com
DE Shaw & Co,DSHW,Adobe Inc,ADBE,00724F101,42101847,11223861405.94,1.7625,2025-06-30,Increased,13F-HR,Karen Moore,karen.moore@deshaw&co.com
DE Shaw & Co,DSHW,Apple Inc,AAPL,037833100,32398932,4201903037.93,0.6960,2024-09-30,New,13F-HR,Robert Rodriguez,robert.rodriguez@deshaw&co.com
Vanguard Group,VGI,NVIDIA Corp,NVDA,67066G104,23276987,9961251182.74,0.6474,2025-12-31,Increased,13F-HR,Sarah Taylor,sarah.taylor@vanguardgr.com
Fidelity Investments,FNF,Berkshire Hathaway,BRK.B,084670702,3576015,2568099435.72,0.1204,2024-06-30,Unchanged,13F-HR,Lisa Williams,lisa.williams@fidelityin.com
Citadel Advisors,CDLC,UnitedHealth Group,UNH,91324P102,43893804,22861636500.66,0.6089,2025-09-30,Increased,13F-HR,Mark Davis,mark.davis@citadeladv.com
Two Sigma Investments,TWSM,Meta Platforms,META,30303M102,40908393,15336265292.91,1.8908,2024-12-31,Increased,13F-HR,Richard Moore,richard.moore@twosigmain.com
Capital Group,CGBL,Coca-Cola Co,KO,191216100,26802335,13180903434.50,0.4578,2024-06-30,Unchanged,13F-HR,William White,william.white@capitalgro.com
Point72 Asset Mgmt,PT72,Home Depot,HD,437076102,32184284,4803338059.66,0.9675,2024-06-30,Increased,13F-HR,Steven Smith,steven.smith@point72ass.com
Goldman Sachs AM,GS,Exxon Mobil,XOM,30231G102,33411549,26242909470.39,0.4642,2025-06-30,Unchanged,13F-NT,James Davis,james.davis@goldmansac.com
Point72 Asset Mgmt,PT72,Netflix Inc,NFLX,64110L106,5981116,4664190924.24,0.4425,2024-12-31,Unchanged,13F-NT,Sarah Johnson,sarah.johnson@point72ass.com
JP Morgan Asset Mgmt,JPM,NVIDIA Corp,NVDA,67066G104,47628600,21855364639.77,0.6965,2024-09-30,Increased,13F-HR,Mark Hernandez,mark.hernandez@jpmorganas.com
Baupost Group,BPST,Coca-Cola Co,KO,191216100,43579693,2186326185.81,4.5980,2025-12-31,Unchanged,13F-NT,Mark Martin,mark.martin@baupostgro.com
Wellington Management,WMGI,Coca-Cola Co,KO,191216100,27033668,7382052650.91,0.5430,2024-12-31,Unchanged,13F-NT,Jennifer Jones,jennifer.jones@wellington.com
Citadel Advisors,CDLC,Meta Platforms,META,30303M102,21975158,11269572500.55,2.9729,2025-12-31,Increased,13F-HR,Sarah Jones,sarah.jones@citadeladv.com
AQR Capital Management,AQRC,Exxon Mobil,XOM,30231G102,33989872,5107436853.34,1.3887,2025-06-30,Unchanged,13F-HR,Richard Taylor,richard.taylor@aqrcapital.com
JP Morgan Asset Mgmt,JPM,Netflix Inc,NFLX,64110L106,32449971,4926098539.79,0.4575,2024-12-31,Unchanged,13F-HR,Karen Taylor,karen.taylor@jpmorganas.com
Fidelity Investments,FNF,Meta Platforms,META,30303M102,22465130,14803294312.15,0.4220,2025-06-30,Unchanged,13F-HR,Jennifer Moore,jennifer.moore@fidelityin.com
Point72 Asset Mgmt,PT72,Walt Disney Co,DIS,254687106,43641292,13747183596.49,8.3905,2025-09-30,Increased,13F-NT,Lisa Martinez,lisa.martinez@point72ass.com
Appaloosa Management,APLS,Procter & Gamble,PG,742718109,2753424,1680573519.44,0.0485,2025-12-31,Increased,13F-HR,Susan Hernandez,susan.hernandez@appaloosam.com
Wellington Management,WMGI,Johnson & Johnson,JNJ,478160104,20489042,7132291475.12,0.5200,2025-03-31,Unchanged,13F-HR,,
JP Morgan Asset Mgmt,JPM,Netflix Inc,NFLX,64110L106,20431271,10331194812.90,0.3013,2025-06-30,Unchanged,13F-HR,Karen Garcia,karen.garcia@jpmorganas.com
Vanguard Group,VGI,Microsoft Corp,MSFT,594918104,35159938,12945904898.15,0.4999,2025-09-30,Increased,13F-HR,Mark Jackson,mark.jackson@vanguardgr.com
Citadel Advisors,CDLC,Bank of America,BAC,060505104,30337776,18555297460.07,0.6523,2025-03-31,New,13F-HR,Lisa Rodriguez,lisa.rodriguez@citadeladv.com
Wellington Management,WMGI,JPMorgan Chase,JPM,46625H100,7909691,2264805097.69,0.1093,2025-06-30,Unchanged,13F-HR,Michael White,michael.white@wellington.com
Goldman Sachs AM,GS,Visa Inc,V,92826C839,40525252,16324812502.46,4.3987,2026-07-24,Decreased,13F-HR,Patricia White,patricia.white@goldmansac.com
Millennium Management,MLNM,Berkshire Hathaway,BRK.B,084670702,17827091,11302988913.43,0.2874,2024-03-31,Increased,13F-HR,Daniel Anderson,daniel.anderson@millennium.com
AQR Capital Management,AQRC,Home Depot,HD,437076102,23812942,1971790958.02,0.7774,2025-12-31,Decreased,13F-HR,Thomas Miller,thomas.miller@aqrcapital.com
Morgan Stanley IM,MS,Exxon Mobil,XOM,30231G102,38524602,21027264674.31,3.8704,2024-06-30,New,13F-HR,Nancy Smith,nancy.smith@morganstan.com
DE Shaw & Co,DSHW,Chevron Corp,CVX,166764100,37835228,15829486316.31,0.8285,2025-09-30,Unchanged,13F-HR,Margaret Anderson,margaret.anderson@deshaw&co.com
Renaissance Technologies,RNTC,Netflix Inc,NFLX,64110L106,43088859,9367680639.60,0.5583,2024-09-30,New,13F-HR,Karen Smith,karen.smith@renaissanc.com
Millennium Management,MLNM,Pfizer Inc,PFE,717081103,11110066,870972392.32,0.4254,2025-12-31,Decreased,13F-HR,Lisa Anderson,lisa.anderson@millennium.com
BlackRock Inc,BLK,Netflix Inc,NFLX,64110L106,44401940,33686840016.06,0.5684,2024-09-30,Increased,13F-HR,Richard Davis,richard.davis@blackrocki.com
T. Rowe Price,TROW,Intel Corp,INTC,458140100,4776988,3427537168.13,0.1173,2025-06-30,Unchanged,13F-NT,James Miller,james.miller@troweprice.com
AQR Capital Management,AQRC,Netflix Inc,NFLX,64110L106,5554267,4044288760.96,0.2905,2024-06-30,New,13F-HR,David Johnson,david.johnson@aqrcapital.com
Two Sigma Investments,TWSM,Netflix Inc,NFLX,64110L106,29359761,21065735178.05,1.0278,2025-09-30,Decreased,13F-HR,Michael Johnson,michael.johnson@twosigmain.com
Millennium Management,MLNM,Adobe Inc,ADBE,00724F101,33932617,17853806235.54,0.6670,2024-09-30,Unchanged,13F-HR,Mark Thompson,mark.thompson@millennium.com
Vanguard Group,VGI,Amazon.com Inc,AMZN,023135106,10145419,4868905941.54,0.2180,2025-12-31,Unchanged,13F-HR,David Jones,david.jones@vanguardgr.com
JP Morgan Asset Mgmt,JPM,Visa Inc,V,92826C839,38773269,26844117705.70,0.7056,2024-03-31,Unchanged,13F-HR,Margaret Jackson,margaret.jackson@jpmorganas.com
Two Sigma Investments,TWSM,Visa Inc,V,92826C839,17787747,3997689371.47,1.8723,2024-03-31,Decreased,13F-HR,Sarah Hernandez,sarah.hernandez@twosigmain.com
JP Morgan Asset Mgmt,JPM,Pfizer Inc,PFE,717081103,29411110,5912822149.73,0.5125,2025-06-30,Increased,13F-HR,William Lopez,william.lopez@jpmorganas.com
T. Rowe Price,TROW,Walt Disney Co,DIS,254687106,14514727,4231140635.57,0.3162,2025-09-30,Decreased,13F-HR,Susan Smith,susan.smith@troweprice.com
Goldman Sachs AM,GS,Microsoft Corp,MSFT,594918104,39732340,31681770206.75,0.6221,2025-09-30,Decreased,13F-HR,Michael Hernandez,michael.hernandez@goldmansac.com
Baupost Group,BPST,Coca-Cola Co,KO,191216100,35004820,7129198717.47,0.4839,2024-09-30,New,13F-NT,David Jones,david.jones@baupostgro.com
DE Shaw & Co,DSHW,Home Depot,HD,437076102,25460053,16001717893.86,0.3490,2025-06-30,New,13F-HR,Robert Martin,robert.martin@deshaw&co.com
Bridgewater Associates,BWTR,NVIDIA Corp,NVDA,67066G104,2433831,1115816011.18,0.0874,2025-06-30,New,13F-HR,Patricia Martinez,patricia.martinez@bridgewate.com
Goldman Sachs AM,GS,Amazon.com Inc,AMZN,023135106,43627070,22103625675.65,6.3345,2025-03-31,Decreased,13F-NT,Jennifer Hernandez,jennifer.hernandez@goldmansac.com
Vanguard Group,VGI,JPMorgan Chase,JPM,46625H100,14237862,8495540711.35,0.1854,2025-06-30,Increased,13F-NT,Sarah Taylor,sarah.taylor@vanguardgr.com
Wellington Management,WMGI,Salesforce Inc,CRM,79466L302,37963552,17544941981.52,0.9565,2024-09-30,New,13F-HR,Mark Garcia,mark.garcia@wellington.com
BlackRock Inc,BLK,Chevron Corp,CVX,166764100,46435370,23065569213.65,1.0564,2024-06-30,Unchanged,13F-HR,Patricia Johnson,patricia.johnson@blackrocki.com
Morgan Stanley IM,MS,Walt Disney Co,DIS,254687106,18213151,12975041653.63,0.4019,2025-09-30,Unchanged,13F-HR,Susan Jackson,susan.jackson@morganstan.com
Two Sigma Investments,TWSM,Chevron Corp,CVX,166764100,15422494,3285907164.43,0.7763,2025-09-30,Increased,13F-HR,Patricia Miller,patricia.miller@twosigmain.com
Capital Group,CGBL,Pfizer Inc,PFE,717081103,32749804,10753354481.12,1.1087,2024-12-31,Increased,13F-NT,Margaret Lopez,margaret.lopez@capitalgro.com
State Street Corp,STT,JPMorgan Chase,JPM,46625H100,7992796,2790250486.40,0.1263,2025-12-31,Increased,13F-NT,Daniel Smith,daniel.smith@statestree.com
Appaloosa Management,APLS,Tesla Inc,TSLA,88160R101,42541576,28511868286.62,1.1966,2024-09-30,Unchanged,13F-HR,Mark Thompson,mark.thompson@appaloosam.com
DE Shaw & Co,DSHW,Cisco Systems,CSCO,17275R102,37756857,11110946870.69,0.4972,2024-12-31,New,13F-NT,Elizabeth Thomas,elizabeth.thomas@deshaw&co.com
Point72 Asset Mgmt,PT72,Johnson & Johnson,JNJ,478160104,22000273,4681523576.59,0.2934,2024-09-30,Unchanged,13F-NT,Patricia Jones,patricia.jones@point72ass.com
T. Rowe Price,TROW,Coca-Cola Co,KO,191216100,37118837,19403003283.90,0.5870,2024-09-30,Unchanged,13F-HR,Jennifer White,jennifer.white@troweprice.com
Bridgewater Associates,BWTR,Alphabet Inc,GOOGL,02079K305,21859792,4312887733.98,0.4351,2024-09-30,New,13F-NT,Mark Miller,mark.miller@bridgewate.com
Capital Group,CGBL,Procter & Gamble,PG,742718109,24950888,17383864332.39,-1.7522,2024-09-30,Decreased,13F-HR,Dorothy Miller,dorothy.miller@capitalgro.com
Fidelity Investments,FNF,Amazon.com Inc,AMZN,023135106,32840893,17087092835.65,2.2400,2024-06-30,Unchanged,13F-HR,Susan White,susan.white@fidelityin.com
Citadel Advisors,CDLC,Microsoft Corp,MSFT,594918104,29828716,22164804527.76,0.8458,2025-12-31,Unchanged,13F-NT,Daniel Taylor,daniel.taylor@citadeladv.com
State Street Corp,STT,Coca-Cola Co,KO,191216100,32400978,23518752889.83,2.7890,2024-03-31,Increased,13F-NT,William Martin,william.martin@statestree.com
DE Shaw & Co,DSHW,Meta Platforms,META,30303M102,33298167,16414906028.47,4.5877,2024-03-31,Unchanged,13F-NT,Karen Johnson,karen.johnson@deshaw&co.com
AQR Capital Management,AQRC,Bank of America,BAC,060505104,21065580,16140756721.15,0.3112,2025-09-30,Unchanged,13F-HR,Margaret Anderson,margaret.anderson@aqrcapital.com
Bridgewater Associates,BWTR,Exxon Mobil,XOM,30231G102,9300535,3966958788.31,-0.1451,2025-12-31,Decreased,13F-HR,Lisa Lopez,lisa.lopez@bridgewate.com
Bridgewater Associates,BWTR,Meta Platforms,META,30303M102,189138,73406398.88,0.0358,2024-09-30,New,13F-NT,Dorothy Moore,dorothy.moore@bridgewate.com
Bridgewater Associates,BWTR,Walt Disney Co,DIS,254687106,12796472,3431643724.50,0.1778,2025-09-30,Unchanged,13F-HR,,
Vanguard Group,VGI,Procter & Gamble,PG,742718109,19876882,4789554292.21,0.2765,2025-09-30,Increased,13F-HR,Thomas Davis,thomas.davis@vanguardgr.com
Millennium Management,MLNM,Netflix Inc,NFLX,64110L106,32436522,12849097239.76,4.6574,2025-09-30,Increased,13F-HR,Mark Martin,mark.martin@millennium.com
Morgan Stanley IM,MS,Bank of America,BAC,060505104,11527197,5378191702.99,0.1843,2025-09-30,Unchanged,13F-HR,Karen Lopez,karen.lopez@morganstan.com
Citadel Advisors,CDLC,Home Depot,HD,437076102,45432805,32744819638.94,0.7856,2024-12-31,Increased,13F-HR,David Anderson,david.anderson@citadeladv.com
Appaloosa Management,APLS,Microsoft Corp,MSFT,594918104,36253903,10580530778.84,4.5459,2024-09-30,Increased,13F-HR,William Davis,william.davis@appaloosam.com
Morgan Stanley IM,MS,UnitedHealth Group,UNH,91324P102,838792,323605624.98,0.0447,2024-09-30,Unchanged,13F-HR,Richard Garcia,richard.garcia@morganstan.com
State Street Corp,STT,Procter & Gamble,PG,742718109,46295885,8012485990.77,0.9787,2025-09-30,Increased,13F-HR,Sarah Hernandez,sarah.hernandez@statestree.com
Millennium Management,MLNM,Coca-Cola Co,KO,191216100,2620319,843452464.59,0.0539,2025-06-30,Decreased,13F-HR,Mark Moore,mark.moore@millennium.com
JP Morgan Asset Mgmt,JPM,Johnson & Johnson,JNJ,478160104,3579740,1435210212.53,0.6860,2024-06-30,New,13F-HR,Thomas Smith,thomas.smith@jpmorganas.com
State Street Corp,STT,NVIDIA Corp,NVDA,67066G104,unknown,10286937824.63,3.1839,2025-06-30,Unchanged,13F-HR,Michael Smith,michael.smith@statestree.com
Point72 Asset Mgmt,PT72,Intel Corp,INTC,458140100,40116664,19295694659.61,3.6235,2024-09-30,Decreased,13F-HR,Dorothy Lopez,dorothy.lopez@point72ass.com
Morgan Stanley IM,MS,Berkshire Hathaway,BRK.B,084670702,32314937,14127810138.52,0.5845,2025-09-30,Unchanged,13F-NT,David Smith,david.smith@morganstan.com
Goldman Sachs AM,GS,Alphabet Inc,GOOGL,02079K305,41585000,3096041927.15,3.1242,2025-03-31,Decreased,13F-NT,Karen Moore,karen.moore@goldmansac.com
Point72 Asset Mgmt,PT72,JPMorgan Chase,JPM,46625H100,10507062,1923947118.35,0.3159,2025-06-30,Unchanged,13F-HR,Sarah Hernandez,sarah.hernandez@point72ass.com
DE Shaw & Co,DSHW,NVIDIA Corp,NVDA,67066G104,44752180,2905780915.52,1.6079,2025-06-30,Decreased,13F-HR,Lisa Davis,lisa.davis@deshaw&co.com
JP Morgan Asset Mgmt,JPM,Microsoft Corp,MSFT,594918104,815253,111250439.75,0.0368,2025-12-31,Increased,13F-HR,Sarah Johnson,sarah.johnson@jpmorganas.com
BlackRock Inc,BLK,Walt Disney Co,DIS,254687106,32088964,810140179.27,1.5650,2024-09-30,Unchanged,13F-NT,Lisa Jackson,lisa.jackson@blackrocki.com
T. Rowe Price,TROW,Adobe Inc,ADBE,00724F101,38748073,20371361943.38,3.4211,2025-03-31,Increased,13F-HR,David Brown,david.brown@troweprice.com
Baupost Group,BPST,Cisco Systems,CSCO,17275R102,28641564,8609434674.37,1.1285,2024-03-31,Unchanged,13F-NT,Michael Hernandez,michael.hernandez@baupostgro.com
Appaloosa Management,APLS,Coca-Cola Co,KO,191216100,6938333,3610734320.24,0.1104,2025-06-30,Unchanged,13F-HR,Elizabeth Lopez,elizabeth.lopez@appaloosam.com
Morgan Stanley IM,MS,Coca-Cola Co,KO,191216100,34297819,13138292102.55,1.0967,2024-12-31,Increased,13F-HR,Robert White,robert.white@morganstan.com
Citadel Advisors,CDLC,Intel Corp,INTC,458140100,8475154,2889752822.32,0.1387,2027-04-07,Increased,13F-NT,Michael Anderson,michael.anderson@citadeladv.com
Vanguard Group,VGI,Pfizer Inc,PFE,717081103,5043984,2577715775.08,0.0652,2025-12-31,New,13F-HR,Sarah Jackson,sarah.jackson@vanguardgr.com
Citadel Advisors,CDLC,Tesla Inc,TSLA,88160R101,40242681,11114893687.67,0.7495,2025-12-31,Unchanged,13F-HR,James Lopez,james.lopez@citadeladv.com
AQR Capital Management,AQRC,Johnson & Johnson,JNJ,478160104,39533983,13373158188.16,1.5477,2024-12-31,Unchanged,13F-HR,William Rodriguez,william.rodriguez@aqrcapital.com
JP Morgan Asset Mgmt,JPM,Amazon.com Inc,AMZN,023135106,29489930,20535625999.25,0.4274,2024-09-30,Increased,13F-HR,William Moore,william.moore@jpmorganas.com
Citadel Advisors,CDLC,Bank of America,BAC,060505104,12159265,2439724897.55,0.7785,2025-12-31,New,13F-HR,Michael Brown,michael.brown@citadeladv.com
Point72 Asset Mgmt,PT72,Chevron Corp,CVX,166764100,45945527,34911493958.76,0.6131,2025-09-30,Unchanged,13F-NT,James Moore,james.moore@point72ass.com
AQR Capital Management,AQRC,Amazon.com Inc,AMZN,023135106,28228926,3425761877.09,1.5929,2024-03-31,Increased,13F-HR,James Jones,james.jones@aqrcapital.com
Capital Group,CGBL,Bank of America,BAC,,509633,320576712.22,0.0091,2024-12-31,Decreased,13F-HR,Elizabeth Johnson,elizabeth.johnson@capitalgro.com
Baupost Group,BPST,Amazon.com Inc,AMZN,023135106,40478064,28115951348.86,0.9607,2024-09-30,New,13F-NT,Lisa Moore,lisa.moore@baupostgro.com
Appaloosa Management,APLS,Exxon Mobil,XOM,30231G102,16138231,7868100256.48,0.3001,2025-06-30,Unchanged,13F-NT,Daniel Johnson,daniel.johnson@appaloosam.com
Goldman Sachs AM,GS,Microsoft Corp,MSFT,594918104,37726014,27275175262.32,2.1639,2024-12-31,Increased,13F-HR,David Hernandez,david.hernandez@goldmansac.com
Vanguard Group,VGI,Apple Inc,AAPL,037833100,805305,26612427.23,0.0224,2025-09-30,New,13F-NT,Margaret Martinez,margaret.martinez@vanguardgr.com
Two Sigma Investments,TWSM,Meta Platforms,META,30303M102,48872816,7599697045.79,1.1150,2025-09-30,Unchanged,13F-HR,Nancy Garcia,nancy.garcia@twosigmain.com
JP Morgan Asset Mgmt,JPM,Pfizer Inc,PFE,717081103,13883819,6227501469.29,0.4280,2025-03-31,Decreased,13F-HR,Lisa Martinez,lisa.martinez@jpmorganas.com
AQR Capital Management,AQRC,UnitedHealth Group,UNH,91324P102,8886524,6227392507.37,0.6985,2025-09-30,Unchanged,13F-HR,William White,william.white@aqrcapital.com
Vanguard Group,VGI,Intel Corp,INTC,458140100,803270,249282572.69,0.0706,2024-09-30,Unchanged,13F-HR,Elizabeth White,elizabeth.white@vanguardgr.com
T. Rowe Price,TROW,Amazon.com Inc,AMZN,023135106,19879090,8326599414.03,0.3766,2025-06-30,Increased,13F-HR,Thomas Thompson,thomas.thompson@troweprice.com
Morgan Stanley IM,MS,NVIDIA Corp,NVDA,67066G104,45391299,32627047815.95,1.2599,2024-06-30,Decreased,13F-HR,James Lopez,james.lopez@morganstan.com
Morgan Stanley IM,MS,Walt Disney Co,DIS,254687106,11110868,8336487391.82,0.6024,2025-06-30,Decreased,13F-HR,Dorothy Hernandez,dorothy.hernandez@morganstan.com
Appaloosa Management,APLS,NVIDIA Corp,NVDA,67066G104,31326051,8793615626.29,0.6928,2024-03-31,Decreased,13F-HR,Elizabeth Brown,elizabeth.brown@appaloosam.com
Bridgewater Associates,BWTR,Microsoft Corp,MSFT,594918104,33083789,24002815623.02,0.4225,2025-03-31,Increased,13F-HR,Jennifer Smith,jennifer.smith@bridgewate.com
Appaloosa Management,APLS,Netflix Inc,NFLX,64110L106,477569,45182779.39,0.0096,2025-12-31,Unchanged,13F-HR,David White,david.white@appaloosam.com
Appaloosa Management,APLS,Tesla Inc,TSLA,88160R101,13673184,7605677978.43,0.3284,2025-06-30,Decreased,13F-HR,Nancy Martin,nancy.martin@appaloosam.com
AQR Capital Management,AQRC,JPMorgan Chase,JPM,46625H100,18362443,8466649333.14,0.3096,2025-03-31,New,13F-HR,Susan Davis,susan.davis@aqrcapital.com
BlackRock Inc,BLK,Intel Corp,INTC,,9265091,1611227334.35,0.1551,2024-09-30,Increased,13F-NT,Elizabeth White,elizabeth.white@blackrocki.com
DE Shaw & Co,DSHW,Procter & Gamble,PG,742718109,38322741,7481150926.15,2.8519,2025-03-31,Unchanged,13F-NT,Lisa White,lisa.white@deshaw&co.com
BlackRock Inc,BLK,Walt Disney Co,DIS,254687106,48182917,36947757960.07,0.6425,2024-06-30,Increased,13F-HR,Robert Brown,robert.brown@blackrocki.com
Goldman Sachs AM,GS,Johnson & Johnson,JNJ,478160104,40258907,19635366439.58,0.6330,2025-03-31,Unchanged,13F-HR,Margaret Taylor,margaret.taylor@goldmansac.com
Citadel Advisors,CDLC,Salesforce Inc,CRM,79466L302,6757454,3725585421.30,0.6197,2025-12-31,Unchanged,13F-HR,Margaret Garcia,margaret.garcia@citadeladv.com
Citadel Advisors,CDLC,Amazon.com Inc,AMZN,023135106,48590054,20524183693.87,1.7501,2025-06-30,Unchanged,13F-HR,Daniel Thomas,daniel.thomas@citadeladv.com
State Street Corp,STT,Visa Inc,V,92826C839,25206552,3667692104.05,0.4926,2024-09-30,Unchanged,13F-NT,Michael Anderson,michael.anderson@statestree.com
DE Shaw & Co,,Cisco Systems,CSCO,17275R102,47040440,31497049730.69,1.4949,2024-12-31,Decreased,13F-NT,Lisa Williams,lisa.williams@deshaw&co.com
BlackRock Inc,BLK,Apple Inc,AAPL,037833100,22666347,17723548476.04,0.6313,2024-06-30,Increased,13F-HR,Elizabeth Hernandez,elizabeth.hernandez@blackrocki.com
Appaloosa Management,APLS,Netflix Inc,NFLX,64110L106,39163421,16864489564.16,1.0321,2024-12-31,New,13F-NT,Jennifer Smith,jennifer.smith@appaloosam.com
Vanguard Group,VGI,Amazon.com Inc,AMZN,023135106,18624365,14155587406.37,0.9340,2024-09-30,Increased,13F-NT,Sarah Jackson,sarah.jackson@vanguardgr.com
Two Sigma Investments,TWSM,Apple Inc,AAPL,037833100,25803925,10406411568.74,1.4691,2024-06-30,Increased,13F-HR,Susan Garcia,susan.garcia@twosigmain.com
Two Sigma Investments,TWSM,Amazon.com Inc,AMZN,023135106,24263009,12571483974.53,0.3212,2024-06-30,Increased,13F-NT,Thomas Davis,thomas.davis@twosigmain.com
Appaloosa Management,APLS,Chevron Corp,CVX,166764100,38278452,16343672399.19,1.0280,2024-03-31,New,13F-NT,Nancy Smith,nancy.smith@appaloosam.com
Citadel Advisors,CDLC,Tesla Inc,TSLA,88160R101,44039435,2574588230.13,2.0263,2025-06-30,New,13F-HR,Karen Davis,karen.davis@citadeladv.com
Millennium Management,MLNM,Procter & Gamble,PG,742718109,46069406,28802827207.72,0.6816,2025-09-30,Unchanged,13F-HR,David Jackson,david.jackson@millennium.com
T. Rowe Price,TROW,Coca-Cola Co,KO,191216100,41768957,18237012933.41,0.9503,2024-09-30,Increased,13F-HR,Susan White,susan.white@troweprice.com
Millennium Management,MLNM,Berkshire Hathaway,BRK.B,084670702,46640231,16252087792.11,1.1036,2025-06-30,Unchanged,13F-HR,Dorothy White,dorothy.white@millennium.com
Fidelity Investments,FNF,Coca-Cola Co,KO,191216100,38738001,2194716197.79,2.0876,2025-12-31,Unchanged,13F-NT,Margaret Hernandez,margaret.hernandez@fidelityin.com
JP Morgan Asset Mgmt,JPM,Netflix Inc,NFLX,,27937345,18034370116.24,0.7140,2024-06-30,Unchanged,13F-HR,Steven Taylor,steven.taylor@jpmorganas.com
BlackRock Inc,BLK,Apple Inc,AAPL,037833100,10055290,5668752353.36,0.1330,2025-03-31,New,13F-HR,David Martinez,david.martinez@blackrocki.com
DE Shaw & Co,DSHW,Visa Inc,V,92826C839,41190899,8717506683.56,0.7732,2024-06-30,New,13F-HR,Patricia Thomas,patricia.thomas@deshaw&co.com
Citadel Advisors,CDLC,Home Depot,HD,437076102,18985685,6065567300.09,0.2791,2024-03-31,Increased,13F-HR,Nancy Garcia,nancy.garcia@citadeladv.com
State Street Corp,STT,Procter & Gamble,PG,742718109,42800746,27040949279.64,2.4795,2025-09-30,Unchanged,13F-HR,Steven Davis,steven.davis@statestree.com
BlackRock Inc,BLK,Johnson & Johnson,JNJ,478160104,46524378,2111066243.24,0.8001,2024-06-30,Decreased,13F-NT,Robert Taylor,robert.taylor@blackrocki.com
BlackRock Inc,BLK,Pfizer Inc,PFE,717081103,34865793,11005498202.59,0.5479,2024-09-30,Unchanged,13F-HR,Thomas Jackson,thomas.jackson@blackrocki.com
Baupost Group,BPST,Tesla Inc,TSLA,88160R101,38227764,30528232741.60,-0.7179,2024-06-30,Unchanged,13F-HR,Susan Martinez,susan.martinez@baupostgro.com
Morgan Stanley IM,MS,Alphabet Inc,GOOGL,02079K305,29333310,20938101520.59,0.7944,2025-06-30,Increased,13F-HR,Daniel Anderson,daniel.anderson@morganstan.com
Wellington Management,WMGI,Coca-Cola Co,KO,191216100,6665753,4256849536.27,0.1261,2025-09-30,Unchanged,13F-HR,Margaret Miller,margaret.miller@wellington.com
Vanguard Group,VGI,Netflix Inc,NFLX,64110L106,12149855,8026785327.68,1.1455,2025-06-30,Unchanged,13F-HR,Margaret White,margaret.white@vanguardgr.com
Renaissance Technologies,RNTC,Exxon Mobil,XOM,30231G102,28062955,12806285078.91,4.1386,2024-09-30,Increased,13F-NT,Steven Garcia,steven.garcia@renaissanc.com
AQR Capital Management,AQRC,Coca-Cola Co,KO,191216100,40197184,9630069262.56,3.3578,2025-12-31,Increased,13F-HR,Steven Jones,steven.jones@aqrcapital.com
Two Sigma Investments,TWSM,Microsoft Corp,MSFT,594918104,25994052,15293234466.23,0.3997,2025-06-30,Increased,13F-HR,Nancy Smith,nancy.smith@twosigmain.com
Vanguard Group,VGI,Netflix Inc,NFLX,64110L106,16378183,6439352624.62,0.2139,2025-12-31,Decreased,13F-NT,Karen Hernandez,karen.hernandez@vanguardgr.com
Capital Group,CGBL,Netflix Inc,NFLX,64110L106,6425995,4944717222.22,0.0806,2024-03-31,New,13F-HR,Robert Williams,robert.williams@capitalgro.com
Two Sigma Investments,TWSM,Walt Disney Co,DIS,254687106,37015522,14563452059.80,3.5051,2024-06-30,New,13F-HR,Robert Brown,robert.brown@twosigmain.com
State Street Corp,STT,Procter & Gamble,PG,742718109,22281076,6608746967.46,1.1947,2024-12-31,Increased,13F-HR,Patricia Miller,patricia.miller@statestree.com
Wellington Management,WMGI,Johnson & Johnson,JNJ,478160104,28792946,20709450395.64,0.4345,2024-06-30,New,13F-HR,Daniel Brown,daniel.brown@wellington.com
Wellington Management,WMGI,Tesla Inc,TSLA,88160R101,3472949,2317363267.51,0.0487,2025-09-30,Unchanged,13F-HR,James White,james.white@wellington.com
Baupost Group,BPST,NVIDIA Corp,NVDA,67066G104,16206525,1977613715.87,0.4995,2025-06-30,Decreased,13F-HR,Richard Anderson,richard.anderson@baupostgro.com
State Street Corp,STT,Apple Inc,AAPL,037833100,48189043,19036951965.14,-3.3334,2025-09-30,Unchanged,13F-HR,Nancy Garcia,nancy.garcia@statestree.com
Appaloosa Management,APLS,UnitedHealth Group,UNH,91324P102,21048364,3419517256.26,0.5661,2025-09-30,Unchanged,13F-HR,David Anderson,david.anderson@appaloosam.com
Appaloosa Management,APLS,Netflix Inc,NFLX,64110L106,295999,100177259.13,0.0122,2024-06-30,Unchanged,13F-HR,William Williams,william.williams@appaloosam.com
AQR Capital Management,AQRC,Apple Inc,AAPL,037833100,19139814,551612756.07,0.3271,2024-03-31,Decreased,13F-HR,James Martinez,james.martinez@aqrcapital.com
Two Sigma Investments,TWSM,Meta Platforms,META,30303M102,36074547,1471437097.43,0.4997,2024-03-31,New,13F-HR,Margaret Davis,margaret.davis@twosigmain.com
Millennium Management,MLNM,Visa Inc,V,92826C839,24722395,12352773829.51,1.0187,2025-12-31,New,13F-NT,Robert Anderson,robert.anderson@millennium.com
Appaloosa Management,,NVIDIA Corp,NVDA,67066G104,22466630,3512194596.78,0.4021,2024-09-30,New,13F-HR,Lisa Thompson,lisa.thompson@appaloosam.com
Wellington Management,WMGI,Visa Inc,V,92826C839,4560735,2919694285.85,0.6359,2024-03-31,Increased,13F-HR,Susan Martin,susan.martin@wellington.com
Two Sigma Investments,TWSM,Intel Corp,INTC,458140100,19713163,3809777846.09,0.2830,2024-06-30,Decreased,13F-HR,Nancy Rodriguez,nancy.rodriguez@twosigmain.com
BlackRock Inc,BLK,Johnson & Johnson,JNJ,478160104,15168951,7693182061.76,0.3287,2025-09-30,Unchanged,13F-HR,Susan Brown,susan.brown@blackrocki.com
Renaissance Technologies,,Walt Disney Co,DIS,254687106,23362597,7135859685.59,0.3719,2024-06-30,Unchanged,13F-HR,Susan Davis,susan.davis@renaissanc.com
Bridgewater Associates,BWTR,Pfizer Inc,PFE,717081103,408469,77014307.74,0.0063,2025-12-31,Decreased,13F-HR,Daniel Johnson,daniel.johnson@bridgewate.com
Millennium Management,MLNM,NVIDIA Corp,NVDA,67066G104,6728620,212974279.50,0.1546,2024-09-30,New,13F-HR,Michael Hernandez,michael.hernandez@millennium.com
Vanguard Group,VGI,Alphabet Inc,GOOGL,02079K305,5845808,820182904.39,0.2363,2025-03-31,New,13F-NT,Mark Thomas,mark.thomas@vanguardgr.com
Renaissance Technologies,RNTC,NVIDIA Corp,NVDA,67066G104,30022569,4630699085.98,1.3249,2025-03-31,Increased,13F-HR,Susan Rodriguez,susan.rodriguez@renaissanc.com
Capital Group,CGBL,Walt Disney Co,DIS,254687106,33292525,20213683450.42,0.5068,2024-09-30,Increased,13F-HR,Daniel Davis,daniel.davis@capitalgro.com
Two Sigma Investments,TWSM,Johnson & Johnson,JNJ,478160104,5056155,1850651869.66,0.0921,2025-06-30,Increased,13F-HR,Steven Taylor,steven.taylor@twosigmain.com
Two Sigma Investments,TWSM,Tesla Inc,TSLA,88160R101,20785899,15992742382.24,1.3142,2024-06-30,Unchanged,13F-HR,Steven Johnson,steven.johnson@twosigmain.com
BlackRock Inc,BLK,JPMorgan Chase,JPM,46625H100,33006882,12788556073.57,0.5025,2024-06-30,New,13F-HR,William Hernandez,william.hernandez@blackrocki.com
Bridgewater Associates,BWTR,Netflix Inc,NFLX,64110L106,44586027,31661034280.81,0.7238,2024-06-30,Unchanged,13F-HR,Margaret Thompson,margaret.thompson@bridgewate.com
DE Shaw & Co,DSHW,Cisco Systems,CSCO,17275R102,24188619,8842451882.92,0.3650,2025-09-30,Increased,13F-HR,Nancy White,nancy.white@deshaw&co.com
Bridgewater Associates,BWTR,Amazon.com Inc,AMZN,023135106,9065898,4594091747.57,0.2659,2024-09-30,Increased,13F-HR,Richard Brown,richard.brown@bridgewate.com
T. Rowe Price,TROW,Meta Platforms,META,30303M102,12361236,9087752320.53,0.1735,2025-12-31,New,13F-HR,Robert Jackson,robert.jackson@troweprice.com
JP Morgan Asset Mgmt,JPM,Adobe Inc,ADBE,00724F101,18426588,5431719967.96,0.3973,2025-12-31,Increased,13F-HR,Margaret Johnson,margaret.johnson@jpmorganas.com
Millennium Management,MLNM,Home Depot,HD,437076102,26247038,13460678089.85,0.5063,2024-06-30,Unchanged,13F-HR,Nancy Martin,nancy.martin@millennium.com
State Street Corp,STT,Walt Disney Co,DIS,254687106,19447655,9025629593.81,1.9506,2099-13-45,Increased,13F-HR,William Jones,william.jones@statestree.com
Baupost Group,BPST,Coca-Cola Co,KO,191216100,41815470,31333366151.58,0.6125,2025-09-30,Unchanged,13F-HR,Susan Jackson,susan.jackson@baupostgro.com
Morgan Stanley IM,MS,Cisco Systems,CSCO,17275R102,31552438,2653184697.16,0.7971,2025-09-30,Unchanged,13F-HR,David Jackson,david.jackson@morganstan.com
Fidelity Investments,FNF,Johnson & Johnson,JNJ,478160104,44818444,34234676731.99,0.5905,2024-03-31,Increased,13F-HR,Susan Miller,susan.miller@fidelityin.com
Fidelity Investments,FNF,Coca-Cola Co,KO,191216100,46583629,11812841668.54,7.4614,2024-09-30,Decreased,13F-HR,William Johnson,william.johnson@fidelityin.com
Wellington Management,WMGI,Salesforce Inc,CRM,79466L302,9339070,6138479081.24,0.1269,2025-06-30,Increased,13F-HR,William Garcia,william.garcia@wellington.com
Fidelity Investments,FNF,Chevron Corp,CVX,166764100,20708033,2674360441.39,0.3134,2024-06-30,Unchanged,13F-HR,Lisa Martin,lisa.martin@fidelityin.com
Millennium Management,MLNM,Johnson & Johnson,JNJ,478160104,20387311,8149284092.33,0.4019,2024-09-30,Unchanged,13F-HR,Elizabeth Smith,elizabeth.smith@millennium.com
Wellington Management,WMGI,Cisco Systems,CSCO,17275R102,14146891,2648599605.66,1.1909,2024-03-31,Unchanged,13F-HR,Sarah Davis,sarah.davis@wellington.com
T. Rowe Price,TROW,Bank of America,BAC,060505104,12220282,8698121599.89,0.9138,2025-09-30,Decreased,13F-HR,Steven Johnson,steven.johnson@troweprice.com
Capital Group,CGBL,Johnson & Johnson,JNJ,478160104,22122808,11159763932.46,0.2821,2024-03-31,Unchanged,13F-HR,Richard Johnson,richard.johnson@capitalgro.com
JP Morgan Asset Mgmt,JPM,Pfizer Inc,PFE,717081103,9289502,4385307039.23,0.1291,2025-06-30,Increased,13F-HR,Nancy Davis,nancy.davis@jpmorganas.com
Goldman Sachs AM,GS,Walt Disney Co,DIS,254687106,8998053,2030578041.14,0.1419,2024-09-30,Unchanged,13F-HR,Karen Martin,karen.martin@goldmansac.com
Appaloosa Management,APLS,Exxon Mobil,XOM,30231G102,1555288,687727209.29,0.0933,2025-09-30,Unchanged,13F-HR,Karen Hernandez,karen.hernandez@appaloosam.com
AQR Capital Management,AQRC,Coca-Cola Co,KO,191216100,4868663,1068168265.18,0.1718,2024-09-30,Unchanged,13F-HR,Robert Johnson,robert.johnson@aqrcapital.com
Citadel Advisors,CDLC,Johnson & Johnson,JNJ,478160104,29184037,16923156291.14,0.6587,2025-03-31,New,13F-NT,Michael White,michael.white@citadeladv.com
Baupost Group,BPST,Procter & Gamble,PG,742718109,42884217,20404370277.99,2.3466,2025-12-31,New,13F-NT,Patricia Taylor,patricia.taylor@baupostgro.com
T. Rowe Price,TROW,Coca-Cola Co,KO,191216100,12146539,8151528718.76,0.2576,2024-06-30,Unchanged,13F-HR,Mark Miller,mark.miller@troweprice.com
Citadel Advisors,CDLC,Salesforce Inc,CRM,79466L302,36542257,15108429645.84,0.9501,2025-03-31,Unchanged,13F-HR,David Johnson,david.johnson@citadeladv.com
BlackRock Inc,BLK,Apple Inc,AAPL,037833100,38926898,21167966520.34,0.8701,2024-06-30,Unchanged,13F-NT,Steven Miller,steven.miller@blackrocki.com
Capital Group,CGBL,Procter & Gamble,PG,742718109,12280645,4386195066.58,0.2034,2025-03-31,Increased,13F-NT,Michael Hernandez,michael.hernandez@capitalgro.com
JP Morgan Asset Mgmt,JPM,Home Depot,HD,437076102,4616867,2571304307.41,0.0793,2024-06-30,Increased,13F-HR,Nancy Lopez,nancy.lopez@jpmorganas.com
AQR Capital Management,AQRC,Meta Platforms,META,30303M102,164965,109398177.18,0.0021,2025-06-30,Decreased,13F-HR,Jennifer Jackson,jennifer.jackson@aqrcapital.com
Two Sigma Investments,TWSM,Exxon Mobil,XOM,30231G102,2320444,216144218.26,0.0350,2025-12-31,Decreased,13F-HR,Thomas Jones,thomas.jones@twosigmain.com
Morgan Stanley IM,MS,Alphabet Inc,GOOGL,02079K305,13213722,9118431481.44,0.1843,2025-06-30,Increased,13F-NT,Lisa Miller,lisa.miller@morganstan.com
Fidelity Investments,FNF,Salesforce Inc,CRM,79466L302,22766825,7144021004.01,1.5693,2024-03-31,Unchanged,13F-NT,Nancy Hernandez,nancy.hernandez@fidelityin.com
JP Morgan Asset Mgmt,JPM,Procter & Gamble,PG,742718109,45526172,2244710597.32,1.4256,2024-12-31,Unchanged,13F-NT,Lisa Thompson,lisa.thompson@jpmorganas.com
JP Morgan Asset Mgmt,JPM,Alphabet Inc,GOOGL,02079K305,16417146,2897612067.85,-0.2960,2025-09-30,Increased,13F-HR,Thomas Davis,thomas.davis@jpmorganas.com
Appaloosa Management,APLS,Intel Corp,INTC,458140100,29600251,14543412825.81,1.0879,2024-12-31,Increased,13F-HR,Karen Anderson,karen.anderson@appaloosam.com
AQR Capital Management,AQRC,Amazon.com Inc,AMZN,,33440665,18948155194.07,1.2970,2024-09-30,Decreased,13F-HR,Mark Lopez,mark.lopez@aqrcapital.com
Wellington Management,WMGI,Adobe Inc,ADBE,00724F101,35347318,6570730713.38,5.9553,2025-12-31,Decreased,13F-HR,David Rodriguez,david.rodriguez@wellington.com
State Street Corp,STT,Home Depot,HD,437076102,12216381,3993845986.79,0.1904,2025-06-30,New,13F-HR,Susan Davis,susan.davis@statestree.com
Wellington Management,WMGI,Coca-Cola Co,KO,191216100,42126544,17161900224.19,1.6090,2025-12-31,Increased,13F-HR,Thomas White,thomas.white@wellington.com
Citadel Advisors,CDLC,Bank of America,BAC,060505104,31442374,9315469898.73,1.2558,2025-06-30,New,13F-NT,Mark Moore,mark.moore@citadeladv.com
T. Rowe Price,TROW,Alphabet Inc,GOOGL,02079K305,47731790,25174772112.16,7.2269,2025-06-30,Unchanged,13F-HR,Patricia Thompson,patricia.thompson@troweprice.com
Capital Group,CGBL,Berkshire Hathaway,BRK.B,084670702,2624089,814461210.20,0.0710,2025-03-31,Increased,13F-HR,Steven Brown,steven.brown@capitalgro.com
DE Shaw & Co,DSHW,Home Depot,HD,437076102,27667241,7990264498.91,0.9053,2024-12-31,New,13F-HR,Patricia Martin,patricia.martin@deshaw&co.com
DE Shaw & Co,DSHW,Berkshire Hathaway,BRK.B,084670702,11460925,1758917876.82,0.1541,2024-03-31,Unchanged,13F-HR,Elizabeth Williams,elizabeth.williams@deshaw&co.com
Baupost Group,BPST,NVIDIA Corp,NVDA,67066G104,42054222,14100377027.66,2.1084,2025-09-30,Increased,13F-NT,Daniel Brown,daniel.brown@baupostgro.com
Goldman Sachs AM,GS,Amazon.com Inc,AMZN,023135106,28612567,8101008167.89,0.3593,2024-12-31,New,13F-NT,Daniel Anderson,daniel.anderson@goldmansac.com
JP Morgan Asset Mgmt,JPM,Walt Disney Co,DIS,254687106,43305142,1105395892.37,0.7094,2024-09-30,Unchanged,13F-HR,Michael Johnson,michael.johnson@jpmorganas.com
Millennium Management,MLNM,Coca-Cola Co,KO,191216100,45317594,32369581585.37,2.6779,2024-03-31,Increased,13F-NT,James Martin,james.martin@millennium.com
Capital Group,CGBL,Intel Corp,INTC,,39909932,6299640482.56,1.0309,2025-09-30,Decreased,13F-HR,Lisa White,lisa.white@capitalgro.com
Baupost Group,BPST,Home Depot,HD,437076102,46355375,22579857758.57,0.7587,2024-09-30,Unchanged,13F-HR,William Martin,william.martin@baupostgro.com
JP Morgan Asset Mgmt,JPM,Procter & Gamble,PG,742718109,47379016,22984719053.26,1.2973,2025-03-31,Unchanged,13F-NT,David Garcia,david.garcia@jpmorganas.com
State Street Corp,STT,Berkshire Hathaway,BRK.B,084670702,44577584,6728926223.72,3.6615,2024-06-30,New,13F-HR,Mark Jackson,mark.jackson@statestree.com
Point72 Asset Mgmt,PT72,Alphabet Inc,GOOGL,02079K305,21488895,9309600606.50,2.2208,2024-03-31,Increased,13F-HR,Margaret Thompson,margaret.thompson@point72ass.com
State Street Corp,STT,Pfizer Inc,PFE,717081103,42357892,33444922792.73,0.6897,2025-06-30,Unchanged,13F-HR,Robert Smith,robert.smith@statestree.com
Citadel Advisors,CDLC,Visa Inc,V,92826C839,40432619,9412972475.47,0.6067,2024-12-31,Increased,13F-HR,James Moore,james.moore@citadeladv.com
BlackRock Inc,BLK,Coca-Cola Co,KO,191216100,1843507,356787935.92,0.0407,2025-03-31,Unchanged,13F-NT,Patricia Rodriguez,patricia.rodriguez@blackrocki.com
Fidelity Investments,FNF,Coca-Cola Co,KO,191216100,44487657,8249903936.12,0.5899,2024-06-30,Decreased,13F-HR,James Johnson,james.johnson@fidelityin.com
Appaloosa Management,APLS,Walt Disney Co,DIS,254687106,22818235,1777677601.43,0.4976,2025-03-31,Unchanged,13F-HR,Nancy Miller,nancy.miller@appaloosam.com
Bridgewater Associates,BWTR,NVIDIA Corp,NVDA,67066G104,34079724,14046716744.39,0.6172,2024-12-31,Decreased,13F-HR,James Williams,james.williams@bridgewate.com
Citadel Advisors,CDLC,Netflix Inc,NFLX,64110L106,28365502,9433710116.44,0.5079,2025-03-31,Unchanged,13F-HR,Patricia Williams,patricia.williams@citadeladv.com
Renaissance Technologies,RNTC,Berkshire Hathaway,BRK.B,084670702,43693283,25413445453.56,1.3877,2025-09-30,Unchanged,13F-HR,Karen Garcia,karen.garcia@renaissanc.com
Morgan Stanley IM,MS,Visa Inc,V,92826C839,8408222,6374823247.77,0.7281,2025-12-31,Unchanged,13F-HR,William Martin,william.martin@morganstan.com
Millennium Management,MLNM,Microsoft Corp,MSFT,594918104,5054692,2305044192.17,0.2390,2025-12-31,Unchanged,13F-HR,Mark White,mark.white@millennium.com
T. Rowe Price,TROW,Netflix Inc,NFLX,64110L106,4822163,633685566.50,0.1447,2025-03-31,Increased,13F-NT,Steven Hernandez,steven.hernandez@troweprice.com
BlackRock Inc,BLK,Apple Inc,AAPL,037833100,43370892,1600799376.81,0.5533,2024-03-31,New,13F-HR,William Hernandez,william.hernandez@blackrocki.com
Citadel Advisors,CDLC,Apple Inc,AAPL,037833100,10793059,5543842034.10,0.2660,2024-12-31,Increased,13F-HR,Michael Martin,michael.martin@citadeladv.com
Baupost Group,BPST,Berkshire Hathaway,BRK.B,084670702,44439337,28606903988.69,0.5913,2024-09-30,Increased,13F-HR,Thomas Martin,thomas.martin@baupostgro.com
Goldman Sachs AM,GS,Amazon.com Inc,AMZN,023135106,28168,19297657.12,0.0009,2024-06-30,New,13F-HR,James Rodriguez,james.rodriguez@goldmansac.com
Citadel Advisors,CDLC,Home Depot,HD,437076102,33710535,21906642165.70,2.9440,2024-06-30,Unchanged,13F-NT,Susan Thomas,susan.thomas@citadeladv.com
Baupost Group,BPST,Walt Disney Co,DIS,254687106,2524278,389535948.61,0.1132,2025-12-31,Increased,13F-HR,Dorothy Lopez,dorothy.lopez@baupostgro.com
Millennium Management,MLNM,Meta Platforms,META,30303M102,36776355,14400116603.90,0.4918,2025-09-30,Unchanged,13F-HR,Steven Moore,steven.moore@millennium.com
Bridgewater Associates,BWTR,Netflix Inc,NFLX,64110L106,27631057,7267713173.53,1.8995,2024-12-31,New,13F-HR,Steven Smith,steven.smith@bridgewate.com
Capital Group,CGBL,Alphabet Inc,GOOGL,02079K305,14378587,11165552424.08,0.6022,2024-09-30,New,13F-HR,Patricia White,patricia.white@capitalgro.com
Point72 Asset Mgmt,PT72,Microsoft Corp,MSFT,594918104,49916846,10784338910.77,0.6691,2024-03-31,Increased,13F-HR,Steven Davis,steven.davis@point72ass.com
Fidelity Investments,FNF,UnitedHealth Group,UNH,91324P102,20995880,4412392838.15,1.5625,2025-03-31,Increased,13F-HR,Daniel Martinez,daniel.martinez@fidelityin.com
DE Shaw & Co,DSHW,Adobe Inc,ADBE,00724F101,49741124,23472321873.66,1.1123,2024-09-30,Unchanged,13F-HR,Robert Jones,robert.jones@deshaw&co.com
DE Shaw & Co,DSHW,UnitedHealth Group,UNH,91324P102,11280933,7688916869.67,0.4734,2024-09-30,Decreased,13F-HR,Richard Taylor,richard.taylor@deshaw&co.com
Baupost Group,BPST,Salesforce Inc,CRM,79466L302,33321470,11655656816.57,0.5533,2024-09-30,Decreased,13F-HR,James Anderson,james.anderson@baupostgro.com
Two Sigma Investments,TWSM,NVIDIA Corp,NVDA,67066G104,25727251,1609385407.20,0.8764,2024-09-30,Increased,13F-HR,Michael Thomas,michael.thomas@twosigmain.com
State Street Corp,STT,Exxon Mobil,XOM,30231G102,7656081,4575293997.95,0.3077,2024-03-31,New,13F-HR,Sarah Thomas,sarah.thomas@statestree.com
Fidelity Investments,FNF,Amazon.com Inc,AMZN,023135106,32840893,17087092835.65,2.2400,2024-06-30,Unchanged,13F-HR,Susan White,susan.white@fidelityin.com
JP Morgan Asset Mgmt,JPM,Johnson & Johnson,JNJ,478160104,30978665,13911930322.99,0.3973,2025-12-31,Decreased,13F-HR,James Martinez,james.martinez@jpmorganas.com
Capital Group,CGBL,Apple Inc,AAPL,037833100,36465629,774028438.44,0.5468,2024-06-30,Unchanged,13F-HR,Dorothy Miller,dorothy.miller@capitalgro.com
Fidelity Investments,FNF,Walt Disney Co,DIS,254687106,23682233,4090706300.23,0.3186,2025-03-31,Increased,13F-HR,David Williams,david.williams@fidelityin.com
Goldman Sachs AM,GS,Pfizer Inc,PFE,717081103,19254023,7969581455.38,2.2231,2025-06-30,Decreased,13F-HR,Thomas Hernandez,thomas.hernandez@goldmansac.com
Wellington Management,WMGI,Chevron Corp,CVX,166764100,20650714,8527854798.88,0.9262,2025-12-31,Unchanged,13F-NT,Jennifer Moore,jennifer.moore@wellington.com
Citadel Advisors,CDLC,Salesforce Inc,CRM,79466L302,36133052,17039899444.43,0.6935,2024-12-31,Unchanged,13F-HR,Nancy Martin,nancy.martin@citadeladv.com
Morgan Stanley IM,MS,JPMorgan Chase,JPM,46625H100,37904378,11568506895.81,0.6340,2025-09-30,Unchanged,13F-NT,Daniel Miller,daniel.miller@morganstan.com
AQR Capital Management,AQRC,JPMorgan Chase,JPM,46625H100,23849818,14789549829.96,0.8246,2025-06-30,Unchanged,13F-HR,Richard Jackson,richard.jackson@aqrcapital.com
Two Sigma Investments,TWSM,JPMorgan Chase,JPM,46625H100,377048,216099817.60,0.0097,2024-12-31,New,13F-NT,Susan Jackson,susan.jackson@twosigmain.com
Goldman Sachs AM,GS,JPMorgan Chase,JPM,46625H100,17196940,11040758855.77,0.5416,2024-03-31,Unchanged,13F-HR,Patricia Rodriguez,patricia.rodriguez@goldmansac.com
DE Shaw & Co,DSHW,Intel Corp,INTC,458140100,43660537,12126057731.35,0.7831,2024-09-30,Unchanged,13F-NT,Susan Anderson,susan.anderson@deshaw&co.com
Vanguard Group,VGI,Microsoft Corp,MSFT,594918104,32134559,1705315781.83,0.5603,2024-12-31,Increased,13F-NT,Lisa Jones,lisa.jones@vanguardgr.com
Fidelity Investments,FNF,JPMorgan Chase,JPM,46625H100,11450524,5157229514.10,0.1501,2025-12-31,Unchanged,13F-HR,Susan Lopez,susan.lopez@fidelityin.com
Fidelity Investments,FNF,Walt Disney Co,DIS,254687106,1561157,625054807.13,0.0336,2025-03-31,New,13F-HR,,
BlackRock Inc,BLK,Bank of America,BAC,060505104,33968937,14853235553.28,0.6124,2025-12-31,Decreased,13F-HR,Margaret Williams,margaret.williams@blackrocki.com
Fidelity Investments,FNF,Alphabet Inc,GOOGL,02079K305,21378878,464688267.78,0.2700,2024-09-30,Unchanged,13F-HR,Jennifer Williams,jennifer.williams@fidelityin.com
Capital Group,CGBL,Home Depot,HD,437076102,12340696,9361872567.46,0.9572,2024-03-31,Unchanged,13F-HR,Robert White,robert.white@capitalgro.com
JP Morgan Asset Mgmt,JPM,Amazon.com Inc,AMZN,023135106,3916259,1647050082.32,0.2733,2025-12-31,Increased,13F-HR,Robert Jones,robert.jones@jpmorganas.com
Baupost Group,BPST,NVIDIA Corp,NVDA,67066G104,23277807,14806688251.92,2.3351,2025-06-30,Increased,13F-HR,Daniel Martinez,daniel.martinez@baupostgro.com
Two Sigma Investments,TWSM,Meta Platforms,META,30303M102,12525878,1194232196.99,0.6089,2024-12-31,New,13F-NT,Steven Anderson,steven.anderson@twosigmain.com
State Street Corp,STT,NVIDIA Corp,NVDA,67066G104,28054996,1482889083.23,0.5573,2024-09-30,Increased,13F-NT,Margaret Jones,margaret.jones@statestree.com
T. Rowe Price,TROW,Visa Inc,V,92826C839,18824496,3612294795.24,0.3190,2025-09-30,Increased,13F-HR,Karen Brown,karen.brown@troweprice.com
JP Morgan Asset Mgmt,JPM,Apple Inc,AAPL,037833100,1619726,619724652.24,0.0413,2024-06-30,Unchanged,13F-HR,Jennifer Lopez,jennifer.lopez@jpmorganas.com
T. Rowe Price,TROW,Bank of America,BAC,060505104,28940127,11297585604.97,0.4670,2024-09-30,New,13F-HR,Elizabeth Lopez,elizabeth.lopez@troweprice.com
Appaloosa Management,APLS,Berkshire Hathaway,BRK.B,084670702,6120862,3826754266.75,0.1435,2024-03-31,New,13F-HR,Sarah Smith,sarah.smith@appaloosam.com
T. Rowe Price,TROW,Exxon Mobil,XOM,30231G102,41981011,24570266075.54,0.7715,2025-09-30,Unchanged,13F-HR,Richard Martin,richard.martin@troweprice.com
Fidelity Investments,FNF,Johnson & Johnson,JNJ,478160104,21848914,4055791009.95,-1.4058,2025-03-31,New,13F-HR,Thomas Garcia,thomas.garcia@fidelityin.com
BlackRock Inc,BLK,Berkshire Hathaway,BRK.B,084670702,48157975,18675536163.40,0.6176,2024-12-31,Unchanged,13F-NT,Robert Smith,robert.smith@blackrocki.com
Baupost Group,BPST,Microsoft Corp,MSFT,594918104,N/A,263124099.98,0.0118,2025-12-31,Decreased,13F-HR,Mark Lopez,mark.lopez@baupostgro.com
Bridgewater Associates,BWTR,Meta Platforms,META,30303M102,10885054,2145534579.19,0.8297,2024-09-30,New,13F-NT,Dorothy Miller,dorothy.miller@bridgewate.com
Citadel Advisors,CDLC,Berkshire Hathaway,BRK.B,084670702,18647216,2653169526.95,0.3529,2024-09-30,Decreased,13F-HR,Mark White,mark.white@citadeladv.com
Goldman Sachs AM,GS,Coca-Cola Co,KO,191216100,1160633,730254144.16,0.0355,2024-09-30,Unchanged,13F-NT,Daniel Davis,daniel.davis@goldmansac.com
Baupost Group,BPST,Coca-Cola Co,KO,191216100,49868010,13906800054.55,0.8956,2024-09-30,Increased,13F-HR,Jennifer Rodriguez,jennifer.rodriguez@baupostgro.com
Point72 Asset Mgmt,PT72,UnitedHealth Group,UNH,91324P102,38359247,18666477446.09,1.8825,2024-12-31,Increased,13F-NT,David Miller,david.miller@point72ass.com
Capital Group,CGBL,Berkshire Hathaway,BRK.B,084670702,36485441,20424262891.15,0.4871,2024-03-31,New,13F-HR,David Smith,david.smith@capitalgro.com
AQR Capital Management,AQRC,Netflix Inc,NFLX,64110L106,28526293,2678952486.31,2.1375,2025-09-30,Unchanged,13F-HR,Nancy Taylor,nancy.taylor@aqrcapital.com
State Street Corp,STT,Netflix Inc,NFLX,64110L106,42497953,23947863759.88,0.7559,2025-03-31,Increased,13F-NT,Thomas White,thomas.white@statestree.com
Point72 Asset Mgmt,PT72,Home Depot,HD,437076102,26951752,6802738565.94,5.0261,2025-12-31,Unchanged,13F-HR,Susan Brown,susan.brown@point72ass.com
DE Shaw & Co,DSHW,Tesla Inc,TSLA,88160R101,30964854,13629756343.63,0.8320,2025-03-31,New,13F-HR,Thomas Martinez,thomas.martinez@deshaw&co.com
BlackRock Inc,BLK,Walt Disney Co,DIS,254687106,35187852,7298171235.83,0.6586,2025-12-31,New,13F-HR,Margaret Smith,margaret.smith@blackrocki.com
DE Shaw & Co,DSHW,Johnson & Johnson,JNJ,478160104,45639625,31199895390.34,0.8787,2024-03-31,Unchanged,13F-NT,Jennifer Davis,jennifer.davis@deshaw&co.com
Appaloosa Management,APLS,Coca-Cola Co,KO,191216100,4734647,3345392514.81,0.1318,2024-09-30,Unchanged,13F-HR,Patricia Johnson,patricia.johnson@appaloosam.com
Morgan Stanley IM,MS,Amazon.com Inc,AMZN,023135106,29765994,1628693241.92,0.9560,2024-09-30,Increased,13F-HR,Nancy Hernandez,nancy.hernandez@morganstan.com
BlackRock Inc,BLK,Coca-Cola Co,KO,191216100,40217109,15724333620.30,0.7315,2025-09-30,Increased,13F-HR,David Thomas,david.thomas@blackrocki.com
Fidelity Investments,FNF,Home Depot,HD,437076102,46007718,12140639629.31,0.6349,2024-06-30,Decreased,13F-HR,Dorothy Martinez,dorothy.martinez@fidelityin.com
AQR Capital Management,AQRC,Apple Inc,AAPL,037833100,10553900,7979668054.80,0.3598,2025-09-30,Unchanged,13F-HR,Sarah Jackson,sarah.jackson@aqrcapital.com
Capital Group,CGBL,UnitedHealth Group,UNH,91324P102,43065446,34215209216.86,3.8674,2024-09-30,New,13F-NT,Nancy White,nancy.white@capitalgro.com
Renaissance Technologies,RNTC,Visa Inc,V,92826C839,43294486,23159454975.36,4.8709,2025-12-31,Increased,13F-HR,Richard White,richard.white@renaissanc.com
State Street Corp,STT,Pfizer Inc,PFE,717081103,14972896,3171627943.93,0.2382,2026-08-19,Unchanged,13F-NT,David Davis,david.davis@statestree.com
Vanguard Group,VGI,Tesla Inc,TSLA,88160R101,4920677,3250106424.75,0.1049,2025-03-31,Increased,13F-HR,Daniel Anderson,daniel.anderson@vanguardgr.com
State Street Corp,STT,Coca-Cola Co,KO,191216100,19800474,12426237635.45,0.4597,2024-09-30,Unchanged,13F-HR,Thomas Anderson,thomas.anderson@statestree.com
Vanguard Group,VGI,JPMorgan Chase,JPM,46625H100,30530173,9387930919.84,0.5156,2024-06-30,New,13F-HR,Daniel Taylor,daniel.taylor@vanguardgr.com
Morgan Stanley IM,MS,Home Depot,HD,437076102,14788668,2416057079.99,0.2453,2024-12-31,Increased,13F-HR,Daniel Taylor,daniel.taylor@morganstan.com
AQR Capital Management,AQRC,Pfizer Inc,PFE,717081103,14379517,1398503951.87,0.2226,2025-12-31,Increased,13F-HR,Margaret Williams,margaret.williams@aqrcapital.com
Baupost Group,BPST,Microsoft Corp,MSFT,594918104,pending,6308359309.15,2.2176,2025-03-31,Unchanged,13F-HR,Richard Garcia,richard.garcia@baupostgro.com
Capital Group,CGBL,Berkshire Hathaway,BRK.B,084670702,2034828,449911617.45,0.0437,2024-03-31,Increased,13F-NT,Sarah Martinez,sarah.martinez@capitalgro.com
T. Rowe Price,TROW,Microsoft Corp,MSFT,594918104,35494609,7665353501.43,0.4463,2024-12-31,Increased,13F-HR,Karen Anderson,karen.anderson@troweprice.com
Vanguard Group,VGI,Meta Platforms,META,30303M102,19515902,6111227448.34,0.6618,2024-06-30,Unchanged,13F-HR,Michael Davis,michael.davis@vanguardgr.com
Appaloosa Management,APLS,Amazon.com Inc,AMZN,023135106,29726628,14277576384.77,1.4902,2025-06-30,Increased,13F-HR,Elizabeth Hernandez,elizabeth.hernandez@appaloosam.com
Citadel Advisors,CDLC,Cisco Systems,CSCO,17275R102,15729237,4155266725.49,0.2968,2024-09-30,Unchanged,13F-HR,Mark Miller,mark.miller@citadeladv.com
BlackRock Inc,BLK,Apple Inc,AAPL,037833100,18542099,7814943090.67,0.9104,2024-03-31,Increased,13F-HR,David Jones,david.jones@blackrocki.com
Bridgewater Associates,BWTR,UnitedHealth Group,UNH,91324P102,43494254,27324180857.86,5.2127,2025-09-30,New,13F-HR,Jennifer Taylor,jennifer.taylor@bridgewate.com
Goldman Sachs AM,GS,Intel Corp,INTC,458140100,49620605,34948729328.66,4.6087,2025-12-31,Unchanged,13F-HR,William Johnson,william.johnson@goldmansac.com
State Street Corp,STT,UnitedHealth Group,UNH,91324P102,4981570,2341719000.30,0.1445,2025-12-31,Unchanged,13F-HR,Richard Jones,richard.jones@statestree.com
Renaissance Technologies,RNTC,Amazon.com Inc,AMZN,023135106,17281563,743437874.58,0.2312,2024-12-31,New,13F-HR,Karen Davis,karen.davis@renaissanc.com
Wellington Management,WMGI,Exxon Mobil,XOM,30231G102,10520197,257886896.57,0.2723,2024-09-30,New,13F-HR,Nancy Thompson,nancy.thompson@wellington.com
Vanguard Group,VGI,Tesla Inc,TSLA,88160R101,10046881,4946065389.70,0.7961,2025-09-30,New,13F-NT,Dorothy Lopez,dorothy.lopez@vanguardgr.com
Capital Group,CGBL,Visa Inc,V,92826C839,11972855,1960012699.74,0.2869,2025-09-30,New,13F-HR,David Lopez,david.lopez@capitalgro.com
Capital Group,CGBL,Visa Inc,V,92826C839,6443277,1692857625.13,0.1160,2024-09-30,Unchanged,13F-HR,Mark Rodriguez,mark.rodriguez@capitalgro.com
Millennium Management,MLNM,Johnson & Johnson,JNJ,478160104,20584439,11284566244.93,0.2986,2024-12-31,Unchanged,13F-HR,Jennifer Johnson,jennifer.johnson@millennium.com
Fidelity Investments,FNF,Chevron Corp,CVX,166764100,26491630,19319808637.41,0.3635,2025-12-31,Unchanged,13F-HR,Richard Johnson,richard.johnson@fidelityin.com
Fidelity Investments,FNF,NVIDIA Corp,NVDA,67066G104,25742841,3620884319.29,2.0998,2025-06-30,Increased,13F-HR,James Thompson,james.thompson@fidelityin.com
Vanguard Group,VGI,Tesla Inc,TSLA,88160R101,6772758,237385767.09,0.2735,2025-09-30,Increased,13F-HR,Dorothy Smith,dorothy.smith@vanguardgr.com
Fidelity Investments,FNF,Johnson & Johnson,JNJ,478160104,26962927,13526414858.39,1.8641,2024-03-31,Decreased,13F-HR,Thomas Williams,thomas.williams@fidelityin.com
Wellington Management,WMGI,Home Depot,HD,437076102,2250082,1071994965.25,0.0634,2025-06-30,Decreased,13F-HR,William Taylor,william.taylor@wellington.com
Wellington Management,WMGI,Amazon.com Inc,AMZN,023135106,7010338,3830523830.79,0.5551,2024-09-30,New,13F-HR,Dorothy Martin,dorothy.martin@wellington.com
Bridgewater Associates,BWTR,Microsoft Corp,MSFT,594918104,10880765,7135084004.07,0.1468,2024-09-30,Unchanged,13F-HR,Patricia Hernandez,patricia.hernandez@bridgewate.com
Renaissance Technologies,RNTC,Apple Inc,AAPL,037833100,5011455,1744114265.29,0.1834,2024-03-31,Decreased,13F-HR,David Williams,david.williams@renaissanc.com
Baupost Group,BPST,Salesforce Inc,CRM,79466L302,pending,4134406857.30,1.5570,2025-09-30,Decreased,13F-HR,Patricia Lopez,patricia.lopez@baupostgro.com
Bridgewater Associates,BWTR,Microsoft Corp,MSFT,594918104,32647988,7034659472.84,0.5021,2024-09-30,Unchanged,13F-HR,Richard Davis,richard.davis@bridgewate.com
Millennium Management,MLNM,Johnson & Johnson,JNJ,478160104,20387311,8149284092.33,0.4019,2024-09-30,Unchanged,13F-HR,Elizabeth Smith,elizabeth.smith@millennium.com
DE Shaw & Co,DSHW,Coca-Cola Co,KO,191216100,45350576,8466367188.95,0.6643,2025-12-31,Decreased,13F-NT,Sarah Williams,sarah.williams@deshaw&co.com
JP Morgan Asset Mgmt,JPM,Meta Platforms,META,30303M102,210156,143577886.69,0.0092,2024-03-31,Increased,13F-HR,David Taylor,david.taylor@jpmorganas.com
Capital Group,CGBL,Coca-Cola Co,KO,191216100,13121528,6936946547.45,-0.2681,2024-09-30,New,13F-HR,Dorothy Lopez,dorothy.lopez@capitalgro.com
BlackRock Inc,BLK,Visa Inc,V,92826C839,8163654,5674770579.97,0.2112,2025-03-31,New,13F-HR,William Johnson,william.johnson@blackrocki.com
Bridgewater Associates,BWTR,Home Depot,HD,437076102,9536109,6981577842.34,0.2435,2025-06-30,New,13F-HR,Jennifer Rodriguez,jennifer.rodriguez@bridgewate.com
Citadel Advisors,CDLC,Exxon Mobil,XOM,30231G102,48357329,20701645930.92,0.7922,2025-06-30,Unchanged,13F-HR,Nancy Garcia,nancy.garcia@citadeladv.com
State Street Corp,STT,Tesla Inc,TSLA,88160R101,12133549,8144812869.76,0.3009,2025-03-31,Increased,13F-NT,Susan White,susan.white@statestree.com
Capital Group,CGBL,Berkshire Hathaway,BRK.B,084670702,8524462,4995071227.03,0.2398,2024-09-30,New,13F-HR,James Lopez,james.lopez@capitalgro.com
Citadel Advisors,CDLC,Home Depot,HD,437076102,17381327,11947024050.45,0.2379,2024-09-30,Unchanged,13F-HR,William Thompson,william.thompson@citadeladv.com
Wellington Management,WMGI,Meta Platforms,META,30303M102,35601377,27683428082.24,2.2609,2025-03-31,Unchanged,13F-HR,Robert Martinez,robert.martinez@wellington.com
DE Shaw & Co,DSHW,Adobe Inc,ADBE,00724F101,37896652,3995734262.19,5.9240,2024-06-30,Unchanged,13F-HR,Elizabeth Lopez,elizabeth.lopez@deshaw&co.com
Two Sigma Investments,TWSM,Amazon.com Inc,AMZN,023135106,40455028,26631792625.44,0.5129,2025-12-31,Decreased,13F-HR,James Jones,james.jones@twosigmain.com
JP Morgan Asset Mgmt,JPM,JPMorgan Chase,JPM,46625H100,19244443,10643032516.86,0.3548,2024-09-30,Increased,13F-NT,Robert Martinez,robert.martinez@jpmorganas.com
Capital Group,CGBL,Microsoft Corp,MSFT,594918104,6610951,4148872356.76,0.0863,2024-06-30,Decreased,13F-HR,James Thomas,james.thomas@capitalgro.com
Point72 Asset Mgmt,PT72,Tesla Inc,TSLA,88160R101,6454903,3869912829.08,0.2291,2025-09-30,Unchanged,13F-HR,Richard Taylor,richard.taylor@point72ass.com
Goldman Sachs AM,GS,Tesla Inc,TSLA,88160R101,19066547,11698568411.69,0.7844,2025-09-30,Increased,13F-HR,Patricia Brown,patricia.brown@goldmansac.com
State Street Corp,STT,Adobe Inc,ADBE,00724F101,2429060,1040462321.37,0.0853,2025-09-30,New,13F-HR,James Williams,james.williams@statestree.com
Two Sigma Investments,TWSM,Cisco Systems,CSCO,17275R102,24303170,4643611361.58,0.5080,2025-09-30,New,13F-HR,Nancy Martin,nancy.martin@twosigmain.com
Point72 Asset Mgmt,PT72,Exxon Mobil,XOM,30231G102,519351,85307718.27,0.0749,2025-06-30,New,13F-HR,David White,david.white@point72ass.com
Two Sigma Investments,TWSM,Exxon Mobil,XOM,30231G102,17953119,14163105244.29,0.6771,2025-09-30,Increased,13F-HR,Nancy Garcia,nancy.garcia@twosigmain.com
Renaissance Technologies,RNTC,Chevron Corp,CVX,166764100,17009599,826057598.35,0.5188,2025-12-31,New,13F-HR,Elizabeth Taylor,elizabeth.taylor@renaissanc.com
Fidelity Investments,FNF,Alphabet Inc,GOOGL,02079K305,9351910,1149903605.96,0.1265,2024-09-30,Unchanged,13F-HR,James Moore,james.moore@fidelityin.com
Wellington Management,WMGI,Netflix Inc,NFLX,64110L106,14866653,11782994106.97,0.2382,2024-06-30,Increased,13F-NT,Dorothy Lopez,dorothy.lopez@wellington.com
JP Morgan Asset Mgmt,JPM,Salesforce Inc,CRM,79466L302,28779832,724135797.66,1.0899,2025-06-30,Increased,13F-HR,Margaret Lopez,margaret.lopez@jpmorganas.com
Baupost Group,BPST,Tesla Inc,TSLA,88160R101,1573506,971795740.99,0.0288,2025-12-31,Unchanged,13F-HR,Thomas Jackson,thomas.jackson@baupostgro.com
State Street Corp,STT,NVIDIA Corp,NVDA,67066G104,7920770,3583407829.12,0.1584,2024-06-30,New,13F-HR,Michael Thompson,michael.thompson@statestree.com
DE Shaw & Co,DSHW,Bank of America,BAC,060505104,41895218,3441921994.87,7.0661,2025-06-30,Unchanged,13F-HR,Lisa Johnson,lisa.johnson@deshaw&co.com
Baupost Group,BPST,Meta Platforms,META,30303M102,46892212,18065468803.07,1.9087,2024-06-30,Increased,13F-HR,Steven Martin,steven.martin@baupostgro.com
Millennium Management,MLNM,Salesforce Inc,CRM,79466L302,42622769,23741808449.54,1.2208,2025-12-31,Increased,13F-HR,Daniel Hernandez,daniel.hernandez@millennium.com
Appaloosa Management,APLS,Tesla Inc,TSLA,88160R101,32550666,12932246963.00,0.6792,00-00-0000,Decreased,13F-HR,Steven Brown,steven.brown@appaloosam.com
Capital Group,CGBL,Home Depot,HD,437076102,19160761,13166790995.88,0.2545,2025-09-30,Unchanged,13F-HR,Robert White,robert.white@capitalgro.com
T. Rowe Price,TROW,Salesforce Inc,CRM,79466L302,38287607,23082971237.79,0.7814,2025-12-31,Increased,13F-HR,Steven Moore,steven.moore@troweprice.com
Point72 Asset Mgmt,PT72,Procter & Gamble,PG,742718109,17430226,5765228767.92,0.6895,2025-12-31,Increased,13F-HR,Daniel Moore,daniel.moore@point72ass.com
JP Morgan Asset Mgmt,JPM,Intel Corp,INTC,458140100,47013545,27919743478.63,1.2265,2024-12-31,Decreased,13F-HR,Karen Thomas,karen.thomas@jpmorganas.com
JP Morgan Asset Mgmt,JPM,Chevron Corp,CVX,166764100,435628,336900176.92,0.0055,2025-03-31,Unchanged,13F-HR,Richard Martin,richard.martin@jpmorganas.com
Wellington Management,WMGI,Berkshire Hathaway,BRK.B,084670702,44778778,32774704172.68,0.5626,2025-12-31,Unchanged,13F-HR,Nancy Jones,nancy.jones@wellington.com
BlackRock Inc,BLK,Apple Inc,AAPL,037833100,19626870,12003849992.61,0.3412,2024-12-31,Decreased,13F-HR,Steven Davis,steven.davis@blackrocki.com
Morgan Stanley IM,MS,Visa Inc,V,92826C839,26894367,7511907562.08,0.5501,2024-06-30,Decreased,13F-HR,Sarah Taylor,sarah.taylor@morganstan.com
Millennium Management,MLNM,Cisco Systems,CSCO,17275R102,10877270,5746664836.70,0.1746,2025-12-31,Unchanged,13F-NT,,
Goldman Sachs AM,GS,Apple Inc,AAPL,037833100,26010987,1369912400.43,1.0343,2025-03-31,Unchanged,13F-HR,Daniel Jones,daniel.jones@goldmansac.com
Fidelity Investments,FNF,Procter & Gamble,PG,742718109,41661888,25188466549.30,0.7169,2025-09-30,Unchanged,13F-HR,Sarah Garcia,sarah.garcia@fidelityin.com
Vanguard Group,VGI,Home Depot,HD,437076102,46272913,22357809800.75,2.6427,2025-12-31,Increased,13F-HR,Lisa Martinez,lisa.martinez@vanguardgr.com
Wellington Management,WMGI,Chevron Corp,CVX,166764100,6750126,4848980916.62,1.0001,2025-03-31,Increased,13F-HR,Mark Williams,mark.williams@wellington.com
Morgan Stanley IM,MS,Walt Disney Co,DIS,254687106,5668033,3008418967.28,0.1317,2024-09-30,Increased,13F-HR,Elizabeth Davis,elizabeth.davis@morganstan.com
State Street Corp,STT,Netflix Inc,NFLX,64110L106,unknown,2506217800.38,1.0777,2025-12-31,Unchanged,13F-HR,Karen Brown,karen.brown@statestree.com
T. Rowe Price,TROW,UnitedHealth Group,UNH,91324P102,16274225,6796824806.07,0.3812,2025-09-30,Decreased,13F-HR,Karen Brown,karen.brown@troweprice.com
Goldman Sachs AM,GS,NVIDIA Corp,NVDA,67066G104,31588233,9541553717.27,0.4538,2024-12-31,Unchanged,13F-HR,Jennifer Lopez,jennifer.lopez@goldmansac.com
Fidelity Investments,FNF,Berkshire Hathaway,BRK.B,084670702,16832226,2760634361.60,0.5052,2024-12-31,Increased,13F-NT,William Moore,william.moore@fidelityin.com
Fidelity Investments,FNF,Meta Platforms,META,30303M102,10706844,1080280114.24,0.1559,2024-03-31,Increased,13F-NT,Susan Moore,susan.moore@fidelityin.com
Citadel Advisors,CDLC,Coca-Cola Co,KO,191216100,49322600,14481569902.62,1.7344,2025-12-31,Decreased,13F-HR,Karen Rodriguez,karen.rodriguez@citadeladv.com
Morgan Stanley IM,MS,Adobe Inc,ADBE,00724F101,13319450,2790272548.08,0.2242,2024-12-31,New,13F-HR,Robert Brown,robert.brown@morganstan.com
Baupost Group,BPST,JPMorgan Chase,JPM,46625H100,26422957,14065279453.10,0.4364,2025-06-30,Decreased,13F-HR,Elizabeth Hernandez,elizabeth.hernandez@baupostgro.com
JP Morgan Asset Mgmt,JPM,UnitedHealth Group,UNH,91324P102,10169442,5968670574.07,1.1592,2025-12-31,Unchanged,13F-NT,William Thomas,william.thomas@jpmorganas.com
State Street Corp,STT,Amazon.com Inc,AMZN,023135106,6293645,936420349.74,0.8430,2024-12-31,Unchanged,13F-HR,Elizabeth Thompson,elizabeth.thompson@statestree.com
BlackRock Inc,BLK,Home Depot,HD,437076102,43547541,4468210182.23,0.8577,2025-06-30,Unchanged,13F-HR,David White,david.white@blackrocki.com
BlackRock Inc,BLK,Meta Platforms,META,30303M102,42229569,27012250517.36,1.0980,2025-03-31,Increased,13F-HR,James Martin,james.martin@blackrocki.com
Bridgewater Associates,BWTR,Walt Disney Co,DIS,254687106,29015893,15969807637.79,0.3833,2025-09-30,Increased,13F-NT,Patricia Jones,patricia.jones@bridgewate.com
Baupost Group,BPST,Berkshire Hathaway,BRK.B,084670702,398494,223939963.42,0.0060,2025-09-30,Increased,13F-HR,James Jackson,james.jackson@baupostgro.com
Bridgewater Associates,BWTR,Alphabet Inc,GOOGL,02079K305,48286567,5921878472.55,1.9578,2025-03-31,New,13F-HR,Robert Jones,robert.jones@bridgewate.com
State Street Corp,STT,Berkshire Hathaway,BRK.B,084670702,6967092,693521135.88,0.8535,2025-06-30,New,13F-HR,Jennifer Johnson,jennifer.johnson@statestree.com
Point72 Asset Mgmt,PT72,Apple Inc,AAPL,037833100,39508019,12581043725.70,1.0390,2024-12-31,Unchanged,13F-HR,Robert Davis,robert.davis@point72ass.com
JP Morgan Asset Mgmt,JPM,Coca-Cola Co,KO,191216100,34983054,18872873093.09,2.5073,2024-06-30,Decreased,13F-HR,Daniel Martinez,daniel.martinez@jpmorganas.com
JP Morgan Asset Mgmt,JPM,Walt Disney Co,DIS,254687106,31940372,19709557806.71,0.8045,2025-06-30,New,13F-HR,,
Bridgewater Associates,BWTR,Bank of America,BAC,060505104,38011157,17902765517.83,0.8444,2025-12-31,Unchanged,13F-HR,William Lopez,william.lopez@bridgewate.com
Point72 Asset Mgmt,PT72,JPMorgan Chase,JPM,46625H100,41954540,10748887098.98,1.5031,2024-09-30,Unchanged,13F-NT,Nancy Garcia,nancy.garcia@point72ass.com
DE Shaw & Co,DSHW,Berkshire Hathaway,BRK.B,084670702,26675614,16579974938.59,1.1022,2024-03-31,New,13F-HR,Karen White,karen.white@deshaw&co.com
Baupost Group,BPST,Tesla Inc,TSLA,88160R101,32817160,22483615205.32,0.5335,2025-06-30,Unchanged,13F-HR,Thomas Williams,thomas.williams@baupostgro.com
AQR Capital Management,AQRC,Berkshire Hathaway,BRK.B,084670702,19970449,7464243361.62,0.5776,2025-09-30,Unchanged,13F-HR,Sarah Moore,sarah.moore@aqrcapital.com
Fidelity Investments,FNF,Chevron Corp,CVX,166764100,8561153,5405675502.89,0.2482,2025-03-31,Increased,13F-NT,Jennifer Johnson,jennifer.johnson@fidelityin.com
Capital Group,CGBL,Cisco Systems,CSCO,17275R102,29876921,6845738298.48,1.1758,2024-03-31,Unchanged,13F-NT,Dorothy Hernandez,dorothy.hernandez@capitalgro.com
Citadel Advisors,CDLC,Amazon.com Inc,AMZN,023135106,22212770,8640826914.97,0.4411,2025-09-30,Decreased,13F-HR,Steven White,steven.white@citadeladv.com
Two Sigma Investments,TWSM,Adobe Inc,ADBE,00724F101,48419732,24571034153.91,4.1402,2024-06-30,Increased,13F-HR,Lisa Williams,lisa.williams@twosigmain.com
Fidelity Investments,FNF,Berkshire Hathaway,BRK.B,084670702,18153786,9540959615.59,0.2288,2025-06-30,New,13F-HR,Karen Martinez,karen.martinez@fidelityin.com
Fidelity Investments,FNF,Chevron Corp,CVX,166764100,873468,675161568.81,0.0310,2024-09-30,Decreased,13F-NT,Mark White,mark.white@fidelityin.com
Citadel Advisors,CDLC,NVIDIA Corp,NVDA,67066G104,8377751,1113325514.98,0.7094,2024-12-31,Decreased,13F-HR,Susan Williams,susan.williams@citadeladv.com
Fidelity Investments,FNF,Alphabet Inc,GOOGL,02079K305,12179790,5576665262.77,-0.1758,2025-03-31,Decreased,13F-HR,Margaret Davis,margaret.davis@fidelityin.com
DE Shaw & Co,DSHW,Microsoft Corp,MSFT,594918104,28281570,4858838797.50,1.7284,2024-09-30,Decreased,13F-NT,Patricia Miller,patricia.miller@deshaw&co.com
T. Rowe Price,TROW,Apple Inc,AAPL,037833100,13821339,2920775413.18,0.1766,2025-03-31,New,13F-NT,Susan Moore,susan.moore@troweprice.com
Point72 Asset Mgmt,PT72,Visa Inc,V,92826C839,10351205,2545528679.39,0.1322,2024-12-31,Unchanged,13F-HR,Daniel Martin,daniel.martin@point72ass.com
Vanguard Group,VGI,Intel Corp,INTC,458140100,16752698,4789401959.83,0.2205,2025-03-31,Unchanged,13F-NT,Nancy Miller,nancy.miller@vanguardgr.com
Bridgewater Associates,BWTR,UnitedHealth Group,UNH,91324P102,22887759,15545317859.67,1.9127,2024-03-31,Unchanged,13F-NT,Robert Moore,robert.moore@bridgewate.com
Morgan Stanley IM,MS,Tesla Inc,TSLA,88160R101,9024785,5668158307.74,0.2196,2025-12-31,Increased,13F-HR,Sarah Hernandez,sarah.hernandez@morganstan.com
Renaissance Technologies,RNTC,Intel Corp,INTC,458140100,46725992,36102010211.24,2.2289,2024-03-31,New,13F-HR,David White,david.white@renaissanc.com
Millennium Management,MLNM,Johnson & Johnson,JNJ,478160104,9630958,4302690379.13,0.5167,2024-09-30,Unchanged,13F-NT,David Williams,david.williams@millennium.com
Bridgewater Associates,BWTR,Netflix Inc,NFLX,64110L106,28593434,14104079679.30,0.6135,2025-12-31,Increased,13F-HR,David Hernandez,david.hernandez@bridgewate.com
Baupost Group,BPST,Amazon.com Inc,AMZN,023135106,34150582,25735494499.19,2.1318,not_a_date,Decreased,13F-NT,Patricia White,patricia.white@baupostgro.com
Millennium Management,MLNM,Home Depot,HD,437076102,2493953,957704304.78,0.0327,2024-12-31,Unchanged,13F-HR,James Moore,james.moore@millennium.com
BlackRock Inc,BLK,Procter & Gamble,PG,742718109,43640431,3208546123.64,0.8785,2024-12-31,Increased,13F-HR,James Davis,james.davis@blackrocki.com
Wellington Management,WMGI,Walt Disney Co,DIS,254687106,4599014,2303401939.98,0.1081,2025-03-31,Increased,13F-HR,David Anderson,david.anderson@wellington.com
T. Rowe Price,TROW,Chevron Corp,CVX,166764100,48403510,34399090700.75,2.8429,2025-06-30,Unchanged,13F-NT,Robert Williams,robert.williams@troweprice.com
Vanguard Group,VGI,Visa Inc,V,92826C839,12037638,1652434011.21,0.2368,2025-09-30,Increased,13F-HR,James Martinez,james.martinez@vanguardgr.com
T. Rowe Price,TROW,Bank of America,BAC,060505104,44825626,15449115573.97,5.9939,2025-09-30,New,13F-HR,Sarah Anderson,sarah.anderson@troweprice.com
Baupost Group,BPST,Procter & Gamble,PG,742718109,9054203,478344215.74,0.2280,2024-09-30,Increased,13F-HR,Robert Johnson,robert.johnson@baupostgro.com
Wellington Management,WMGI,NVIDIA Corp,NVDA,67066G104,8394644,2790638510.21,0.1215,2024-12-31,Increased,13F-HR,Richard Johnson,richard.johnson@wellington.com
Renaissance Technologies,RNTC,NVIDIA Corp,NVDA,67066G104,31994996,21444071506.12,0.9984,2025-09-30,Increased,13F-HR,Sarah Smith,sarah.smith@renaissanc.com
Baupost Group,BPST,Johnson & Johnson,JNJ,478160104,31223037,23060325890.81,1.9837,2025-06-30,Unchanged,13F-NT,William Brown,william.brown@baupostgro.com
Morgan Stanley IM,MS,Home Depot,HD,437076102,17700707,4226606150.92,0.4156,2025-06-30,New,13F-NT,James Thomas,james.thomas@morganstan.com
Capital Group,CGBL,Bank of America,BAC,060505104,28558495,15380946811.49,1.4993,2025-12-31,Increased,13F-NT,Nancy Brown,nancy.brown@capitalgro.com
Appaloosa Management,APLS,Microsoft Corp,MSFT,594918104,18887836,4566692860.29,0.2896,2024-09-30,Unchanged,13F-HR,Sarah Thompson,sarah.thompson@appaloosam.com
T. Rowe Price,TROW,Pfizer Inc,PFE,717081103,18743386,2258732380.79,0.3304,2024-03-31,Unchanged,13F-HR,David Smith,david.smith@troweprice.com
Vanguard Group,VGI,UnitedHealth Group,UNH,91324P102,2818353,86352260.95,0.0614,2024-09-30,Increased,13F-HR,Jennifer Smith,jennifer.smith@vanguardgr.com
Appaloosa Management,APLS,UnitedHealth Group,UNH,91324P102,40932807,29384764916.58,0.5163,2024-09-30,New,13F-HR,James Williams,james.williams@appaloosam.com
Two Sigma Investments,TWSM,Cisco Systems,CSCO,17275R102,45394463,28883692345.28,6.9863,2025-06-30,Unchanged,13F-HR,Jennifer Smith,jennifer.smith@twosigmain.com
DE Shaw & Co,DSHW,UnitedHealth Group,UNH,91324P102,47278086,36280709778.48,0.8865,2025-09-30,Unchanged,13F-HR,Michael Davis,michael.davis@deshaw&co.com
Fidelity Investments,FNF,Pfizer Inc,PFE,717081103,38144228,5323304078.98,4.2096,2024-03-31,Decreased,13F-HR,Mark Martinez,mark.martinez@fidelityin.com
Point72 Asset Mgmt,PT72,Bank of America,BAC,060505104,31175326,16080379301.36,1.2687,2024-12-31,Decreased,13F-HR,Karen Johnson,karen.johnson@point72ass.com
T. Rowe Price,TROW,Amazon.com Inc,AMZN,023135106,24887703,1898364584.40,2.6252,2025-12-31,Increased,13F-NT,Thomas Jones,thomas.jones@troweprice.com
Baupost Group,BPST,Bank of America,BAC,060505104,44648899,7543118408.34,1.3605,2024-06-30,Unchanged,13F-NT,Elizabeth Williams,elizabeth.williams@baupostgro.com
Capital Group,CGBL,Salesforce Inc,CRM,79466L302,19167296,11891500132.81,0.2578,2025-12-31,Increased,13F-HR,Karen Lopez,karen.lopez@capitalgro.com
Millennium Management,MLNM,Intel Corp,INTC,458140100,18959132,10677281222.65,0.3366,2025-03-31,New,13F-HR,Margaret Thomas,margaret.thomas@millennium.com
JP Morgan Asset Mgmt,JPM,Walt Disney Co,DIS,254687106,45785022,34678427424.65,1.4184,2025-06-30,Increased,13F-HR,Steven Rodriguez,steven.rodriguez@jpmorganas.com
AQR Capital Management,AQRC,NVIDIA Corp,NVDA,67066G104,46287943,26301797829.67,0.8894,2025-12-31,Increased,13F-NT,Elizabeth Johnson,elizabeth.johnson@aqrcapital.com
AQR Capital Management,AQRC,Amazon.com Inc,AMZN,023135106,33145110,9661336581.33,0.9504,2025-09-30,Increased,13F-HR,David Thomas,david.thomas@aqrcapital.com
DE Shaw & Co,DSHW,Pfizer Inc,PFE,717081103,6234740,610633181.12,0.2585,2024-09-30,New,13F-HR,Daniel Jackson,daniel.jackson@deshaw&co.com
Citadel Advisors,CDLC,Apple Inc,AAPL,037833100,46054596,24004453108.82,0.7693,2024-03-31,Unchanged,13F-HR,Thomas Johnson,thomas.johnson@citadeladv.com
Millennium Management,MLNM,Apple Inc,AAPL,037833100,36646846,22921464663.87,1.0746,2025-09-30,Increased,13F-HR,Dorothy Jones,dorothy.jones@millennium.com
Millennium Management,MLNM,Cisco Systems,CSCO,17275R102,33155548,26374233365.86,0.6686,2024-12-31,Increased,13F-NT,Margaret Anderson,margaret.anderson@millennium.com
State Street Corp,STT,Procter & Gamble,PG,742718109,25358191,3825473545.42,1.0585,2025-09-30,Increased,13F-HR,Nancy Lopez,nancy.lopez@statestree.com
State Street Corp,STT,Berkshire Hathaway,BRK.B,084670702,36179488,21410138778.69,0.5123,2025-09-30,Unchanged,13F-NT,Robert Lopez,robert.lopez@statestree.com
Wellington Management,WMGI,Amazon.com Inc,AMZN,023135106,28272614,19752782899.95,2.0431,2024-06-30,Increased,13F-HR,Sarah Martinez,sarah.martinez@wellington.com
Bridgewater Associates,BWTR,Home Depot,HD,437076102,14811368,6243912830.67,0.2144,2024-09-30,Unchanged,13F-HR,Nancy Jackson,nancy.jackson@bridgewate.com
AQR Capital Management,AQRC,Alphabet Inc,GOOGL,02079K305,30169672,16629478477.94,1.8974,2025-03-31,New,13F-NT,Lisa Johnson,lisa.johnson@aqrcapital.com
AQR Capital Management,AQRC,Home Depot,HD,437076102,8238788,6140378176.76,0.1075,2025-09-30,Decreased,13F-HR,Margaret White,margaret.white@aqrcapital.com
BlackRock Inc,BLK,UnitedHealth Group,UNH,91324P102,46349593,9516120651.03,1.2517,2025-06-30,New,13F-HR,Patricia Taylor,patricia.taylor@blackrocki.com
Baupost Group,BPST,Tesla Inc,TSLA,88160R101,20568641,3489270466.74,0.3300,2025-06-30,Decreased,13F-NT,Mark Rodriguez,mark.rodriguez@baupostgro.com
Two Sigma Investments,TWSM,Microsoft Corp,MSFT,594918104,15581499,1429646663.60,2.8687,2024-12-31,Unchanged,13F-HR,Mark Thompson,mark.thompson@twosigmain.com
Goldman Sachs AM,GS,Salesforce Inc,CRM,79466L302,49061248,30079038447.44,1.6593,2025-06-30,Increased,13F-HR,,
Morgan Stanley IM,MS,Berkshire Hathaway,BRK.B,084670702,17862465,11529418698.27,0.3534,2025-03-31,Decreased,13F-HR,Michael Smith,michael.smith@morganstan.com
T. Rowe Price,TROW,Chevron Corp,CVX,166764100,32869320,8062552439.98,2.5215,2024-09-30,New,13F-HR,Steven Lopez,steven.lopez@troweprice.com
Bridgewater Associates,BWTR,Exxon Mobil,XOM,30231G102,43961714,2566830530.97,3.1313,2024-06-30,Increased,13F-NT,Margaret Miller,margaret.miller@bridgewate.com
Fidelity Investments,FNF,Salesforce Inc,CRM,79466L302,24966284,1185312912.02,0.3261,2025-03-31,Increased,13F-HR,Daniel Miller,daniel.miller@fidelityin.com
Vanguard Group,VGI,Procter & Gamble,PG,742718109,40174442,11240119379.36,1.0727,2025-09-30,Increased,13F-HR,Sarah Anderson,sarah.anderson@vanguardgr.com
BlackRock Inc,BLK,Tesla Inc,TSLA,88160R101,45006423,8487566215.92,1.1208,2024-03-31,New,13F-HR,Jennifer Martin,jennifer.martin@blackrocki.com
DE Shaw & Co,DSHW,Visa Inc,V,92826C839,14194589,9841924716.79,0.8275,2024-09-30,Unchanged,13F-NT,Robert Williams,robert.williams@deshaw&co.com
Renaissance Technologies,RNTC,Salesforce Inc,CRM,79466L302,38071259,14426280352.95,1.2030,2025-03-31,Unchanged,13F-NT,Steven Smith,steven.smith@renaissanc.com
Bridgewater Associates,BWTR,Visa Inc,V,92826C839,12343560,373456516.44,0.3549,2024-12-31,New,13F-HR,Margaret Taylor,margaret.taylor@bridgewate.com
Two Sigma Investments,TWSM,Apple Inc,AAPL,037833100,15346152,10936114305.13,1.1055,2025-09-30,Increased,13F-HR,Susan Lopez,susan.lopez@twosigmain.com
Point72 Asset Mgmt,PT72,Walt Disney Co,DIS,254687106,15990632,3529713412.90,0.6320,2024-12-31,Unchanged,13F-HR,David Jackson,david.jackson@point72ass.com
T. Rowe Price,TROW,Tesla Inc,TSLA,88160R101,21218517,13350027094.23,0.7264,2024-03-31,Increased,13F-HR,Thomas Moore,thomas.moore@troweprice.com
Point72 Asset Mgmt,PT72,Chevron Corp,CVX,166764100,2933276,1830444064.20,0.0408,2025-03-31,Unchanged,13F-HR,Patricia Davis,patricia.davis@point72ass.com
Baupost Group,BPST,Exxon Mobil,XOM,30231G102,38541819,861832623.94,0.6571,2025-03-31,Increased,13F-HR,Michael Anderson,michael.anderson@baupostgro.com
Bridgewater Associates,BWTR,JPMorgan Chase,JPM,46625H100,N/A,22582781666.81,2.9461,2025-09-30,Increased,13F-HR,Daniel White,daniel.white@bridgewate.com
Two Sigma Investments,TWSM,Apple Inc,AAPL,037833100,19605076,3606656296.33,1.0978,2025-09-30,Unchanged,13F-HR,Jennifer Rodriguez,jennifer.rodriguez@twosigmain.com
Renaissance Technologies,RNTC,Microsoft Corp,MSFT,594918104,24338558,10989196823.47,2.9833,2024-12-31,Unchanged,13F-HR,Nancy Moore,nancy.moore@renaissanc.com
Appaloosa Management,APLS,Adobe Inc,ADBE,00724F101,49934728,34903556306.72,1.3899,00-00-0000,Unchanged,13F-HR,Robert Jones,robert.jones@appaloosam.com
T. Rowe Price,TROW,Berkshire Hathaway,BRK.B,084670702,37009260,5626236523.85,1.2435,2024-06-30,Increased,13F-HR,Daniel Miller,daniel.miller@troweprice.com
Two Sigma Investments,TWSM,Tesla Inc,TSLA,88160R101,25106063,18085349530.89,0.6247,2025-06-30,New,13F-NT,Steven Garcia,steven.garcia@twosigmain.com
Fidelity Investments,FNF,Chevron Corp,CVX,166764100,31846199,18071355156.77,0.5609,2025-03-31,Unchanged,13F-HR,James Martinez,james.martinez@fidelityin.com
Vanguard Group,VGI,Apple Inc,AAPL,037833100,22257167,15246798660.14,0.3625,2024-03-31,Increased,13F-HR,Thomas Miller,thomas.miller@vanguardgr.com
AQR Capital Management,AQRC,Amazon.com Inc,AMZN,023135106,33939980,2713588371.59,0.8779,2024-09-30,Unchanged,13F-HR,Patricia Jones,patricia.jones@aqrcapital.com
Renaissance Technologies,RNTC,Intel Corp,INTC,458140100,37436677,12060986377.06,0.8078,2024-03-31,Unchanged,13F-HR,Jennifer Martinez,jennifer.martinez@renaissanc.com
Baupost Group,BPST,Chevron Corp,CVX,166764100,22400496,16467976148.37,1.5840,2024-03-31,Increased,13F-HR,Dorothy Johnson,dorothy.johnson@baupostgro.com
Fidelity Investments,FNF,Microsoft Corp,MSFT,594918104,31192017,15260997920.70,2.1648,2024-03-31,Unchanged,13F-HR,Patricia Hernandez,patricia.hernandez@fidelityin.com
Two Sigma Investments,TWSM,Berkshire Hathaway,BRK.B,084670702,7726543,5265633923.53,0.1391,2024-12-31,New,13F-HR,William Hernandez,william.hernandez@twosigmain.com
Baupost Group,BPST,Home Depot,HD,437076102,36618767,14739146473.40,-2.2267,2024-12-31,New,13F-HR,Karen Martin,karen.martin@baupostgro.com
Citadel Advisors,CDLC,Coca-Cola Co,KO,191216100,40396985,24561760378.01,0.9068,2025-09-30,Unchanged,13F-HR,Karen Thompson,karen.thompson@citadeladv.com
Capital Group,CGBL,Walt Disney Co,DIS,254687106,18617599,12837891591.27,0.3437,2024-03-31,Decreased,13F-HR,Richard Thompson,richard.thompson@capitalgro.com
Vanguard Group,,Walt Disney Co,DIS,254687106,3704095,256069606.44,0.2599,2025-12-31,Unchanged,13F-HR,Thomas Thomas,thomas.thomas@vanguardgr.com
Fidelity Investments,FNF,Bank of America,BAC,060505104,19509299,934426651.34,3.0987,2025-12-31,Increased,13F-HR,Lisa Miller,lisa.miller@fidelityin.com
Goldman Sachs AM,GS,Procter & Gamble,PG,742718109,11276733,5821339169.98,0.2432,2025-06-30,New,13F-HR,William Moore,william.moore@goldmansac.com
Point72 Asset Mgmt,PT72,Microsoft Corp,MSFT,594918104,5714417,2973875983.31,0.0743,2024-09-30,New,13F-HR,Dorothy Davis,dorothy.davis@point72ass.com
Capital Group,CGBL,UnitedHealth Group,UNH,91324P102,38543796,10245119422.88,2.7884,2024-12-31,Unchanged,13F-HR,Robert Thompson,robert.thompson@capitalgro.com
DE Shaw & Co,DSHW,Johnson & Johnson,JNJ,478160104,41242138,11625318545.43,0.5916,2025-09-30,Unchanged,13F-HR,Nancy Brown,nancy.brown@deshaw&co.com
Citadel Advisors,CDLC,JPMorgan Chase,JPM,46625H100,40609462,21260383435.20,3.1067,2025-09-30,Increased,13F-HR,Jennifer Hernandez,jennifer.hernandez@citadeladv.com
Fidelity Investments,FNF,Chevron Corp,CVX,166764100,37778743,24083622965.61,1.3626,2024-06-30,Unchanged,13F-HR,Thomas Garcia,thomas.garcia@fidelityin.com
Morgan Stanley IM,MS,Home Depot,HD,437076102,26632830,6291758286.66,1.2575,2024-06-30,Increased,13F-HR,William Jones,william.jones@morganstan.com
Baupost Group,BPST,Bank of America,BAC,060505104,18189472,12154234393.98,0.2929,2024-09-30,Unchanged,13F-HR,William Davis,william.davis@baupostgro.com
Baupost Group,BPST,NVIDIA Corp,NVDA,67066G104,25675767,12612358215.46,0.3757,2025-09-30,Increased,13F-HR,James Thomas,james.thomas@baupostgro.com
Millennium Management,MLNM,Apple Inc,AAPL,037833100,2260038,1186136041.38,0.0694,2025-03-31,Increased,13F-HR,Daniel Johnson,daniel.johnson@millennium.com
Point72 Asset Mgmt,PT72,Amazon.com Inc,AMZN,023135106,30108201,4337602897.56,0.7116,2024-12-31,New,13F-NT,Lisa Davis,lisa.davis@point72ass.com
Capital Group,CGBL,JPMorgan Chase,JPM,46625H100,8519252,2077090395.01,0.3037,2025-06-30,Increased,13F-HR,Daniel Smith,daniel.smith@capitalgro.com
Wellington Management,WMGI,Cisco Systems,CSCO,17275R102,37714201,3343138527.29,2.4281,2024-12-31,Increased,13F-HR,Susan Thompson,susan.thompson@wellington.com
State Street Corp,STT,NVIDIA Corp,NVDA,67066G104,30439150,19351970118.33,0.9965,2024-06-30,Unchanged,13F-HR,,
Bridgewater Associates,BWTR,Tesla Inc,TSLA,88160R101,42805017,6458175994.58,4.2348,2025-06-30,Decreased,13F-HR,Margaret Lopez,margaret.lopez@bridgewate.com
Millennium Management,MLNM,Netflix Inc,NFLX,64110L106,44010816,27798447323.80,0.8436,2025-09-30,Increased,13F-HR,Richard Smith,richard.smith@millennium.com
Millennium Management,MLNM,Adobe Inc,ADBE,00724F101,28016766,5812958684.11,2.4235,2024-12-31,Decreased,13F-HR,Elizabeth Lopez,elizabeth.lopez@millennium.com
Morgan Stanley IM,MS,Chevron Corp,CVX,166764100,42596775,21823753543.82,1.4028,2024-12-31,Unchanged,13F-HR,Jennifer Davis,jennifer.davis@morganstan.com
AQR Capital Management,AQRC,Microsoft Corp,MSFT,594918104,28315704,15174164738.49,1.0996,2024-03-31,Increased,13F-HR,David Thompson,david.thompson@aqrcapital.com
Fidelity Investments,FNF,Netflix Inc,NFLX,64110L106,38420634,26152890000.73,0.5820,2024-09-30,Increased,13F-HR,Patricia Johnson,patricia.johnson@fidelityin.com
Morgan Stanley IM,MS,NVIDIA Corp,NVDA,67066G104,42609681,27914073147.34,0.9140,2025-09-30,Unchanged,13F-HR,Karen Taylor,karen.taylor@morganstan.com
T. Rowe Price,TROW,Netflix Inc,NFLX,64110L106,37641846,21579429122.21,2.7292,2024-06-30,Unchanged,13F-HR,William Davis,william.davis@troweprice.com
Renaissance Technologies,RNTC,Meta Platforms,META,30303M102,20475496,12246991299.78,0.6130,2024-06-30,Increased,13F-NT,Robert Martinez,robert.martinez@renaissanc.com
DE Shaw & Co,DSHW,Apple Inc,AAPL,037833100,30455998,14632464569.14,0.3877,2024-09-30,New,13F-HR,Jennifer Moore,jennifer.moore@deshaw&co.com
JP Morgan Asset Mgmt,JPM,Netflix Inc,NFLX,64110L106,21904075,1569503035.68,0.2929,2025-09-30,Decreased,13F-HR,William Taylor,william.taylor@jpmorganas.com
Appaloosa Management,APLS,Pfizer Inc,PFE,717081103,42100764,22862022642.83,1.7006,2025-03-31,Decreased,13F-HR,Margaret Smith,margaret.smith@appaloosam.com
Vanguard Group,VGI,Intel Corp,INTC,458140100,30111878,11756295667.63,0.5595,2024-09-30,Unchanged,13F-HR,Michael Moore,michael.moore@vanguardgr.com
Fidelity Investments,FNF,UnitedHealth Group,UNH,91324P102,19303846,5492691899.48,0.4271,2025-12-31,Decreased,13F-HR,Steven Brown,steven.brown@fidelityin.com
BlackRock Inc,BLK,Berkshire Hathaway,BRK.B,084670702,29111803,17432677326.06,0.6840,2025-06-30,Unchanged,13F-HR,Nancy Taylor,nancy.taylor@blackrocki.com
Morgan Stanley IM,MS,Adobe Inc,ADBE,00724F101,37450376,27032223113.64,1.1346,2024-06-30,Decreased,13F-HR,Sarah Smith,sarah.smith@morganstan.com
Capital Group,CGBL,Exxon Mobil,XOM,30231G102,21230802,10532160849.49,0.3001,2025-12-31,New,13F-HR,Robert Brown,robert.brown@capitalgro.com
Point72 Asset Mgmt,PT72,Apple Inc,AAPL,037833100,33833193,20079374268.41,0.7104,2024-12-31,Decreased,13F-HR,Susan Davis,susan.davis@point72ass.com
DE Shaw & Co,DSHW,Walt Disney Co,DIS,254687106,47237708,20276755060.98,0.9621,2024-03-31,Decreased,13F-NT,,
T. Rowe Price,TROW,Netflix Inc,NFLX,64110L106,37312506,15170675933.51,0.7980,2025-09-30,Decreased,13F-HR,Daniel Jackson,daniel.jackson@troweprice.com
State Street Corp,STT,Coca-Cola Co,KO,191216100,14903036,7898562246.54,0.2427,2025-12-31,Increased,13F-HR,Elizabeth Lopez,elizabeth.lopez@statestree.com
Millennium Management,MLNM,Coca-Cola Co,KO,191216100,18074546,3110962013.27,0.6084,2025-06-30,Increased,13F-HR,Lisa Anderson,lisa.anderson@millennium.com
JP Morgan Asset Mgmt,JPM,Amazon.com Inc,AMZN,023135106,46194566,1214928099.24,0.9515,2024-09-30,Increased,13F-HR,William Martinez,william.martinez@jpmorganas.com
Appaloosa Management,APLS,Cisco Systems,CSCO,17275R102,13107259,4237135969.32,0.3310,2025-09-30,Decreased,13F-HR,Nancy Martinez,nancy.martinez@appaloosam.com
Vanguard Group,VGI,Coca-Cola Co,KO,191216100,12982715,7721058565.74,0.2447,2026-11-12,Decreased,13F-HR,Michael Thompson,michael.thompson@vanguardgr.com
Vanguard Group,VGI,Cisco Systems,CSCO,17275R102,26719326,20742583337.13,2.8399,2024-06-30,Increased,13F-NT,James Davis,james.davis@vanguardgr.com
Fidelity Investments,FNF,Netflix Inc,NFLX,64110L106,31572350,6010300309.94,0.8915,2024-03-31,Increased,13F-HR,Sarah Jackson,sarah.jackson@fidelityin.com
T. Rowe Price,TROW,JPMorgan Chase,JPM,46625H100,29941320,21230508633.47,0.6056,2025-03-31,Increased,13F-HR,Dorothy Lopez,dorothy.lopez@troweprice.com
Wellington Management,WMGI,Chevron Corp,CVX,166764100,38560440,16322344620.33,0.5609,2024-09-30,Increased,13F-NT,Margaret Brown,margaret.brown@wellington.com
Two Sigma Investments,TWSM,Bank of America,BAC,060505104,20490781,10569052500.99,0.3965,2024-12-31,Decreased,13F-HR,Elizabeth Hernandez,elizabeth.hernandez@twosigmain.com
Point72 Asset Mgmt,PT72,Walt Disney Co,DIS,254687106,7650564,1370048918.06,0.1255,2024-06-30,Unchanged,13F-HR,Lisa Rodriguez,lisa.rodriguez@point72ass.com
JP Morgan Asset Mgmt,JPM,Adobe Inc,ADBE,00724F101,29212386,18311812066.90,0.5528,2025-12-31,Increased,13F-NT,James Taylor,james.taylor@jpmorganas.com
Capital Group,CGBL,Alphabet Inc,GOOGL,02079K305,2161994,292661371.92,0.1718,2024-12-31,Increased,13F-NT,Patricia Hernandez,patricia.hernandez@capitalgro.com
AQR Capital Management,AQRC,Coca-Cola Co,KO,191216100,46528156,15782240331.24,0.6241,2099-13-45,Unchanged,13F-NT,Richard Jones,richard.jones@aqrcapital.com
Morgan Stanley IM,MS,Salesforce Inc,CRM,79466L302,42360865,28228267901.73,1.6131,2025-12-31,Decreased,13F-HR,Daniel Johnson,daniel.johnson@morganstan.com
JP Morgan Asset Mgmt,JPM,Visa Inc,V,92826C839,4353969,560050834.47,0.0641,2024-12-31,Increased,13F-HR,Patricia Davis,patricia.davis@jpmorganas.com
Goldman Sachs AM,GS,JPMorgan Chase,JPM,46625H100,12418727,3061848283.96,0.2328,2025-03-31,Increased,13F-HR,Karen Brown,karen.brown@goldmansac.com
AQR Capital Management,AQRC,Salesforce Inc,CRM,79466L302,20691032,753937426.91,0.6670,2025-06-30,Decreased,13F-NT,Robert Davis,robert.davis@aqrcapital.com
Millennium Management,MLNM,Bank of America,BAC,060505104,30580722,20772921976.55,0.5629,2025-06-30,Decreased,13F-HR,Nancy Davis,nancy.davis@millennium.com
Wellington Management,,Intel Corp,INTC,458140100,18776321,11605560485.91,0.3348,2025-03-31,Decreased,13F-HR,Susan White,susan.white@wellington.com
Capital Group,CGBL,NVIDIA Corp,NVDA,67066G104,unknown,4574388291.41,0.1941,2024-09-30,Increased,13F-NT,Richard Brown,richard.brown@capitalgro.com
Baupost Group,BPST,NVIDIA Corp,NVDA,67066G104,21176474,14869203980.80,1.2744,2025-03-31,Increased,13F-HR,Jennifer Garcia,jennifer.garcia@baupostgro.com
Baupost Group,BPST,Walt Disney Co,DIS,254687106,40031088,8050346939.89,1.1596,2024-12-31,Increased,13F-HR,Thomas Williams,thomas.williams@baupostgro.com
DE Shaw & Co,DSHW,Chevron Corp,CVX,166764100,21694128,13607681805.57,0.7062,2025-09-30,Unchanged,13F-HR,Michael Jones,michael.jones@deshaw&co.com
Capital Group,CGBL,UnitedHealth Group,UNH,91324P102,47482838,19001901312.67,1.1039,2025-12-31,Unchanged,13F-HR,Nancy Jackson,nancy.jackson@capitalgro.com
Citadel Advisors,CDLC,Salesforce Inc,CRM,79466L302,16665159,7972194142.41,0.7268,2024-03-31,Increased,13F-NT,Margaret Williams,margaret.williams@citadeladv.com
State Street Corp,STT,Exxon Mobil,XOM,30231G102,43651628,13882907771.53,0.5812,2025-12-31,New,13F-HR,Steven Taylor,steven.taylor@statestree.com
Vanguard Group,VGI,Apple Inc,AAPL,037833100,46897391,31014025322.68,0.8222,2025-12-31,Decreased,13F-HR,Richard Smith,richard.smith@vanguardgr.com
Two Sigma Investments,TWSM,Chevron Corp,CVX,166764100,28261222,11327472940.39,0.3796,2024-12-31,Unchanged,13F-HR,James Brown,james.brown@twosigmain.com
Two Sigma Investments,TWSM,Alphabet Inc,GOOGL,02079K305,24178677,8208172878.00,0.6121,2024-06-30,Increased,13F-HR,Richard Jones,richard.jones@twosigmain.com
Millennium Management,MLNM,Netflix Inc,NFLX,64110L106,27676923,8232403528.80,0.4452,2025-03-31,Increased,13F-NT,Richard Williams,richard.williams@millennium.com
Baupost Group,BPST,Procter & Gamble,PG,742718109,12683332,7900875702.86,0.9155,2024-09-30,New,13F-NT,Sarah Brown,sarah.brown@baupostgro.com
Renaissance Technologies,RNTC,Netflix Inc,NFLX,64110L106,9597950,2174958143.35,0.1639,2025-12-31,Decreased,13F-NT,Margaret Thompson,margaret.thompson@renaissanc.com
BlackRock Inc,BLK,Procter & Gamble,PG,742718109,17778390,12938329189.76,-0.2559,2025-12-31,Increased,13F-HR,Susan White,susan.white@blackrocki.com
BlackRock Inc,BLK,Netflix Inc,NFLX,64110L106,42299076,15475365562.22,1.3001,2024-09-30,Increased,13F-HR,James Thomas,james.thomas@blackrocki.com
Point72 Asset Mgmt,PT72,Alphabet Inc,GOOGL,02079K305,33790019,15994917526.32,0.6847,2025-12-31,Increased,13F-HR,Elizabeth Hernandez,elizabeth.hernandez@point72ass.com
Millennium Management,MLNM,Chevron Corp,CVX,166764100,20900055,6303161964.69,1.2650,2025-09-30,New,13F-HR,Margaret Johnson,margaret.johnson@millennium.com
Millennium Management,MLNM,Tesla Inc,TSLA,88160R101,49120053,38061175729.71,1.2349,2025-03-31,Decreased,13F-HR,Thomas Garcia,thomas.garcia@millennium.com
Point72 Asset Mgmt,PT72,Berkshire Hathaway,BRK.B,084670702,45958924,33221399609.51,3.4609,2024-06-30,Increased,13F-HR,James Williams,james.williams@point72ass.com
Millennium Management,MLNM,Procter & Gamble,PG,,31047167,2958576101.10,1.2474,2025-12-31,Unchanged,13F-NT,Sarah Williams,sarah.williams@millennium.com
Bridgewater Associates,BWTR,Amazon.com Inc,AMZN,023135106,33963221,12602799421.97,0.6822,2025-09-30,Increased,13F-NT,Robert Davis,robert.davis@bridgewate.com
JP Morgan Asset Mgmt,JPM,Walt Disney Co,DIS,254687106,1720291,98701004.43,0.2193,2025-06-30,Unchanged,13F-HR,Nancy Johnson,nancy.johnson@jpmorganas.com
Wellington Management,WMGI,Exxon Mobil,XOM,30231G102,33338650,26381451973.99,0.5837,2024-03-31,New,13F-HR,Margaret Martinez,margaret.martinez@wellington.com
Vanguard Group,VGI,Walt Disney Co,DIS,254687106,27225328,20858398472.54,0.3771,2025-06-30,Unchanged,13F-HR,Steven Taylor,steven.taylor@vanguardgr.com
JP Morgan Asset Mgmt,JPM,Alphabet Inc,GOOGL,02079K305,44287679,18623578867.62,5.8695,2024-03-31,New,13F-HR,David Rodriguez,david.rodriguez@jpmorganas.com
T. Rowe Price,TROW,Intel Corp,INTC,458140100,27639602,17848090801.50,0.6941,2025-06-30,Increased,13F-HR,Patricia Garcia,patricia.garcia@troweprice.com
T. Rowe Price,TROW,Coca-Cola Co,KO,191216100,46793672,21559668061.41,0.6595,2025-03-31,Unchanged,13F-HR,Robert Rodriguez,robert.rodriguez@troweprice.com
Citadel Advisors,CDLC,Coca-Cola Co,KO,191216100,45102532,18382250555.07,0.6850,2024-12-31,Unchanged,13F-HR,Margaret Williams,margaret.williams@citadeladv.com
Millennium Management,MLNM,Tesla Inc,TSLA,88160R101,16036822,2335640598.07,0.4781,2025-09-30,Increased,13F-HR,Dorothy Moore,dorothy.moore@millennium.com
Wellington Management,WMGI,Home Depot,HD,437076102,43522416,4987498879.80,1.9958,2024-12-31,Increased,13F-NT,James Smith,james.smith@wellington.com
AQR Capital Management,AQRC,Walt Disney Co,DIS,254687106,44204443,30704977275.70,5.5764,2024-09-30,Unchanged,13F-HR,Patricia Thomas,patricia.thomas@aqrcapital.com
JP Morgan Asset Mgmt,JPM,Intel Corp,INTC,458140100,12463714,1140791629.18,0.2718,2024-06-30,Increased,13F-HR,James Hernandez,james.hernandez@jpmorganas.com
Goldman Sachs AM,GS,Visa Inc,V,92826C839,24015511,8007712374.08,0.8939,2025-06-30,New,13F-NT,Susan Thompson,susan.thompson@goldmansac.com
Morgan Stanley IM,MS,Salesforce Inc,CRM,79466L302,38211776,20628883216.92,0.5935,2025-09-30,Unchanged,13F-HR,William Miller,william.miller@morganstan.com
Bridgewater Associates,BWTR,Procter & Gamble,PG,,35664765,10951603361.09,0.8517,2025-12-31,Increased,13F-HR,William Martin,william.martin@bridgewate.com
Two Sigma Investments,TWSM,Microsoft Corp,MSFT,594918104,27070451,17576892573.07,0.3663,2025-09-30,Unchanged,13F-HR,Dorothy Jackson,dorothy.jackson@twosigmain.com
Appaloosa Management,APLS,Visa Inc,V,92826C839,49259341,16362309466.12,1.0935,2024-12-31,Increased,13F-HR,Sarah Thompson,sarah.thompson@appaloosam.com
Millennium Management,MLNM,Salesforce Inc,CRM,79466L302,29695833,18657241865.31,0.6803,2024-09-30,Decreased,13F-HR,Karen Martin,karen.martin@millennium.com
Wellington Management,WMGI,Tesla Inc,TSLA,88160R101,15300897,7425911551.72,0.2594,2025-09-30,Decreased,13F-HR,William Lopez,william.lopez@wellington.com
State Street Corp,STT,Chevron Corp,CVX,166764100,17223266,11045089985.14,0.7108,2025-03-31,Unchanged,13F-HR,Daniel Williams,daniel.williams@statestree.com
Point72 Asset Mgmt,PT72,Alphabet Inc,GOOGL,02079K305,46301606,5777518767.80,0.7566,2025-03-31,Decreased,13F-HR,Lisa Thompson,lisa.thompson@point72ass.com
AQR Capital Management,AQRC,Apple Inc,AAPL,037833100,28772546,12534185681.26,0.7957,2025-06-30,Increased,13F-HR,Thomas Thompson,thomas.thompson@aqrcapital.com
JP Morgan Asset Mgmt,JPM,Procter & Gamble,PG,742718109,44724278,26788390691.77,1.3409,2024-12-31,Increased,13F-HR,Richard Rodriguez,richard.rodriguez@jpmorganas.com
Baupost Group,BPST,Microsoft Corp,MSFT,594918104,41178117,9576256720.91,0.5621,2025-06-30,Decreased,13F-HR,Dorothy Jackson,dorothy.jackson@baupostgro.com
Two Sigma Investments,TWSM,Salesforce Inc,CRM,79466L302,39732486,6866664781.87,0.5138,2024-09-30,Increased,13F-HR,Margaret Martinez,margaret.martinez@twosigmain.com
T. Rowe Price,TROW,Microsoft Corp,MSFT,594918104,42165819,29739209104.13,1.0089,2024-06-30,Unchanged,13F-HR,,
Appaloosa Management,APLS,Exxon Mobil,XOM,30231G102,15189950,9959242819.36,0.6427,2024-12-31,Unchanged,13F-HR,Patricia Anderson,patricia.anderson@appaloosam.com
BlackRock Inc,BLK,Alphabet Inc,GOOGL,02079K305,36955875,4715554135.94,1.0275,2024-03-31,New,13F-NT,Richard Thompson,richard.thompson@blackrocki.com
Renaissance Technologies,RNTC,Cisco Systems,CSCO,17275R102,28845685,8003991748.97,0.6705,2024-12-31,Increased,13F-HR,Margaret Davis,margaret.davis@renaissanc.com
Baupost Group,BPST,Procter & Gamble,PG,742718109,48915022,22326012309.15,1.0068,00-00-0000,Increased,13F-HR,Jennifer Davis,jennifer.davis@baupostgro.com
Wellington Management,WMGI,Salesforce Inc,CRM,79466L302,4908539,3129348494.83,0.0804,2025-03-31,Unchanged,13F-NT,David Thomas,david.thomas@wellington.com
AQR Capital Management,AQRC,Alphabet Inc,GOOGL,02079K305,4533604,2917069011.73,0.0740,2025-09-30,Unchanged,13F-HR,Richard Garcia,richard.garcia@aqrcapital.com
Fidelity Investments,FNF,Apple Inc,AAPL,037833100,31704726,4341070226.81,1.6269,2025-09-30,Unchanged,13F-HR,James Martin,james.martin@fidelityin.com
Appaloosa Management,APLS,Alphabet Inc,GOOGL,02079K305,47339612,32621688402.93,1.3340,2025-03-31,New,13F-HR,Patricia Hernandez,patricia.hernandez@appaloosam.com
Goldman Sachs AM,GS,Meta Platforms,META,30303M102,14788012,8062589061.72,0.9020,2025-09-30,Increased,13F-HR,Richard Martin,richard.martin@goldmansac.com
Bridgewater Associates,BWTR,Coca-Cola Co,KO,191216100,28041732,4639044040.10,0.8966,2025-06-30,Unchanged,13F-HR,Jennifer Miller,jennifer.miller@bridgewate.com
DE Shaw & Co,DSHW,Cisco Systems,CSCO,17275R102,35182985,25350925503.92,0.9550,2024-03-31,Unchanged,13F-HR,Thomas Johnson,thomas.johnson@deshaw&co.com
Millennium Management,MLNM,Visa Inc,V,92826C839,49351180,21284548488.89,0.8781,2025-06-30,Decreased,13F-HR,Margaret Garcia,margaret.garcia@millennium.com
BlackRock Inc,BLK,Johnson & Johnson,JNJ,478160104,15105159,5305325791.07,0.2113,2024-12-31,Unchanged,13F-HR,Thomas Moore,thomas.moore@blackrocki.com
Two Sigma Investments,TWSM,UnitedHealth Group,UNH,91324P102,20110310,6262878720.92,1.0865,2025-09-30,Increased,13F-HR,Jennifer Smith,jennifer.smith@twosigmain.com
DE Shaw & Co,DSHW,Microsoft Corp,MSFT,594918104,27797801,585521220.81,0.7515,2025-06-30,Unchanged,13F-HR,Robert Thomas,robert.thomas@deshaw&co.com
Capital Group,CGBL,Bank of America,BAC,060505104,2994446,2307481164.05,0.0623,2024-06-30,Increased,13F-HR,Karen Thomas,karen.thomas@capitalgro.com
State Street Corp,STT,UnitedHealth Group,UNH,91324P102,48548795,1098505554.11,3.2244,2024-06-30,Increased,13F-NT,Mark Miller,mark.miller@statestree.com
Renaissance Technologies,RNTC,Meta Platforms,META,30303M102,183385,72782319.91,0.0055,2025-06-30,Increased,13F-HR,Michael Hernandez,michael.hernandez@renaissanc.com
JP Morgan Asset Mgmt,JPM,Cisco Systems,CSCO,17275R102,15403712,1755402823.69,0.6928,2024-09-30,Increased,13F-HR,Patricia Miller,patricia.miller@jpmorganas.com
Renaissance Technologies,RNTC,Pfizer Inc,PFE,717081103,16931440,5415267838.29,0.2157,2024-06-30,Decreased,13F-HR,Mark Thomas,mark.thomas@renaissanc.com
BlackRock Inc,BLK,Microsoft Corp,MSFT,594918104,32151971,4146326242.30,0.4889,2025-09-30,Unchanged,13F-HR,Mark Miller,mark.miller@blackrocki.com
T. Rowe Price,TROW,Meta Platforms,META,30303M102,4679798,611472843.74,0.0623,2025-09-30,Increased,13F-NT,James Williams,james.williams@troweprice.com
Vanguard Group,VGI,Coca-Cola Co,KO,191216100,15854223,10276743788.66,0.2195,2025-06-30,Increased,13F-HR,Margaret Lopez,margaret.lopez@vanguardgr.com
Bridgewater Associates,BWTR,Salesforce Inc,CRM,79466L302,29535911,11117201245.67,1.4561,2024-12-31,Unchanged,13F-NT,Susan Brown,susan.brown@bridgewate.com
State Street Corp,STT,Pfizer Inc,PFE,717081103,12926137,783884281.01,0.2715,2024-06-30,New,13F-HR,Jennifer Jones,jennifer.jones@statestree.com
Point72 Asset Mgmt,PT72,Berkshire Hathaway,BRK.B,084670702,28385282,21683913581.80,0.4182,2024-12-31,Unchanged,13F-NT,Patricia Johnson,patricia.johnson@point72ass.com
Goldman Sachs AM,GS,NVIDIA Corp,NVDA,67066G104,33671917,16679140092.56,0.5220,2024-12-31,Unchanged,13F-HR,Jennifer Miller,jennifer.miller@goldmansac.com
JP Morgan Asset Mgmt,JPM,Cisco Systems,CSCO,17275R102,42071621,889673983.73,0.6011,2024-06-30,Increased,13F-HR,Susan Williams,susan.williams@jpmorganas.com
Citadel Advisors,CDLC,UnitedHealth Group,UNH,91324P102,21928457,10924845097.69,0.5822,2024-09-30,Unchanged,13F-NT,Elizabeth Anderson,elizabeth.anderson@citadeladv.com
Bridgewater Associates,BWTR,Chevron Corp,CVX,166764100,43147283,6755549349.80,0.6354,2025-06-30,Increased,13F-HR,Karen Garcia,karen.garcia@bridgewate.com
JP Morgan Asset Mgmt,JPM,Pfizer Inc,PFE,717081103,23177993,3163762867.72,1.4094,2024-06-30,Unchanged,13F-HR,David Johnson,david.johnson@jpmorganas.com
BlackRock Inc,BLK,Walt Disney Co,DIS,254687106,42698684,20439164773.30,1.2332,2025-06-30,Unchanged,13F-NT,Margaret Rodriguez,margaret.rodriguez@blackrocki.com
Morgan Stanley IM,MS,Johnson & Johnson,JNJ,478160104,2768172,1306641208.80,0.0788,2024-12-31,Unchanged,13F-HR,Dorothy Brown,dorothy.brown@morganstan.com
State Street Corp,STT,JPMorgan Chase,JPM,46625H100,18213359,12791354655.56,0.2479,2025-03-31,Decreased,13F-HR,Lisa Anderson,lisa.anderson@statestree.com
DE Shaw & Co,DSHW,Walt Disney Co,DIS,254687106,7958531,5627097888.68,0.7791,2024-09-30,New,13F-HR,Richard Anderson,richard.anderson@deshaw&co.com
Vanguard Group,VGI,Intel Corp,INTC,458140100,46284847,16226532420.97,0.9049,2024-12-31,Increased,13F-HR,Lisa Miller,lisa.miller@vanguardgr.com
Goldman Sachs AM,GS,Procter & Gamble,PG,742718109,46025223,14107709696.81,1.4077,2024-06-30,Decreased,13F-HR,Robert Thomas,robert.thomas@goldmansac.com
Capital Group,CGBL,Berkshire Hathaway,BRK.B,084670702,37068467,5022959309.01,0.6683,2024-09-30,New,13F-NT,Richard Martinez,richard.martinez@capitalgro.com
Millennium Management,MLNM,Cisco Systems,CSCO,17275R102,43926515,9626055446.80,0.6713,2024-09-30,Increased,13F-HR,Elizabeth Johnson,elizabeth.johnson@millennium.com
Morgan Stanley IM,MS,Walt Disney Co,DIS,254687106,31207150,11226713060.69,0.3933,2025-12-31,Increased,13F-HR,Patricia Anderson,patricia.anderson@morganstan.com
JP Morgan Asset Mgmt,JPM,Berkshire Hathaway,BRK.B,084670702,9990491,5679823904.77,1.5182,2025-12-31,New,13F-HR,Robert White,robert.white@jpmorganas.com
Appaloosa Management,APLS,UnitedHealth Group,UNH,91324P102,17109020,9398703178.96,0.2342,2025-12-31,New,13F-HR,Susan Lopez,susan.lopez@appaloosam.com
Wellington Management,WMGI,Alphabet Inc,GOOGL,02079K305,17696335,3574023553.07,0.3941,2025-09-30,New,13F-HR,Robert Jones,robert.jones@wellington.com
State Street Corp,STT,Visa Inc,V,92826C839,35209959,17752743074.00,0.4891,2025-03-31,Unchanged,13F-HR,Susan Anderson,susan.anderson@statestree.com
Citadel Advisors,CDLC,Walt Disney Co,DIS,254687106,39656997,6926302596.44,1.5371,2024-06-30,New,13F-HR,Jennifer Moore,jennifer.moore@citadeladv.com
Two Sigma Investments,TWSM,Johnson & Johnson,JNJ,478160104,10117398,490466907.93,0.1305,2025-06-30,New,13F-HR,Dorothy Hernandez,dorothy.hernandez@twosigmain.com
Capital Group,CGBL,Amazon.com Inc,AMZN,023135106,23883492,7859356974.48,0.4772,2024-12-31,Increased,13F-HR,Elizabeth Rodriguez,elizabeth.rodriguez@capitalgro.com
BlackRock Inc,BLK,Walt Disney Co,DIS,254687106,15877602,5158958532.79,0.4023,2025-06-30,Unchanged,13F-HR,Richard Williams,richard.williams@blackrocki.com
Wellington Management,WMGI,Netflix Inc,NFLX,64110L106,15228186,2996580107.92,0.8513,2024-09-30,New,13F-NT,Daniel Taylor,daniel.taylor@wellington.com
DE Shaw & Co,DSHW,Visa Inc,V,92826C839,29887955,4704834006.96,0.6490,2024-06-30,New,13F-NT,Michael Lopez,michael.lopez@deshaw&co.com
State Street Corp,STT,Home Depot,HD,437076102,8407860,4689743427.96,0.1777,2024-09-30,Unchanged,13F-HR,Steven Jones,steven.jones@statestree.com
Point72 Asset Mgmt,PT72,Exxon Mobil,XOM,,13920670,3630193102.31,0.2431,2024-03-31,Unchanged,13F-HR,Jennifer Garcia,jennifer.garcia@point72ass.com
Bridgewater Associates,BWTR,UnitedHealth Group,UNH,91324P102,40707265,27370364301.23,0.7067,2025-12-31,Unchanged,13F-NT,Richard Martin,richard.martin@bridgewate.com
Vanguard Group,VGI,Pfizer Inc,PFE,717081103,7707981,557832815.13,0.1414,2024-12-31,New,13F-HR,David Jackson,david.jackson@vanguardgr.com
Wellington Management,WMGI,JPMorgan Chase,JPM,46625H100,6441271,2813855401.23,0.1022,2025-06-30,Increased,13F-NT,Richard Smith,richard.smith@wellington.com
Fidelity Investments,FNF,Netflix Inc,NFLX,64110L106,10451339,6409142573.10,0.2304,2025-09-30,Increased,13F-NT,Dorothy Johnson,dorothy.johnson@fidelityin.com
Two Sigma Investments,TWSM,Pfizer Inc,PFE,717081103,19997902,13328477323.69,0.2750,2024-06-30,Increased,13F-HR,Margaret Hernandez,margaret.hernandez@twosigmain.com
Appaloosa Management,APLS,Intel Corp,INTC,458140100,36777064,13527068170.86,0.6713,2025-09-30,Decreased,13F-HR,Karen Moore,karen.moore@appaloosam.com
AQR Capital Management,AQRC,NVIDIA Corp,NVDA,67066G104,10751801,7719255410.11,0.2028,2024-06-30,Decreased,13F-HR,Daniel Davis,daniel.davis@aqrcapital.com
Baupost Group,BPST,Netflix Inc,NFLX,64110L106,31995240,15251575853.89,1.1978,2024-12-31,Decreased,13F-NT,Susan Brown,susan.brown@baupostgro.com
BlackRock Inc,BLK,Exxon Mobil,XOM,30231G102,unknown,5216506819.94,0.1876,2025-09-30,New,13F-HR,Nancy Anderson,nancy.anderson@blackrocki.com
BlackRock Inc,BLK,Apple Inc,AAPL,037833100,14682546,2958173250.30,0.4758,2024-06-30,Increased,13F-NT,Margaret Miller,margaret.miller@blackrocki.com
Millennium Management,,Alphabet Inc,GOOGL,02079K305,35573653,869758284.28,0.8495,2025-06-30,Increased,13F-NT,Steven Jackson,steven.jackson@millennium.com
BlackRock Inc,BLK,Pfizer Inc,PFE,717081103,23004074,7656646447.82,0.7953,2024-09-30,New,13F-HR,Richard Davis,richard.davis@blackrocki.com
Morgan Stanley IM,MS,Johnson & Johnson,JNJ,478160104,30220772,18492057240.49,0.3856,2024-03-31,Unchanged,13F-NT,Mark Moore,mark.moore@morganstan.com
Renaissance Technologies,RNTC,Apple Inc,AAPL,037833100,21211450,2818293529.81,0.4662,2025-12-31,Increased,13F-HR,Lisa Martin,lisa.martin@renaissanc.com
Morgan Stanley IM,MS,Procter & Gamble,PG,742718109,23657717,18438636766.15,1.5086,2025-06-30,Decreased,13F-HR,Steven Johnson,steven.johnson@morganstan.com
Capital Group,CGBL,Exxon Mobil,XOM,30231G102,20839111,6802290177.02,1.0794,2024-09-30,Increased,13F-HR,Susan Garcia,susan.garcia@capitalgro.com
Renaissance Technologies,RNTC,Microsoft Corp,MSFT,594918104,37954785,21461102408.68,1.2304,2024-09-30,Unchanged,13F-NT,Patricia Smith,patricia.smith@renaissanc.com
Point72 Asset Mgmt,PT72,Johnson & Johnson,JNJ,478160104,27566211,2363022197.94,0.8496,2025-12-31,Increased,13F-HR,Elizabeth Rodriguez,elizabeth.rodriguez@point72ass.com
Wellington Management,WMGI,UnitedHealth Group,UNH,91324P102,21216752,10573432877.38,0.9752,2024-09-30,Increased,13F-HR,David Williams,david.williams@wellington.com
State Street Corp,STT,Berkshire Hathaway,BRK.B,084670702,31003974,6143792327.99,0.5852,2024-09-30,Increased,13F-NT,William Garcia,william.garcia@statestree.com
Appaloosa Management,APLS,Visa Inc,V,92826C839,41879551,17282443605.59,2.3180,2024-09-30,Increased,13F-HR,Elizabeth Williams,elizabeth.williams@appaloosam.com
Baupost Group,BPST,UnitedHealth Group,UNH,91324P102,28081602,15186083934.50,0.5540,2025-09-30,Increased,13F-HR,David Thompson,david.thompson@baupostgro.com
Capital Group,CGBL,Adobe Inc,ADBE,00724F101,45613640,22778233853.06,0.6156,2024-12-31,New,13F-HR,Lisa Miller,lisa.miller@capitalgro.com
Morgan Stanley IM,MS,Apple Inc,AAPL,037833100,18340283,6204661117.44,0.5297,2024-12-31,Increased,13F-HR,Thomas Martinez,thomas.martinez@morganstan.com
Bridgewater Associates,BWTR,Salesforce Inc,CRM,79466L302,46458491,28765725895.58,0.6087,2025-06-30,Increased,13F-HR,Thomas Lopez,thomas.lopez@bridgewate.com
T. Rowe Price,TROW,Microsoft Corp,MSFT,594918104,33698952,3448402497.05,0.4453,2024-06-30,Increased,13F-HR,Dorothy Smith,dorothy.smith@troweprice.com
Two Sigma Investments,TWSM,Alphabet Inc,GOOGL,02079K305,21265718,15123797928.95,0.3723,2025-03-31,Unchanged,13F-HR,Robert Moore,robert.moore@twosigmain.com
Appaloosa Management,APLS,Alphabet Inc,GOOGL,02079K305,16808467,10707962409.31,0.2367,2024-06-30,Unchanged,13F-HR,Lisa Johnson,lisa.johnson@appaloosam.com
Baupost Group,BPST,NVIDIA Corp,NVDA,67066G104,10511512,839495076.52,0.1467,2025-09-30,Increased,13F-HR,Sarah Garcia,sarah.garcia@baupostgro.com
BlackRock Inc,BLK,UnitedHealth Group,UNH,91324P102,44427495,22627838849.23,1.8905,2024-03-31,Increased,13F-HR,David Lopez,david.lopez@blackrocki.com
Bridgewater Associates,BWTR,Adobe Inc,ADBE,00724F101,41487472,7155179095.59,1.5958,2025-12-31,New,13F-HR,James Brown,james.brown@bridgewate.com
Bridgewater Associates,BWTR,Pfizer Inc,PFE,717081103,13472887,2594909389.06,0.2576,2025-03-31,New,13F-HR,William Jackson,william.jackson@bridgewate.com
Citadel Advisors,CDLC,Coca-Cola Co,KO,191216100,49817705,32508692292.31,2.3824,2025-06-30,Decreased,13F-NT,Elizabeth Martin,elizabeth.martin@citadeladv.com
Point72 Asset Mgmt,PT72,Tesla Inc,TSLA,88160R101,36953029,15488737173.96,1.6312,2025-03-31,Increased,13F-HR,Nancy Smith,nancy.smith@point72ass.com
Capital Group,CGBL,Berkshire Hathaway,BRK.B,084670702,31669525,25241145191.12,0.6645,2024-03-31,Unchanged,13F-HR,Margaret Martin,margaret.martin@capitalgro.com
State Street Corp,STT,NVIDIA Corp,NVDA,67066G104,38788201,19467342715.91,0.5971,2024-03-31,Increased,13F-HR,Karen Hernandez,karen.hernandez@statestree.com
State Street Corp,STT,JPMorgan Chase,JPM,46625H100,25748038,4382749201.41,1.6106,2025-06-30,Unchanged,13F-HR,Dorothy Williams,dorothy.williams@statestree.com
State Street Corp,STT,Alphabet Inc,GOOGL,02079K305,35323450,13558235649.26,0.6632,2025-12-31,Increased,13F-HR,Robert Lopez,robert.lopez@statestree.com
State Street Corp,,Coca-Cola Co,KO,191216100,29351334,9078755609.62,0.5144,2024-06-30,Decreased,13F-HR,William Lopez,william.lopez@statestree.com
Vanguard Group,VGI,Walt Disney Co,DIS,254687106,14189348,2998838128.60,0.3389,2024-09-30,Decreased,13F-HR,Michael Moore,michael.moore@vanguardgr.com
Wellington Management,WMGI,Salesforce Inc,CRM,79466L302,23700079,10798748621.72,0.5578,2024-06-30,New,13F-HR,Jennifer Williams,jennifer.williams@wellington.com
T. Rowe Price,TROW,Tesla Inc,TSLA,88160R101,10327296,3549917272.19,0.4364,2024-06-30,Increased,13F-NT,Sarah Rodriguez,sarah.rodriguez@troweprice.com
BlackRock Inc,,Salesforce Inc,CRM,79466L302,37333596,17513156178.80,0.5929,2025-06-30,New,13F-HR,Jennifer Thompson,jennifer.thompson@blackrocki.com
BlackRock Inc,BLK,Home Depot,HD,437076102,24216644,1390173947.42,0.3088,2024-09-30,Decreased,13F-HR,Nancy Johnson,nancy.johnson@blackrocki.com
Citadel Advisors,CDLC,Meta Platforms,META,30303M102,43945847,29796792134.88,0.5949,2025-09-30,Unchanged,13F-HR,Robert Brown,robert.brown@citadeladv.com
T. Rowe Price,TROW,JPMorgan Chase,JPM,46625H100,43042763,14353197168.73,3.1893,2024-09-30,Unchanged,13F-HR,Mark Anderson,mark.anderson@troweprice.com
Citadel Advisors,CDLC,Alphabet Inc,GOOGL,02079K305,TBD,9335242120.43,0.3377,2025-12-31,Increased,13F-HR,Jennifer Moore,jennifer.moore@citadeladv.com
Capital Group,CGBL,Meta Platforms,META,30303M102,18039794,8996453851.74,0.6358,2024-12-31,Increased,13F-HR,Michael Miller,michael.miller@capitalgro.com
BlackRock Inc,BLK,Salesforce Inc,CRM,79466L302,43618150,29493762691.63,1.4967,2025-12-31,Increased,13F-HR,James Martinez,james.martinez@blackrocki.com
DE Shaw & Co,DSHW,Coca-Cola Co,KO,191216100,11499125,7049709628.07,0.2004,2025-09-30,Increased,13F-NT,Elizabeth Lopez,elizabeth.lopez@deshaw&co.com
T. Rowe Price,TROW,Procter & Gamble,PG,742718109,42931548,17966838610.17,0.5758,2024-12-31,Decreased,13F-HR,Mark Hernandez,mark.hernandez@troweprice.com
Morgan Stanley IM,MS,Cisco Systems,CSCO,17275R102,20367080,14393415905.71,1.8708,2024-03-31,Increased,13F-HR,Lisa Martin,lisa.martin@morganstan.com
Point72 Asset Mgmt,PT72,Salesforce Inc,CRM,79466L302,12502489,4845147554.18,0.4509,2025-06-30,Increased,13F-HR,Daniel Smith,daniel.smith@point72ass.com
Two Sigma Investments,TWSM,UnitedHealth Group,UNH,91324P102,30457620,23145647753.87,0.4207,2024-06-30,Increased,13F-HR,Mark Garcia,mark.garcia@twosigmain.com
JP Morgan Asset Mgmt,JPM,Adobe Inc,ADBE,00724F101,4947626,335754932.59,0.1474,2024-12-31,Unchanged,13F-HR,Nancy Brown,nancy.brown@jpmorganas.com
JP Morgan Asset Mgmt,JPM,Walt Disney Co,DIS,254687106,39359582,23742990373.66,0.7744,2025-12-31,Unchanged,13F-HR,Lisa Martin,lisa.martin@jpmorganas.com
Baupost Group,BPST,Apple Inc,AAPL,037833100,10938492,5181459827.89,0.9700,2025-03-31,Decreased,13F-HR,Steven Jones,steven.jones@baupostgro.com
Bridgewater Associates,BWTR,Alphabet Inc,GOOGL,02079K305,10589721,733915613.69,0.7961,2024-06-30,Increased,13F-HR,James Hernandez,james.hernandez@bridgewate.com
Goldman Sachs AM,GS,Coca-Cola Co,KO,191216100,39768096,17042082268.44,0.5067,2024-06-30,Unchanged,13F-HR,Thomas Brown,thomas.brown@goldmansac.com
Capital Group,CGBL,Adobe Inc,ADBE,00724F101,13171663,8449303566.91,1.0850,2024-09-30,Decreased,13F-HR,Patricia Garcia,patricia.garcia@capitalgro.com
Millennium Management,MLNM,Meta Platforms,META,30303M102,32067125,13482301349.73,0.6764,2024-06-30,Increased,13F-HR,Susan Garcia,susan.garcia@millennium.com
JP Morgan Asset Mgmt,JPM,Visa Inc,V,92826C839,35070400,18052776603.65,3.7210,2024-12-31,Unchanged,13F-HR,Nancy Miller,nancy.miller@jpmorganas.com
Morgan Stanley IM,MS,Johnson & Johnson,JNJ,478160104,40223208,2309672428.07,0.6990,2025-03-31,Increased,13F-HR,Susan Martinez,susan.martinez@morganstan.com
Appaloosa Management,APLS,Adobe Inc,ADBE,00724F101,25974666,16416233094.86,0.4425,2024-03-31,Unchanged,13F-HR,Susan Johnson,susan.johnson@appaloosam.com
Point72 Asset Mgmt,PT72,NVIDIA Corp,NVDA,67066G104,15850772,2465965531.20,0.4308,2025-06-30,Unchanged,13F-HR,Michael Thomas,michael.thomas@point72ass.com
Renaissance Technologies,RNTC,Amazon.com Inc,AMZN,023135106,13984625,9157891113.32,0.4603,2025-06-30,Decreased,13F-NT,Mark White,mark.white@renaissanc.com
DE Shaw & Co,DSHW,Home Depot,HD,437076102,27667241,7990264498.91,0.9053,2024-12-31,New,13F-HR,Patricia Martin,patricia.martin@deshaw&co.com
BlackRock Inc,BLK,Alphabet Inc,GOOGL,02079K305,35063277,22356117453.77,0.5471,2024-12-31,Unchanged,13F-HR,Nancy Rodriguez,nancy.rodriguez@blackrocki.com
Capital Group,CGBL,Berkshire Hathaway,BRK.B,084670702,2502762,1008866161.75,0.0339,2027-02-03,Unchanged,13F-NT,Dorothy Davis,dorothy.davis@capitalgro.com
Bridgewater Associates,BWTR,Chevron Corp,CVX,166764100,42891643,21685983684.15,0.6730,2026-06-29,Unchanged,13F-HR,Daniel Taylor,daniel.taylor@bridgewate.com
Renaissance Technologies,RNTC,Berkshire Hathaway,BRK.B,084670702,26600318,8744365055.50,0.3995,2024-03-31,New,13F-HR,James Taylor,james.taylor@renaissanc.com
Bridgewater Associates,BWTR,Apple Inc,AAPL,037833100,10868932,4665735713.98,1.3671,2025-03-31,Unchanged,13F-HR,Margaret Davis,margaret.davis@bridgewate.com
Citadel Advisors,CDLC,Bank of America,BAC,060505104,33701149,18487957642.46,0.9545,2025-12-31,Unchanged,13F-HR,Richard Taylor,richard.taylor@citadeladv.com
AQR Capital Management,AQRC,Apple Inc,AAPL,037833100,8725929,6511671665.98,0.2397,2024-06-30,Increased,13F-HR,Sarah Martinez,sarah.martinez@aqrcapital.com
Two Sigma Investments,TWSM,Meta Platforms,META,30303M102,25273815,4130388467.17,0.8993,2025-03-31,Decreased,13F-HR,Lisa Davis,lisa.davis@twosigmain.com
Vanguard Group,VGI,Pfizer Inc,PFE,717081103,23267768,3785700223.62,1.1827,2024-12-31,Increased,13F-HR,Thomas Jones,thomas.jones@vanguardgr.com
Millennium Management,MLNM,Amazon.com Inc,AMZN,023135106,253305,96028950.08,0.0042,2024-06-30,Increased,13F-HR,Sarah Miller,sarah.miller@millennium.com
Renaissance Technologies,RNTC,Bank of America,BAC,060505104,26569453,18572287957.94,0.7175,2024-06-30,Increased,13F-HR,Lisa Anderson,lisa.anderson@renaissanc.com
BlackRock Inc,BLK,Intel Corp,INTC,458140100,13153677,8750831136.43,0.9752,2024-09-30,New,13F-HR,Elizabeth Moore,elizabeth.moore@blackrocki.com
Vanguard Group,VGI,Pfizer Inc,PFE,717081103,38947676,18440025324.95,0.5579,2024-12-31,Increased,13F-NT,Dorothy Williams,dorothy.williams@vanguardgr.com
Baupost Group,BPST,Amazon.com Inc,AMZN,023135106,30462858,18031612225.09,1.1500,2025-03-31,Unchanged,13F-HR,Sarah Rodriguez,sarah.rodriguez@baupostgro.com
Bridgewater Associates,BWTR,UnitedHealth Group,UNH,91324P102,48057515,32965877781.48,2.3021,2024-09-30,Decreased,13F-HR,Thomas Smith,thomas.smith@bridgewate.com
Morgan Stanley IM,MS,Cisco Systems,CSCO,17275R102,36074881,10327933857.61,0.6126,2025-12-31,New,13F-HR,Michael Rodriguez,michael.rodriguez@morganstan.com
Wellington Management,WMGI,Johnson & Johnson,JNJ,478160104,6442994,1976493364.48,0.0842,2024-09-30,Unchanged,13F-NT,Margaret Davis,margaret.davis@wellington.com
AQR Capital Management,AQRC,Procter & Gamble,PG,742718109,34850215,18911256829.31,0.5507,2024-03-31,New,13F-HR,Steven Williams,steven.williams@aqrcapital.com
DE Shaw & Co,DSHW,Coca-Cola Co,KO,191216100,29133658,2546289641.49,0.4161,2024-03-31,Increased,13F-NT,Dorothy Moore,dorothy.moore@deshaw&co.com
Vanguard Group,VGI,Cisco Systems,CSCO,17275R102,15330126,6587507887.62,0.2780,2025-03-31,New,13F-HR,Richard Brown,richard.brown@vanguardgr.com
JP Morgan Asset Mgmt,JPM,Coca-Cola Co,KO,191216100,35309436,6073686012.87,1.1701,2025-06-30,Decreased,13F-HR,William Brown,william.brown@jpmorganas.com
Two Sigma Investments,TWSM,Coca-Cola Co,KO,191216100,45606217,32103789884.13,1.2185,2024-09-30,New,13F-HR,Daniel Thompson,daniel.thompson@twosigmain.com
BlackRock Inc,BLK,Intel Corp,INTC,458140100,TBD,11200013721.42,0.3072,2024-03-31,Increased,13F-NT,James Thomas,james.thomas@blackrocki.com
Renaissance Technologies,RNTC,Amazon.com Inc,AMZN,023135106,16328079,11078909880.69,0.8708,2025-09-30,Decreased,13F-HR,William Martin,william.martin@renaissanc.com
AQR Capital Management,AQRC,Bank of America,BAC,060505104,8216037,2215410774.96,0.1403,2025-09-30,Increased,13F-HR,William Anderson,william.anderson@aqrcapital.com
Morgan Stanley IM,MS,Berkshire Hathaway,BRK.B,084670702,37802080,19916961758.42,2.1803,2025-03-31,Increased,13F-HR,Richard Brown,richard.brown@morganstan.com
Millennium Management,MLNM,Visa Inc,V,92826C839,36339347,18645518084.43,0.4575,2025-03-31,Decreased,13F-NT,Mark Taylor,mark.taylor@millennium.com
Capital Group,CGBL,Home Depot,HD,437076102,12431843,5432624418.30,0.2853,2099-13-45,Unchanged,13F-HR,Steven Thomas,steven.thomas@capitalgro.com
Millennium Management,MLNM,Johnson & Johnson,JNJ,478160104,TBD,18573833434.29,3.8613,2024-06-30,Unchanged,13F-NT,Daniel Garcia,daniel.garcia@millennium.com
Renaissance Technologies,RNTC,Microsoft Corp,MSFT,594918104,33251109,4369329085.66,1.2747,2025-12-31,Decreased,13F-HR,Robert Martinez,robert.martinez@renaissanc.com
Baupost Group,BPST,UnitedHealth Group,UNH,91324P102,19098280,5156088148.54,0.3885,2025-06-30,Decreased,13F-HR,Robert Jones,robert.jones@baupostgro.com
Goldman Sachs AM,GS,Coca-Cola Co,KO,191216100,49292169,27297863152.65,0.9310,2025-12-31,Unchanged,13F-HR,Nancy Jackson,nancy.jackson@goldmansac.com
T. Rowe Price,TROW,NVIDIA Corp,NVDA,67066G104,4282525,1213809373.39,0.0810,2024-03-31,Unchanged,13F-HR,Lisa Brown,lisa.brown@troweprice.com
Point72 Asset Mgmt,PT72,Meta Platforms,META,30303M102,43796698,5609905509.39,0.6151,2024-12-31,Decreased,13F-NT,Jennifer Jones,jennifer.jones@point72ass.com
BlackRock Inc,BLK,Home Depot,HD,437076102,21498133,8366099502.25,0.4136,2025-12-31,Unchanged,13F-NT,Sarah Miller,sarah.miller@blackrocki.com
Renaissance Technologies,RNTC,Tesla Inc,TSLA,88160R101,7572732,397529572.81,0.1914,2024-09-30,Unchanged,13F-HR,Jennifer Miller,jennifer.miller@renaissanc.com
Millennium Management,MLNM,Meta Platforms,META,30303M102,450826,114627239.73,0.0310,2025-03-31,Increased,13F-HR,William Smith,william.smith@millennium.com
Millennium Management,MLNM,Home Depot,HD,437076102,35948846,11133865804.75,0.5022,2024-12-31,Decreased,13F-NT,Michael White,michael.white@millennium.com
AQR Capital Management,AQRC,Exxon Mobil,XOM,30231G102,20607704,9399312218.31,0.2604,2024-03-31,Decreased,13F-NT,Lisa Thomas,lisa.thomas@aqrcapital.com
Renaissance Technologies,RNTC,UnitedHealth Group,UNH,91324P102,37112943,18164071282.83,4.8648,2025-03-31,Decreased,13F-NT,Margaret Garcia,margaret.garcia@renaissanc.com
Morgan Stanley IM,MS,Meta Platforms,META,30303M102,41362457,32051288044.09,0.5975,2025-06-30,Decreased,13F-HR,Richard Smith,richard.smith@morganstan.com
Wellington Management,WMGI,Coca-Cola Co,KO,191216100,33540581,17736507118.63,1.5460,2024-03-31,Decreased,13F-HR,Sarah Moore,sarah.moore@wellington.com
BlackRock Inc,BLK,Apple Inc,AAPL,037833100,18788088,3664874550.90,0.3036,2025-09-30,Increased,13F-HR,Susan Moore,susan.moore@blackrocki.com
Citadel Advisors,CDLC,Chevron Corp,CVX,166764100,21171121,7995443081.92,0.2897,2025-06-30,Increased,13F-HR,James Thomas,james.thomas@citadeladv.com
Vanguard Group,VGI,Amazon.com Inc,AMZN,023135106,13278798,2992298041.59,0.1827,2024-09-30,Increased,13F-HR,Jennifer Brown,jennifer.brown@vanguardgr.com
State Street Corp,STT,Walt Disney Co,DIS,254687106,16813463,1375663786.10,0.3734,2024-03-31,Decreased,13F-HR,Steven Jones,steven.jones@statestree.com
State Street Corp,STT,Netflix Inc,NFLX,64110L106,9116638,6346493366.84,0.7119,2025-09-30,Decreased,13F-HR,Patricia Thomas,patricia.thomas@statestree.com
Capital Group,CGBL,Walt Disney Co,DIS,254687106,22019415,16436780170.41,1.1787,2024-09-30,Increased,13F-HR,Daniel Lopez,daniel.lopez@capitalgro.com
State Street Corp,STT,Berkshire Hathaway,BRK.B,084670702,43137544,30383927087.51,1.0645,2024-09-30,New,13F-HR,William Anderson,william.anderson@statestree.com
Point72 Asset Mgmt,PT72,Apple Inc,AAPL,037833100,31858882,15269061887.81,0.6753,2024-06-30,Unchanged,13F-HR,Karen Martin,karen.martin@point72ass.com
Vanguard Group,VGI,Amazon.com Inc,AMZN,023135106,13353892,5245617323.30,0.1756,2025-03-31,New,13F-NT,Nancy Miller,nancy.miller@vanguardgr.com
Millennium Management,MLNM,UnitedHealth Group,UNH,91324P102,47702281,2358485400.77,0.6606,2024-12-31,Unchanged,13F-HR,Michael Anderson,michael.anderson@millennium.com
Wellington Management,WMGI,Exxon Mobil,XOM,30231G102,15378602,10466817689.44,0.7998,2024-03-31,Unchanged,13F-HR,Lisa Miller,lisa.miller@wellington.com
JP Morgan Asset Mgmt,JPM,Exxon Mobil,XOM,30231G102,17538292,6455263474.10,0.3399,2099-13-45,Increased,13F-HR,Thomas Rodriguez,thomas.rodriguez@jpmorganas.com
Two Sigma Investments,TWSM,Salesforce Inc,CRM,79466L302,32806069,4935926350.26,1.1203,2025-12-31,New,13F-HR,Lisa Martinez,lisa.martinez@twosigmain.com
Morgan Stanley IM,MS,Visa Inc,V,92826C839,26876654,2209756107.24,0.7023,2025-06-30,New,13F-HR,Karen Lopez,karen.lopez@morganstan.com
Goldman Sachs AM,GS,JPMorgan Chase,JPM,46625H100,28895240,9958060005.15,3.0336,2025-03-31,Decreased,13F-NT,Thomas Brown,thomas.brown@goldmansac.com
Capital Group,CGBL,Cisco Systems,CSCO,17275R102,22738727,12677628098.30,0.6243,2025-12-31,Increased,13F-NT,Robert Jones,robert.jones@capitalgro.com
Renaissance Technologies,RNTC,Procter & Gamble,PG,742718109,36501057,2839790485.85,1.2899,2025-03-31,Unchanged,13F-HR,Steven Garcia,steven.garcia@renaissanc.com
Goldman Sachs AM,GS,NVIDIA Corp,NVDA,67066G104,13642575,6037314128.34,0.2801,2025-09-30,Unchanged,13F-NT,Sarah Williams,sarah.williams@goldmansac.com
Goldman Sachs AM,GS,Walt Disney Co,DIS,254687106,11736279,8607482112.41,1.4891,2025-09-30,New,13F-HR,Robert Taylor,robert.taylor@goldmansac.com
Millennium Management,MLNM,Cisco Systems,CSCO,17275R102,36677016,19134209814.15,2.1404,2025-09-30,Increased,13F-HR,Richard Moore,richard.moore@millennium.com
Goldman Sachs AM,GS,Apple Inc,AAPL,037833100,3848981,2135385304.20,0.1070,2024-06-30,Unchanged,13F-NT,Susan Williams,susan.williams@goldmansac.com
Bridgewater Associates,BWTR,Procter & Gamble,PG,742718109,43518284,1449729142.52,0.6975,2025-06-30,Unchanged,13F-HR,Lisa Thompson,lisa.thompson@bridgewate.com
Renaissance Technologies,RNTC,Alphabet Inc,GOOGL,02079K305,N/A,12144942977.37,0.3055,2024-09-30,Increased,13F-HR,James Johnson,james.johnson@renaissanc.com
T. Rowe Price,TROW,Chevron Corp,CVX,166764100,15539411,6427410740.95,0.3371,2025-09-30,New,13F-HR,James Taylor,james.taylor@troweprice.com
Point72 Asset Mgmt,PT72,Exxon Mobil,XOM,30231G102,15835784,3896543295.04,0.5590,2024-09-30,Increased,13F-HR,James Jones,james.jones@point72ass.com
T. Rowe Price,TROW,Exxon Mobil,XOM,30231G102,30295649,22979444896.75,0.7055,2024-06-30,Increased,13F-HR,Nancy Jackson,nancy.jackson@troweprice.com
T. Rowe Price,TROW,NVIDIA Corp,NVDA,67066G104,37414574,4053999992.04,1.2769,2024-06-30,New,13F-NT,Michael Moore,michael.moore@troweprice.com
Vanguard Group,VGI,Exxon Mobil,XOM,30231G102,33120325,11803305254.96,0.4942,2025-03-31,Increased,13F-HR,Margaret Hernandez,margaret.hernandez@vanguardgr.com
Citadel Advisors,CDLC,Procter & Gamble,PG,742718109,14969781,10158008408.98,0.2406,2024-03-31,Unchanged,13F-HR,Dorothy Lopez,dorothy.lopez@citadeladv.com
Wellington Management,WMGI,Amazon.com Inc,AMZN,023135106,32983423,25357697003.00,1.7270,2025-03-31,New,13F-HR,Susan Smith,susan.smith@wellington.com
BlackRock Inc,BLK,Salesforce Inc,CRM,79466L302,5343346,2865404819.09,0.6992,2024-06-30,Increased,13F-NT,James Thompson,james.thompson@blackrocki.com
BlackRock Inc,BLK,Home Depot,HD,,46323090,20122978864.44,1.3387,2025-06-30,Increased,13F-HR,Nancy Hernandez,nancy.hernandez@blackrocki.com
State Street Corp,STT,Alphabet Inc,GOOGL,02079K305,19810145,6616099362.70,0.5733,2024-09-30,Unchanged,13F-HR,Thomas Martin,thomas.martin@statestree.com
Point72 Asset Mgmt,PT72,Procter & Gamble,PG,742718109,11389857,3167487516.10,0.2278,2025-09-30,New,13F-HR,Patricia Taylor,patricia.taylor@point72ass.com
Capital Group,CGBL,Amazon.com Inc,AMZN,023135106,7073402,2719066002.43,0.1192,2024-06-30,Decreased,13F-NT,Susan Rodriguez,susan.rodriguez@capitalgro.com
Morgan Stanley IM,MS,Intel Corp,INTC,458140100,28956737,11815874401.46,4.0513,2025-09-30,Increased,13F-HR,Mark Rodriguez,mark.rodriguez@morganstan.com
T. Rowe Price,TROW,Johnson & Johnson,JNJ,478160104,6718961,338467345.45,0.2237,2025-06-30,New,13F-HR,Robert Lopez,robert.lopez@troweprice.com
Vanguard Group,VGI,Salesforce Inc,CRM,79466L302,33216683,23571258269.31,0.9586,2025-06-30,Unchanged,13F-NT,Patricia Martinez,patricia.martinez@vanguardgr.com
State Street Corp,STT,Netflix Inc,NFLX,64110L106,12417168,3841822226.95,0.5807,2025-09-30,New,13F-HR,Sarah Moore,sarah.moore@statestree.com
T. Rowe Price,TROW,Cisco Systems,CSCO,17275R102,16239011,7364015936.72,0.7446,2025-09-30,New,13F-NT,Dorothy Thomas,dorothy.thomas@troweprice.com
Appaloosa Management,APLS,Amazon.com Inc,AMZN,023135106,47045396,32067833968.30,0.7431,2024-03-31,Decreased,13F-HR,Nancy Brown,nancy.brown@appaloosam.com
Millennium Management,MLNM,Visa Inc,V,92826C839,9052965,7002901838.77,0.4184,2024-03-31,Unchanged,13F-HR,Dorothy Moore,dorothy.moore@millennium.com
Fidelity Investments,FNF,Netflix Inc,NFLX,64110L106,5365945,1334177599.93,0.2528,2024-09-30,Decreased,13F-HR,Patricia Williams,patricia.williams@fidelityin.com
Baupost Group,BPST,Coca-Cola Co,KO,191216100,29381391,21958342325.01,1.0436,2025-06-30,Decreased,13F-NT,Robert Smith,robert.smith@baupostgro.com
Point72 Asset Mgmt,PT72,Berkshire Hathaway,BRK.B,084670702,16148534,11760024262.72,0.2314,2024-09-30,New,13F-HR,Dorothy Thompson,dorothy.thompson@point72ass.com
Bridgewater Associates,BWTR,Pfizer Inc,PFE,717081103,13165335,2170920438.24,0.1655,2025-03-31,Decreased,13F-HR,David Brown,david.brown@bridgewate.com
Wellington Management,WMGI,Bank of America,BAC,060505104,8499283,2740208260.67,0.1445,2025-03-31,Increased,13F-HR,Margaret Miller,margaret.miller@wellington.com
Two Sigma Investments,TWSM,Adobe Inc,ADBE,00724F101,45272386,3761341404.63,3.4270,2024-09-30,Increased,13F-HR,Lisa Martinez,lisa.martinez@twosigmain.com
BlackRock Inc,BLK,Alphabet Inc,GOOGL,02079K305,1518624,714507536.26,0.0248,2025-03-31,Increased,13F-HR,Jennifer Anderson,jennifer.anderson@blackrocki.com
DE Shaw & Co,DSHW,Bank of America,BAC,060505104,37057450,24445158543.72,1.7217,2025-09-30,Unchanged,13F-NT,Lisa Garcia,lisa.garcia@deshaw&co.com
Appaloosa Management,APLS,Johnson & Johnson,JNJ,478160104,44449766,20256325409.81,3.1072,2024-09-30,Decreased,13F-NT,Margaret Davis,margaret.davis@appaloosam.com
State Street Corp,STT,Coca-Cola Co,KO,191216100,16461765,5570714306.80,0.3298,2024-03-31,Decreased,13F-HR,Dorothy Martinez,dorothy.martinez@statestree.com
DE Shaw & Co,DSHW,Home Depot,HD,437076102,unknown,9746435098.31,2.4289,2024-03-31,Unchanged,13F-HR,Thomas Johnson,thomas.johnson@deshaw&co.com
Wellington Management,WMGI,Home Depot,HD,437076102,45702456,25895766012.38,1.0749,2025-09-30,New,13F-HR,William Taylor,william.taylor@wellington.com
Capital Group,CGBL,Exxon Mobil,XOM,30231G102,44390476,23180807748.63,0.6464,2024-06-30,Decreased,13F-NT,Robert Thomas,robert.thomas@capitalgro.com
State Street Corp,STT,Walt Disney Co,DIS,254687106,31828656,5656078762.83,0.5192,2024-09-30,Increased,13F-HR,Margaret Williams,margaret.williams@statestree.com
Renaissance Technologies,RNTC,UnitedHealth Group,UNH,91324P102,33177822,11642929761.44,0.9153,2024-09-30,Increased,13F-HR,James Martinez,james.martinez@renaissanc.com
Bridgewater Associates,BWTR,Microsoft Corp,MSFT,594918104,34108767,9166760778.78,0.5968,2025-09-30,Increased,13F-HR,Robert Thomas,robert.thomas@bridgewate.com
State Street Corp,STT,Tesla Inc,TSLA,88160R101,47857187,13034516420.96,1.1756,2025-03-31,Unchanged,13F-HR,Dorothy Lopez,dorothy.lopez@statestree.com
Fidelity Investments,FNF,Coca-Cola Co,KO,191216100,41289121,2222375739.45,1.5071,2024-12-31,New,13F-HR,Steven Smith,steven.smith@fidelityin.com
T. Rowe Price,TROW,Coca-Cola Co,KO,191216100,unknown,28884830278.59,0.6066,2024-12-31,Increased,13F-HR,Steven Miller,steven.miller@troweprice.com
Point72 Asset Mgmt,PT72,Coca-Cola Co,KO,191216100,41341520,14376474410.35,0.8118,2025-03-31,Unchanged,13F-NT,Richard Jones,richard.jones@point72ass.com
Vanguard Group,VGI,Johnson & Johnson,JNJ,478160104,41555721,30609852556.09,0.7362,2024-09-30,Unchanged,13F-HR,Susan Thompson,susan.thompson@vanguardgr.com
JP Morgan Asset Mgmt,JPM,Coca-Cola Co,KO,191216100,39560832,13803067069.59,2.1420,2024-06-30,New,13F-HR,Steven White,steven.white@jpmorganas.com
Renaissance Technologies,RNTC,Salesforce Inc,CRM,79466L302,5110037,2462201483.31,0.3312,2024-12-31,New,13F-NT,Elizabeth Lopez,elizabeth.lopez@renaissanc.com
State Street Corp,STT,Netflix Inc,NFLX,64110L106,9276385,3802953810.80,1.3443,2024-12-31,New,13F-HR,Elizabeth Hernandez,elizabeth.hernandez@statestree.com
Fidelity Investments,FNF,Johnson & Johnson,JNJ,478160104,10623787,3972281670.06,0.1793,2025-09-30,Unchanged,13F-HR,Nancy Garcia,nancy.garcia@fidelityin.com
Renaissance Technologies,RNTC,Home Depot,HD,437076102,7106948,2024604591.26,0.2069,2025-09-30,Unchanged,13F-HR,Susan Miller,susan.miller@renaissanc.com
Morgan Stanley IM,MS,Amazon.com Inc,AMZN,023135106,29339478,14568159451.28,0.6480,2024-09-30,Decreased,13F-HR,Nancy Thomas,nancy.thomas@morganstan.com
Fidelity Investments,FNF,Exxon Mobil,XOM,30231G102,22492209,14609682110.59,0.3772,2024-03-31,Increased,13F-NT,Michael Rodriguez,michael.rodriguez@fidelityin.com
Two Sigma Investments,TWSM,Tesla Inc,TSLA,88160R101,7524371,3969980322.14,0.1485,2025-09-30,Unchanged,13F-HR,,
Baupost Group,BPST,Tesla Inc,TSLA,88160R101,23291509,12202100773.59,0.3015,2025-09-30,Decreased,13F-NT,Elizabeth Miller,elizabeth.miller@baupostgro.com
JP Morgan Asset Mgmt,JPM,Amazon.com Inc,AMZN,023135106,28622699,11524317434.92,1.1102,2024-09-30,Increased,13F-HR,Michael Lopez,michael.lopez@jpmorganas.com
Capital Group,CGBL,UnitedHealth Group,UNH,91324P102,3557684,2619823289.92,0.0472,2025-03-31,Increased,13F-NT,Thomas Davis,thomas.davis@capitalgro.com
Vanguard Group,VGI,Cisco Systems,CSCO,17275R102,47199007,36705912902.39,6.3885,2024-03-31,Unchanged,13F-HR,Elizabeth Moore,elizabeth.moore@vanguardgr.com
Goldman Sachs AM,GS,Pfizer Inc,PFE,717081103,39554540,6459863515.12,0.4946,2025-12-31,Increased,13F-HR,Steven Williams,steven.williams@goldmansac.com
Capital Group,CGBL,UnitedHealth Group,UNH,91324P102,1978367,46386458.14,0.2518,2024-03-31,Increased,13F-HR,Elizabeth Johnson,elizabeth.johnson@capitalgro.com
AQR Capital Management,AQRC,JPMorgan Chase,JPM,46625H100,9191702,7303728756.02,0.1158,2024-06-30,New,13F-HR,David Taylor,david.taylor@aqrcapital.com
DE Shaw & Co,DSHW,Berkshire Hathaway,BRK.B,084670702,16242536,10419063417.66,0.3472,2025-12-31,Unchanged,13F-HR,Nancy Brown,nancy.brown@deshaw&co.com
Bridgewater Associates,BWTR,JPMorgan Chase,JPM,46625H100,8318951,476107216.22,0.1096,2025-06-30,Decreased,13F-NT,David Moore,david.moore@bridgewate.com
Wellington Management,WMGI,Microsoft Corp,MSFT,594918104,21691409,15093519274.22,0.3131,2024-06-30,Increased,13F-NT,James Thomas,james.thomas@wellington.com
Citadel Advisors,CDLC,Apple Inc,AAPL,037833100,24219146,5109396903.67,0.3114,2024-12-31,New,13F-HR,Sarah Williams,sarah.williams@citadeladv.com
Renaissance Technologies,RNTC,UnitedHealth Group,UNH,91324P102,36285755,23871946075.21,3.0841,2025-03-31,Unchanged,13F-HR,Mark Jones,mark.jones@renaissanc.com
AQR Capital Management,AQRC,JPMorgan Chase,JPM,46625H100,6064719,3699858859.54,0.1523,2025-09-30,Unchanged,13F-HR,Dorothy Garcia,dorothy.garcia@aqrcapital.com
BlackRock Inc,BLK,NVIDIA Corp,NVDA,67066G104,5714818,4464202549.41,0.3436,2025-06-30,Increased,13F-HR,William Thompson,william.thompson@blackrocki.com
Millennium Management,MLNM,Procter & Gamble,PG,742718109,24343517,6351601753.31,0.5309,2024-03-31,Increased,13F-HR,William Martin,william.martin@millennium.com
Wellington Management,WMGI,Exxon Mobil,XOM,30231G102,26717397,13423016998.92,3.2340,2024-09-30,Increased,13F-NT,Michael Williams,michael.williams@wellington.com
BlackRock Inc,BLK,Berkshire Hathaway,BRK.B,084670702,18076038,897963343.43,3.5868,2025-06-30,New,13F-HR,Margaret Rodriguez,margaret.rodriguez@blackrocki.com
Two Sigma Investments,TWSM,Bank of America,BAC,060505104,41398743,7421097623.57,0.5232,2025-06-30,Unchanged,13F-HR,Richard Jackson,richard.jackson@twosigmain.com
Bridgewater Associates,BWTR,Microsoft Corp,MSFT,,21080215,4853843427.15,0.2725,2024-06-30,Unchanged,13F-HR,William Moore,william.moore@bridgewate.com
Capital Group,CGBL,Cisco Systems,CSCO,17275R102,5874447,4074977650.10,0.1215,2024-12-31,Unchanged,13F-HR,James Anderson,james.anderson@capitalgro.com
Wellington Management,WMGI,Bank of America,BAC,060505104,7497119,1460798533.97,1.0410,2025-12-31,Decreased,13F-HR,Sarah Anderson,sarah.anderson@wellington.com
Bridgewater Associates,BWTR,Exxon Mobil,XOM,30231G102,14468526,1656151386.67,0.2501,2024-03-31,New,13F-HR,Sarah Jackson,sarah.jackson@bridgewate.com
Point72 Asset Mgmt,PT72,Chevron Corp,CVX,166764100,38052101,19829631190.04,0.6229,2025-09-30,Increased,13F-HR,Thomas Miller,thomas.miller@point72ass.com
Citadel Advisors,CDLC,Berkshire Hathaway,BRK.B,084670702,9481569,1132620833.54,0.1232,2024-09-30,New,13F-NT,Patricia Moore,patricia.moore@citadeladv.com
Goldman Sachs AM,GS,Walt Disney Co,DIS,254687106,16823281,9015619091.34,0.2461,2024-12-31,Unchanged,13F-HR,David Thompson,david.thompson@goldmansac.com
Bridgewater Associates,BWTR,Procter & Gamble,PG,742718109,28676132,6408292623.27,0.4841,2027-01-12,Decreased,13F-NT,Margaret Moore,margaret.moore@bridgewate.com
Appaloosa Management,APLS,Chevron Corp,CVX,,40284341,31745746116.94,5.6412,2025-09-30,Unchanged,13F-NT,Elizabeth Brown,elizabeth.brown@appaloosam.com
Fidelity Investments,FNF,NVIDIA Corp,NVDA,67066G104,23182189,11186488933.31,0.5836,2024-03-31,Increased,13F-HR,Elizabeth Moore,elizabeth.moore@fidelityin.com
Millennium Management,MLNM,Coca-Cola Co,KO,191216100,28525525,1061228546.01,0.6995,2024-06-30,New,13F-HR,Michael Martinez,michael.martinez@millennium.com
AQR Capital Management,AQRC,Pfizer Inc,PFE,717081103,12008740,854258416.45,0.1806,2024-09-30,Unchanged,13F-HR,Elizabeth Brown,elizabeth.brown@aqrcapital.com
Point72 Asset Mgmt,PT72,Meta Platforms,META,30303M102,49695663,15447095651.84,4.6360,2024-03-31,Unchanged,13F-NT,Daniel Anderson,daniel.anderson@point72ass.com
Renaissance Technologies,RNTC,Microsoft Corp,MSFT,594918104,22651850,11845219109.89,2.8375,2024-03-31,Increased,13F-HR,David Hernandez,david.hernandez@renaissanc.com
T. Rowe Price,TROW,Bank of America,BAC,060505104,35132770,3574854235.52,0.6299,2025-09-30,Increased,13F-NT,Jennifer Smith,jennifer.smith@troweprice.com
Point72 Asset Mgmt,PT72,Procter & Gamble,PG,742718109,26079107,1564938325.63,0.4826,2024-09-30,Decreased,13F-HR,Lisa Anderson,lisa.anderson@point72ass.com
BlackRock Inc,,Coca-Cola Co,KO,191216100,15356660,10602946408.43,0.2208,2025-06-30,Decreased,13F-HR,Karen Williams,karen.williams@blackrocki.com
Capital Group,CGBL,Tesla Inc,TSLA,88160R101,15475991,3672606558.24,0.2601,2025-06-30,Unchanged,13F-HR,Mark Rodriguez,mark.rodriguez@capitalgro.com
DE Shaw & Co,DSHW,Home Depot,HD,437076102,17693681,8966642839.55,0.4539,2025-12-31,New,13F-HR,Daniel Martinez,daniel.martinez@deshaw&co.com
Morgan Stanley IM,MS,Apple Inc,AAPL,037833100,49414126,34620861342.52,3.1586,2025-09-30,Increased,13F-NT,Mark White,mark.white@morganstan.com
T. Rowe Price,TROW,Salesforce Inc,CRM,79466L302,4246201,2477649173.17,0.0673,2025-06-30,Unchanged,13F-HR,Mark Williams,mark.williams@troweprice.com
Appaloosa Management,APLS,Intel Corp,INTC,458140100,16281083,970304279.36,0.2825,2024-12-31,New,13F-HR,Lisa Johnson,lisa.johnson@appaloosam.com
Renaissance Technologies,RNTC,Meta Platforms,META,30303M102,38284060,16059132994.53,1.7473,2024-06-30,Decreased,13F-NT,Thomas Johnson,thomas.johnson@renaissanc.com
JP Morgan Asset Mgmt,JPM,Chevron Corp,CVX,166764100,2950113,353154832.00,0.0448,2024-09-30,Decreased,13F-HR,Patricia Thompson,patricia.thompson@jpmorganas.com
Vanguard Group,VGI,NVIDIA Corp,NVDA,67066G104,36720554,1161874861.40,0.4649,2025-03-31,Decreased,13F-HR,Margaret Taylor,margaret.taylor@vanguardgr.com
Morgan Stanley IM,MS,Coca-Cola Co,KO,191216100,13379226,10696843457.18,0.3212,2025-03-31,Unchanged,13F-NT,David Davis,david.davis@morganstan.com
Appaloosa Management,APLS,UnitedHealth Group,UNH,91324P102,19828770,6691473936.80,2.1877,2025-06-30,Unchanged,13F-HR,William Davis,william.davis@appaloosam.com
Vanguard Group,VGI,Home Depot,HD,437076102,20773840,4421551354.45,0.3079,2024-06-30,Increased,13F-NT,Mark Martin,mark.martin@vanguardgr.com
Point72 Asset Mgmt,PT72,NVIDIA Corp,NVDA,67066G104,32863107,21601282573.57,0.5741,2024-03-31,New,13F-HR,Mark Anderson,mark.anderson@point72ass.com
Fidelity Investments,FNF,Meta Platforms,META,30303M102,28309903,17478936433.35,0.7602,2024-03-31,Increased,13F-NT,Mark Martin,mark.martin@fidelityin.com
State Street Corp,STT,NVIDIA Corp,NVDA,67066G104,37591882,28619671783.98,0.5247,2024-06-30,Unchanged,13F-HR,William Brown,william.brown@statestree.com
Baupost Group,BPST,JPMorgan Chase,JPM,46625H100,47899703,23290562004.65,0.7208,2024-03-31,Increased,13F-HR,Richard Thomas,richard.thomas@baupostgro.com
AQR Capital Management,AQRC,Home Depot,HD,437076102,16106292,12580143896.86,0.4281,2024-12-31,New,13F-HR,Richard Miller,richard.miller@aqrcapital.com
T. Rowe Price,TROW,Pfizer Inc,PFE,717081103,18866447,4657853823.23,0.5937,2024-09-30,Unchanged,13F-HR,,
JP Morgan Asset Mgmt,JPM,Salesforce Inc,CRM,,36080776,27189432171.63,1.0831,2025-06-30,New,13F-HR,Jennifer Miller,jennifer.miller@jpmorganas.com
State Street Corp,STT,Bank of America,BAC,060505104,30967697,24566468238.11,0.4046,2099-13-45,Increased,13F-HR,David Williams,david.williams@statestree.com
Capital Group,CGBL,Apple Inc,AAPL,037833100,38443556,22512532704.29,3.2657,2025-06-30,New,13F-HR,Susan Martinez,susan.martinez@capitalgro.com
Baupost Group,BPST,Home Depot,HD,437076102,22633057,1628764555.08,0.3536,2026-11-13,Unchanged,13F-HR,James Anderson,james.anderson@baupostgro.com
Two Sigma Investments,TWSM,Walt Disney Co,DIS,254687106,28223134,20990217051.73,1.8669,2024-03-31,Increased,13F-HR,Steven Jones,steven.jones@twosigmain.com
Citadel Advisors,CDLC,Tesla Inc,TSLA,88160R101,6268935,250753510.28,0.1294,2024-06-30,New,13F-NT,Susan Jones,susan.jones@citadeladv.com
Two Sigma Investments,TWSM,Exxon Mobil,XOM,30231G102,22595050,16406394317.69,0.7429,2024-06-30,Unchanged,13F-HR,Lisa Johnson,lisa.johnson@twosigmain.com
Citadel Advisors,CDLC,Johnson & Johnson,JNJ,478160104,7590263,1822999362.55,0.1023,2024-03-31,New,13F-HR,Mark Moore,mark.moore@citadeladv.com
Capital Group,CGBL,Intel Corp,INTC,458140100,32965122,11159170579.23,0.5006,2025-03-31,Decreased,13F-HR,James Hernandez,james.hernandez@capitalgro.com
Vanguard Group,VGI,Apple Inc,AAPL,037833100,28196659,9368072406.01,0.6741,2025-09-30,Decreased,13F-HR,Thomas Taylor,thomas.taylor@vanguardgr.com
Baupost Group,BPST,Chevron Corp,CVX,166764100,1338309,704101562.81,0.0303,2024-06-30,Decreased,13F-NT,Susan Thomas,susan.thomas@baupostgro.com
Vanguard Group,VGI,Walt Disney Co,DIS,254687106,15973746,3021619323.08,0.4793,2025-12-31,Unchanged,13F-HR,Steven Hernandez,steven.hernandez@vanguardgr.com
Bridgewater Associates,BWTR,Intel Corp,INTC,458140100,24826517,17219233752.78,0.3836,2025-03-31,Unchanged,13F-HR,Susan Rodriguez,susan.rodriguez@bridgewate.com
Renaissance Technologies,RNTC,Exxon Mobil,XOM,30231G102,35590751,9601669094.52,0.5138,2024-03-31,Decreased,13F-NT,Michael Moore,michael.moore@renaissanc.com
Citadel Advisors,CDLC,Cisco Systems,CSCO,17275R102,19767353,723351196.38,0.2847,2024-06-30,Unchanged,13F-HR,Elizabeth White,elizabeth.white@citadeladv.com
Appaloosa Management,APLS,Cisco Systems,CSCO,17275R102,27781467,18923096899.61,1.1740,2024-06-30,Increased,13F-HR,James Davis,james.davis@appaloosam.com
BlackRock Inc,BLK,JPMorgan Chase,JPM,46625H100,47801070,28562831404.96,1.8084,2026-08-07,Unchanged,13F-HR,Nancy Jones,nancy.jones@blackrocki.com
Appaloosa Management,APLS,JPMorgan Chase,JPM,46625H100,36840610,6321426495.16,3.5593,2024-12-31,Unchanged,13F-NT,Margaret Taylor,margaret.taylor@appaloosam.com
Renaissance Technologies,RNTC,Netflix Inc,NFLX,64110L106,28579003,3931987948.82,1.5565,2024-09-30,Decreased,13F-HR,Karen Johnson,karen.johnson@renaissanc.com
T. Rowe Price,TROW,Microsoft Corp,MSFT,594918104,pending,8515574487.72,0.5251,2025-12-31,Decreased,13F-HR,Lisa Miller,lisa.miller@troweprice.com
Renaissance Technologies,RNTC,Pfizer Inc,PFE,717081103,44655188,12838205707.64,0.6759,2025-03-31,Increased,13F-HR,Daniel Taylor,daniel.taylor@renaissanc.com
Capital Group,CGBL,NVIDIA Corp,NVDA,67066G104,2394477,1713090579.06,0.0531,2025-03-31,Unchanged,13F-HR,Lisa Johnson,lisa.johnson@capitalgro.com
BlackRock Inc,BLK,Apple Inc,AAPL,037833100,25468112,537474859.25,0.3807,2024-09-30,Decreased,13F-HR,Sarah Williams,sarah.williams@blackrocki.com
Millennium Management,MLNM,Walt Disney Co,DIS,254687106,798097,184640104.56,0.0163,2025-06-30,Decreased,13F-NT,Sarah Smith,sarah.smith@millennium.com
Bridgewater Associates,BWTR,Coca-Cola Co,KO,191216100,44688650,23068716533.52,1.6148,2024-12-31,New,13F-HR,James Moore,james.moore@bridgewate.com
State Street Corp,STT,Pfizer Inc,PFE,717081103,30231567,17218990799.48,1.0523,2024-12-31,Increased,13F-NT,James Anderson,james.anderson@statestree.com
JP Morgan Asset Mgmt,JPM,Walt Disney Co,DIS,254687106,21392965,2026400798.07,-0.5781,2024-03-31,Unchanged,13F-HR,David Williams,david.williams@jpmorganas.com
Two Sigma Investments,TWSM,Walt Disney Co,DIS,254687106,22489282,5191749059.37,0.5699,2025-03-31,Unchanged,13F-HR,Patricia White,patricia.white@twosigmain.com
Goldman Sachs AM,GS,Adobe Inc,ADBE,00724F101,42615246,5754355756.20,0.5533,2024-06-30,Decreased,13F-HR,James Hernandez,james.hernandez@goldmansac.com
Fidelity Investments,FNF,Meta Platforms,META,30303M102,2507263,645380467.48,0.0959,2024-03-31,Unchanged,13F-HR,David Davis,david.davis@fidelityin.com
T. Rowe Price,TROW,NVIDIA Corp,NVDA,67066G104,31135061,7700275440.44,1.0354,2024-03-31,Unchanged,13F-HR,William White,william.white@troweprice.com
Goldman Sachs AM,GS,Procter & Gamble,PG,742718109,43631553,32976476416.16,1.5993,2025-06-30,Unchanged,13F-HR,Jennifer Rodriguez,jennifer.rodriguez@goldmansac.com
BlackRock Inc,BLK,Walt Disney Co,DIS,254687106,41294701,6284915386.79,6.3057,2024-12-31,Increased,13F-HR,Lisa Smith,lisa.smith@blackrocki.com
Point72 Asset Mgmt,PT72,Coca-Cola Co,KO,191216100,8618891,3624925619.88,0.5052,2024-09-30,Increased,13F-HR,David Jackson,david.jackson@point72ass.com
Point72 Asset Mgmt,PT72,NVIDIA Corp,NVDA,67066G104,35421588,24812743476.35,0.5357,2025-03-31,Increased,13F-HR,Jennifer Thompson,jennifer.thompson@point72ass.com
T. Rowe Price,TROW,Chevron Corp,CVX,166764100,3076421,1138220415.14,0.1314,2025-03-31,Unchanged,13F-HR,Richard Smith,richard.smith@troweprice.com
T. Rowe Price,TROW,Salesforce Inc,CRM,79466L302,38395920,19638944251.50,0.6272,2024-03-31,New,13F-HR,David Thompson,david.thompson@troweprice.com
Baupost Group,BPST,Netflix Inc,NFLX,64110L106,5464760,2727792468.15,0.0811,2025-03-31,Decreased,13F-HR,Nancy Hernandez,nancy.hernandez@baupostgro.com
Renaissance Technologies,RNTC,Tesla Inc,TSLA,88160R101,43159230,18218056085.80,0.9951,2025-03-31,Unchanged,13F-HR,Steven Lopez,steven.lopez@renaissanc.com
Baupost Group,BPST,Netflix Inc,NFLX,64110L106,26908175,6959501555.72,0.3704,2025-06-30,Unchanged,13F-HR,Margaret Rodriguez,margaret.rodriguez@baupostgro.com
State Street Corp,STT,Procter & Gamble,PG,742718109,25358191,3825473545.42,1.0585,2025-09-30,Increased,13F-HR,Nancy Lopez,nancy.lopez@statestree.com
Fidelity Investments,FNF,Johnson & Johnson,JNJ,478160104,16860756,8940058601.70,0.2836,2025-03-31,Increased,13F-NT,David White,david.white@fidelityin.com
Point72 Asset Mgmt,PT72,Microsoft Corp,MSFT,594918104,5636888,2921855294.38,0.3955,2025-06-30,Unchanged,13F-HR,Jennifer Rodriguez,jennifer.rodriguez@point72ass.com
Bridgewater Associates,BWTR,Walt Disney Co,DIS,254687106,19872760,2646097971.92,0.3936,2099-13-45,Increased,13F-HR,Daniel Johnson,daniel.johnson@bridgewate.com
Point72 Asset Mgmt,PT72,Exxon Mobil,XOM,30231G102,11234260,1883812926.20,0.6954,00-00-0000,Unchanged,13F-NT,Thomas Moore,thomas.moore@point72ass.com
State Street Corp,STT,JPMorgan Chase,JPM,46625H100,unknown,8598638855.08,0.3065,2024-03-31,Increased,13F-NT,Lisa Taylor,lisa.taylor@statestree.com
State Street Corp,STT,Meta Platforms,META,30303M102,8270984,1478825437.70,0.1457,2025-03-31,New,13F-HR,Elizabeth Lopez,elizabeth.lopez@statestree.com
Citadel Advisors,CDLC,Coca-Cola Co,KO,191216100,12031049,1045640492.72,0.1542,2025-12-31,Unchanged,13F-HR,Karen Garcia,karen.garcia@citadeladv.com
Two Sigma Investments,TWSM,Visa Inc,V,92826C839,17495834,8341053869.31,0.2578,2025-06-30,New,13F-NT,David Martin,david.martin@twosigmain.com
T. Rowe Price,TROW,Home Depot,HD,437076102,2105810,227719960.47,0.0566,2024-03-31,Increased,13F-HR,Mark Taylor,mark.taylor@troweprice.com
Goldman Sachs AM,GS,UnitedHealth Group,UNH,91324P102,9493104,5758167110.77,0.1928,2027-04-08,Unchanged,13F-HR,Karen Garcia,karen.garcia@goldmansac.com
State Street Corp,STT,Netflix Inc,NFLX,64110L106,12417168,3841822226.95,0.5807,2025-09-30,New,13F-HR,Sarah Moore,sarah.moore@statestree.com
Bridgewater Associates,BWTR,NVIDIA Corp,NVDA,67066G104,15165262,4618508360.03,0.7273,2025-09-30,Increased,13F-HR,Karen Hernandez,karen.hernandez@bridgewate.com
State Street Corp,STT,Meta Platforms,META,30303M102,29666642,1861145315.35,0.3999,2024-03-31,New,13F-HR,Mark Williams,mark.williams@statestree.com
Morgan Stanley IM,MS,Home Depot,HD,437076102,16189062,9398912301.01,0.3231,2025-12-31,Unchanged,13F-HR,Thomas Jackson,thomas.jackson@morganstan.com
Renaissance Technologies,RNTC,Meta Platforms,META,30303M102,47235764,7843098954.15,0.6331,2025-03-31,Increased,13F-HR,Elizabeth Martin,elizabeth.martin@renaissanc.com
Renaissance Technologies,RNTC,Microsoft Corp,MSFT,594918104,14937274,2623983235.14,0.3361,2025-12-31,Increased,13F-HR,Thomas Martinez,thomas.martinez@renaissanc.com
JP Morgan Asset Mgmt,JPM,Apple Inc,AAPL,037833100,1127661,432695448.61,0.0153,2025-12-31,New,13F-HR,David Lopez,david.lopez@jpmorganas.com
Fidelity Investments,FNF,Meta Platforms,META,30303M102,9942211,6038572509.46,0.1513,2025-06-30,Unchanged,13F-NT,Steven Brown,steven.brown@fidelityin.com
Appaloosa Management,APLS,Walt Disney Co,DIS,254687106,27027604,19809016110.32,0.5804,2025-03-31,Increased,13F-HR,Daniel Lopez,daniel.lopez@appaloosam.com
Baupost Group,BPST,Bank of America,BAC,060505104,7561011,2595430978.05,0.1392,2025-09-30,New,13F-HR,Susan White,susan.white@baupostgro.com
Point72 Asset Mgmt,PT72,Cisco Systems,CSCO,17275R102,48607489,24313344069.18,9.6412,2025-06-30,Increased,13F-HR,Nancy Anderson,nancy.anderson@point72ass.com
Fidelity Investments,FNF,Walt Disney Co,DIS,254687106,33613630,14528973926.99,0.4325,2024-12-31,Increased,13F-HR,Dorothy Taylor,dorothy.taylor@fidelityin.com
State Street Corp,STT,UnitedHealth Group,UNH,91324P102,40284875,14898199672.76,1.2440,2024-12-31,Unchanged,13F-NT,,
DE Shaw & Co,DSHW,Apple Inc,AAPL,037833100,46535196,11257834403.60,1.3747,2025-06-30,New,13F-HR,Mark Johnson,mark.johnson@deshaw&co.com
T. Rowe Price,TROW,NVIDIA Corp,NVDA,67066G104,21866099,16754492658.17,0.4639,2024-09-30,Increased,13F-HR,Dorothy Hernandez,dorothy.hernandez@troweprice.com
Renaissance Technologies,RNTC,Exxon Mobil,XOM,30231G102,29140097,1979932522.50,0.7749,2024-09-30,New,13F-NT,Richard White,richard.white@renaissanc.com
JP Morgan Asset Mgmt,JPM,Berkshire Hathaway,BRK.B,084670702,18687440,9245427122.60,0.2358,2024-09-30,Decreased,13F-HR,David Miller,david.miller@jpmorganas.com
DE Shaw & Co,DSHW,Meta Platforms,META,30303M102,27135895,3363489989.55,0.8207,2025-09-30,New,13F-HR,Daniel Taylor,daniel.taylor@deshaw&co.com
Millennium Management,MLNM,Visa Inc,V,92826C839,36005588,3923889470.45,0.6996,2025-09-30,Unchanged,13F-NT,Lisa Lopez,lisa.lopez@millennium.com
Baupost Group,BPST,Amazon.com Inc,AMZN,023135106,39949289,24966770467.52,2.3474,2024-09-30,New,13F-HR,Lisa Moore,lisa.moore@baupostgro.com
Baupost Group,BPST,JPMorgan Chase,JPM,46625H100,17712939,591566745.20,0.2271,2025-09-30,Increased,13F-HR,Sarah Jones,sarah.jones@baupostgro.com
