buyer_name,buyer_ticker,supplier_name,supplier_ticker,relationship_type,supply_concentration_pct,product_category,effective_date,contract_value_usd,supplier_address,contact_email
Procter & Gamble,PG,Deloitte,DLT,Service Provider,-21.7,Audit,2025-05-02,5229116.09,"80570 Ashley Parks, Michellemouth, NV 42641",tina.snyder@deloitte.com
Amazon.com Inc,AMZN,UPS Inc,UPS,Logistics Partner,6.88,Supply Chain,2024-07-02,2923366.35,"58714 Hudson Street Apt. 821, West Ashley, NH 99455",erik.gay@upsinc.com
Coca-Cola Co,KO,Iron Mountain,IRM,Service Provider,17.68,Data Storage,2024-12-24,5058125.62,"2441 Rachel Drive Apt. 618, Mooreside, SC 62048",regina.silva@ironmountain.com
General Electric,GE,FedEx Corp,FDX,Logistics Partner,13.03,Express Delivery,2023-05-11,2564182.77,"7243 Steven Cliffs Suite 656, South Benjamin, KS 15532",david.wood@fedexcorp.com
Ford Motor Co,F,Magna International,MGA,Contract Manufacturer,7.09,Seating,2025-11-24,2048472.31,"PSC 1218, Box 2097, APO AE 24971",ashley.hayes@magnainterna.com
Merck & Co,MRK,,,Logistics Partner,18.83,International Shipping,2022-11-02,4555474.11,,ian.lee@dhlexpress.com
Merck & Co,MRK,Accenture plc,ACN,Service Provider,12.53,Consulting,2022-03-10,6489820.27,"PSC 9649, Box 3046, APO AA 07430",timothy.mitchell@accentureplc.com
Chevron Corp,CVX,ChampionX Corp,CHX,Direct Supplier,4.61,Artificial Lift,2022-12-12,3884136.4,"96149 Tara Cliff Suite 090, Kevinport, ME 75404",amy.salinas@championxcor.com
Oracle Corp,ORCL,FedEx Corp,FDX,Logistics Partner,13.55,Express Delivery,2024-07-21,6523733.92,"380 Patrick Flat Apt. 676, Lake Danielle, CO 41054",matthew.knight@fedexcorp.com
Netflix Inc,NFLX,SAP SE,SAP,Service Provider,1.04,Business Software,2022-03-28,4390384.98,"6599 Ronald Glens, Cannonland, LA 78920",mitchell.williams@sapse.com
Coca-Cola Co,KO,,,Logistics Partner,4.72,Express Delivery,2022-06-12,1770247.09,"5175 Escobar Mission, West James, GA 62565",heather.smith@fedexcorp.com
AMD Inc,AMD,DHL Express,DHL.DE,Logistics Partner,-48.38,International Shipping,2025-11-22,6386930.48,"Unit 2705 Box 8772, DPO AE 09094",kyle.alexander@dhlexpress.com
Johnson & Johnson,JNJ,Lonza Group,LONN.SW,Contract Manufacturer,10.08,Drug Substance,2025-10-09,7617309.26,"01388 Michael Freeway, North Kelli, WA 26320",juan.brown@lonzagroup.com
AMD Inc,AMD,Initech Solutions,INIT,Service Provider,2.84,Consulting,2023-03-24,2152486.45,"485 Amy Loop, Griffinbury, WY 65587",matthew.west@accentureplc.com
PepsiCo Inc,PEP,ServiceNow Inc,NOW,Service Provider,4.24,IT Service Management,2024-02-20,8364798.32,,
Merck & Co,MRK,Deloitte,DLT,Service Provider,11.35,Audit,2023-07-24,1906396.12,,
Procter & Gamble,PG,,,Service Provider,5.76,Audit,2024-10-15,2346676.84,"45024 Jennifer Ford, Jonesmouth, UT 70091",mark.nichols@deloitte.com
Broadcom Inc,AVGO,Tokyo Electron,8035.T,Direct Supplier,347.68,Coater/Developer,2023-03-09,2683228.95,"167 Cynthia Garden Suite 266, South Vickifort, OR 53035",steven.erickson@tokyoelectro.com
Eli Lilly,LLY,FedEx Corp,FDX,Logistics Partner,5.64,Express Delivery,2025-11-26,9734241.35,"163 Madeline Manors Suite 897, Lake Stephanieton, AR 12362",heidi.flores@fedexcorp.com
Meta Platforms Inc,META,Workday Inc,WDAY,Service Provider,16.01,HR Software,2025-10-30,3978097.84,"614 William Flats Apt. 674, Lake Amber, PA 41523",brittany.johnson@workdayinc.com
General Electric,GE,SAP SE,SAP,Service Provider,16.48,ERP,2022-11-19,9418921.37,"10932 Mathew Radial Suite 176, North Coleport, NY 31195",joseph.garcia@sapse.com
Meta Platforms Inc,META,SAP SE,SAP,Service Provider,13.09,Business Software,2022-06-16,9379401.39,,
Boeing Co,BA,Acme Widget Corp,ACME,Service Provider,5.57,ERP,2022-11-01,7047184.41,"0731 Miller Plains Apt. 112, Port Jamesfurt, NM 24068",gary.hernandez@sapse.com
Oracle Corp,ORCL,Amazon Web Services,AMZN,Service Provider,19.7,Cloud Infrastructure,2025-07-31,3991057.49,"233 Kevin Lane Suite 185, Amandashire, NE 51496",mark.richardson@amazonwebser.com
Costco Wholesale,COST,Iron Mountain,IRM,Service Provider,465.3,Data Storage,2023-04-27,3649008.84,"05986 Contreras Manor Suite 714, Lake Jason, NE 03643",stephen.ayers@ironmountain.com
Qualcomm Inc,QCOM,Accenture plc,ACN,Service Provider,4.79,Consulting,2023-04-24,8567329.11,"52135 Palmer Springs, Jorgeburgh, AK 53505",christopher.aguirre@accentureplc.com
Merck & Co,MRK,IBM Corp,IBM,Service Provider,2.99,IT Infrastructure,2024-10-23,2057046.62,"766 Roberta Crossroad, West Edwinchester, NJ 26974",zachary.smith@ibmcorp.com
JPMorgan Chase,JPM,UPS Inc,UPS,Logistics Partner,5.83,Supply Chain,2025-04-22,606457.76,"0061 Mason Orchard, Teresaberg, IA 41553",maria.bates@upsinc.com
Procter & Gamble,PG,Accenture plc,ACN,Service Provider,12.87,Consulting,2022-12-08,6261438.11,"9542 Gary Lights Suite 011, Griffinville, DE 57256",nicole.davis@accentureplc.com
Intel Corp,INTC,Applied Materials,AMAT,Direct Supplier,7.89,Deposition Equipment,2023-03-15,689077.06,"32370 Spencer Land, Laraside, DC 80710",sara.little@appliedmater.com
Walt Disney Co,DIS,FedEx Corp,FDX,Logistics Partner,19.58,Express Delivery,2022-04-17,8412144.06,,
Eli Lilly,LLY,,,Direct Supplier,6.92,Biopharma Materials,2024/31/12,3477186.06,,jillian.johnson@avantorinc.com
Costco Wholesale,COST,ServiceNow Inc,NOW,Service Provider,12.0,IT Service Management,2025-09-04,6478209.7,"9220 Alejandro Hollow Suite 964, Hickmanberg, VA 80577",justin.mckinney@servicenowin.com
Salesforce Inc,CRM,Snowflake Inc,SNOW,Service Provider,3.96,Data Warehousing,2022-06-25,1168098.82,"182 Jones Stravenue, Lake Kathleenmouth, GA 89805",melissa.harris@snowflakeinc.com
Walt Disney Co,DIS,Deloitte,DLT,Service Provider,5.79,Audit,2024-04-11,7993296.11,,thomas.mccormick@deloitte.com
Procter & Gamble,PG,IBM Corp,IBM,Service Provider,17.42,Cloud,2022-08-21,7930567.35,"34243 Rivera Ford, South Katrinaberg, PR 73934",john.johnson@ibmcorp.com
General Electric,GE,Deloitte,DLT,Service Provider,19.98,Consulting,2024-12-31,1732315.44,,vincent.fischer@deloitte.com
Cisco Systems,CSCO,Workday Inc,WDAY,Service Provider,11.29,Finance,2023-05-08,5896731.56,"6322 Washington Cliffs Apt. 178, Danielstad, PA 93748",monica.miller@workdayinc.com
Caterpillar Inc,CAT,SAP SE,SAP,Service Provider,18.9,ERP,2025-03-15,3359610.48,"30144 Hill Coves Suite 294, Lake Brianchester, NM 43506",lisa.williams@sapse.com
Chevron Corp,CVX,ServiceNow Inc,NOW,Service Provider,11.14,IT Service Management,2022-12-16,6135773.8,,laurie.pearson@servicenowin.com
General Motors,GM,Accenture plc,ACN,Service Provider,4.51,IT Services,2025-02-25,7085987.09,"233 Abigail Drives Apt. 020, West Richard, CT 28750",robert.morgan@accentureplc.com
Cisco Systems,CSCO,DHL Express,DHL.DE,Logistics Partner,12.98,International Shipping,2025-01-18,7958720.13,"PSC 0523, Box 1244, APO AA 26615",javier.diaz@dhlexpress.com
Boeing Co,BA,Accenture plc,ACN,Service Provider,13.69,IT Services,2024-09-30,7977624.46,"8925 Brandon Knolls Apt. 674, Fowlerborough, MN 71455",richard.foley@accentureplc.com
Lockheed Martin,LMT,Iron Mountain,IRM,Service Provider,5.02,Data Storage,2023-01-05,5477470.25,"019 Timothy Spurs, Ronaldmouth, KS 69365",mark.gutierrez@ironmountain.com
Johnson & Johnson,JNJ,Iron Mountain,IRM,Service Provider,4.29,Data Storage,2025-10-03,825049.31,"418 Joe Spur, Lesterville, CO 58756",christopher.brown@ironmountain.com
Intel Corp,INTC,SK Hynix,000660.KS,Direct Supplier,4.55,DRAM,2023-10-21,7575048.1,"118 George Coves Suite 525, New Emilystad, OK 43741",tammy.moreno@skhynix.com
Johnson & Johnson,JNJ,West Pharmaceutical,WST,Direct Supplier,14.59,Delivery Systems,2022-04-10,378412.4,,
Intel Corp,INTC,DHL Express,DHL.DE,Logistics Partner,7.62,International Shipping,2023-02-13,8400327.02,"385 Fox Island, South Rhonda, MA 72102",monique.fitzgerald@dhlexpress.com
Home Depot,HD,FedEx Corp,FDX,Logistics Partner,3.93,Express Delivery,2024-01-15,3379344.88,"41038 Morris Roads, Andersonshire, RI 71299",melissa.harrell@fedexcorp.com
Caterpillar Inc,CAT,IBM Corp,IBM,Service Provider,4.17,Cloud,2024-10-20,1306086.43,"814 Armstrong Gateway Suite 369, East Stacey, WI 23351",patricia.sheppard@ibmcorp.com
Qualcomm Inc,QCOM,Samsung Electronics,005930.KS,Contract Manufacturer,11.06,Memory Chips,2024-05-04,8539497.15,,
Johnson & Johnson,JNJ,,,Contract Manufacturer,7.9,Drug Delivery,2025-05-12,972824.1,,steven.tyler@catalentinc.com
Goldman Sachs,GS,Broadridge Financial,BR,Service Provider,,Trade Processing,2023-11-21,5935206.12,"4943 Sexton Expressway Suite 056, West Suzannestad, ID 33440",david.foster@broadridgefi.com
Intel Corp,INTC,Iron Mountain,IRM,Service Provider,10.17,Data Storage,2022-04-29,3863852.66,,
Alphabet Inc,GOOGL,SAP SE,SAP,Service Provider,19.47,Business Software,2025-02-08,2246036.71,,
Procter & Gamble,PG,FedEx Corp,FDX,Logistics Partner,17.02,Express Delivery,2025-06-19,1072298.93,"573 Macdonald Extensions Apt. 277, North Jonathanborough, MA 70066",amanda.colon@fedexcorp.com
FactSet Research,FDS,,,Logistics Partner,8.06,Express Delivery,2022-07-03,2524786.45,"2188 Gutierrez Locks, Knightport, CO 32285",angela.richard@fedexcorp.com
Merck & Co,MRK,,,Contract Manufacturer,30.57,Fill/Finish,2023-10-16,7355287.56,"6157 Nicole Mill, East Austin, AK 94838",gregory.williams@catalentinc.com
Texas Instruments,TXN,ASML Holding,ASML,Direct Supplier,14.7,DUV Systems,2024-05-20,2549118.74,"6241 Roberto Lodge Suite 680, Stephaniemouth, OK 53230",dakota.rodriguez@asmlholding.com
Salesforce Inc,CRM,Amazon Web Services,AMZN,Service Provider,7.77,Compute,2025-06-25,4851403.56,"9317 Perry Burgs Suite 302, Lake Sarahmouth, IL 59895",heather.ramsey@amazonwebser.com
AMD Inc,AMD,Iron Mountain,IRM,Service Provider,6.85,Data Storage,2024-04-02,6194343.83,"6844 Stacey Oval Apt. 379, Port Jacobberg, CO 11766",billy.sosa@ironmountain.com
Costco Wholesale,COST,FedEx Corp,FDX,Logistics Partner,5.8,Express Delivery,2024/31/12,2226260.74,"USNS Johnson, FPO AE 39563",erika.brown@fedexcorp.com
Goldman Sachs,GS,Fiserv Inc,FI,Service Provider,3.0,Digital Banking,2025-04-08,6652940.45,"7848 Taylor Square Apt. 997, Millsside, ME 46005",anthony.alvarado@fiservinc.com
Oracle Corp,ORCL,Deloitte,DLT,Service Provider,6.65,Audit,2024-12-19,7331411.36,,jacob.singh@deloitte.com
Walt Disney Co,DIS,FedEx Corp,FDX,Logistics Partner,13.56,Express Delivery,2024-08-15,2715962.74,"46739 Cheryl Alley Apt. 141, Yatestown, OR 12604",kathleen.smith@fedexcorp.com
Starbucks Corp,SBUX,IBM Corp,IBM,Service Provider,6.98,IT Infrastructure,2024-04-16,8670227.97,"430 Wolf Inlet, Bradleyside, SC 77663",heidi.roberson@ibmcorp.com
Qualcomm Inc,QCOM,Lam Research,LRCX,Direct Supplier,10.76,Etch Equipment,2022-07-12,4074670.44,,
Tesla Inc,TSLA,UPS Inc,UPS,Logistics Partner,7.88,Shipping,2025-06-05,8504890.06,"536 Nicholas Burgs Suite 152, North Justin, MP 62426",nicole.arias@upsinc.com
JPMorgan Chase,JPM,SS&C Technologies,SSNC,Service Provider,9.42,Fund Administration,2023-07-19,6104863.8,"732 Meyer Forge, Carrilloshire, HI 10962",jason.lyons@ss&ctechnolo.com
Johnson & Johnson,JNJ,DHL Express,DHL.DE,Logistics Partner,18.72,International Shipping,2023-02-10,9258555.71,"650 Nicholas Rapid Suite 505, Wilkinsberg, DE 49081",joshua.dunn@dhlexpress.com
Goldman Sachs,GS,FedEx Corp,FDX,Logistics Partner,14.51,Express Delivery,00-00-0000,1445790.56,"USS Diaz, FPO AA 10326",jeff.yates@fedexcorp.com
Ford Motor Co,F,BorgWarner Inc,BWA,Direct Supplier,14.0,Drivetrain,2023-10-04,1856315.79,,jamie.villegas@borgwarnerin.com
Apple Inc,AAPL,DHL Express,DHL.DE,Logistics Partner,2.81,International Shipping,2025-01-22,9439955.86,"00245 Nelson Roads Suite 939, Salazarbury, TN 99700",edwin.becker@dhlexpress.com
Home Depot,HD,DHL Express,DHL.DE,Logistics Partner,low,International Shipping,2022-05-15,4569902.87,,eric.martinez@dhlexpress.com
NVIDIA Corp,NVDA,Lam Research,LRCX,Direct Supplier,,Deposition Systems,2022-03-30,7310831.28,"Unit 0184 Box 5146, DPO AE 59971",wendy.rice@lamresearch.com
NVIDIA Corp,NVDA,ASE Technology,ASX,Contract Manufacturer,20.09,Semiconductor Packaging,2023-05-17,1675854.81,"3178 Brent Plains Apt. 132, Tuckerborough, VI 53066",james.west@asetechnolog.com
Alphabet Inc,GOOGL,Workday Inc,WDAY,Service Provider,1.31,Finance,2025-08-03,7890538.67,"09647 Anderson Route Apt. 268, Lake Kevin, NJ 03670",drew.owen@workdayinc.com
Tesla Inc,TSLA,Nvidia Corp,NVDA,Direct Supplier,31.84,Autonomous Driving Chips,2022-12-14,6605564.91,"706 Rhodes Freeway, Bishopmouth, IN 70494",marie.wise@nvidiacorp.com
Nike Inc,NKE,Accenture plc,ACN,Service Provider,12.13,IT Services,2025-11-30,5191526.43,"99645 Thompson Greens Apt. 840, Port Trevor, TN 10260",lance.curtis@accentureplc.com
Oracle Corp,ORCL,SAP SE,SAP,Service Provider,15.45,Business Software,2022-11-24,5254569.26,,sandra.miller@sapse.com
NVIDIA Corp,NVDA,Lam Research,LRCX,Direct Supplier,3.52,Deposition Systems,2022-12-18,6481076.24,,
Oracle Corp,ORCL,Globex Industries,GLBX,Service Provider,14.11,Cloud Infrastructure,2023-06-06,7912445.25,"9972 Mccarty Spurs Apt. 677, Dawnberg, WA 01335",ian.garcia@amazonwebser.com
FactSet Research,FDS,Accenture plc,ACN,Service Provider,17.38,IT Services,2022-02-17,3432567.72,"37887 Mark Plains, Carloshaven, AR 50887",william.vasquez@accentureplc.com
Costco Wholesale,COST,FedEx Corp,FDX,Logistics Partner,9.07,Express Delivery,2025-06-30,8338555.17,"91027 Knox Groves Suite 142, Emmabury, GA 11073",james.kane@fedexcorp.com
Salesforce Inc,CRM,Iron Mountain,IRM,Service Provider,8.35,Data Storage,2023-05-28,7971042.55,,
Alphabet Inc,GOOGL,Deloitte,DLT,Service Provider,11.63,Audit,2023-08-27,8506796.67,"30600 James Ferry Suite 550, Ruthberg, GA 38289",john.stokes@deloitte.com
Amazon.com Inc,AMZN,DHL Express,DHL.DE,Logistics Partner,2.87,International Shipping,2025-08-20,2884708.68,,jessica.burns@dhlexpress.com
Boeing Co,BA,SAP SE,SAP,Service Provider,1.15,Business Software,2023-07-27,9007074.79,"PSC 0770, Box 0409, APO AE 02152",john.estrada@sapse.com
Boeing Co,BA,IBM Corp,IBM,Service Provider,17.01,Cloud,2025-11-26,6864277.67,"6703 Nicolas Shoals, Patelport, AZ 71482",brian.bond@ibmcorp.com
Alphabet Inc,GOOGL,DHL Express,DHL.DE,Logistics Partner,12.65,International Shipping,2023-12-05,5373580.95,"99570 Griffin Stravenue, Sparksburgh, SC 56205",jennifer.frey@dhlexpress.com
Salesforce Inc,CRM,ServiceNow Inc,NOW,Service Provider,3.62,IT Service Management,2022-07-14,3159856.08,"58328 Kristie Estate Suite 886, West Jeffreyborough, TN 44001",christina.stanley@servicenowin.com
Home Depot,HD,Workday Inc,WDAY,Service Provider,7.06,HR Software,2025-11-20,7338253.25,,
PepsiCo Inc,PEP,Deloitte,DLT,Service Provider,7.38,Audit,2024-10-26,8123998.92,"170 Scott Gardens, Brownberg, GU 30068",laura.lutz@deloitte.com
FactSet Research,FDS,Workday Inc,WDAY,Service Provider,13.28,HR Software,2022-07-05,8518262.46,,johnny.davis@workdayinc.com
Apple Inc,AAPL,UPS Inc,UPS,Logistics Partner,15.61,Supply Chain,2023-03-12,9067720.6,"157 Alexandria Brooks Apt. 805, East Aaronhaven, AL 01111",christopher.green@upsinc.com
FactSet Research,FDS,Deloitte,DLT,Service Provider,17.81,Consulting,2022-09-12,3879018.81,"79531 Daniel Garden, Barbaraview, VI 22372",joseph.sutton@deloitte.com
FactSet Research,FDS,Iron Mountain,IRM,Service Provider,6.36,Data Storage,2024-03-05,4031788.43,,
Intel Corp,INTC,,,Direct Supplier,15.72,DRAM,2024-06-02,473043.56,"4299 Phillip Harbor Suite 686, Fredton, MS 19082",pamela.martinez@skhynix.com
Alphabet Inc,GOOGL,Globex Industries,GLBX,Logistics Partner,17.02,International Shipping,2023-03-07,4654550.64,,
Cisco Systems,CSCO,FedEx Corp,FDX,Logistics Partner,4.34,Freight,2022-03-19,948060.9,"9064 Snyder Row Apt. 591, East Brandontown, DC 14281",joshua.molina@fedexcorp.com
PepsiCo Inc,PEP,Workday Inc,WDAY,Service Provider,4.52,HR Software,2022-01-29,2686896.55,,derek.walton@workdayinc.com
Chevron Corp,CVX,Baker Hughes,BKR,Direct Supplier,4.96,Oilfield Equipment,2023-07-29,1308407.93,"99972 Carl Island Apt. 927, Port Laurashire, IL 95585",vanessa.bates@bakerhughes.com
Texas Instruments,TXN,Applied Materials,AMAT,Direct Supplier,12.01,Deposition Equipment,2023-06-14,2476578.61,,
Broadcom Inc,AVGO,Iron Mountain,IRM,Service Provider,13.84,Records Management,2024-04-15,3635272.09,"742 Rhonda Island, Port Jennifer, MA 87691",nicole.booth@ironmountain.com
General Electric,GE,Deloitte,DLT,Service Provider,17.64,Consulting,2022-10-21,295711.29,"9555 Micheal Isle Apt. 082, South Samuel, MA 39825",kelly.young@deloitte.com
Oracle Corp,ORCL,Datadog Inc,DDOG,Service Provider,12.79,Monitoring,2023-11-24,6772782.42,,
Qualcomm Inc,QCOM,Lam Research,LRCX,Direct Supplier,16.22,Deposition Systems,2023-01-20,5208471.95,"438 Julie Hill, Port Rachaelbury, NM 51079",carol.lawson@lamresearch.com
Broadcom Inc,AVGO,Iron Mountain,IRM,Service Provider,17.46,Data Storage,2022-09-16,7519403.47,,
Ford Motor Co,F,UPS Inc,UPS,Logistics Partner,11.78,Supply Chain,2024-03-03,1968337.61,,
General Motors,GM,Robert Bosch,BOSCH.DE,Direct Supplier,1.5,Fuel Injection,2023-03-17,7994287.02,,
JPMorgan Chase,JPM,Workday Inc,WDAY,Service Provider,14.67,Finance,2025-09-27,2371586.12,,
NVIDIA Corp,NVDA,Samsung Electronics,005930.KS,Contract Manufacturer,3.96,Memory Chips,2023-09-21,3756410.8,"6508 Patty Glen Apt. 178, Ericbury, PA 13335",jocelyn.moore@samsungelect.com
Boeing Co,BA,Raytheon Technologies,RTX,Direct Supplier,15.87,Avionics,2025-05-17,2093741.81,"PSC 4845, Box 5939, APO AA 43264",jonathan.parker@raytheontech.com
Starbucks Corp,SBUX,SAP SE,SAP,Service Provider,6.71,Business Software,2024-05-31,9968327.64,,
Adobe Inc,ADBE,Amazon Web Services,AMZN,Service Provider,15.53,Cloud Infrastructure,2024-10-06,9943612.89,"380 Tran Estates, Kirbyburgh, TN 74498",crystal.nguyen@amazonwebser.com
Eli Lilly,LLY,ServiceNow Inc,NOW,Service Provider,19.75,IT Service Management,2025-12-03,9056767.48,"075 Fox Stream Suite 974, Weberton, MD 21633",andrew.herrera@servicenowin.com
Microsoft Corp,MSFT,Datadog Inc,DDOG,Service Provider,3.47,Monitoring,2025-10-07,6472732.85,"Unit 1745 Box 9615, DPO AP 70443",douglas.pitts@datadoginc.com
AMD Inc,AMD,Samsung Electronics,005930.KS,Contract Manufacturer,4.53,Foundry Services,2024-12-10,3900168.32,,susan.lane@samsungelect.com
Caterpillar Inc,CAT,Oscorp Industries,OSCP,Direct Supplier,4.53,Process Control,2024-11-23,8347359.56,,kenneth.wallace@emersonelect.com
Intel Corp,INTC,TSMC,TSM,Contract Manufacturer,18.53,Advanced Packaging,2025-02-17,5308421.06,,nathan.alvarez@tsmc.com
Merck & Co,MRK,Workday Inc,WDAY,Service Provider,1.49,Finance,2024-02-23,8745949.26,,
NVIDIA Corp,NVDA,Samsung Electronics,005930.KS,Contract Manufacturer,5.04,Memory Chips,2025-10-23,3481888.54,,christopher.perez@samsungelect.com
General Motors,GM,FedEx Corp,FDX,Logistics Partner,16.65,Freight,2022-10-23,5082569.61,"8607 Kenneth Way, Port Robert, PW 53729",tara.ortiz@fedexcorp.com
AMD Inc,AMD,SAP SE,SAP,Service Provider,2.53,Business Software,2023-05-30,2343853.51,"7772 Jackson Stravenue Suite 280, Port Melanieton, WV 01337",noah.whitaker@sapse.com
Texas Instruments,TXN,Lam Research,LRCX,Direct Supplier,10.16,Etch Equipment,2022-08-06,7627688.44,,tracy.hobbs@lamresearch.com
PepsiCo Inc,PEP,IBM Corp,IBM,Service Provider,10.89,IT Infrastructure,2025-07-08,275768.17,"449 Mitchell Ports, Natalieview, AK 69421",ashley.munoz@ibmcorp.com
General Electric,GE,,,Logistics Partner,18.93,Freight,2024-06-25,1498563.84,"7732 Tyler Keys, East Robertshire, WV 87433",christine.jefferson@fedexcorp.com
General Motors,GM,Denso Corp,6902.T,Tier 2 Supplier,-19.58,HVAC Systems,2023-01-18,8397412.18,,christine.lee@densocorp.com
Merck & Co,MRK,Accenture plc,ACN,Service Provider,2.25,Consulting,2022-01-31,3870111.27,,shawn.greene@accentureplc.com
PepsiCo Inc,PEP,IBM Corp,IBM,Service Provider,2.01,Cloud,2022-11-01,592943.32,"3504 Brown Village, Higginsmouth, MO 85158",trevor.weaver@ibmcorp.com
Chevron Corp,CVX,ServiceNow Inc,NOW,Service Provider,,IT Service Management,2025-09-26,4747990.04,,timothy.davidson@servicenowin.com
Eli Lilly,LLY,Charles River Labs,CRL,Service Provider,16.33,Safety Testing,2025-01-21,9452160.14,"2600 Michael Plains Apt. 188, North Hollytown, AL 44040",sarah.young@charlesriver.com
Caterpillar Inc,CAT,Workday Inc,WDAY,Service Provider,115.94,Finance,2023-11-06,4430218.07,"9090 Eric Isle Suite 636, New Paulfort, CT 43602",karen.farmer@workdayinc.com
Caterpillar Inc,CAT,Parker Hannifin,PH,Direct Supplier,5.26,Hydraulics,2022-09-26,2151342.78,"51028 Coleman Mountains Suite 481, New Phillip, WI 51033",sarah.mendez@parkerhannif.com
Texas Instruments,TXN,Sumco Corp,3436.T,Direct Supplier,9.36,Silicon Wafers,2025-06-18,3430853.66,"262 Mcdonald Manor, South Heatherport, DE 66749",ivan.lane@sumcocorp.com
Oracle Corp,ORCL,Palo Alto Networks,PANW,Service Provider,4.86,Network Security,2025-03-31,1229249.01,"48831 Scott Estates Suite 783, Brandonshire, MP 90362",jennifer.atkins@paloaltonetw.com
Merck & Co,MRK,Lonza Group,LONN.SW,Contract Manufacturer,5.97,Drug Substance,2024-07-21,9445438.96,"481 Myers Bridge, South Ashleyland, PA 57056",jonathan.garcia@lonzagroup.com
Coca-Cola Co,KO,FedEx Corp,FDX,Logistics Partner,5.0,Freight,2022-11-27,6490229.38,"168 Christine Extension, Mitchellberg, MH 14105",evan.payne@fedexcorp.com
Texas Instruments,TXN,Accenture plc,ACN,Service Provider,18.53,IT Services,2022-05-07,6138441.06,"4608 Heather Parks, West Benjaminside, MP 31445",kimberly.pugh@accentureplc.com
Amazon.com Inc,AMZN,Deloitte,DLT,Service Provider,5.17,Consulting,2025-12-13,8989840.42,"5857 Foster Hills Suite 192, Devinshire, IA 35282",austin.tucker@deloitte.com
Ford Motor Co,F,Workday Inc,WDAY,Service Provider,19.32,HR Software,2023-05-22,821369.74,"42168 Robert Parkway, East Gloria, SC 65934",christopher.brown@workdayinc.com
Microsoft Corp,MSFT,ServiceNow Inc,NOW,Service Provider,7.87,IT Service Management,2023-09-13,7266577.73,,
FactSet Research,FDS,DHL Express,DHL.DE,Logistics Partner,9.28,International Shipping,2025-11-09,2632873.59,,
Goldman Sachs,GS,Deloitte,DLT,Service Provider,-39.56,Consulting,2022-03-03,6622108.03,,katherine.lewis@deloitte.com
Alphabet Inc,GOOGL,Workday Inc,WDAY,Service Provider,8.62,Finance,2024-04-26,2423824.15,"841 Odonnell Courts Apt. 374, South Timothyview, IA 31079",brittany.jennings@workdayinc.com
Adobe Inc,ADBE,Cloudflare Inc,NET,Service Provider,3.13,Security,2023-01-07,8705133.93,"3364 Taylor Street, Nataliemouth, NV 47521",michael.stewart@cloudflarein.com
Broadcom Inc,AVGO,IBM Corp,IBM,Service Provider,15.16,IT Infrastructure,2023-05-08,215049.95,"14948 Francisco Pine, New Amyhaven, VT 09706",nicole.zimmerman@ibmcorp.com
AMD Inc,AMD,SK Hynix,000660.KS,Direct Supplier,9.6,NAND Flash,2025-10-25,8416715.36,,
Lockheed Martin,LMT,Iron Mountain,IRM,Service Provider,4.28,Data Storage,2023-07-30,1488605.92,,
Boeing Co,BA,Safran SA,SAF.PA,Direct Supplier,7.18,Landing Gear,2025-01-05,1889653.99,"Unit 1103 Box 4956, DPO AE 10811",jorge.johnson@safransa.com
Tesla Inc,TSLA,LG Energy Solution,373220.KS,Direct Supplier,2.21,EV Batteries,2024-09-16,9512189.62,,
Microsoft Corp,MSFT,CrowdStrike,CRWD,Service Provider,4.54,Endpoint Security,2024-10-16,4661864.27,"56476 Ryan Land Suite 579, East Lindabury, MO 82870",jennifer.barber@crowdstrike.com
Johnson & Johnson,JNJ,,,Direct Supplier,10.27,Reagents,2024-03-09,9606389.75,,
Caterpillar Inc,CAT,Acme Widget Corp,ACME,Direct Supplier,4.62,Automation,2024-12-23,2295432.88,"361 Martinez Creek, South Kathryn, VT 38285",henry.kelly@emersonelect.com
Broadcom Inc,AVGO,SAP SE,SAP,Service Provider,6.52,ERP,2024-06-14,837872.15,"19360 Robert Brooks Apt. 770, Ricardofurt, DE 90296",amber.thompson@sapse.com
Caterpillar Inc,CAT,Deloitte,DLT,Service Provider,7.71,Audit,2025-06-21,650518.74,,bruce.lynch@deloitte.com
Goldman Sachs,GS,ServiceNow Inc,NOW,Service Provider,5.93,IT Service Management,2025-03-23,9950492.14,"987 Cassie Village, Port Timothy, KY 47816",gregory.reyes@servicenowin.com
Qualcomm Inc,QCOM,FedEx Corp,FDX,Logistics Partner,13.59,Express Delivery,2023-04-24,1089382.83,,
Microsoft Corp,MSFT,Deloitte,DLT,Service Provider,18.99,Audit,2024-06-21,579739.11,"Unit 4755 Box 5773, DPO AA 90501",brett.cortez@deloitte.com
Tesla Inc,TSLA,Iron Mountain,IRM,Service Provider,7.22,Records Management,2025-08-13,6618639.35,"36914 Davis Rue, East Williamfort, TX 77889",amber.barnes@ironmountain.com
AMD Inc,AMD,Umbrella Corp,UMBR,Direct Supplier,8.64,DRAM Modules,2024-12-04,9656463.63,"339 Alicia Pines Suite 191, Port Amyhaven, ID 75566",spencer.zhang@microntechno.com
Chevron Corp,CVX,TechnipFMC,FTI,Service Provider,15.07,Subsea Systems,2025-12-29,1375013.96,,
Intel Corp,INTC,Micron Technology,MU,Direct Supplier,-21.02,NAND Storage,2023-07-13,4386567.96,"396 Tyler Road Suite 473, Evansland, UT 08353",christopher.fry@microntechno.com
Boeing Co,BA,Workday Inc,WDAY,Service Provider,4.23,HR Software,2023-10-10,5054839.27,,
Amazon.com Inc,AMZN,ServiceNow Inc,NOW,Service Provider,16.73,IT Service Management,2023-03-08,8488295.99,"9285 Smith Grove, West Lori, AK 76210",lisa.thompson@servicenowin.com
Chevron Corp,CVX,Baker Hughes,BKR,Direct Supplier,17.02,Oilfield Equipment,2023-12-21,8790779.16,,peter.copeland@bakerhughes.com
JPMorgan Chase,JPM,Iron Mountain,IRM,Service Provider,19.76,Records Management,2024-12-15,1790774.87,"414 Colleen Route Apt. 552, Lake Jason, GA 88909",john.gates@ironmountain.com
Qualcomm Inc,QCOM,Iron Mountain,IRM,Service Provider,6.22,Records Management,2024-02-12,4580678.94,"7561 Oconnell Fords, Parkerview, PR 16218",kimberly.richards@ironmountain.com
Home Depot,HD,IBM Corp,IBM,Service Provider,18.1,IT Infrastructure,2025-05-31,1565927.89,,randy.jones@ibmcorp.com
Adobe Inc,ADBE,IBM Corp,IBM,Service Provider,,IT Infrastructure,2024-02-12,5735135.35,"USNS Martin, FPO AP 70049",james.coffey@ibmcorp.com
Ford Motor Co,F,Workday Inc,WDAY,Service Provider,16.64,Finance,2022-06-11,3564675.68,"8795 Haynes Neck Apt. 149, South Samanthaport, MT 09287",rebecca.dean@workdayinc.com
General Motors,GM,DHL Express,DHL.DE,Logistics Partner,15.84,International Shipping,2025-12-29,3383881.91,"390 Moore River, Williamport, AS 59019",sarah.garcia@dhlexpress.com
Qualcomm Inc,QCOM,UPS Inc,UPS,Logistics Partner,1.91,Supply Chain,2024-03-21,2975464.24,"457 Emily Mall, Port Annehaven, CO 56497",jonathan.barton@upsinc.com
Caterpillar Inc,CAT,Emerson Electric,EMR,Direct Supplier,-97.47,Automation,2024-07-03,7841937.14,"4538 Diana Springs, Juanburgh, CA 08577",kenneth.gutierrez@emersonelect.com
General Motors,GM,Lear Corp,LEA,Direct Supplier,17.47,Electrical Systems,2023-04-20,8753595.87,"39726 Rogers Key Suite 690, Christopherberg, MI 87018",ryan.phillips@learcorp.com
Intel Corp,INTC,Workday Inc,WDAY,Service Provider,16.77,HR Software,2023-02-14,3842273.18,"633 Fischer Harbor, Jerrymouth, MN 06634",jennifer.mills@workdayinc.com
Qualcomm Inc,QCOM,ASE Technology,ASX,Contract Manufacturer,3.78,Testing,2022-05-08,6921418.76,"56658 Lauren River Suite 411, East Mark, NJ 95038",james.bates@asetechnolog.com
Nike Inc,NKE,,,Service Provider,17.6,Data Storage,2025-12-10,6988049.62,,
Starbucks Corp,SBUX,UPS Inc,UPS,Logistics Partner,20.0,Supply Chain,2024-03-06,2487191.31,,kelly.bush@upsinc.com
AMD Inc,AMD,Sumco Corp,3436.T,Direct Supplier,15.92,Silicon Wafers,2024-10-25,6669993.69,"693 Benjamin Union Apt. 983, Williamberg, TX 91628",kimberly.rose@sumcocorp.com
Qualcomm Inc,QCOM,SK Hynix,000660.KS,Direct Supplier,16.38,NAND Flash,2022-09-13,1002052.4,"62284 Jessica Spring Suite 568, Muellerburgh, AL 19137",thomas.gomez@skhynix.com
Intel Corp,INTC,UPS Inc,UPS,Logistics Partner,19.23,Supply Chain,2023-07-25,1489444.81,"51602 Lorraine Islands Apt. 071, Staceymouth, ND 65860",lori.moore@upsinc.com
Nike Inc,NKE,IBM Corp,IBM,Service Provider,19.11,IT Infrastructure,2024-08-03,9432600.41,"PSC 5469, Box 2632, APO AP 96608",christopher.lucas@ibmcorp.com
Salesforce Inc,CRM,Akamai Technologies,AKAM,Service Provider,17.34,CDN,2024-12-23,6518437.99,"1307 Lauren Passage Suite 148, Erinview, ME 26561",duane.hopkins@akamaitechno.com
General Electric,GE,Cyberdyne Systems,CYBD,Service Provider,5.13,Consulting,2025-02-03,8904750.31,"27383 Elizabeth Pike, South Franciscobury, MD 62121",paul.clark@accentureplc.com
AMD Inc,AMD,Applied Materials,AMAT,Direct Supplier,17.32,Etch Systems,2023-06-11,6385785.18,"80245 Brown Keys Apt. 565, West Eric, KY 84506",frederick.taylor@appliedmater.com
Broadcom Inc,AVGO,SAP SE,SAP,Service Provider,15.64,Business Software,TBD,6623639.52,"986 Thompson Curve, Port Angela, IN 78147",erin.king@sapse.com
Starbucks Corp,SBUX,Workday Inc,WDAY,Service Provider,10.75,HR Software,2023-03-08,2619227.8,"953 Kennedy Cliffs Apt. 493, South Joystad, TX 88318",stefanie.gordon@workdayinc.com
NVIDIA Corp,NVDA,Samsung Electronics,005930.KS,Contract Manufacturer,15.28,Foundry Services,2022-01-15,6669956.67,"163 Randall Freeway Apt. 736, South Kaitlynshire, VT 40642",gina.jones@samsungelect.com
Nike Inc,NKE,Workday Inc,WDAY,Service Provider,16.36,Finance,2024-12-06,1109381.14,"92587 Chan Grove, West Thomas, PR 40296",eric.moore@workdayinc.com
Tesla Inc,TSLA,Aptiv PLC,APTV,Direct Supplier,19.58,Wiring Harnesses,2023-10-23,8515776.11,,
Home Depot,HD,IBM Corp,IBM,Service Provider,-62.18,IT Infrastructure,2024-11-03,4063682.15,"0578 Ricky Prairie, West Pennyside, MD 08895",melanie.wallace@ibmcorp.com
Microsoft Corp,MSFT,DHL Express,DHL.DE,Logistics Partner,13.22,International Shipping,2024-05-13,8397356.1,"071 Edward Common, North Victoria, OR 85415",kristi.baldwin@dhlexpress.com
Tesla Inc,TSLA,Nvidia Corp,NVDA,Direct Supplier,low,Autonomous Driving Chips,2022-05-13,1435728.27,,
AMD Inc,AMD,Entegris Inc,ENTG,Direct Supplier,15.5,Specialty Chemicals,2024-03-19,9350974.64,,
Broadcom Inc,AVGO,Iron Mountain,IRM,Service Provider,14.88,Data Storage,2025-09-05,7533837.71,,
FactSet Research,FDS,Accenture plc,ACN,Service Provider,13.43,IT Services,2022-11-02,8661387.9,"33295 Howard Forges, West Danielleberg, NC 51209",alexis.ramirez@accentureplc.com
Qualcomm Inc,QCOM,Applied Materials,AMAT,Direct Supplier,6.96,Deposition Equipment,2025-05-15,9054589.1,,
Ford Motor Co,F,Magna International,MGA,Contract Manufacturer,18.63,Body Assemblies,2024-07-20,1821704.62,"48933 Shelley Viaduct Apt. 454, Lake Lisa, NV 74762",vanessa.baker@magnainterna.com
General Motors,GM,Continental AG,CON.DE,Direct Supplier,16.56,Tires,2025-12-05,684411.13,"USS Smith, FPO AP 81720",rebekah.barajas@continentala.com
Home Depot,HD,SAP SE,SAP,Service Provider,,ERP,2023-10-18,9147588.46,"8698 Wiggins Prairie, Fieldsmouth, UT 64666",roger.anderson@sapse.com
Boeing Co,BA,Honeywell Intl,HON,Direct Supplier,16.51,APUs,2024-02-29,8910737.55,"47966 Buck Shore, Palmertown, ID 13283",brandon.baird@honeywellint.com
Nike Inc,NKE,Deloitte,DLT,Service Provider,9.02,Consulting,2024-06-19,7070613.12,,
PepsiCo Inc,PEP,SAP SE,SAP,Service Provider,13.27,Business Software,2023-06-03,9400455.6,,
Merck & Co,MRK,Lonza Group,LONN.SW,Contract Manufacturer,18.5,Drug Substance,2023-02-22,3434916.06,"98554 Brown Rue Apt. 585, Port Steveport, SD 27124",aaron.finley@lonzagroup.com
Intel Corp,INTC,Applied Materials,AMAT,Direct Supplier,7.39,Deposition Equipment,2025-07-28,4356595.16,,megan.robles@appliedmater.com
Tesla Inc,TSLA,Panasonic Holdings,6752.T,Direct Supplier,14.24,Battery Packs,2024-11-09,4026799.92,"018 Nicholas Motorway, Ericport, VA 43018",molly.knight@panasonichol.com
Boeing Co,BA,Deloitte,DLT,Service Provider,6.45,Consulting,2025-06-01,50850.0,,gregory.davis@deloitte.com
Nike Inc,NKE,ServiceNow Inc,NOW,Service Provider,12.8,IT Service Management,2024-07-31,119324.85,,
Merck & Co,MRK,Danaher Corp,DHR,Direct Supplier,17.3,Bioprocessing,2024-03-06,128267.76,"03203 Brooke Plaza Apt. 114, North Jasonfort, GU 15807",madison.allen@danahercorp.com
Costco Wholesale,COST,SAP SE,SAP,Service Provider,19.32,ERP,2022-12-18,9021519.9,"80549 Jonathan Motorway Suite 473, Daniellestad, WI 19001",micheal.miller@sapse.com
Caterpillar Inc,CAT,ServiceNow Inc,NOW,Service Provider,18.71,IT Service Management,2023-02-14,5942658.99,"27169 Alicia Port, Stevensshire, AZ 97139",james.moran@servicenowin.com
Starbucks Corp,SBUX,Iron Mountain,IRM,Service Provider,18.81,Records Management,2023-03-06,8961116.9,"24644 Wilson Light, Port Phillipchester, NH 84897",meredith.young@ironmountain.com
Tesla Inc,TSLA,BorgWarner Inc,BWA,Direct Supplier,10.79,Electric Drive Modules,2022-11-13,4748209.91,,
Merck & Co,MRK,Accenture plc,ACN,Service Provider,3.55,Consulting,2022-06-22,2985727.77,"1578 Carol Mountain Apt. 028, Port Charlesport, CT 82035",brittany.mclean@accentureplc.com
FactSet Research,FDS,UPS Inc,UPS,Logistics Partner,9.28,Shipping,2024-08-06,6700331.9,"Unit 8705 Box 7162, DPO AP 66942",daniel.mathis@upsinc.com
Intel Corp,INTC,Tokyo Electron,8035.T,Direct Supplier,18.26,Etch Systems,2023-12-22,3021195.89,"49818 Brittany Prairie Apt. 299, Meganshire, AZ 04219",meghan.king@tokyoelectro.com
Lockheed Martin,LMT,General Dynamics,GD,Tier 2 Supplier,3.1,IT Services,2022-10-06,4983369.4,"89156 Lopez Harbors, Crawfordfort, NV 97796",jeremy.burnett@generaldynam.com
Lockheed Martin,LMT,IBM Corp,IBM,Service Provider,13.93,Cloud,2025-06-30,5373547.71,,
Alphabet Inc,GOOGL,Workday Inc,WDAY,Service Provider,14.41,Finance,2025-10-07,1851625.55,,jonathan.grant@workdayinc.com
Procter & Gamble,PG,Iron Mountain,IRM,Service Provider,10.45,Records Management,2024-06-12,693344.73,"0554 Thomas Falls Suite 991, Kellyside, HI 63187",logan.curry@ironmountain.com
Adobe Inc,ADBE,Palo Alto Networks,PANW,Service Provider,12.65,Network Security,2022-09-16,7877101.15,,
Tesla Inc,TSLA,UPS Inc,UPS,Logistics Partner,18.86,Shipping,2023-04-27,964001.09,"2725 Nichols Flat, Mckaymouth, PW 37252",alex.reid@upsinc.com
Alphabet Inc,GOOGL,ServiceNow Inc,NOW,Service Provider,7.09,IT Service Management,2025-05-18,627877.46,,
Amazon.com Inc,AMZN,Iron Mountain,IRM,Service Provider,17.4,Data Storage,2024-08-22,9972454.2,"91210 Johnson Estate Suite 453, Williamschester, AR 75671",michael.pearson@ironmountain.com
FactSet Research,FDS,Iron Mountain,IRM,Service Provider,12.17,Data Storage,2025-05-20,7921699.01,,katrina.kirk@ironmountain.com
Home Depot,HD,Iron Mountain,IRM,Service Provider,,Data Storage,2025-11-05,4809743.44,,andrew.gardner@ironmountain.com
FactSet Research,FDS,UPS Inc,UPS,Logistics Partner,low,Supply Chain,2023-05-27,3561758.86,,
Adobe Inc,ADBE,Equinix Inc,EQIX,Service Provider,2.94,Data Center Colocation,2022-10-14,1258459.89,"491 Linda Cove Apt. 096, South Karenside, CT 83538",amy.james@equinixinc.com
Procter & Gamble,PG,FedEx Corp,FDX,Logistics Partner,17.07,Express Delivery,2022-10-31,1280359.63,"909 Glenn Estate Suite 333, North Susan, IA 47361",nicole.allen@fedexcorp.com
Nike Inc,NKE,,,Service Provider,1.2,Consulting,2022-12-03,6796425.34,"422 Corey Ferry Suite 219, Leehaven, CO 88077",james.jimenez@deloitte.com
Salesforce Inc,CRM,Snowflake Inc,SNOW,Service Provider,7.24,Data Warehousing,2023-10-22,6102559.37,"PSC 8460, Box 8106, APO AE 07456",jennifer.craig@snowflakeinc.com
Tesla Inc,TSLA,,,Service Provider,9.44,Cloud,2025-05-10,96424.04,"863 Kimberly Circle Apt. 712, North Margaretview, FL 25858",kelly.flores@ibmcorp.com
Amazon.com Inc,AMZN,ServiceNow Inc,NOW,Service Provider,18.67,IT Service Management,2022-10-04,1109232.83,,
Qualcomm Inc,QCOM,ServiceNow Inc,NOW,Service Provider,8.25,IT Service Management,2025-09-12,6901079.03,"37983 Jeanne Trace, Taylorberg, NV 33283",anna.ramos@servicenowin.com
Chevron Corp,CVX,Schlumberger,SLB,Service Provider,13.28,Reservoir Characterization,2024-03-21,1821084.41,"054 Michelle Tunnel, West Benjaminfort, NE 02323",debra.mcdonald@schlumberger.com
General Electric,GE,UPS Inc,UPS,Logistics Partner,6.41,Supply Chain,2023-01-17,9369257.01,"61675 Ramos Camp, East Angelaport, FM 93045",jose.cooper@upsinc.com
Caterpillar Inc,CAT,,,Direct Supplier,11.84,Automation,2024-03-17,3652405.43,"665 Wilkerson Gardens Suite 781, Port Vicki, NC 72368",jennifer.gonzalez@emersonelect.com
Merck & Co,MRK,Workday Inc,WDAY,Service Provider,14.83,Finance,2023-11-11,6871843.52,"410 Danielle Curve, North Vanessamouth, HI 78546",charles.woodward@workdayinc.com
Texas Instruments,TXN,Tokyo Electron,8035.T,Direct Supplier,11.71,Etch Systems,2023-09-06,5977019.87,"051 Jensen Inlet Suite 359, Brooksbury, MP 38131",theresa.newman@tokyoelectro.com
Tesla Inc,TSLA,SAP SE,SAP,Service Provider,2.09,ERP,2023-08-27,1618265.5,,anthony.miller@sapse.com
Intel Corp,INTC,ASML Holding,ASML,Direct Supplier,4.77,DUV Systems,2023-02-14,7790691.22,"4851 Owens Villages, New Sarahland, DE 12371",robert.reid@asmlholding.com
Ford Motor Co,F,Deloitte,DLT,Service Provider,17.5,Audit,2024-02-11,8144883.4,,
Apple Inc,AAPL,FedEx Corp,FDX,Logistics Partner,1.02,Express Delivery,2024-06-30,1189617.66,"USNS Meyers, FPO AA 17157",john.lowe@fedexcorp.com
Costco Wholesale,COST,Workday Inc,WDAY,Service Provider,6.8,HR Software,2025-09-19,6022013.78,,
Chevron Corp,CVX,Iron Mountain,IRM,Service Provider,1.93,Records Management,2023-03-29,6079238.56,"528 Alexis Meadow Apt. 537, North Davidview, GA 86675",andrea.chan@ironmountain.com
Coca-Cola Co,KO,DHL Express,DHL.DE,Logistics Partner,6.48,International Shipping,2024-03-20,75150.49,,
Procter & Gamble,PG,Iron Mountain,IRM,Service Provider,10.89,Records Management,2024-01-06,4287892.34,,
Merck & Co,MRK,IBM Corp,IBM,Service Provider,18.98,IT Infrastructure,2025-01-29,2677179.9,"98042 Bell Inlet, New Leah, MD 32951",amanda.chan@ibmcorp.com
Home Depot,HD,UPS Inc,UPS,Logistics Partner,5.06,Shipping,2024-02-16,9991316.33,,hailey.bender@upsinc.com
Home Depot,HD,DHL Express,DHL.DE,Logistics Partner,3.46,International Shipping,2023-10-26,5909078.39,"1126 Jennifer Run Apt. 069, Sherrychester, MD 64776",eric.cole@dhlexpress.com
Merck & Co,MRK,Accenture plc,ACN,Service Provider,13.35,IT Services,2023-08-08,8401142.52,,
Intel Corp,INTC,ASML Holding,ASML,Direct Supplier,6.51,DUV Systems,2024-03-15,9567362.03,,matthew.morris@asmlholding.com
FactSet Research,FDS,Iron Mountain,IRM,Service Provider,18.52,Data Storage,2025-08-24,7192395.84,,
Tesla Inc,TSLA,ServiceNow Inc,NOW,Service Provider,3.61,IT Service Management,2025-07-13,5777925.45,"010 Lewis Drive Suite 143, Davidbury, MT 84249",heather.taylor@servicenowin.com
Tesla Inc,TSLA,CATL,300750.SZ,Direct Supplier,16.18,Battery Systems,2022-08-16,9747864.58,"0413 Fox Causeway Suite 931, Jameshaven, WA 25352",steven.simpson@catl.com
Lockheed Martin,LMT,L3Harris Technologies,LHX,Direct Supplier,15.79,Electronic Warfare,2024-06-11,3141271.05,,
Caterpillar Inc,CAT,Workday Inc,WDAY,Service Provider,3.01,Finance,2022-07-21,2624446.79,"386 Martinez Forest, West Marcustown, MO 86221",daniel.murphy@workdayinc.com
Caterpillar Inc,CAT,Accenture plc,ACN,Service Provider,17.7,Consulting,2025-11-26,7268635.19,,
Nike Inc,NKE,IBM Corp,IBM,Service Provider,5.32,IT Infrastructure,2024-07-25,8309275.65,"8144 Adam Summit Suite 075, Williamsbury, WI 16627",trevor.martinez@ibmcorp.com
Cisco Systems,CSCO,DHL Express,DHL.DE,Logistics Partner,7.62,International Shipping,2023-12-02,9547871.31,,
Texas Instruments,TXN,Lam Research,LRCX,Direct Supplier,17.2,Etch Equipment,2025-11-22,3029687.5,"USCGC Banks, FPO AE 93192",derek.moore@lamresearch.com
Caterpillar Inc,CAT,SAP SE,SAP,Service Provider,18.9,ERP,2025-03-15,3359610.48,"30144 Hill Coves Suite 294, Lake Brianchester, NM 43506",lisa.williams@sapse.com
Merck & Co,MRK,Iron Mountain,IRM,Service Provider,6.67,Records Management,2022-08-10,4843297.27,"USNS Smith, FPO AE 48937",anthony.orr@ironmountain.com
AMD Inc,AMD,SAP SE,SAP,Service Provider,12.42,Business Software,2025-11-08,2386857.4,"3355 Rodney Extension Apt. 294, Kinghaven, DE 15408",david.yates@sapse.com
Broadcom Inc,AVGO,Accenture plc,ACN,Service Provider,2.9,IT Services,2023-11-18,5394282.93,,
PepsiCo Inc,PEP,UPS Inc,UPS,Logistics Partner,8.84,Supply Chain,2022-01-28,5788768.83,"05976 Taylor Pines Suite 078, Jenniferfurt, KS 02277",mary.crawford@upsinc.com
Nike Inc,NKE,UPS Inc,UPS,Logistics Partner,10.64,Supply Chain,2023-08-21,6501288.01,"241 Blake Manors, South Dorothyview, TN 97406",jamie.carter@upsinc.com
Texas Instruments,TXN,ASE Technology,ASX,Contract Manufacturer,8.92,Testing,2024-07-03,3280093.87,"Unit 5867 Box 7546, DPO AA 72790",elizabeth.lewis@asetechnolog.com
Johnson & Johnson,JNJ,Avantor Inc,AVTR,Direct Supplier,15.38,Biopharma Materials,2025-02-24,1221721.91,"217 Stanley Spur Suite 733, Port Paula, KS 48139",jennifer.lambert@avantorinc.com
Texas Instruments,TXN,Tokyo Electron,8035.T,Direct Supplier,13.38,Coater/Developer,2022-04-25,2969009.37,"USNV Walker, FPO AP 23484",tanya.steele@tokyoelectro.com
Texas Instruments,TXN,Entegris Inc,ENTG,Direct Supplier,4.48,Filtration,2025-11-11,9672056.66,"00398 Mason Throughway Apt. 646, Marthaport, WA 78725",jill.torres@entegrisinc.com
Procter & Gamble,PG,UPS Inc,UPS,Logistics Partner,13.21,Supply Chain,2023-02-12,9004706.79,"296 Joseph Prairie, Port Nancyport, CA 56677",susan.peters@upsinc.com
Adobe Inc,ADBE,Accenture plc,ACN,Service Provider,14.05,IT Services,2025-08-03,6034965.35,,jennifer.wilson@accentureplc.com
Ford Motor Co,F,Robert Bosch,BOSCH.DE,Direct Supplier,17.81,ABS Systems,2023-11-13,9250954.8,"USCGC Parks, FPO AE 07906",emily.duncan@robertbosch.com
JPMorgan Chase,JPM,SS&C Technologies,SSNC,Service Provider,pending,Risk Analytics,2023-12-07,4098903.21,"21461 Salazar Summit Apt. 476, North Eduardochester, TN 99833",brenda.gonzalez@ss&ctechnolo.com
Salesforce Inc,CRM,CrowdStrike,CRWD,Service Provider,8.25,Endpoint Security,2022-04-05,9707918.22,,benjamin.owens@crowdstrike.com
General Electric,GE,FedEx Corp,FDX,Logistics Partner,6.5,Freight,2024-09-04,7016131.24,"USS Ballard, FPO AA 49530",tasha.bailey@fedexcorp.com
Salesforce Inc,CRM,DHL Express,DHL.DE,Logistics Partner,13.86,International Shipping,2023-11-21,5865555.92,,
Broadcom Inc,AVGO,Lam Research,LRCX,Direct Supplier,5.31,Etch Equipment,2023-01-23,4110339.37,,
Adobe Inc,ADBE,FedEx Corp,FDX,Logistics Partner,2.13,Express Delivery,2024-09-15,7160140.58,,natalie.gomez@fedexcorp.com
Boeing Co,BA,General Electric,GE,Direct Supplier,5.93,Power Systems,2023-03-31,8176197.4,"48889 Clinton Mount Suite 224, Pamelabury, IN 34087",adam.joyce@generalelect.com
Texas Instruments,TXN,Deloitte,DLT,Service Provider,17.33,Audit,2023-10-12,3851009.28,"564 Adkins Ports Suite 605, Parksview, OK 51202",heidi.archer@deloitte.com
Eli Lilly,LLY,Catalent Inc,CTLT,Contract Manufacturer,10.67,Fill/Finish,2023-01-11,4390592.59,"4214 Steven Neck Apt. 559, Lake Dean, NJ 62662",alexis.wilson@catalentinc.com
Alphabet Inc,GOOGL,,,Logistics Partner,19.75,International Shipping,2023-10-11,1363229.66,"43961 David Summit Apt. 093, Lake Sean, CT 10315",judith.ward@dhlexpress.com
Eli Lilly,LLY,Catalent Inc,CTLT,Contract Manufacturer,17.22,Drug Delivery,2025-09-28,5802022.52,"124 Kimberly Junctions, Josephburgh, NC 52035",christine.jennings@catalentinc.com
Starbucks Corp,SBUX,UPS Inc,UPS,Logistics Partner,2.62,Supply Chain,2024-10-24,4373186.56,"557 Anthony Court Apt. 432, East Joan, VA 24014",brandi.buckley@upsinc.com
Coca-Cola Co,KO,UPS Inc,UPS,Logistics Partner,10.61,Shipping,2025-07-24,1184744.94,,eric.wheeler@upsinc.com
NVIDIA Corp,NVDA,Soylent Corp,SOYL,Direct Supplier,9.96,DRAM Modules,2024-02-24,9206254.13,"1968 Jacqueline Freeway, Aarontown, MN 73688",andrea.ryan@microntechno.com
Netflix Inc,NFLX,Workday Inc,WDAY,Service Provider,4.97,HR Software,2025-04-24,3297652.71,,
Ford Motor Co,F,Accenture plc,ACN,Service Provider,6.14,IT Services,2022-07-21,2590671.99,"1134 Lindsey Plains Suite 169, Kelseyfort, AZ 69024",christopher.smith@accentureplc.com
Goldman Sachs,GS,Fiserv Inc,FI,Service Provider,7.64,Digital Banking,2025-09-03,8909725.77,"19379 Sandra Fords Suite 365, Thompsonfurt, NH 56556",lindsay.mckinney@fiservinc.com
Ford Motor Co,F,Denso Corp,6902.T,Tier 2 Supplier,10.99,HVAC Systems,2024-11-12,9758283.1,,
Apple Inc,AAPL,Texas Instruments,TXN,Direct Supplier,11.91,Power Management ICs,2024-09-21,2181656.23,"93149 Laura Port, West Amandastad, CA 66818",erica.rubio@texasinstrum.com
Amazon.com Inc,AMZN,IBM Corp,IBM,Service Provider,19.33,Cloud,2022-01-11,8053475.14,"92056 Hobbs Islands, Fordmouth, NV 20513",kevin.burns@ibmcorp.com
Texas Instruments,TXN,IBM Corp,IBM,Service Provider,17.22,Cloud,2022-03-23,2938352.24,"PSC 6850, Box 7051, APO AP 20955",megan.hayes@ibmcorp.com
NVIDIA Corp,NVDA,IBM Corp,IBM,Service Provider,7.88,IT Infrastructure,2023-08-06,4808495.52,,
Boeing Co,BA,DHL Express,DHL.DE,Logistics Partner,9.81,International Shipping,2022-03-06,3335974.04,"PSC 7476, Box 7753, APO AA 17594",randy.thomas@dhlexpress.com
Tesla Inc,TSLA,SAP SE,SAP,Service Provider,5.79,ERP,2024-10-03,3667633.36,"9674 Brianna Corner Suite 053, South Kristenview, WY 75097",evan.kirk@sapse.com
JPMorgan Chase,JPM,Kyndryl Holdings,KD,Service Provider,12.8,IT Infrastructure,2024-08-14,6086653.05,,billy.chavez@kyndrylholdi.com
Oracle Corp,ORCL,Palo Alto Networks,PANW,Service Provider,1.04,Network Security,2022-02-07,4676889.49,,
Qualcomm Inc,QCOM,Applied Materials,AMAT,Direct Supplier,34.05,Etch Systems,2024-04-07,8655860.31,"19656 Moody Gateway, Deannabury, OH 79275",christina.ramos@appliedmater.com
Coca-Cola Co,KO,Accenture plc,ACN,Service Provider,13.26,Consulting,2022-05-13,4549845.78,"520 Jacob Spring Suite 591, Port Maryhaven, AZ 46230",john.rice@accentureplc.com
Boeing Co,BA,Deloitte,DLT,Service Provider,10.56,Audit,2024-11-04,9005026.97,,
JPMorgan Chase,JPM,Refinitiv,LSEG.L,Service Provider,3.33,Trading Platforms,2023-08-09,573759.39,"071 James Prairie Apt. 438, South Richard, LA 87418",christine.willis@refinitiv.com
Coca-Cola Co,KO,ServiceNow Inc,NOW,Service Provider,19.65,IT Service Management,2023-04-30,1099046.5,"2112 Megan Turnpike, Smithville, MO 36425",michelle.williams@servicenowin.com
Walt Disney Co,DIS,Accenture plc,ACN,Service Provider,4.66,IT Services,2022-11-18,2380484.59,"4811 Matthew Trafficway Apt. 927, Port Joseph, AK 96960",sharon.hamilton@accentureplc.com
Lockheed Martin,LMT,Umbrella Corp,UMBR,Service Provider,7.74,ERP,2024-10-10,208757.57,"4273 Richards Motorway, East Abigail, SC 13548",melinda.sutton@sapse.com
Meta Platforms Inc,META,UPS Inc,UPS,Logistics Partner,12.66,Supply Chain,2024-06-08,6325328.25,"662 Williams Lodge, Smithmouth, GU 07397",ashley.thompson@upsinc.com
Adobe Inc,ADBE,Akamai Technologies,AKAM,Service Provider,19.0,Edge Computing,2023-01-18,8895186.09,"Unit 6740 Box 7185, DPO AE 30968",jeffrey.hill@akamaitechno.com
Starbucks Corp,SBUX,ServiceNow Inc,NOW,Service Provider,4.44,IT Service Management,2025-10-01,3087474.7,,edward.reed@servicenowin.com
Lockheed Martin,LMT,IBM Corp,IBM,Service Provider,11.86,IT Infrastructure,2022-09-02,5045307.38,"9202 Thomas Gardens, North Ashleychester, FL 24411",nathan.miles@ibmcorp.com
Tesla Inc,TSLA,,,Direct Supplier,13.66,Autonomous Driving Chips,2022-04-12,5198376.0,,jennifer.lam@nvidiacorp.com
Boeing Co,BA,Raytheon Technologies,RTX,Direct Supplier,12.12,Avionics,2022-11-25,2764273.43,"8457 Moyer Alley, West Caitlinhaven, DC 40063",ryan.swanson@raytheontech.com
FactSet Research,FDS,UPS Inc,UPS,Logistics Partner,14.68,Shipping,2024-06-25,7785088.85,"28004 Steven Station Apt. 734, Williamsbury, CT 54713",erika.perez@upsinc.com
Starbucks Corp,SBUX,FedEx Corp,FDX,Logistics Partner,19.42,Express Delivery,2025-11-29,5415911.31,"3339 Reilly Knoll Apt. 208, Kathrynburgh, AS 50737",daniel.davila@fedexcorp.com
Apple Inc,AAPL,Sony Semiconductor,6758.T,Direct Supplier,4.98,Image Sensors,2025-08-21,1494284.19,"06773 Lisa Mountains, New Sarahburgh, WA 24540",sean.melendez@sonysemicond.com
Texas Instruments,TXN,Deloitte,DLT,Service Provider,15.49,Consulting,2025-01-07,857430.43,"48649 Morse Gardens, Bradleyfort, MD 60825",angela.hughes@deloitte.com
General Motors,GM,Lear Corp,LEA,Direct Supplier,16.1,Electrical Systems,2024-12-15,4021362.6,,
Salesforce Inc,CRM,Wayne Enterprises,WAYN,Service Provider,6.02,Finance,2022-04-13,1043098.7,"1502 Alvarez Junction, East Robinport, GA 61690",nathan.gray@workdayinc.com
Nike Inc,NKE,Accenture plc,ACN,Service Provider,10.14,IT Services,2022-05-03,2964982.56,"46437 Case Inlet, Lake Brandon, GU 83822",mark.gonzalez@accentureplc.com
Intel Corp,INTC,UPS Inc,UPS,Logistics Partner,7.69,Shipping,2022-02-18,7757227.61,"613 Patterson Place, East Shawn, CO 74006",ashley.lane@upsinc.com
Walt Disney Co,DIS,Iron Mountain,IRM,Service Provider,15.61,Data Storage,2023-06-24,276213.94,"465 Dalton Trail, Pinedachester, OR 91603",james.berry@ironmountain.com
Netflix Inc,NFLX,DHL Express,DHL.DE,Logistics Partner,19.88,International Shipping,2022-08-13,1856144.58,,
Home Depot,HD,SAP SE,SAP,Service Provider,1.1,Business Software,2024-12-07,8756973.78,"1492 Harris Park, East Jamiemouth, KS 83593",victoria.shepherd@sapse.com
Netflix Inc,NFLX,Workday Inc,WDAY,Service Provider,1.19,Finance,2025-05-23,1708319.64,,david.joyce@workdayinc.com
Texas Instruments,TXN,Deloitte,DLT,Service Provider,2.82,Audit,2023-06-30,1884628.0,,alexander.wong@deloitte.com
Meta Platforms Inc,META,FedEx Corp,FDX,Logistics Partner,,Freight,2022-04-08,9820725.44,"5296 Manning Neck Apt. 181, East Dominique, NH 20822",bianca.simmons@fedexcorp.com
Alphabet Inc,GOOGL,ServiceNow Inc,NOW,Service Provider,15.95,IT Service Management,2022-01-03,529067.2,"48026 Donna Divide Suite 703, Howardland, ID 50017",alexander.gomez@servicenowin.com
Tesla Inc,TSLA,,,Direct Supplier,14.66,Wiring Harnesses,2022-05-24,9491301.14,"18188 Rebecca Keys Suite 231, West James, PA 20537",randy.collins@aptivplc.com
Cisco Systems,CSCO,UPS Inc,UPS,Logistics Partner,4.4,Supply Chain,2022-01-22,1998569.05,"23235 Watkins Views Suite 803, Nancyburgh, NY 68379",colleen.brown@upsinc.com
Caterpillar Inc,CAT,Illinois Tool Works,ITW,Direct Supplier,4.46,Fasteners,2023-03-22,6400043.45,,stacey.delgado@illinoistool.com
Qualcomm Inc,QCOM,Samsung Electronics,005930.KS,Contract Manufacturer,15.22,Memory Chips,2024-12-09,2926275.38,"0897 Carpenter Lake Apt. 614, New Jaimemouth, AZ 78805",heather.hill@samsungelect.com
AMD Inc,AMD,Micron Technology,MU,Direct Supplier,5.96,NAND Storage,2023-10-08,9264117.42,"12166 Richard Circles Suite 597, Lake Judith, DE 36988",elizabeth.bailey@microntechno.com
Oracle Corp,ORCL,Microsoft Azure,MSFT,Service Provider,18.54,Cloud Platform,2025-05-09,9886086.21,"69376 Holland Throughway Apt. 676, Vaughnville, NY 65413",cody.richards@microsoftazu.com
Intel Corp,INTC,Entegris Inc,ENTG,Direct Supplier,,Specialty Chemicals,2024-10-19,8723211.61,"0500 Aguilar Fords, South Mary, HI 33767",sandra.drake@entegrisinc.com
Chevron Corp,CVX,ChampionX Corp,CHX,Direct Supplier,TBD,Artificial Lift,2024-12-10,4830393.35,"382 Hoffman Corners Apt. 800, East Anna, MP 31325",james.bird@championxcor.com
Qualcomm Inc,QCOM,Deloitte,DLT,Service Provider,5.72,Audit,2022-04-05,9464835.43,"Unit 8664 Box 7741, DPO AE 12320",deanna.massey@deloitte.com
Ford Motor Co,F,Denso Corp,6902.T,Tier 2 Supplier,-60.72,Engine Components,2022-02-19,6323686.68,"2236 Christopher Extensions Suite 534, New Jamiestad, MA 83702",rose.perry@densocorp.com
Johnson & Johnson,JNJ,Workday Inc,WDAY,Service Provider,2.97,Finance,2024-11-15,7769828.6,"USCGC Robinson, FPO AP 31658",brooke.sweeney@workdayinc.com
Netflix Inc,NFLX,Workday Inc,WDAY,Service Provider,13.79,Finance,2022-01-09,9006863.17,"8578 Sandra Parks Suite 681, Woodsport, GU 29085",jennifer.bradley@workdayinc.com
AMD Inc,AMD,Accenture plc,ACN,Service Provider,17.06,Consulting,2023-08-25,6153529.29,"5951 Camacho Trafficway Apt. 967, Lake Heiditown, TN 67511",caitlyn.foster@accentureplc.com
Lockheed Martin,LMT,BAE Systems,BA.L,Direct Supplier,18.57,Platforms,2025-04-13,2116872.1,,todd.parker@baesystems.com
Amazon.com Inc,AMZN,FedEx Corp,FDX,Logistics Partner,11.15,Express Delivery,2025-02-05,2911193.53,"62890 Bailey Pine Apt. 627, Bullockbury, CT 25043",cassandra.dodson@fedexcorp.com
Ford Motor Co,F,,,Direct Supplier,4.99,Turbochargers,2022-08-31,4680680.16,"1623 Ashley Parkway Apt. 898, Tylerland, IA 79120",lee.evans@borgwarnerin.com
Chevron Corp,CVX,,,Service Provider,8.46,Audit,2025-01-30,8696852.06,"2466 Camacho Summit, East Robert, UT 63656",sara.preston@deloitte.com
AMD Inc,AMD,Samsung Electronics,005930.KS,Contract Manufacturer,27.89,Memory Chips,2022-12-02,9648971.69,"5240 Moses Common Suite 747, East Maria, KY 74165",joshua.martinez@samsungelect.com
Caterpillar Inc,CAT,SAP SE,SAP,Service Provider,3.38,ERP,2022-01-29,1948480.73,"0786 Kelly Freeway Suite 660, Rachelbury, VT 33004",barbara.rodriguez@sapse.com
Walt Disney Co,DIS,Accenture plc,ACN,Service Provider,6.47,Consulting,2024-07-23,3500479.31,"7823 Sean Street, Lake Brian, OK 92083",james.santos@accentureplc.com
Salesforce Inc,CRM,DHL Express,DHL.DE,Logistics Partner,2.03,International Shipping,2024-05-16,4809284.76,"07676 Teresa Ports Apt. 144, Harrisview, AK 88482",jessica.hernandez@dhlexpress.com
AMD Inc,AMD,Entegris Inc,ENTG,Direct Supplier,15.08,Filtration,2024-01-11,7442173.6,"0742 Susan Gateway Apt. 936, Port Nancy, GA 53130",cory.sanders@entegrisinc.com
Johnson & Johnson,JNJ,,,Service Provider,13.0,Safety Testing,2022-07-01,798856.59,,patrick.myers@charlesriver.com
Apple Inc,AAPL,Murata Manufacturing,6981.T,Direct Supplier,3.52,Capacitors,2024-12-20,9190298.88,"8406 James Loop, Gillespiehaven, MD 65482",jacob.williams@muratamanufa.com
Apple Inc,AAPL,SAP SE,SAP,Service Provider,7.11,ERP,2024-09-18,6116149.2,"7208 Eric Crescent Apt. 415, Port Stevenport, OR 32573",allison.hernandez@sapse.com
Netflix Inc,NFLX,Workday Inc,WDAY,Service Provider,1.43,Finance,2024-04-01,8153233.67,,
Microsoft Corp,MSFT,Datadog Inc,DDOG,Service Provider,3.74,Observability,2023-02-15,2615278.74,,
Walt Disney Co,DIS,IBM Corp,IBM,Service Provider,15.97,IT Infrastructure,2025-05-25,7036548.25,,frederick.velez@ibmcorp.com
NVIDIA Corp,NVDA,Entegris Inc,ENTG,Direct Supplier,11.5,Filtration,2023-12-07,9153917.39,,
Cisco Systems,CSCO,IBM Corp,IBM,Service Provider,2.01,Cloud,2025-12-16,2906411.74,"1757 James Flat Apt. 888, Port Ryantown, FM 79800",jason.hess@ibmcorp.com
Microsoft Corp,MSFT,UPS Inc,UPS,Logistics Partner,,Shipping,2024-04-25,990119.41,"372 Harrison Loaf, Thomaschester, MH 99073",paul.hill@upsinc.com
Broadcom Inc,AVGO,Weyland-Yutani,WLND,Direct Supplier,3.18,Etch Systems,2023-03-21,343501.3,"461 Mark Cliff, North Sarashire, AL 07217",nathan.ramos@tokyoelectro.com
Merck & Co,MRK,Accenture plc,ACN,Service Provider,,IT Services,2025-11-25,882735.87,,
Cisco Systems,CSCO,Accenture plc,ACN,Service Provider,9.47,Consulting,2024-03-28,6068243.56,"4212 Kevin Ways, Rachelburgh, FL 26175",jacqueline.austin@accentureplc.com
Texas Instruments,TXN,Deloitte,DLT,Service Provider,18.36,Audit,2024-10-06,4521533.15,,
AMD Inc,AMD,Amkor Technology,AMKR,Contract Manufacturer,19.4,IC Packaging,2022-06-11,7455561.48,"0217 Maria Summit Suite 701, West Jane, VI 82080",david.wise@amkortechnol.com
NVIDIA Corp,NVDA,Soylent Corp,SOYL,Contract Manufacturer,14.37,IC Packaging,2025-10-04,2706429.33,"11656 Owens Stream Apt. 106, Laurenville, IA 25613",barbara.sanchez@amkortechnol.com
Qualcomm Inc,QCOM,Applied Materials,AMAT,Direct Supplier,3.71,Deposition Equipment,2022-10-31,1850763.88,,
Texas Instruments,TXN,Applied Materials,AMAT,Direct Supplier,5.67,Deposition Equipment,2022-01-18,3288504.7,"418 Karen Skyway, West Justin, MO 94296",rachel.smith@appliedmater.com
Netflix Inc,NFLX,IBM Corp,IBM,Service Provider,5.3,Cloud,2023-08-16,1195975.06,"594 Fischer Loop Suite 258, Kingport, OK 45636",denise.king@ibmcorp.com
Qualcomm Inc,QCOM,ASML Holding,ASML,Direct Supplier,13.06,EUV Lithography Equipment,2025-06-20,2301262.07,"76350 Marks Trace Suite 272, Lake Kellyhaven, OH 82955",vicki.keith@asmlholding.com
Coca-Cola Co,KO,,,Logistics Partner,13.54,International Shipping,2022-01-07,9862504.98,"46568 Watkins Orchard Apt. 368, North Anthony, ND 29322",robert.eaton@dhlexpress.com
Walt Disney Co,DIS,DHL Express,DHL.DE,Logistics Partner,3.92,International Shipping,2024-01-09,87964.94,"382 Taylor Spring, West Courtney, VA 01346",michelle.martinez@dhlexpress.com
Texas Instruments,TXN,ASML Holding,ASML,Direct Supplier,3.89,EUV Lithography Equipment,2023-01-06,9634625.75,"678 Snyder Parkway, Port Marialand, TX 16840",daniel.brewer@asmlholding.com
Oracle Corp,ORCL,DHL Express,DHL.DE,Logistics Partner,15.9,International Shipping,2024-06-10,5693751.38,"Unit 2037 Box 0878, DPO AE 14354",frederick.jordan@dhlexpress.com
Adobe Inc,ADBE,Cloudflare Inc,NET,Service Provider,7.13,Security,2025-03-17,4833724.91,"03405 Harris Locks Apt. 080, Lisafort, FM 41627",bailey.bautista@cloudflarein.com
Nike Inc,NKE,SAP SE,SAP,Service Provider,14.24,Business Software,2025-07-24,8124542.67,"738 Stephanie Underpass, Harrisonville, DE 66202",amanda.elliott@sapse.com
Eli Lilly,LLY,DHL Express,DHL.DE,Logistics Partner,11.87,International Shipping,2024-02-04,1333038.06,,
General Electric,GE,UPS Inc,UPS,Logistics Partner,5.46,Shipping,2024-04-16,1070361.81,,
Caterpillar Inc,CAT,Workday Inc,WDAY,Service Provider,19.08,HR Software,2022-08-30,1469297.25,,vincent.diaz@workdayinc.com
Tesla Inc,TSLA,DHL Express,DHL.DE,Logistics Partner,231.35,International Shipping,2022-03-31,2089345.55,"056 Dunlap Cove Apt. 874, North Joshuashire, CA 07663",jessica.rodriguez@dhlexpress.com
Meta Platforms Inc,META,Deloitte,DLT,Service Provider,10.71,Audit,2024-10-20,6759687.6,"Unit 4996 Box 1077, DPO AP 75719",stephanie.morris@deloitte.com
Walt Disney Co,DIS,DHL Express,DHL.DE,Logistics Partner,5.22,International Shipping,2023-08-17,7874364.57,"Unit 9731 Box 5391, DPO AE 33310",samantha.ortiz@dhlexpress.com
Boeing Co,BA,Umbrella Corp,UMBR,Service Provider,14.19,Data Storage,2022-04-11,3773652.05,"629 Sparks Lane Suite 923, West Seth, GU 21320",allen.murphy@ironmountain.com
Merck & Co,MRK,Workday Inc,WDAY,Service Provider,,Finance,2022-04-06,447051.75,"068 William Springs Apt. 317, East Jennifer, CA 94090",anthony.rasmussen@workdayinc.com
Procter & Gamble,PG,ServiceNow Inc,NOW,Service Provider,11.43,IT Service Management,2022-07-02,9146149.09,,
Apple Inc,AAPL,IBM Corp,IBM,Service Provider,12.92,Cloud,2022-10-20,7660080.2,,melissa.alexander@ibmcorp.com
Netflix Inc,NFLX,IBM Corp,IBM,Service Provider,-91.11,IT Infrastructure,2025-03-20,4074007.7,"818 Nicholas Ford, Robertville, FL 56347",nancy.ortiz@ibmcorp.com
Meta Platforms Inc,META,ServiceNow Inc,NOW,Service Provider,15.57,IT Service Management,2025-02-06,681474.57,"5384 Craig Islands Suite 034, Woodton, SD 12626",kathryn.huffman@servicenowin.com
Tesla Inc,TSLA,Iron Mountain,IRM,Service Provider,5.82,Records Management,2022-11-12,3493755.86,"8994 Vicki Expressway, Lake Stephanie, DC 23629",melissa.black@ironmountain.com
PepsiCo Inc,PEP,ServiceNow Inc,NOW,Service Provider,6.33,IT Service Management,2025-12-12,7084331.67,"731 Nixon Trail, Lake Benjamin, OK 12130",michael.mccarthy@servicenowin.com
FactSet Research,FDS,ServiceNow Inc,NOW,Service Provider,2.28,IT Service Management,2022-03-02,8527710.28,"18112 Nancy Ridges Apt. 302, Michaelhaven, WI 65423",emily.jackson@servicenowin.com
Adobe Inc,ADBE,Deloitte,DLT,Service Provider,19.97,Audit,2023-02-23,7161611.0,"2378 Jared Lights Apt. 328, Bakerberg, AS 48263",rebecca.medina@deloitte.com
Costco Wholesale,COST,IBM Corp,IBM,Service Provider,2.23,IT Infrastructure,2023-07-03,8029837.52,"4765 Cheryl Trafficway Apt. 187, Bartonburgh, MP 58995",brandon.lane@ibmcorp.com
Boeing Co,BA,Spirit AeroSystems,SPR,Direct Supplier,,Wing Components,2025-04-25,686378.27,"62027 Gomez Ferry, West Stevenmouth, FM 03733",kelli.collins@spiritaerosy.com
Starbucks Corp,SBUX,Accenture plc,ACN,Service Provider,18.76,IT Services,2022-05-30,7850452.59,"13919 Alicia Circle Suite 414, North Craig, KY 82213",lori.cruz@accentureplc.com
Cisco Systems,CSCO,Workday Inc,WDAY,Service Provider,11.94,Finance,2022-08-15,1620333.27,"139 Terry Wells Apt. 150, Port Richardport, GU 19531",lauren.fleming@workdayinc.com
Chevron Corp,CVX,UPS Inc,UPS,Logistics Partner,14.21,Shipping,2023-07-08,6983718.11,"037 Rollins Mill, New David, IN 27877",kevin.klein@upsinc.com
Salesforce Inc,CRM,SAP SE,SAP,Service Provider,11.89,ERP,2024-05-23,9706844.87,"7744 Susan Mall Apt. 936, Chelseastad, DC 08095",mary.warren@sapse.com
Costco Wholesale,COST,ServiceNow Inc,NOW,Service Provider,13.36,IT Service Management,TBD,6972847.01,,
Adobe Inc,ADBE,Palo Alto Networks,PANW,Service Provider,9.53,Network Security,2024-06-05,3408302.39,"32087 Alexandra Islands, Brownshire, ME 27659",natalie.jackson@paloaltonetw.com
AMD Inc,AMD,,,Logistics Partner,18.78,Shipping,2024-06-29,737541.11,"87927 Lowe Underpass, Hamptonburgh, MO 68083",paige.davenport@upsinc.com
Goldman Sachs,GS,Kyndryl Holdings,KD,Service Provider,14.47,Managed Services,2022-05-30,7927485.84,"0704 Matthew Square Apt. 759, North Samuel, NE 09077",sara.moss@kyndrylholdi.com
Meta Platforms Inc,META,UPS Inc,UPS,Logistics Partner,5.48,Shipping,2025-03-15,7358080.05,"6042 Tiffany Manor Apt. 460, New Christopherbury, AL 48466",jill.graham@upsinc.com
Starbucks Corp,SBUX,FedEx Corp,FDX,Logistics Partner,18.03,Express Delivery,2022-08-25,4847577.03,"389 Philip Expressway, North Kathryntown, NM 10575",jeffery.sloan@fedexcorp.com
Nike Inc,NKE,Workday Inc,WDAY,Service Provider,10.88,Finance,2023-03-30,55420.44,,priscilla.davidson@workdayinc.com
Lockheed Martin,LMT,FedEx Corp,FDX,Logistics Partner,11.18,Express Delivery,2023-03-02,4546574.92,"420 Patty Meadow, Tabithaport, GA 26532",morgan.hayes@fedexcorp.com
General Motors,GM,Accenture plc,ACN,Service Provider,16.62,Consulting,2024-04-04,5982800.05,,
Cisco Systems,CSCO,ServiceNow Inc,NOW,Service Provider,11.69,IT Service Management,2024-12-22,5274199.98,"536 Katrina Coves, Robertsbury, UT 03125",laura.steele@servicenowin.com
Tesla Inc,TSLA,DHL Express,DHL.DE,Logistics Partner,4.44,International Shipping,2024-07-03,806334.58,,robert.johnston@dhlexpress.com
Cisco Systems,CSCO,SAP SE,SAP,Service Provider,18.33,Business Software,2024-05-22,219036.22,,
Coca-Cola Co,KO,Deloitte,DLT,Service Provider,4.48,Audit,2023-01-11,4235265.5,,beth.anderson@deloitte.com
Boeing Co,BA,,,Service Provider,8.0,IT Services,2024-10-07,9977981.81,"34281 Jason Branch Suite 383, East Josephshire, OK 06382",daniel.miller@accentureplc.com
Tesla Inc,TSLA,Denso Corp,6902.T,Tier 2 Supplier,11.0,Thermal Management,2023-09-20,5908829.15,"8028 Smith Light, West Andreaburgh, WY 24346",chelsea.davis@densocorp.com
Amazon.com Inc,AMZN,SAP SE,SAP,Service Provider,17.51,ERP,2023-08-13,186646.26,"00152 Christopher Field, Bentonville, NV 71152",joshua.boone@sapse.com
Broadcom Inc,AVGO,TSMC,TSM,Contract Manufacturer,2.74,Wafer Fabrication,2024-10-10,6942099.08,,
Alphabet Inc,GOOGL,UPS Inc,UPS,Logistics Partner,11.98,Shipping,2025-10-16,8968319.72,,robert.gordon@upsinc.com
AMD Inc,AMD,Entegris Inc,ENTG,Direct Supplier,14.45,Specialty Chemicals,2025-06-02,2408327.87,"793 Valencia Common Apt. 867, New Tony, KS 65756",steven.foster@entegrisinc.com
Salesforce Inc,CRM,Google Cloud,GOOGL,Service Provider,3.98,Data Analytics,2023-11-18,2797274.9,"97178 James Coves, Graymouth, MN 05325",gene.roach@googlecloud.com
NVIDIA Corp,NVDA,Samsung Electronics,005930.KS,Contract Manufacturer,7.67,Memory Chips,2024-10-29,8190856.12,,
Boeing Co,BA,,,Direct Supplier,19.76,Carbon Fiber Composites,2022-02-19,7431815.33,,anthony.contreras@hexcelcorp.com
Caterpillar Inc,CAT,IBM Corp,IBM,Service Provider,14.6,IT Infrastructure,2024-12-27,3570306.53,"00810 Connor Glens, New Lisa, TN 55055",erika.hudson@ibmcorp.com
Caterpillar Inc,CAT,SAP SE,SAP,Service Provider,2.91,Business Software,2025-08-15,638667.73,"657 Archer Pass Suite 271, West Tracybury, SC 18144",mary.hardy@sapse.com
Coca-Cola Co,KO,Accenture plc,ACN,Service Provider,17.78,IT Services,2024-07-23,4418377.08,,
AMD Inc,AMD,Amkor Technology,AMKR,Contract Manufacturer,5.77,IC Packaging,2024-07-12,2476441.22,"6618 Desiree Keys Apt. 286, Lake Tiffany, MP 00956",tiffany.brewer@amkortechnol.com
AMD Inc,AMD,ASML Holding,ASML,Direct Supplier,9.34,EUV Lithography Equipment,2024-05-01,7703732.03,"24059 Brian Falls Apt. 530, Holderchester, PA 13910",ryan.murphy@asmlholding.com
Starbucks Corp,SBUX,Workday Inc,WDAY,Service Provider,1.47,HR Software,2023-03-24,6325211.35,"09600 Reilly Views Apt. 615, North Scott, MO 03233",jason.love@workdayinc.com
Coca-Cola Co,KO,Workday Inc,WDAY,Service Provider,2.08,HR Software,2023-02-07,9120961.7,"465 Murray Crest Apt. 715, West Gary, NY 98330",vanessa.cordova@workdayinc.com
Procter & Gamble,PG,Deloitte,DLT,Service Provider,6.9,Consulting,2025-08-12,7116648.23,"30735 Tanya Via Suite 584, Evansfurt, HI 15470",steven.gonzalez@deloitte.com
Apple Inc,AAPL,Luxshare Precision,002475.SZ,Direct Supplier,12.13,Connectors,2024-03-15,456983.95,,
Amazon.com Inc,AMZN,IBM Corp,IBM,Service Provider,12.11,Cloud,2024-11-16,9599426.45,"4147 Robinson Lodge Suite 247, Sandrafurt, NE 94830",kristin.brennan@ibmcorp.com
AMD Inc,AMD,Workday Inc,WDAY,Service Provider,13.0,HR Software,2024-03-13,8438155.73,"89391 Tim Street, Port Roberttown, NV 96831",lauren.lloyd@workdayinc.com
Goldman Sachs,GS,Weyland-Yutani,WLND,Service Provider,2.97,Core Banking Platform,2025-02-16,6799874.48,"114 Christopher Loaf Suite 334, Simsberg, NC 22862",sharon.kennedy@fisglobal.com
NVIDIA Corp,NVDA,IBM Corp,IBM,Service Provider,14.78,Cloud,2022-10-12,305520.25,"PSC 4614, Box 4662, APO AA 56109",donald.mcdaniel@ibmcorp.com
Amazon.com Inc,AMZN,Iron Mountain,IRM,Service Provider,0.83,Data Storage,2023-11-15,7722636.27,"5869 Nicole Shoal Apt. 796, Antoniostad, IL 58616",darren.young@ironmountain.com
Amazon.com Inc,AMZN,SAP SE,SAP,Service Provider,12.3,ERP,2025-02-01,8289316.04,,chelsea.williams@sapse.com
General Motors,GM,UPS Inc,UPS,Logistics Partner,2.28,Supply Chain,2022-04-02,8111350.07,"033 Boyd Falls, Sotoland, VI 64941",jeremy.quinn@upsinc.com
Intel Corp,INTC,,,Service Provider,9.39,ERP,2025-12-23,5630502.48,"08019 Brooke Expressway, Port Christian, MN 39729",victoria.molina@sapse.com
General Electric,GE,Iron Mountain,IRM,Service Provider,13.54,Data Storage,2025-03-02,7684698.38,"5574 Sims Stream, East Veronica, AR 36182",kevin.kent@ironmountain.com
Oracle Corp,ORCL,Cloudflare Inc,NET,Service Provider,7.54,Security,2023-07-27,375527.05,"046 Elaine Groves, South Maria, CT 67555",david.king@cloudflarein.com
Microsoft Corp,MSFT,,,Logistics Partner,3.24,Shipping,2023-09-17,9910650.01,"693 Rivera Crossing Apt. 359, Bakerside, NH 52403",amanda.graham@upsinc.com
Broadcom Inc,AVGO,SAP SE,SAP,Service Provider,11.31,ERP,2024-07-15,3038186.73,"5085 Yang Avenue Apt. 401, South Richardland, NH 04292",patricia.smith@sapse.com
Meta Platforms Inc,META,Deloitte,DLT,Service Provider,12.74,Consulting,2022-06-22,6565585.12,"435 Harris Mountain, North Jenny, FM 38703",carla.santiago@deloitte.com
Goldman Sachs,GS,Accenture plc,ACN,Service Provider,10.43,IT Services,2024-09-08,4454796.17,,krystal.hogan@accentureplc.com
Eli Lilly,LLY,Workday Inc,WDAY,Service Provider,3.55,HR Software,2024-04-02,7660878.41,,
Adobe Inc,ADBE,ServiceNow Inc,NOW,Service Provider,19.89,IT Service Management,2025-11-29,8099275.96,,
Ford Motor Co,F,Iron Mountain,IRM,Service Provider,5.6,Data Storage,2025-05-05,8737693.83,"6064 Davis View, West Jason, FM 21502",michael.burnett@ironmountain.com
Costco Wholesale,COST,UPS Inc,UPS,Logistics Partner,9.25,Supply Chain,2022-08-23,500830.62,"29010 Marilyn Run, West Adriennemouth, TX 16331",robert.mason@upsinc.com
Amazon.com Inc,AMZN,Deloitte,DLT,Service Provider,16.34,Audit,2022-03-08,9386666.04,,sean.clay@deloitte.com
General Motors,GM,Magna International,MGA,Contract Manufacturer,19.46,Body Assemblies,2024-09-26,443946.78,"342 Dominguez Courts, Sandersshire, FL 47964",debbie.ward@magnainterna.com
Intel Corp,INTC,SAP SE,SAP,Service Provider,17.46,ERP,2025-04-10,5824115.43,"USS Bruce, FPO AP 13938",jason.quinn@sapse.com
Oracle Corp,ORCL,CrowdStrike,CRWD,Service Provider,18.58,Endpoint Security,2023-06-08,8756298.08,,
Salesforce Inc,CRM,DHL Express,DHL.DE,Logistics Partner,2.38,International Shipping,2023-04-30,1354722.59,"4839 Tony Orchard Apt. 715, Maryburgh, KS 15651",jeffrey.kim@dhlexpress.com
Eli Lilly,LLY,Deloitte,DLT,Service Provider,17.99,Consulting,2023-06-10,7702580.35,,
AMD Inc,AMD,Sumco Corp,3436.T,Direct Supplier,,Silicon Wafers,2024-05-30,8312544.26,,
FactSet Research,FDS,ServiceNow Inc,NOW,Service Provider,16.25,IT Service Management,2024-04-26,8327953.45,,
Costco Wholesale,COST,FedEx Corp,FDX,Logistics Partner,15.08,Express Delivery,2023-04-23,9251917.33,"429 Courtney Shore Apt. 334, Melissaland, AL 97131",david.myers@fedexcorp.com
Alphabet Inc,GOOGL,Deloitte,DLT,Service Provider,18.94,Audit,2022-11-12,9349814.89,"635 Mariah Spur, Cindyland, NJ 45272",cathy.wilkinson@deloitte.com
Boeing Co,BA,Iron Mountain,IRM,Service Provider,12.89,Records Management,2022-03-25,8553637.38,"9422 Nicole Rest, West John, KS 09766",george.gibson@ironmountain.com
General Electric,GE,SAP SE,SAP,Service Provider,6.33,Business Software,2023-03-24,3294332.54,,cathy.welch@sapse.com
Merck & Co,MRK,Deloitte,DLT,Service Provider,19.92,Audit,2023-04-10,2305059.5,,
AMD Inc,AMD,Amkor Technology,AMKR,Contract Manufacturer,unknown,Test Services,2023-05-27,2368291.78,"53722 Misty Islands Suite 684, Alvaradoberg, IL 51515",jason.rodriguez@amkortechnol.com
Walt Disney Co,DIS,FedEx Corp,FDX,Logistics Partner,3.15,Freight,2024-09-13,9619290.61,"6226 Haynes Center Apt. 659, Jeremyton, AL 91568",ronald.sanchez@fedexcorp.com
Tesla Inc,TSLA,Iron Mountain,IRM,Service Provider,3.8,Records Management,2023-05-07,7257331.13,"65581 David Mews Apt. 354, Port Shaun, PR 01214",rebecca.smith@ironmountain.com
Broadcom Inc,AVGO,Entegris Inc,ENTG,Direct Supplier,11.92,Filtration,2024-11-21,7090676.24,"838 Ponce Island Apt. 646, New Brandon, MA 07457",jeffery.robbins@entegrisinc.com
Meta Platforms Inc,META,ServiceNow Inc,NOW,Service Provider,,IT Service Management,2025-05-25,6798045.73,"3924 Castro Row Suite 376, Barnesview, PR 75496",kyle.morgan@servicenowin.com
Chevron Corp,CVX,ServiceNow Inc,NOW,Service Provider,19.07,IT Service Management,2022-03-06,4248798.93,,leslie.hurst@servicenowin.com
Alphabet Inc,GOOGL,Stark Industries,STRK,Service Provider,4.93,Business Software,2025-08-04,6149519.6,"PSC 1303, Box 8469, APO AE 89546",tara.chung@sapse.com
Coca-Cola Co,KO,Oscorp Industries,OSCP,Service Provider,18.76,Consulting,2025-10-20,5817256.89,,
JPMorgan Chase,JPM,Workday Inc,WDAY,Service Provider,19.44,Finance,2024-07-16,8057728.47,"403 John Trace, Marshallside, FM 07196",james.rivas@workdayinc.com
Starbucks Corp,SBUX,Accenture plc,ACN,Service Provider,14.36,Consulting,2024-01-06,1141498.25,"61337 Kline Junctions, East Bradley, KS 42603",virginia.wright@accentureplc.com
Netflix Inc,NFLX,IBM Corp,IBM,Service Provider,,IT Infrastructure,2023-07-16,6669388.27,,jeremy.miller@ibmcorp.com
Cisco Systems,CSCO,IBM Corp,IBM,Service Provider,9.91,IT Infrastructure,2022-08-12,1158495.93,"36757 Vanessa Village, Ortizview, VT 79607",theresa.roberts@ibmcorp.com
Coca-Cola Co,KO,Accenture plc,ACN,Service Provider,12.81,Consulting,2023-10-30,5623817.43,,
Nike Inc,NKE,Workday Inc,WDAY,Service Provider,18.32,HR Software,2024-02-07,5167375.17,"6872 Larry Mountains Suite 258, Summerville, NJ 65093",christopher.mcneil@workdayinc.com
Procter & Gamble,PG,IBM Corp,IBM,Service Provider,3.09,IT Infrastructure,2023-11-10,2963405.73,,
Oracle Corp,ORCL,Palo Alto Networks,PANW,Service Provider,6.1,Network Security,2025-10-25,296054.7,,
JPMorgan Chase,JPM,ServiceNow Inc,NOW,Service Provider,17.18,IT Service Management,2024-07-29,2557387.16,"34750 Mitchell Lights Suite 220, South April, OK 81172",debra.gray@servicenowin.com
Amazon.com Inc,AMZN,Deloitte,DLT,Service Provider,15.9,Consulting,2022-03-19,904321.8,,
Caterpillar Inc,CAT,Illinois Tool Works,ITW,Direct Supplier,4.91,Fasteners,2022-10-19,6738768.79,"515 Timothy Trace Suite 519, South Natalie, KS 77566",ryan.johnson@illinoistool.com
General Electric,GE,UPS Inc,UPS,Logistics Partner,18.59,Supply Chain,2024-10-14,4816706.57,,
General Electric,GE,Workday Inc,WDAY,Service Provider,1.52,Finance,2023-05-28,3913566.51,,
Netflix Inc,NFLX,Iron Mountain,IRM,Service Provider,3.36,Data Storage,2025-03-10,6624725.94,"510 Adams Park Apt. 783, Scottview, NY 26227",tracy.jones@ironmountain.com
NVIDIA Corp,NVDA,FedEx Corp,FDX,Logistics Partner,12.83,Express Delivery,2022-08-19,9423691.68,,jorge.lopez@fedexcorp.com
Boeing Co,BA,TransDigm Group,TDG,Direct Supplier,10.83,Actuators,2023-05-08,9001886.1,"152 Hill Roads, Lake Haileyton, NE 13665",elizabeth.schmitt@transdigmgro.com
Oracle Corp,ORCL,Workday Inc,WDAY,Service Provider,,HR Software,2023-01-12,8113132.5,,roberto.tucker@workdayinc.com
Starbucks Corp,SBUX,FedEx Corp,FDX,Logistics Partner,1.46,Freight,2022-12-05,7681003.42,"574 Brenda Mountains Apt. 847, Lake Heatherview, AS 48486",angel.johnson@fedexcorp.com
Oracle Corp,ORCL,Akamai Technologies,AKAM,Service Provider,10.54,Edge Computing,2024-11-06,3370708.07,"44956 Susan Club, Patriciafort, WI 51729",daniel.bowen@akamaitechno.com
Apple Inc,AAPL,UPS Inc,UPS,Logistics Partner,N/A,Shipping,2025-07-09,1565067.77,,sharon.cox@upsinc.com
Adobe Inc,ADBE,Microsoft Azure,MSFT,Service Provider,8.25,AI Services,2022-08-21,3889465.55,"05070 Robin Cape Suite 982, North Alexis, MH 29690",colleen.stout@microsoftazu.com
Netflix Inc,NFLX,ServiceNow Inc,NOW,Service Provider,12.5,IT Service Management,2022-10-18,6187511.0,,
Goldman Sachs,GS,Workday Inc,WDAY,Service Provider,7.74,HR Software,2024-02-05,7588697.17,"070 Bryant Shoal, Hesterborough, GU 15832",daniel.knight@workdayinc.com
Starbucks Corp,SBUX,DHL Express,DHL.DE,Logistics Partner,1.09,International Shipping,2025-04-27,7991788.58,,
Lockheed Martin,LMT,SAP SE,SAP,Service Provider,7.92,Business Software,2025-01-17,4760327.69,"1452 Christopher Squares, Waltersland, NC 93205",robert.hayes@sapse.com
Home Depot,HD,IBM Corp,IBM,Service Provider,4.5,IT Infrastructure,2025-06-17,8355746.25,"1559 Leslie Inlet, Lake Christopherfurt, MD 82001",marc.morales@ibmcorp.com
Broadcom Inc,AVGO,Accenture plc,ACN,Service Provider,2.54,IT Services,2025-01-10,4963262.43,"40438 Jackson Mount, Dunnville, OK 15470",mary.burns@accentureplc.com
JPMorgan Chase,JPM,Iron Mountain,IRM,Service Provider,1.4,Data Storage,2022-04-02,1073012.35,"00940 Robert Knoll Suite 376, West Natasha, MO 50563",andrew.phillips@ironmountain.com
Procter & Gamble,PG,Deloitte,DLT,Service Provider,6.23,Audit,2024-05-18,9354930.06,"3358 Robert Hill, North Matthew, MA 56696",joann.wilson@deloitte.com
Salesforce Inc,CRM,Cloudflare Inc,NET,Service Provider,0.96,Security,2024-09-07,8480620.5,"6547 Devon Rapids, Meganside, VI 41645",robert.lynch@cloudflarein.com
Lockheed Martin,LMT,ServiceNow Inc,NOW,Service Provider,10.94,IT Service Management,2024-03-15,2229760.65,"4047 Anderson Roads Suite 497, Port Miranda, WA 67339",jacqueline.reed@servicenowin.com
NVIDIA Corp,NVDA,Sumco Corp,3436.T,Direct Supplier,15.55,Silicon Wafers,2025-11-02,3526140.65,"1811 Williamson Glen, Lake Amyberg, MO 99186",martha.rangel@sumcocorp.com
Home Depot,HD,FedEx Corp,FDX,Logistics Partner,1.83,Freight,2025-08-27,1965498.26,"223 Julia Stravenue, Campbellville, IA 30152",kaitlyn.christian@fedexcorp.com
Intel Corp,INTC,IBM Corp,IBM,Service Provider,3.03,IT Infrastructure,2023-08-02,2656847.01,"08228 Denise Mills Suite 270, Justinside, MD 64856",angel.miller@ibmcorp.com
Eli Lilly,LLY,IQVIA Holdings,IQV,Service Provider,3.39,Clinical Trials,2023-04-22,3201558.61,"6936 Atkinson Heights Apt. 925, New Mark, MS 11364",matthew.wood@iqviaholding.com
Eli Lilly,LLY,Catalent Inc,CTLT,Contract Manufacturer,5.82,Drug Delivery,not_a_date,3840329.87,"84227 Michelle Summit, South Jessica, HI 08317",samuel.jones@catalentinc.com
Apple Inc,AAPL,IBM Corp,IBM,Service Provider,,IT Infrastructure,2023-03-01,8005665.29,"65020 Brad Unions, Nathanbury, OR 85349",wayne.torres@ibmcorp.com
Tesla Inc,TSLA,SAP SE,SAP,Service Provider,4.04,ERP,2023-10-31,9031352.76,"295 Watson Trail Suite 835, Mckeebury, TX 78842",lance.guzman@sapse.com
Merck & Co,MRK,ServiceNow Inc,NOW,Service Provider,6.48,IT Service Management,00-00-0000,1299214.08,"USCGC Bradley, FPO AP 12336",christine.alexander@servicenowin.com
General Motors,GM,FedEx Corp,FDX,Logistics Partner,1.37,Freight,2024-07-09,5873001.38,"01629 Thomas Valleys, Port Mary, MP 81203",felicia.ramos@fedexcorp.com
Adobe Inc,ADBE,Deloitte,DLT,Service Provider,14.21,Audit,2022-03-03,6652522.62,"775 Dennis Tunnel, Kaitlinhaven, IA 75758",alexander.lopez@deloitte.com
Boeing Co,BA,Honeywell Intl,HON,Direct Supplier,8.17,Flight Controls,2022-01-17,8860547.22,"97789 Rodriguez Lodge, Melissaton, CT 70606",michael.cabrera@honeywellint.com
Alphabet Inc,GOOGL,ServiceNow Inc,NOW,Service Provider,4.91,IT Service Management,2024-04-03,1441616.01,,james.walker@servicenowin.com
General Motors,GM,Denso Corp,6902.T,Tier 2 Supplier,18.99,HVAC Systems,2025-03-06,3471096.75,"714 Jake Turnpike, South Denise, NM 25224",sherri.mcclain@densocorp.com
Procter & Gamble,PG,SAP SE,SAP,Service Provider,12.97,Business Software,2023-01-17,6422764.82,"1498 Angela Extensions Suite 674, Campbellside, PA 63526",lori.leon@sapse.com
Apple Inc,AAPL,Luxshare Precision,002475.SZ,Direct Supplier,11.97,Connectors,2022-09-20,3090440.76,"22061 Daniel Garden Apt. 359, South Cassandra, CO 79629",eric.williams@luxshareprec.com
Cisco Systems,CSCO,Deloitte,DLT,Service Provider,7.15,Audit,2023-10-11,191158.44,"08194 Mckinney Crossroad Suite 230, East Robertmouth, DC 17409",christopher.fletcher@deloitte.com
JPMorgan Chase,JPM,Bloomberg LP,BBG,Service Provider,11.65,Trading Systems,2024-09-30,6966242.56,"90206 Tracy Gateway, Banksborough, AR 04832",charles.rogers@bloomberglp.com
Johnson & Johnson,JNJ,Danaher Corp,DHR,Direct Supplier,9.72,Bioprocessing,2024-02-04,1810106.85,"86142 Chelsea Forges Suite 545, North Mark, WY 46720",patricia.romero@danahercorp.com
Alphabet Inc,GOOGL,SAP SE,SAP,Service Provider,19.67,Business Software,2022-12-10,6380058.36,"07650 Terri Club Apt. 095, Aguilarfort, VI 32942",erin.jackson@sapse.com
Coca-Cola Co,KO,UPS Inc,UPS,Logistics Partner,19.92,Shipping,2025-12-13,2567727.64,"4862 Diaz Lakes, South Steven, IN 74225",brandon.smith@upsinc.com
Home Depot,HD,Workday Inc,WDAY,Service Provider,12.75,Finance,2025-01-23,6990303.19,"050 Johnathan Lakes, New Jill, HI 67450",carlos.owens@workdayinc.com
Lockheed Martin,LMT,Raytheon Technologies,RTX,Direct Supplier,1.94,Missiles,2024-12-31,270202.31,"2132 Carlos Lane, North Justin, NC 64720",mary.berry@raytheontech.com
Ford Motor Co,F,Deloitte,DLT,Service Provider,8.05,Audit,2025-04-23,6786831.28,"64741 Brown Spring, Alexisview, ID 75055",william.ortiz@deloitte.com
Goldman Sachs,GS,Kyndryl Holdings,KD,Service Provider,1.86,IT Infrastructure,2025-11-19,7722423.25,"925 John Parks Apt. 950, West Deannaside, WY 14577",albert.williams@kyndrylholdi.com
Oracle Corp,ORCL,Workday Inc,WDAY,Service Provider,16.79,Finance,2022-05-22,8198707.4,"0324 Estrada Cliff, South Robert, WV 72960",ryan.cruz@workdayinc.com
Lockheed Martin,LMT,DHL Express,DHL.DE,Logistics Partner,17.49,International Shipping,2025-05-11,9149016.32,"8446 Roman Freeway Suite 533, Hernandezberg, AZ 10915",melissa.ortega@dhlexpress.com
Johnson & Johnson,JNJ,Accenture plc,ACN,Service Provider,3.6,Consulting,2022-07-13,9492389.06,"347 Terry Path Apt. 861, Welchland, UT 69503",gabrielle.berry@accentureplc.com
Alphabet Inc,GOOGL,SAP SE,SAP,Service Provider,12.8,ERP,2025-03-18,6563488.03,"434 Jacob Wall, Baldwinchester, WA 74102",steven.ferguson@sapse.com
Ford Motor Co,F,Deloitte,DLT,Service Provider,4.98,Consulting,2025-05-15,1006455.0,,
Netflix Inc,NFLX,,,Logistics Partner,388.2,Shipping,2025-07-21,8748734.7,,
Microsoft Corp,MSFT,Datadog Inc,DDOG,Service Provider,5.54,Observability,2022-01-05,4328607.05,"Unit 3472 Box 4416, DPO AA 51309",christina.ellison@datadoginc.com
Texas Instruments,TXN,Accenture plc,ACN,Service Provider,13.06,IT Services,2023-03-05,1641585.33,"117 Jackson Common Suite 227, Anthonystad, CO 22498",brandy.robbins@accentureplc.com
NVIDIA Corp,NVDA,Tokyo Electron,8035.T,Direct Supplier,10.66,Coater/Developer,2024-03-19,9205335.92,,
Eli Lilly,LLY,Lonza Group,LONN.SW,Contract Manufacturer,18.53,Biologics,2023-06-22,8111924.68,"40510 Rick Path, Port Amanda, SC 76709",christopher.smith@lonzagroup.com
Amazon.com Inc,AMZN,FedEx Corp,FDX,Logistics Partner,10.64,Express Delivery,2022-06-12,1799716.58,"4840 Alexander Hill Apt. 046, Melindaview, RI 61051",megan.logan@fedexcorp.com
Intel Corp,INTC,SK Hynix,000660.KS,Direct Supplier,19.72,NAND Flash,2022-02-22,1404446.47,"046 Garcia Haven Suite 446, Toddhaven, CA 38827",daniel.copeland@skhynix.com
Caterpillar Inc,CAT,Workday Inc,WDAY,Service Provider,3.53,Finance,2023-11-01,7465548.5,"9109 Julia Orchard Suite 865, East Kelli, ND 01085",steven.chandler@workdayinc.com
Amazon.com Inc,AMZN,IBM Corp,IBM,Service Provider,6.4,Cloud,2022-12-07,6205370.79,"62203 Kyle Highway, West Richard, SD 14628",andrea.williams@ibmcorp.com
Tesla Inc,TSLA,Workday Inc,WDAY,Service Provider,2.8,Finance,2025-11-07,240011.24,"22583 Timothy Tunnel, Lake Jessica, VI 27905",jessica.smith@workdayinc.com
Meta Platforms Inc,META,,,Service Provider,11.44,Cloud,2024-02-12,6030767.68,,
Coca-Cola Co,KO,ServiceNow Inc,NOW,Service Provider,1.24,IT Service Management,2025-10-12,4941901.32,"9582 Megan Center Apt. 217, Simonland, GU 18544",renee.watson@servicenowin.com
Coca-Cola Co,KO,Accenture plc,ACN,Service Provider,3.47,Consulting,2023-06-13,1731775.19,"4580 Perry Inlet Suite 841, New Elizabeth, DE 23936",connie.murphy@accentureplc.com
Alphabet Inc,GOOGL,SAP SE,SAP,Service Provider,13.55,Business Software,2023-10-09,8511681.24,,samantha.taylor@sapse.com
General Electric,GE,Iron Mountain,IRM,Service Provider,6.12,Records Management,2025-06-16,8568592.8,"351 Anderson Flat Suite 850, Jessicaport, ND 48167",cody.griffith@ironmountain.com
Texas Instruments,TXN,ServiceNow Inc,NOW,Service Provider,15.0,IT Service Management,2023-01-25,8371569.69,"USCGC Michael, FPO AE 07034",tyler.shepherd@servicenowin.com
Procter & Gamble,PG,Deloitte,DLT,Service Provider,18.05,Consulting,2024-12-15,6954452.76,,
Netflix Inc,NFLX,Iron Mountain,IRM,Service Provider,,Records Management,2024-08-15,7488554.36,,
Costco Wholesale,COST,Accenture plc,ACN,Service Provider,10.54,IT Services,2022-07-05,6592828.39,,
Caterpillar Inc,CAT,Workday Inc,WDAY,Service Provider,2.16,Finance,2023-12-18,6177033.18,,jacob.garrett@workdayinc.com
Tesla Inc,TSLA,Albemarle Corp,ALB,Direct Supplier,19.42,Lithium,2024-01-21,809730.91,,
Goldman Sachs,GS,Fiserv Inc,FI,Service Provider,8.59,Digital Banking,2024-11-17,5930840.79,"Unit 7069 Box 2195, DPO AP 58066",michael.cunningham@fiservinc.com
Costco Wholesale,COST,IBM Corp,IBM,Service Provider,4.9,IT Infrastructure,2024-12-12,6447452.23,,
Adobe Inc,ADBE,Cyberdyne Systems,CYBD,Service Provider,16.49,Consulting,2022-03-23,3505679.31,"4586 William Bridge Suite 839, West Nicole, AZ 68406",michelle.diaz@deloitte.com
Microsoft Corp,MSFT,CrowdStrike,CRWD,Service Provider,TBD,Endpoint Security,2024-10-03,4737358.27,"3582 Andrew Expressway Suite 807, Port Taylor, WV 07872",samantha.fuller@crowdstrike.com
Chevron Corp,CVX,UPS Inc,UPS,Logistics Partner,4.93,Supply Chain,2022-01-08,1642030.4,"606 Cummings Stream Apt. 613, South Kimberly, NJ 04927",jonathan.jennings@upsinc.com
Lockheed Martin,LMT,DHL Express,DHL.DE,Logistics Partner,1.58,International Shipping,2024-08-31,1173226.22,"00466 Garcia Isle Apt. 110, Chapmanmouth, DE 33572",caleb.allen@dhlexpress.com
Ford Motor Co,F,Iron Mountain,IRM,Service Provider,7.72,Records Management,2024-11-18,2026335.17,,
Starbucks Corp,SBUX,Deloitte,DLT,Service Provider,,Consulting,2023-03-11,5296260.5,"3890 Eric Harbors Suite 479, South Jennifer, TN 46307",vickie.travis@deloitte.com
Intel Corp,INTC,DHL Express,DHL.DE,Logistics Partner,15.01,International Shipping,2025-04-03,8717757.26,"865 Mary Fords Suite 319, Lake Kaylamouth, ME 25191",kathy.stevens@dhlexpress.com
Tesla Inc,TSLA,BorgWarner Inc,BWA,Direct Supplier,6.82,Power Electronics,2024-08-14,5490442.16,"303 Jones Gardens, Morganborough, DC 77611",sabrina.shepherd@borgwarnerin.com
Meta Platforms Inc,META,Iron Mountain,IRM,Service Provider,18.43,Records Management,2022-06-03,266911.82,"6306 Alexis Drives Suite 895, Georgeshire, NE 32198",kimberly.romero@ironmountain.com
Costco Wholesale,COST,ServiceNow Inc,NOW,Service Provider,11.99,IT Service Management,2022-04-03,3139199.31,,
Procter & Gamble,PG,FedEx Corp,FDX,Logistics Partner,8.09,Express Delivery,2024-01-31,7275676.1,"492 Thomas Fort, Adamfurt, AZ 07354",robin.gonzalez@fedexcorp.com
Broadcom Inc,AVGO,Micron Technology,MU,Direct Supplier,9.45,DRAM Modules,2022-11-16,6949484.38,,
Alphabet Inc,GOOGL,Deloitte,DLT,Service Provider,15.77,Consulting,2022-02-08,8970298.31,"131 Jonathan Cape Apt. 589, Walkerburgh, CA 61878",xavier.thomas@deloitte.com
Caterpillar Inc,CAT,Workday Inc,WDAY,Service Provider,4.58,Finance,2024-08-16,83882.7,"012 Jeff Isle Apt. 012, Jeffreyborough, NE 96034",donna.lopez@workdayinc.com
Ford Motor Co,F,,,Tier 2 Supplier,9.61,HVAC Systems,2023-10-02,1559309.49,"56083 Ashley Drive Suite 048, Juliehaven, OK 55687",justin.ward@densocorp.com
JPMorgan Chase,JPM,IBM Corp,IBM,Service Provider,12.98,Cloud,2025-09-22,8853340.77,"05112 Margaret Glens, South Paulafurt, ND 04568",devin.lopez@ibmcorp.com
FactSet Research,FDS,SAP SE,SAP,Service Provider,,Business Software,2025-09-07,9545635.45,"77359 Myers Union Apt. 922, West Michelleville, IL 48787",kendra.greene@sapse.com
Alphabet Inc,GOOGL,Workday Inc,WDAY,Service Provider,13.99,Finance,2022-11-17,4313996.45,,
Boeing Co,BA,Iron Mountain,IRM,Service Provider,14.29,Data Storage,2025-08-21,9990529.29,"6253 Williams Coves Apt. 152, Luischester, MP 24300",jimmy.morse@ironmountain.com
JPMorgan Chase,JPM,FedEx Corp,FDX,Logistics Partner,1.49,Freight,2024-12-30,4189028.9,,emily.rodriguez@fedexcorp.com
Goldman Sachs,GS,ServiceNow Inc,NOW,Service Provider,10.5,IT Service Management,2024-05-28,2501192.54,,
General Electric,GE,Workday Inc,WDAY,Service Provider,13.27,Finance,2023-06-10,6884206.29,"1985 Rivera Divide, Edwardtown, ID 83852",stephanie.miller@workdayinc.com
Amazon.com Inc,AMZN,Accenture plc,ACN,Service Provider,14.0,IT Services,2023-05-26,4373892.26,,robert.guerra@accentureplc.com
Chevron Corp,CVX,Deloitte,DLT,Service Provider,11.79,Consulting,2024-01-02,3499837.69,,anthony.james@deloitte.com
Johnson & Johnson,JNJ,Catalent Inc,CTLT,Contract Manufacturer,17.87,Fill/Finish,2022-08-16,3860402.2,"578 Howard Ferry, South Lindaberg, AK 33743",sarah.davis@catalentinc.com
Cisco Systems,CSCO,Accenture plc,ACN,Service Provider,2.95,IT Services,2024-04-30,1797618.7,"0602 Mercedes Rue, Lake Jamie, SD 54175",mary.green@accentureplc.com
Alphabet Inc,GOOGL,Workday Inc,WDAY,Service Provider,10.43,HR Software,2024-11-12,3633232.76,"624 Bailey Cove, Sabrinastad, KS 93733",cassandra.thompson@workdayinc.com
Nike Inc,NKE,,,Service Provider,18.8,IT Services,2025-11-04,1167716.07,,jennifer.cohen@accentureplc.com
Meta Platforms Inc,META,IBM Corp,IBM,Service Provider,13.13,IT Infrastructure,2025-04-01,8676043.51,"929 Logan Ridge, North Aaron, MA 29904",lisa.chapman@ibmcorp.com
Netflix Inc,NFLX,Accenture plc,ACN,Service Provider,10.45,IT Services,2024-10-18,5457836.54,"249 Mathis Ridge Apt. 145, Garretthaven, NH 98958",carmen.holt@accentureplc.com
Qualcomm Inc,QCOM,SK Hynix,000660.KS,Direct Supplier,19.82,NAND Flash,2023-12-18,667993.25,,william.green@skhynix.com
Intel Corp,INTC,Micron Technology,MU,Direct Supplier,11.71,DRAM Modules,2022-06-01,246943.92,"045 Amber Lake Apt. 077, New Biancaborough, DE 58670",megan.ward@microntechno.com
Merck & Co,MRK,Charles River Labs,CRL,Service Provider,7.97,Safety Testing,2024-08-14,5012659.1,"232 Mills Loop Apt. 290, Lake Vincent, CO 82708",brittney.campbell@charlesriver.com
Chevron Corp,CVX,Oscorp Industries,OSCP,Logistics Partner,2.26,International Shipping,2025-06-23,6916430.73,,beverly.shaw@dhlexpress.com
Apple Inc,AAPL,Corning Inc,GLW,Direct Supplier,6.94,Optical Components,2025-10-08,1195817.7,"83153 Timothy Mountain, New Bradport, VT 69557",cassidy.sullivan@corninginc.com
General Motors,GM,UPS Inc,UPS,Logistics Partner,4.55,Shipping,2022-12-24,4429409.92,"9087 Marsh Fort Suite 316, South Michael, GA 64770",anthony.stevens@upsinc.com
PepsiCo Inc,PEP,Iron Mountain,IRM,Service Provider,14.69,Records Management,2025-11-21,2493291.14,,
Goldman Sachs,GS,Accenture plc,ACN,Service Provider,1.14,Consulting,2023-09-20,6299871.12,"60989 Sarah Center, Elizabethport, TX 98982",david.mitchell@accentureplc.com
Costco Wholesale,COST,DHL Express,DHL.DE,Logistics Partner,15.45,International Shipping,2023-10-01,7099698.0,"44029 Yolanda Mews, West Dawn, WY 03391",michael.garrison@dhlexpress.com
Johnson & Johnson,JNJ,Lonza Group,LONN.SW,Contract Manufacturer,6.36,Drug Substance,2025-01-14,1109322.2,"569 Pamela Stream, Ortizside, TN 28212",ashley.garner@lonzagroup.com
Eli Lilly,LLY,IQVIA Holdings,IQV,Service Provider,5.23,Data Analytics,2023-02-26,542976.41,"2544 Noble Road, East Erinmouth, OK 42076",lisa.bates@iqviaholding.com
Intel Corp,INTC,Workday Inc,WDAY,Service Provider,5.5,HR Software,2023-10-30,5725140.64,"48849 Nicole Vista Suite 089, Lake Jonathan, MT 93803",jose.shaw@workdayinc.com
FactSet Research,FDS,ServiceNow Inc,NOW,Service Provider,1.66,IT Service Management,2023-02-11,7346685.71,"9001 Barnes Stravenue, East Joshua, AL 08520",kenneth.hogan@servicenowin.com
Tesla Inc,TSLA,IBM Corp,IBM,Service Provider,19.51,Cloud,2024-04-20,1929305.82,"95249 Rojas Court Suite 092, South Robertmouth, CA 63831",vincent.neal@ibmcorp.com
Microsoft Corp,MSFT,Google Cloud,GOOGL,Service Provider,17.66,Data Analytics,2023-09-02,3173766.24,"479 Gabriel Well Suite 853, Wilkinsonberg, MT 73824",ross.rogers@googlecloud.com
Goldman Sachs,GS,Broadridge Financial,BR,Service Provider,9.74,Investor Communications,2024-08-08,4725190.18,,deanna.sanders@broadridgefi.com
Intel Corp,INTC,Accenture plc,ACN,Service Provider,15.21,Consulting,2022-05-29,8767901.65,,
Starbucks Corp,SBUX,FedEx Corp,FDX,Logistics Partner,2.67,Express Delivery,2024-02-24,1415498.37,"7998 Eric Streets Suite 139, New Andrewhaven, WV 20469",crystal.bond@fedexcorp.com
Ford Motor Co,F,Aptiv PLC,APTV,Direct Supplier,14.73,Electrical Architecture,2023-12-03,7222287.97,,
Alphabet Inc,GOOGL,SAP SE,SAP,Service Provider,16.38,Business Software,2022-07-08,9055525.81,"96262 Strong Path Apt. 631, New David, OK 51882",angela.myers@sapse.com
Goldman Sachs,GS,UPS Inc,UPS,Logistics Partner,15.4,Shipping,2024-04-11,209552.54,,
Coca-Cola Co,KO,IBM Corp,IBM,Service Provider,14.53,Cloud,2024-02-05,1880565.95,"964 Davis Pike Suite 285, Walshshire, IA 19759",brandi.martin@ibmcorp.com
Chevron Corp,CVX,NOV Inc,NOV,Direct Supplier,16.2,Rig Equipment,2024-04-11,3949535.59,,christina.webster@novinc.com
Netflix Inc,NFLX,Accenture plc,ACN,Service Provider,11.61,Consulting,2023-12-27,5113390.66,,
Boeing Co,BA,DHL Express,DHL.DE,Logistics Partner,13.79,International Shipping,2022-11-13,7450145.0,"PSC 5121, Box 0184, APO AE 51543",rebecca.long@dhlexpress.com
NVIDIA Corp,NVDA,,,Logistics Partner,5.3,International Shipping,2023-12-07,3155317.99,"947 Clark Isle Apt. 287, West Robertberg, NJ 09289",alexandra.harris@dhlexpress.com
Merck & Co,MRK,Iron Mountain,IRM,Service Provider,4.57,Data Storage,2025-01-20,1464905.02,,
Ford Motor Co,F,Deloitte,DLT,Service Provider,19.91,Audit,2022-08-01,941897.5,"89589 Buck Camp Apt. 522, Port Jamiefurt, VT 68879",mark.parrish@deloitte.com
Oracle Corp,ORCL,Deloitte,DLT,Service Provider,-34.07,Consulting,2023-08-30,8870801.34,,
Tesla Inc,TSLA,SAP SE,SAP,Service Provider,12.78,Business Software,2022-12-31,5224134.05,,
General Electric,GE,DHL Express,DHL.DE,Logistics Partner,16.47,International Shipping,2023-11-22,1713845.93,,
Netflix Inc,NFLX,IBM Corp,IBM,Service Provider,7.87,Cloud,2024-01-30,4443555.98,,
Salesforce Inc,CRM,Akamai Technologies,AKAM,Service Provider,10.35,Edge Computing,2022-09-29,5535118.76,,
NVIDIA Corp,NVDA,IBM Corp,IBM,Service Provider,9.82,Cloud,2024-05-26,8805384.77,"22400 Hall Radial, East Elizabeth, AR 49317",roger.wright@ibmcorp.com
Cisco Systems,CSCO,Iron Mountain,IRM,Service Provider,19.54,Data Storage,2025-05-12,892146.03,,erin.anderson@ironmountain.com
Johnson & Johnson,JNJ,Iron Mountain,IRM,Service Provider,1.96,Records Management,2022-03-01,4733819.01,"8155 Benton Estate, East Jacquelineport, AZ 33229",michelle.johnson@ironmountain.com
PepsiCo Inc,PEP,Accenture plc,ACN,Service Provider,16.86,IT Services,2023-09-15,4966299.83,"13204 Brandon Estates, Amandaville, LA 96542",cheryl.espinoza@accentureplc.com
Walt Disney Co,DIS,Workday Inc,WDAY,Service Provider,6.87,HR Software,2023-12-21,1964434.84,,
Procter & Gamble,PG,Deloitte,DLT,Service Provider,-21.7,Audit,2025-05-02,5229116.09,"80570 Ashley Parks, Michellemouth, NV 42641",tina.snyder@deloitte.com
Salesforce Inc,CRM,DHL Express,DHL.DE,Logistics Partner,13.24,International Shipping,2024-02-12,9106162.9,"4138 Flores Court Suite 630, North Patricia, AS 62143",david.weaver@dhlexpress.com
Intel Corp,INTC,Workday Inc,WDAY,Service Provider,5.5,HR Software,2023-10-30,5725140.64,"48849 Nicole Vista Suite 089, Lake Jonathan, MT 93803",jose.shaw@workdayinc.com
Starbucks Corp,SBUX,FedEx Corp,FDX,Logistics Partner,8.01,Express Delivery,2023-08-21,5659877.07,"775 Wilcox Expressway, Port Nathanchester, ID 35879",isaiah.reese@fedexcorp.com
PepsiCo Inc,PEP,ServiceNow Inc,NOW,Service Provider,17.86,IT Service Management,2024-05-25,4078424.34,"4186 Cooper Roads, Port Jayside, NJ 56331",richard.hines@servicenowin.com
Procter & Gamble,PG,Iron Mountain,IRM,Service Provider,11.44,Records Management,2022-08-20,5748504.84,"287 Laura Isle, New Katie, PA 08977",jeffrey.scott@ironmountain.com
Goldman Sachs,GS,SAP SE,SAP,Service Provider,6.15,ERP,2024-10-19,6634230.57,"969 Joshua Walk, Lake Kimberly, OR 24516",sophia.walker@sapse.com
Boeing Co,BA,Honeywell Intl,HON,Direct Supplier,7.26,APUs,2025-06-08,7926696.91,"3322 Tammie Estates Suite 895, Amandamouth, AK 01886",zachary.pennington@honeywellint.com
Boeing Co,BA,Workday Inc,WDAY,Service Provider,18.75,Finance,2025-02-23,5433119.08,"92719 King Loop, New Lee, MT 60281",antonio.lester@workdayinc.com
Texas Instruments,TXN,UPS Inc,UPS,Logistics Partner,14.88,Shipping,2022-09-20,1080361.91,"7908 Judith Lakes Apt. 615, West Angelaside, PR 97659",kimberly.mccormick@upsinc.com
Oracle Corp,ORCL,Microsoft Azure,MSFT,Service Provider,7.13,Cloud Platform,2025-02-23,3313662.5,"USS Kennedy, FPO AE 66099",michelle.silva@microsoftazu.com
Caterpillar Inc,CAT,Accenture plc,ACN,Service Provider,3.14,Consulting,2024-03-04,8056126.37,"060 Gutierrez Loop, South Christopherport, MP 16635",shari.craig@accentureplc.com
Alphabet Inc,GOOGL,Acme Widget Corp,ACME,Logistics Partner,4.61,International Shipping,2025-10-31,5000614.14,"78332 Becker Walks, Alyssahaven, OR 80777",jennifer.mcbride@dhlexpress.com
Chevron Corp,CVX,UPS Inc,UPS,Logistics Partner,18.61,Supply Chain,2024-13-45,3805174.33,,
Starbucks Corp,SBUX,,,Service Provider,5.27,IT Infrastructure,2025-04-30,3315470.66,"3275 Miller Cliffs Suite 652, Gibsonland, SD 45626",elizabeth.collins@ibmcorp.com
Netflix Inc,NFLX,Deloitte,DLT,Service Provider,19.15,Audit,2024-06-08,4961556.86,,
NVIDIA Corp,NVDA,Lam Research,LRCX,Direct Supplier,6.5,Etch Equipment,2022-09-02,1368574.11,,
Coca-Cola Co,KO,Stark Industries,STRK,Logistics Partner,1.85,Supply Chain,2024-07-26,1289778.0,,
Nike Inc,NKE,ServiceNow Inc,NOW,Service Provider,14.18,IT Service Management,2024-09-28,5526254.57,,
Salesforce Inc,CRM,Cloudflare Inc,NET,Service Provider,,Security,2025-08-09,3637915.36,,
Goldman Sachs,GS,ServiceNow Inc,NOW,Service Provider,15.19,IT Service Management,2022-09-23,3694626.37,"91731 Lee Dale, Deborahtown, TN 68104",jacob.hernandez@servicenowin.com
Qualcomm Inc,QCOM,ASE Technology,ASX,Contract Manufacturer,3.95,Testing,2025-09-30,356632.44,,
Boeing Co,BA,Spirit AeroSystems,SPR,Direct Supplier,32.79,Wing Components,2025-08-24,3386139.04,"8320 Maddox Terrace, East Ryanfurt, FL 17827",patrick.torres@spiritaerosy.com
Salesforce Inc,CRM,Iron Mountain,IRM,Service Provider,8.6,Records Management,2025-06-08,7949905.76,"118 Jackson Passage, West Timothy, NC 25742",bradley.baker@ironmountain.com
Merck & Co,MRK,DHL Express,DHL.DE,Logistics Partner,,International Shipping,2023-09-28,3318092.87,"78197 Michael Turnpike Suite 252, Janefort, NM 64550",anthony.johnson@dhlexpress.com
Nike Inc,NKE,Workday Inc,WDAY,Service Provider,18.49,HR Software,2024-04-08,9314135.71,"02453 Christian Extensions Apt. 984, Jacksontown, IL 36002",douglas.mendoza@workdayinc.com
Merck & Co,MRK,West Pharmaceutical,WST,Direct Supplier,13.49,Drug Packaging,2025-02-23,7582271.5,"28749 Gaines Port, Lake Ricardo, LA 22048",kristy.williams@westpharmace.com
Salesforce Inc,CRM,CrowdStrike,CRWD,Service Provider,14.77,Endpoint Security,2023-07-29,3839131.38,,
Intel Corp,INTC,UPS Inc,UPS,Logistics Partner,11.67,Supply Chain,2025-05-24,7338392.72,"4843 Rodriguez Overpass, South Nicoleshire, MI 62866",brent.romero@upsinc.com
Merck & Co,MRK,Avantor Inc,AVTR,Direct Supplier,2.49,Lab Chemicals,2022-12-21,9106840.07,"232 Mccarthy Bypass, Harringtonberg, MA 59701",lori.evans@avantorinc.com
Microsoft Corp,MSFT,Cloudflare Inc,NET,Service Provider,1.4,Security,2025-03-12,2499842.71,"78263 Michelle Harbor Suite 584, West Jessicashire, OR 87000",janice.perry@cloudflarein.com
Meta Platforms Inc,META,DHL Express,DHL.DE,Logistics Partner,-27.61,International Shipping,2023-11-02,7006312.08,"066 Ashley Mountain, North Lisa, FL 56296",philip.bishop@dhlexpress.com
Ford Motor Co,F,Acme Widget Corp,ACME,Service Provider,1.27,Consulting,2023-09-29,3181738.67,"5655 Francisco Vista Suite 638, South Tracy, NE 45990",michelle.morris@accentureplc.com
Goldman Sachs,GS,Refinitiv,LSEG.L,Service Provider,1.08,Financial Data,2022-07-27,5101512.64,"376 Mayer Estate, Lake Sharonhaven, DE 33703",joan.johnson@refinitiv.com
Oracle Corp,ORCL,Amazon Web Services,AMZN,Service Provider,3.26,Compute,2025-10-08,2658506.01,"584 Mary Wells Apt. 417, Lake Jonathan, AS 73774",matthew.reeves@amazonwebser.com
Starbucks Corp,SBUX,SAP SE,SAP,Service Provider,4.98,ERP,2023-08-19,6881782.41,"46947 Mark Orchard Suite 448, West Joshua, OH 66438",kimberly.lee@sapse.com
Cisco Systems,CSCO,IBM Corp,IBM,Service Provider,1.29,Cloud,2022-09-05,4215324.75,"4239 Smith Drives Suite 908, Adamsshire, MS 51681",john.patrick@ibmcorp.com
Chevron Corp,CVX,ChampionX Corp,CHX,Direct Supplier,4.01,Production Chemicals,2025-12-05,1143460.44,"410 Velazquez Trafficway, South Sarah, FL 01063",logan.cooper@championxcor.com
Nike Inc,NKE,IBM Corp,IBM,Service Provider,4.64,Cloud,2022-02-17,6703210.52,"675 Kelly Radial Suite 977, East Codyfort, AL 47736",christopher.garcia@ibmcorp.com
General Motors,GM,Accenture plc,ACN,Service Provider,14.65,IT Services,2025-06-22,3954386.09,,
General Motors,GM,Stark Industries,STRK,Service Provider,13.96,Consulting,2025-06-25,7347726.32,"533 George Alley, Williamsbury, NH 63231",debra.young@deloitte.com
Tesla Inc,TSLA,,,Service Provider,15.45,IT Infrastructure,2023-12-28,6853241.94,,deborah.macias@ibmcorp.com
General Electric,GE,Workday Inc,WDAY,Service Provider,4.59,Finance,2022-05-23,8952808.74,"844 Debra Loaf Suite 884, Aguilarmouth, GA 74037",frank.padilla@workdayinc.com
Johnson & Johnson,JNJ,Accenture plc,ACN,Service Provider,10.63,Consulting,2025-02-01,6451007.28,"30531 Chandler Rest, Matthewsmouth, ND 51493",steven.tyler@accentureplc.com
Meta Platforms Inc,META,Iron Mountain,IRM,Service Provider,,Records Management,2025-02-25,2108169.93,"158 Perez Lodge Suite 747, Port Gregory, LA 00938",robert.greene@ironmountain.com
Johnson & Johnson,JNJ,IQVIA Holdings,IQV,Service Provider,6.78,Clinical Trials,2024-10-22,4027291.7,,
Starbucks Corp,SBUX,SAP SE,SAP,Service Provider,5.51,Business Software,2025-11-26,2912004.61,"05485 Mclean Creek, Taylorland, MD 96504",john.benitez@sapse.com
PepsiCo Inc,PEP,SAP SE,SAP,Service Provider,3.17,Business Software,2024-07-19,430909.27,"98058 Mendoza Ville Suite 559, Port Daniellefurt, UT 22376",krista.walker@sapse.com
Eli Lilly,LLY,Accenture plc,ACN,Service Provider,12.08,Consulting,2024-03-07,288461.62,,
Tesla Inc,TSLA,Globex Industries,GLBX,Direct Supplier,3.37,Battery Packs,2024-03-22,1042777.97,"569 Stephanie Point, Joshuaberg, NV 68335",ana.hudson@panasonichol.com
Adobe Inc,ADBE,UPS Inc,UPS,Logistics Partner,,Supply Chain,2025-01-13,5059281.76,"9049 Matthew Orchard Apt. 806, Austinshire, MS 61028",lauren.cruz@upsinc.com
Texas Instruments,TXN,IBM Corp,IBM,Service Provider,14.25,Cloud,2024-03-05,8023011.39,"524 Amber Dale, South Markborough, VA 13218",erica.alvarez@ibmcorp.com
Intel Corp,INTC,ASE Technology,ASX,Contract Manufacturer,17.84,Testing,2023-03-14,7198023.51,"6862 Jennifer Junctions, New Darrell, PA 11932",sydney.murray@asetechnolog.com
Eli Lilly,LLY,Cyberdyne Systems,CYBD,Service Provider,,Cloud,2025-05-13,1901340.66,,
Johnson & Johnson,JNJ,FedEx Corp,FDX,Logistics Partner,16.15,Freight,2025-08-15,1400751.26,"276 Elizabeth Fall, West Timothy, MD 34624",ethan.robbins@fedexcorp.com
Broadcom Inc,AVGO,Amkor Technology,AMKR,Contract Manufacturer,12.44,IC Packaging,2025-09-19,8423083.2,"67045 Jennifer Stravenue Apt. 267, Lake Linda, HI 28722",john.tyler@amkortechnol.com
Lockheed Martin,LMT,FedEx Corp,FDX,Logistics Partner,6.09,Express Delivery,2024-07-15,9216754.91,"708 Brandon Freeway, Shawnview, IN 11946",mary.warren@fedexcorp.com
Texas Instruments,TXN,TSMC,TSM,Contract Manufacturer,11.94,Wafer Fabrication,2025-07-16,8566654.7,"137 Courtney Locks, Emilyport, UT 63112",shelly.bishop@tsmc.com
Broadcom Inc,AVGO,Applied Materials,AMAT,Direct Supplier,2.57,Etch Systems,2025-03-16,7465884.63,"74820 Montoya Forge, Clayville, CO 66522",kylie.herrera@appliedmater.com
Eli Lilly,LLY,FedEx Corp,FDX,Logistics Partner,19.76,Freight,2024-11-13,2824961.8,"742 Bailey Gardens, Williamston, UT 70115",kristin.miller@fedexcorp.com
Amazon.com Inc,AMZN,SAP SE,SAP,Service Provider,13.78,Business Software,2025-05-16,3604708.63,,
Broadcom Inc,AVGO,UPS Inc,UPS,Logistics Partner,7.49,Supply Chain,2025-01-29,8055623.36,"2237 Rogers Groves, Lauratown, MO 86089",sarah.hernandez@upsinc.com
Apple Inc,AAPL,IBM Corp,IBM,Service Provider,17.04,IT Infrastructure,2022-11-11,456646.77,,
General Motors,GM,Accenture plc,ACN,Service Provider,5.94,IT Services,2023-03-15,9265820.48,"USCGC Ramos, FPO AP 91666",alexis.anderson@accentureplc.com
Qualcomm Inc,QCOM,,,Contract Manufacturer,21.44,Foundry Services,2022-12-25,4731483.19,"60422 Dustin Islands, Port Megan, MO 64655",tiffany.carter@samsungelect.com
PepsiCo Inc,PEP,IBM Corp,IBM,Service Provider,3.03,Cloud,2025-06-05,1999418.6,"056 Patterson Crossing Apt. 249, Lake Garychester, TN 45043",samuel.carey@ibmcorp.com
Chevron Corp,CVX,ServiceNow Inc,NOW,Service Provider,17.53,IT Service Management,2025-09-18,2465546.65,"13278 Amy Spring, West Eileen, MA 08545",jesse.anderson@servicenowin.com
Cisco Systems,CSCO,Accenture plc,ACN,Service Provider,14.79,IT Services,2025-03-24,1064381.02,"50385 Patterson Extensions, Baxterport, NY 09852",rachel.solis@accentureplc.com
Chevron Corp,CVX,Baker Hughes,BKR,Direct Supplier,3.48,Turbomachinery,2025-05-17,1247525.76,"65735 Timothy Junction, Nicholasborough, WI 90975",jerry.gordon@bakerhughes.com
Eli Lilly,LLY,,,Service Provider,5.2,Business Software,2023-08-17,6436977.53,"639 Rita Stravenue, Dakotaland, CA 75388",chelsey.white@sapse.com
JPMorgan Chase,JPM,FIS Global,FIS,Service Provider,4.94,Payments,2024-04-28,6589267.23,"88688 Bender Ridges Apt. 449, Pamelabury, TX 85699",christopher.williams@fisglobal.com
Cisco Systems,CSCO,ServiceNow Inc,NOW,Service Provider,4.48,IT Service Management,2023-07-13,8313202.56,"Unit 0722 Box 9034, DPO AP 40538",william.hancock@servicenowin.com
Apple Inc,AAPL,Deloitte,DLT,Service Provider,,Audit,2023-12-17,5450232.63,"PSC 6315, Box 0810, APO AP 57493",laura.bowman@deloitte.com
Texas Instruments,TXN,ServiceNow Inc,NOW,Service Provider,3.07,IT Service Management,2024-06-17,6579982.46,"3494 Elizabeth Viaduct Suite 872, West Sherri, NH 66100",daniel.herring@servicenowin.com
Salesforce Inc,CRM,Accenture plc,ACN,Service Provider,low,IT Services,2022-07-05,6412544.79,"11484 Carney Forks Suite 383, Dawsonside, NM 71544",brandon.carney@accentureplc.com
Nike Inc,NKE,,,Logistics Partner,1.91,International Shipping,2023-02-24,3001402.91,"PSC 8486, Box 5425, APO AP 43905",michael.miller@dhlexpress.com
Eli Lilly,LLY,Charles River Labs,CRL,Service Provider,7.74,Safety Testing,2022-07-27,4336497.98,"828 Zachary Row Suite 974, Wallacestad, MS 42344",matthew.chambers@charlesriver.com
Texas Instruments,TXN,ASML Holding,ASML,Direct Supplier,19.25,EUV Lithography Equipment,2022-01-08,6244475.26,"69984 Stephanie Crossroad Apt. 509, Lake Meagan, NE 94766",brooke.williams@asmlholding.com
General Motors,GM,BorgWarner Inc,BWA,Direct Supplier,29.71,Turbochargers,2022-02-16,9785982.29,"4905 Diana Mission Suite 923, Port Dawnmouth, AS 07780",eric.miller@borgwarnerin.com
Costco Wholesale,COST,ServiceNow Inc,NOW,Service Provider,8.95,IT Service Management,2022-03-10,2825076.95,"9631 Gutierrez Bypass Suite 087, Christinaland, VI 19993",david.stevens@servicenowin.com
Lockheed Martin,LMT,Workday Inc,WDAY,Service Provider,6.48,HR Software,2023-07-01,8021423.47,"45561 Bridges Circles, Thomasville, UT 36469",gregory.gibson@workdayinc.com
Cisco Systems,CSCO,Oscorp Industries,OSCP,Service Provider,7.98,Consulting,2024-03-16,8770080.63,"02151 Alvarez Lakes Suite 463, Lake Mindy, RI 43754",caroline.pacheco@deloitte.com
Texas Instruments,TXN,Micron Technology,MU,Direct Supplier,3.25,DRAM Modules,2024-04-02,557029.16,,melinda.garcia@microntechno.com
Walt Disney Co,DIS,UPS Inc,UPS,Logistics Partner,2.5,Shipping,2023-12-05,2320768.5,"84980 Beard Dam, Samanthafort, AS 28492",peter.watson@upsinc.com
Starbucks Corp,SBUX,ServiceNow Inc,NOW,Service Provider,11.01,IT Service Management,2025-09-29,6835475.02,"547 Andrea Harbor, South Louisland, VI 80932",jessica.castillo@servicenowin.com
Eli Lilly,LLY,Catalent Inc,CTLT,Contract Manufacturer,12.9,Drug Delivery,2024-09-07,5280671.77,"84781 John Roads, Lake Cynthiashire, ME 80853",janet.wilson@catalentinc.com
Ford Motor Co,F,FedEx Corp,FDX,Logistics Partner,12.43,Freight,2025-07-27,3367978.19,"53807 Brenda Vista, Port Tiffany, FM 45754",brittney.moore@fedexcorp.com
Microsoft Corp,MSFT,Workday Inc,WDAY,Service Provider,pending,HR Software,2023-04-02,751717.33,"146 Kirk Groves Apt. 261, West James, FL 43171",elizabeth.smith@workdayinc.com
Qualcomm Inc,QCOM,SK Hynix,000660.KS,Direct Supplier,2.19,DRAM,2023-12-06,9031799.96,"81137 Joseph Summit, Katrinaburgh, WI 76296",felicia.miller@skhynix.com
NVIDIA Corp,NVDA,Deloitte,DLT,Service Provider,2.49,Consulting,2023-05-21,7462640.37,"740 Cynthia Village Suite 005, Lake Tina, GA 97655",cassandra.robbins@deloitte.com
Chevron Corp,CVX,FedEx Corp,FDX,Logistics Partner,19.46,Freight,2023-12-01,573949.95,,travis.brooks@fedexcorp.com
AMD Inc,AMD,Deloitte,DLT,Service Provider,4.36,Consulting,2022-10-16,6051427.48,"56257 Anderson Centers, East Alishastad, NH 99867",andrew.andrews@deloitte.com
Oracle Corp,ORCL,Akamai Technologies,AKAM,Service Provider,2.57,CDN,2024-02-28,6526351.17,,
FactSet Research,FDS,IBM Corp,IBM,Service Provider,10.84,IT Infrastructure,2025-01-08,8764200.89,"78101 John Divide, New Edwinbury, KS 13193",brian.gardner@ibmcorp.com
Walt Disney Co,DIS,IBM Corp,IBM,Service Provider,10.87,Cloud,2023-05-23,1097007.87,"0989 Alex Forge Apt. 912, Port Joycetown, FL 48320",david.schmidt@ibmcorp.com
Netflix Inc,NFLX,Iron Mountain,IRM,Service Provider,6.1,Records Management,2022-12-26,1335397.73,"91279 Natalie Place Apt. 172, Port Erikachester, NC 55640",james.heath@ironmountain.com
Microsoft Corp,MSFT,Akamai Technologies,AKAM,Service Provider,13.42,Edge Computing,2024-08-23,9076429.84,"053 Dana Plains Suite 843, East Oliviaville, CO 50836",kristin.duncan@akamaitechno.com
Nike Inc,NKE,Workday Inc,WDAY,Service Provider,6.66,HR Software,2025-08-19,3762648.62,"96417 Obrien Ways Suite 091, New Codybury, MN 76538",alexander.marquez@workdayinc.com
Broadcom Inc,AVGO,Sumco Corp,3436.T,Direct Supplier,32.07,Silicon Wafers,2022-10-19,760527.88,"596 Matthews Keys Suite 792, Samanthashire, CO 88595",mark.ellis@sumcocorp.com
Coca-Cola Co,KO,Deloitte,DLT,Service Provider,7.93,Consulting,2025-06-03,4373299.8,,
Costco Wholesale,COST,Accenture plc,ACN,Service Provider,12.89,IT Services,2023-06-14,9623412.88,"0294 Kevin Manors, Parkside, SC 82003",john.stewart@accentureplc.com
Chevron Corp,CVX,SAP SE,SAP,Service Provider,5.7,ERP,2023-08-05,4459446.25,"75367 Randolph Mount Suite 249, West Davidfurt, GU 72680",danielle.harris@sapse.com
Home Depot,HD,UPS Inc,UPS,Logistics Partner,16.43,Supply Chain,2022-12-26,2878574.03,,
Salesforce Inc,CRM,Cloudflare Inc,NET,Service Provider,4.86,Security,2025-06-16,223533.69,"175 Stephen Junctions, Lake Bethburgh, MS 60987",alexa.velazquez@cloudflarein.com
Costco Wholesale,COST,IBM Corp,IBM,Service Provider,5.41,Cloud,2024-11-15,7437866.53,,jennifer.nichols@ibmcorp.com
Procter & Gamble,PG,ServiceNow Inc,NOW,Service Provider,9.81,IT Service Management,2024-08-09,4549155.26,"0447 Church Views Apt. 405, Singletonmouth, AR 18165",laura.gross@servicenowin.com
Tesla Inc,TSLA,Panasonic Holdings,6752.T,Direct Supplier,10.43,Battery Cells,2024-10-12,2004670.46,,michael.sherman@panasonichol.com
FactSet Research,FDS,FedEx Corp,FDX,Logistics Partner,17.01,Express Delivery,2025-08-01,7637457.01,,
Starbucks Corp,SBUX,Iron Mountain,IRM,Service Provider,16.79,Data Storage,2023-12-05,867751.48,,
Goldman Sachs,GS,SS&C Technologies,SSNC,Service Provider,2.82,Fund Administration,2024-02-11,6452757.97,"536 Foster Estates, Claytonbury, KS 10883",katie.yates@ss&ctechnolo.com
Lockheed Martin,LMT,UPS Inc,UPS,Logistics Partner,4.04,Supply Chain,2025-09-28,9401225.43,,andrew.booker@upsinc.com
Cisco Systems,CSCO,Iron Mountain,IRM,Service Provider,14.24,Data Storage,2024-07-04,2311401.43,,
FactSet Research,FDS,DHL Express,DHL.DE,Logistics Partner,2.94,International Shipping,2023-02-01,2647928.75,"USCGC Vaughn, FPO AA 34381",shaun.paul@dhlexpress.com
Starbucks Corp,SBUX,DHL Express,DHL.DE,Logistics Partner,3.3,International Shipping,2024-04-11,4617027.57,"118 Patricia Via Suite 156, Paultown, DE 61147",robert.woodard@dhlexpress.com
Broadcom Inc,AVGO,,,Direct Supplier,7.14,Etch Systems,2025-07-23,6719116.88,"410 Danielle Mews, Morrisport, NY 38144",tyler.davis@appliedmater.com
Procter & Gamble,PG,FedEx Corp,FDX,Logistics Partner,347.26,Freight,2023-01-19,2150130.29,"641 Tiffany Alley, Jeremymouth, SC 41520",ashley.campbell@fedexcorp.com
JPMorgan Chase,JPM,Refinitiv,LSEG.L,Service Provider,14.14,Financial Data,2022-01-08,7313450.24,,
Home Depot,HD,IBM Corp,IBM,Service Provider,3.71,IT Infrastructure,2025-03-08,7367452.63,"903 Jared Crossing, Melodyhaven, OR 42791",mariah.hill@ibmcorp.com
Procter & Gamble,PG,Cyberdyne Systems,CYBD,Service Provider,13.17,IT Infrastructure,2023-11-22,4247074.05,"296 Anita Fort, East Kevin, WA 92444",wendy.brooks@ibmcorp.com
Salesforce Inc,CRM,DHL Express,DHL.DE,Logistics Partner,19.48,International Shipping,2024-02-05,4404795.07,"33248 Jimenez Loaf, Danielside, KY 79885",roger.villegas@dhlexpress.com
Merck & Co,MRK,Lonza Group,LONN.SW,Contract Manufacturer,,Drug Substance,2023-02-06,2962438.76,,
Merck & Co,MRK,IBM Corp,IBM,Service Provider,8.87,Cloud,2025-01-28,5957512.03,,
Coca-Cola Co,KO,SAP SE,SAP,Service Provider,4.13,ERP,2024-10-01,8937303.81,"Unit 2311 Box 4341, DPO AP 51107",tony.moyer@sapse.com
FactSet Research,FDS,Iron Mountain,IRM,Service Provider,15.37,Records Management,2025-08-11,9435089.34,"880 Woodward Bridge Suite 326, Lake Julieville, OK 32106",madeline.brooks@ironmountain.com
Microsoft Corp,MSFT,Amazon Web Services,AMZN,Service Provider,12.99,Cloud Infrastructure,2023-02-22,4305881.59,,toni.black@amazonwebser.com
Merck & Co,MRK,West Pharmaceutical,WST,Direct Supplier,6.13,Delivery Systems,2024-10-11,4434463.02,"67327 Jacob Drive Apt. 553, West Brent, CT 51927",mark.martinez@westpharmace.com
AMD Inc,AMD,Applied Materials,AMAT,Direct Supplier,14.19,Deposition Equipment,2022-05-01,2660499.39,,deborah.robertson@appliedmater.com
FactSet Research,FDS,DHL Express,DHL.DE,Logistics Partner,5.53,International Shipping,2023-07-20,2139831.35,"875 Robertson Divide, East Kendra, MN 71966",laura.taylor@dhlexpress.com
Starbucks Corp,SBUX,Iron Mountain,IRM,Service Provider,2.7,Records Management,2024-12-05,2990697.79,"7970 Burke Stravenue Apt. 770, Crystalstad, MA 28088",david.lewis@ironmountain.com
Ford Motor Co,F,,,Service Provider,16.55,Records Management,2024-02-06,1690105.14,,ann.nunez@ironmountain.com
Oracle Corp,ORCL,Snowflake Inc,SNOW,Service Provider,3.83,Data Warehousing,2023-04-29,8561729.42,"3934 Michael Lodge, Ethanside, NM 27723",jennifer.wilson@snowflakeinc.com
Broadcom Inc,AVGO,Accenture plc,ACN,Service Provider,19.04,IT Services,2022-10-13,7893239.79,"5449 Johnson Village, Stephenmouth, DC 49024",tanya.ferrell@accentureplc.com
AMD Inc,AMD,Entegris Inc,ENTG,Direct Supplier,15.31,Specialty Chemicals,2024-04-26,6387191.29,"138 Davis Trace, Thomasbury, IA 47143",brandon.villarreal@entegrisinc.com
Merck & Co,MRK,Avantor Inc,AVTR,Direct Supplier,33.93,Lab Chemicals,2023-03-17,5854273.91,"00543 King Ridges, Williamston, ND 23554",gina.schmitt@avantorinc.com
Texas Instruments,TXN,IBM Corp,IBM,Service Provider,16.17,Cloud,2024-10-25,2903855.63,"3472 Brianna Course, Wellston, GU 74477",karen.green@ibmcorp.com
Merck & Co,MRK,Lonza Group,LONN.SW,Contract Manufacturer,14.97,Biologics,2024-06-10,7526729.46,,karen.walker@lonzagroup.com
Texas Instruments,TXN,Amkor Technology,AMKR,Contract Manufacturer,10.57,IC Packaging,2023-11-26,8785072.68,"52169 Jared Walks, East Anthony, HI 98395",keith.hood@amkortechnol.com
Nike Inc,NKE,SAP SE,SAP,Service Provider,19.01,ERP,2025-06-10,6126976.43,"441 Kristi Cliff, West Dustinfort, WI 98631",mark.ross@sapse.com
Boeing Co,BA,Raytheon Technologies,RTX,Direct Supplier,19.7,Engines,2023-03-16,8564418.23,"649 Smith Crescent, Garzaview, UT 17303",keith.wright@raytheontech.com
Apple Inc,AAPL,LG Display,034220.KS,Direct Supplier,4.85,Display Panels,2025-03-07,9472146.98,"USCGC Salazar, FPO AP 66663",vanessa.larson@lgdisplay.com
Tesla Inc,TSLA,ServiceNow Inc,NOW,Service Provider,15.23,IT Service Management,2025-03-15,2003056.61,"USCGC Taylor, FPO AA 50104",carol.sullivan@servicenowin.com
Intel Corp,INTC,Amkor Technology,AMKR,Contract Manufacturer,32.43,IC Packaging,2025-06-28,5364530.11,"632 Peck Stravenue Suite 327, Jimenezport, NM 03538",john.davis@amkortechnol.com
Meta Platforms Inc,META,IBM Corp,IBM,Service Provider,9.83,Cloud,2022-06-10,5257400.11,"24276 Benson Mountains, Richardmouth, RI 09326",sarah.coleman@ibmcorp.com
NVIDIA Corp,NVDA,ASE Technology,ASX,Contract Manufacturer,19.2,Testing,2024-07-23,3374125.82,"2501 Robert Fort, Greentown, AS 51990",andrew.griffin@asetechnolog.com
Adobe Inc,ADBE,Iron Mountain,IRM,Service Provider,-54.41,Data Storage,2023-01-18,2532194.52,"43097 Martin Roads, Theresabury, NE 53609",lauren.wilkins@ironmountain.com
Ford Motor Co,F,Deloitte,DLT,Service Provider,5.6,Consulting,2025-04-09,4913838.27,"6930 Sandra Rue, North Terri, ID 34813",lauren.gonzalez@deloitte.com
Boeing Co,BA,Honeywell Intl,HON,Direct Supplier,15.36,APUs,2022-06-17,3780381.1,"PSC 5566, Box 1390, APO AP 83363",patrick.deleon@honeywellint.com
Nike Inc,NKE,Iron Mountain,IRM,Service Provider,19.12,Data Storage,2024-05-20,1762743.4,"6191 Judy Inlet, South Trevor, KS 80443",caitlyn.walton@ironmountain.com
Home Depot,HD,UPS Inc,UPS,Logistics Partner,1.02,Shipping,2025-05-19,661711.25,,
Eli Lilly,LLY,SAP SE,SAP,Service Provider,9.08,Business Software,2022-12-20,9460413.03,"600 Nicole Plaza Apt. 087, South Crystalhaven, FM 72774",ryan.campbell@sapse.com
Procter & Gamble,PG,Workday Inc,WDAY,Service Provider,2.72,HR Software,2025-11-06,3076939.08,"659 Morrow Points, North Jennifer, OR 81308",michael.barnes@workdayinc.com
Adobe Inc,ADBE,UPS Inc,UPS,Logistics Partner,13.6,Supply Chain,2024-09-01,2757527.38,,
General Motors,GM,Lear Corp,LEA,Direct Supplier,15.55,Seating,2025-09-09,8993039.46,,
Netflix Inc,NFLX,Deloitte,DLT,Service Provider,15.52,Consulting,2024-04-06,4602175.7,,
Alphabet Inc,GOOGL,ServiceNow Inc,NOW,Service Provider,19.8,IT Service Management,2022-01-17,6146251.57,,
Nike Inc,NKE,DHL Express,DHL.DE,Logistics Partner,7.64,International Shipping,2023-01-18,4637811.73,,jacob.wood@dhlexpress.com
Costco Wholesale,COST,Workday Inc,WDAY,Service Provider,15.86,HR Software,2024-05-23,6440812.3,"437 Harris Pines, Miguelfurt, NM 03358",nancy.lee@workdayinc.com
Boeing Co,BA,Raytheon Technologies,RTX,Direct Supplier,13.14,Engines,2023-03-06,3242759.68,"40868 Sandra Wall, New Elizabethberg, FL 78662",dale.duran@raytheontech.com
Merck & Co,MRK,DHL Express,DHL.DE,Logistics Partner,8.55,International Shipping,2022-11-08,5385488.33,"74062 Walter Tunnel Apt. 725, Jeffreytown, MN 91395",jason.weaver@dhlexpress.com
General Electric,GE,Deloitte,DLT,Service Provider,10.87,Audit,2024-04-19,7828788.26,,
Caterpillar Inc,CAT,Cummins Inc,CMI,Direct Supplier,17.19,Diesel Engines,2022-11-30,3915603.87,"333 Brianna Point Suite 515, East Matthewside, TN 38490",timothy.williams@cumminsinc.com
Cisco Systems,CSCO,DHL Express,DHL.DE,Logistics Partner,7.16,International Shipping,2023-03-12,9404852.32,,
Meta Platforms Inc,META,Iron Mountain,IRM,Service Provider,7.99,Records Management,2025-07-24,5849921.58,,
Eli Lilly,LLY,Danaher Corp,DHR,Direct Supplier,12.66,Bioprocessing,2024-12-20,4166428.84,"105 Daniel Points Suite 797, Jonchester, CO 77606",lori.mcmahon@danahercorp.com
Chevron Corp,CVX,Deloitte,DLT,Service Provider,17.43,Consulting,2023-05-17,713357.52,"Unit 4422 Box 5973, DPO AE 29124",samantha.walsh@deloitte.com
NVIDIA Corp,NVDA,Sumco Corp,3436.T,Direct Supplier,32.22,Silicon Wafers,2025-03-07,8769857.88,"53462 Bryant Terrace Apt. 079, North Amandahaven, KS 17862",robert.silva@sumcocorp.com
Lockheed Martin,LMT,General Dynamics,GD,Tier 2 Supplier,16.69,Combat Systems,2025-09-30,9529504.87,,elizabeth.diaz@generaldynam.com
Chevron Corp,CVX,ChampionX Corp,CHX,Direct Supplier,5.01,Artificial Lift,2025-09-05,540623.95,"5544 Anderson Neck, Lake Brettview, NC 80511",louis.landry@championxcor.com
PepsiCo Inc,PEP,Workday Inc,WDAY,Service Provider,5.9,Finance,2023-07-14,9815750.31,,
Cisco Systems,CSCO,Iron Mountain,IRM,Service Provider,16.88,Data Storage,2023-04-18,7845244.38,,
Merck & Co,MRK,FedEx Corp,FDX,Logistics Partner,13.07,Freight,2025-03-15,3517868.31,,sara.velazquez@fedexcorp.com
Merck & Co,MRK,UPS Inc,UPS,Logistics Partner,3.81,Shipping,2022-03-04,8690904.31,"2813 Martinez Tunnel, Andrewborough, LA 53224",cody.rivera@upsinc.com
Netflix Inc,NFLX,UPS Inc,UPS,Logistics Partner,9.57,Supply Chain,2024-04-08,4358599.09,"293 Amber Ridge, Garrisonview, AR 53044",stacey.schmidt@upsinc.com
General Motors,GM,Robert Bosch,BOSCH.DE,Direct Supplier,2.39,Fuel Injection,2022-10-17,7177463.47,,
Oracle Corp,ORCL,Amazon Web Services,AMZN,Service Provider,2.28,Compute,2025-02-16,6131611.01,"700 Virginia Parks, Estradahaven, AK 45684",carlos.ramirez@amazonwebser.com
Eli Lilly,LLY,Lonza Group,LONN.SW,Contract Manufacturer,20.73,Drug Substance,2024-01-26,4700688.1,"10276 Christopher Row, Daltonchester, RI 24067",eric.bright@lonzagroup.com
Netflix Inc,NFLX,UPS Inc,UPS,Logistics Partner,14.82,Shipping,2023-12-09,7442954.14,,
JPMorgan Chase,JPM,DHL Express,DHL.DE,Logistics Partner,17.84,International Shipping,2022-11-19,8296316.62,"4419 Hampton Vista Apt. 436, South Brandontown, UT 24101",kathleen.gallegos@dhlexpress.com
NVIDIA Corp,NVDA,Entegris Inc,ENTG,Direct Supplier,6.6,Specialty Chemicals,2024-12-03,867957.69,,jennifer.wright@entegrisinc.com
Eli Lilly,LLY,Workday Inc,WDAY,Service Provider,18.97,Finance,2022-05-26,2863108.81,,
Caterpillar Inc,CAT,Iron Mountain,IRM,Service Provider,13.65,Records Management,2022-02-15,8183362.52,,andrea.davidson@ironmountain.com
General Motors,GM,Magna International,MGA,Contract Manufacturer,17.23,Seating,2024-10-18,2145842.08,"9000 Diana Route Apt. 765, Port Katherine, LA 40990",connor.mejia@magnainterna.com
JPMorgan Chase,JPM,DHL Express,DHL.DE,Logistics Partner,15.94,International Shipping,2025-02-24,7427022.99,,
Oracle Corp,ORCL,ServiceNow Inc,NOW,Service Provider,9.28,IT Service Management,2022-08-07,3689845.71,,
Ford Motor Co,F,SAP SE,SAP,Service Provider,14.33,ERP,2025-09-19,5836990.39,"Unit 5145 Box 4983, DPO AA 60984",kathleen.silva@sapse.com
General Motors,GM,Aptiv PLC,APTV,Direct Supplier,9.81,Electrical Architecture,2025-02-01,542698.95,"631 Lane Dale, Hintonville, NC 90422",andrew.snyder@aptivplc.com
Starbucks Corp,SBUX,Wayne Enterprises,WAYN,Service Provider,16.51,Data Storage,2024-08-17,4800291.83,"7909 Marsh Mall Apt. 527, Carrside, AS 37443",melissa.robinson@ironmountain.com
Alphabet Inc,GOOGL,FedEx Corp,FDX,Logistics Partner,18.03,Freight,2022-05-14,7735378.7,"31356 Lisa Mills Apt. 278, Thomasport, ME 60301",donna.walton@fedexcorp.com
Apple Inc,AAPL,IBM Corp,IBM,Service Provider,10.81,IT Infrastructure,2025-09-13,5815563.56,,raymond.rodriguez@ibmcorp.com
Tesla Inc,TSLA,Albemarle Corp,ALB,Direct Supplier,24.67,Lithium,2022-12-23,6174373.41,"892 Watson Haven Suite 659, Port Crystalmouth, CA 43714",gerald.wright@albemarlecor.com
Apple Inc,AAPL,Foxconn,2317.TW,Contract Manufacturer,3.22,PCB Assembly,2022-12-18,6575219.67,"78844 Stephen Locks Suite 187, Natalieview, MH 54777",meghan.reid@foxconn.com
Amazon.com Inc,AMZN,Workday Inc,WDAY,Service Provider,,Finance,2025-01-06,571730.79,"0833 Brown Track, Monicaburgh, KS 36171",kevin.nguyen@workdayinc.com
Walt Disney Co,DIS,FedEx Corp,FDX,Logistics Partner,10.41,Express Delivery,2025-12-13,9666632.24,"43751 Graham Ridge, Jessicahaven, NE 47945",james.shaffer@fedexcorp.com
Ford Motor Co,F,FedEx Corp,FDX,Logistics Partner,6.36,Freight,2022-06-19,7620953.98,"896 Tracy Motorway Apt. 288, West Kimberly, IL 30710",krystal.tucker@fedexcorp.com
Texas Instruments,TXN,UPS Inc,UPS,Logistics Partner,12.93,Shipping,2025-09-16,9472898.28,"416 Crystal Tunnel, Maynardburgh, KY 01921",james.brooks@upsinc.com
Coca-Cola Co,KO,SAP SE,SAP,Service Provider,19.85,Business Software,2025-01-05,9161978.0,,
Oracle Corp,ORCL,Accenture plc,ACN,Service Provider,8.78,IT Services,2023-06-28,476394.29,,amanda.johnson@accentureplc.com
Broadcom Inc,AVGO,ServiceNow Inc,NOW,Service Provider,17.31,IT Service Management,2023-07-25,536676.21,"27025 Wright Cliffs Suite 391, Williamchester, KY 63742",craig.kerr@servicenowin.com
Boeing Co,BA,FedEx Corp,FDX,Logistics Partner,15.47,Freight,2022-07-29,1368444.69,"99384 Mark Center, Moniquehaven, OR 64593",heather.stewart@fedexcorp.com
PepsiCo Inc,PEP,SAP SE,SAP,Service Provider,6.25,Business Software,2025-12-29,4030654.17,,kim.villarreal@sapse.com
PepsiCo Inc,PEP,FedEx Corp,FDX,Logistics Partner,8.67,Freight,2022-05-24,5424280.73,"5795 Miller Locks, East Anne, VA 01776",sean.wallace@fedexcorp.com
Caterpillar Inc,CAT,IBM Corp,IBM,Service Provider,2.95,Cloud,2022-10-18,7027134.24,,megan.jones@ibmcorp.com
Eli Lilly,LLY,,,Service Provider,12.19,Cloud,2023-07-20,3127766.81,"798 Donna Causeway Apt. 656, Danafort, CT 11352",amanda.kennedy@ibmcorp.com
Merck & Co,MRK,Lonza Group,LONN.SW,Contract Manufacturer,18.5,Drug Substance,2023-02-22,3434916.06,"98554 Brown Rue Apt. 585, Port Steveport, SD 27124",aaron.finley@lonzagroup.com
AMD Inc,AMD,FedEx Corp,FDX,Logistics Partner,2.11,Express Delivery,2025-11-08,7821407.69,"1808 Allen Pike Apt. 684, Port Taylor, GA 26109",ana.sosa@fedexcorp.com
Intel Corp,INTC,Lam Research,LRCX,Direct Supplier,16.3,Deposition Systems,2023-02-28,8337267.13,"669 David Island Apt. 778, Davidside, SC 77543",nicole.jones@lamresearch.com
Broadcom Inc,AVGO,ASE Technology,ASX,Contract Manufacturer,14.66,Testing,2022-01-14,8065887.6,"0873 Brian Streets, North Eileenmouth, IL 50330",ryan.bates@asetechnolog.com
Coca-Cola Co,KO,DHL Express,DHL.DE,Logistics Partner,18.5,International Shipping,2024-05-21,7007592.86,"4513 Perez Throughway Suite 905, West Calvinbury, NM 19160",jane.rangel@dhlexpress.com
Adobe Inc,ADBE,,,Service Provider,4.37,Observability,2025-06-01,2694345.22,"1485 Francis Burgs, Johnsonfurt, KS 02776",john.delgado@datadoginc.com
AMD Inc,AMD,Samsung Electronics,005930.KS,Contract Manufacturer,17.12,Memory Chips,2022-11-13,5519601.49,,
Costco Wholesale,COST,FedEx Corp,FDX,Logistics Partner,15.08,Express Delivery,2023-04-23,9251917.33,"429 Courtney Shore Apt. 334, Melissaland, AL 97131",david.myers@fedexcorp.com
Qualcomm Inc,QCOM,ASE Technology,ASX,Contract Manufacturer,10.1,Testing,2023-05-15,605961.29,"7156 Walker Path Apt. 299, Port Lindaview, ND 85340",cindy.ford@asetechnolog.com
Tesla Inc,TSLA,SAP SE,SAP,Service Provider,4.8,Business Software,2024-06-24,2539288.94,,
General Electric,GE,Iron Mountain,IRM,Service Provider,11.93,Records Management,2024-12-14,1010524.01,"87768 Miller Mountains Suite 872, Martineztown, ME 22801",kathryn.coleman@ironmountain.com
Netflix Inc,NFLX,UPS Inc,UPS,Logistics Partner,17.01,Supply Chain,2023-03-12,5872333.71,"890 Reilly Freeway Apt. 723, Wilsonhaven, OR 04036",madeline.underwood@upsinc.com
Alphabet Inc,GOOGL,Accenture plc,ACN,Service Provider,7.05,Consulting,2023-10-17,6184203.83,,
General Electric,GE,IBM Corp,IBM,Service Provider,4.28,Cloud,2024-11-28,9654736.88,"31714 Andrews Island, Jonathanland, GA 74282",ryan.davis@ibmcorp.com
FactSet Research,FDS,SAP SE,SAP,Service Provider,17.19,Business Software,2025-11-24,515430.24,,alexis.english@sapse.com
Microsoft Corp,MSFT,Google Cloud,GOOGL,Service Provider,18.44,Cloud Infrastructure,2025-06-07,7625468.18,"609 Carter Rest, Michaelborough, SD 35464",alexander.avila@googlecloud.com
Starbucks Corp,SBUX,DHL Express,DHL.DE,Logistics Partner,14.21,International Shipping,2023-03-03,6256627.22,,tanya.alvarado@dhlexpress.com
General Motors,GM,Accenture plc,ACN,Service Provider,8.65,Consulting,2025-05-09,7076308.29,"4867 David Pine, South Carlosburgh, WA 64697",catherine.harris@accentureplc.com
Salesforce Inc,CRM,Initech Solutions,INIT,Service Provider,12.97,Consulting,2024-05-02,8329643.72,,
Ford Motor Co,F,FedEx Corp,FDX,Logistics Partner,5.49,Express Delivery,2024-07-02,7356897.42,,
Adobe Inc,ADBE,DHL Express,DHL.DE,Logistics Partner,7.08,International Shipping,2023-09-23,2704443.72,"246 Jones Station, South Matthew, IL 58055",jose.rodriguez@dhlexpress.com
Caterpillar Inc,CAT,UPS Inc,UPS,Logistics Partner,14.42,Supply Chain,2023-12-29,3152030.23,"23145 Ochoa Court Apt. 275, Port Thomastown, IA 36051",james.davis@upsinc.com
Coca-Cola Co,KO,SAP SE,SAP,Service Provider,,Business Software,2022-06-19,2171513.05,"7843 Ronald Glens, Robertbury, CA 08609",eric.swanson@sapse.com
Meta Platforms Inc,META,Iron Mountain,IRM,Service Provider,2.68,Records Management,2022-07-05,1865884.66,"337 Horn Forks Apt. 297, West Shelly, WA 41309",elizabeth.carroll@ironmountain.com
NVIDIA Corp,NVDA,ServiceNow Inc,NOW,Service Provider,11.08,IT Service Management,2022-02-04,2439072.03,,jason.jones@servicenowin.com
Merck & Co,MRK,West Pharmaceutical,WST,Direct Supplier,18.51,Drug Packaging,2022-04-07,6483793.99,,
Meta Platforms Inc,META,IBM Corp,IBM,Service Provider,unknown,Cloud,2022-02-11,7678889.56,"Unit 2759 Box 0826, DPO AP 94372",zachary.williams@ibmcorp.com
Goldman Sachs,GS,Fiserv Inc,FI,Service Provider,7.38,Payment Processing,2023-09-28,9678580.25,"6424 Aaron Via Apt. 547, Lake Sandrafort, ME 01698",timothy.perez@fiservinc.com
Procter & Gamble,PG,Iron Mountain,IRM,Service Provider,7.07,Data Storage,2024-07-31,1274927.01,,
NVIDIA Corp,NVDA,ServiceNow Inc,NOW,Service Provider,3.34,IT Service Management,2022-01-11,5748550.02,"057 Berry Pike Apt. 660, New Henry, SC 43618",emily.mckee@servicenowin.com
NVIDIA Corp,NVDA,,,Service Provider,19.92,Audit,2022-09-28,8827370.25,"102 Potts Loaf Apt. 588, Woodsberg, KS 01745",allison.graves@deloitte.com
Coca-Cola Co,KO,Deloitte,DLT,Service Provider,2.28,Consulting,2025-07-21,7897127.39,"8086 Neal Plaza Apt. 372, Port Rhondaview, IN 31861",matthew.gutierrez@deloitte.com
Procter & Gamble,PG,Accenture plc,ACN,Service Provider,13.21,Consulting,2022-10-17,5917023.42,,
NVIDIA Corp,NVDA,Iron Mountain,IRM,Service Provider,16.8,Data Storage,2022-01-25,4141925.23,"01265 Sweeney Roads, South Alexis, CO 73022",ashley.mosley@ironmountain.com
Apple Inc,AAPL,UPS Inc,UPS,Logistics Partner,4.1,Supply Chain,2025-02-19,6354335.67,,
Chevron Corp,CVX,FedEx Corp,FDX,Logistics Partner,18.92,Express Delivery,2022-02-18,6954997.61,"01915 Foley Tunnel Suite 078, Port Kelly, DE 55701",brenda.howard@fedexcorp.com
Caterpillar Inc,CAT,,,Direct Supplier,7.41,Power Management,2022-02-03,741068.44,"329 Davis Street, East Julie, PW 02699",nicole.murphy@eatoncorp.com
Intel Corp,INTC,TSMC,TSM,Contract Manufacturer,6.38,Advanced Packaging,2022-07-10,9651726.12,,michele.merritt@tsmc.com
Eli Lilly,LLY,Lonza Group,LONN.SW,Contract Manufacturer,16.22,Drug Substance,2022-05-18,6087068.23,"536 Crawford Fords Suite 463, Christopherport, MD 22621",ashley.wright@lonzagroup.com
General Electric,GE,UPS Inc,UPS,Logistics Partner,1.0,Supply Chain,2023-11-25,811907.17,,
Chevron Corp,CVX,Schlumberger,SLB,Service Provider,17.48,Reservoir Characterization,2023-03-04,3835144.82,"53941 Hill Land Suite 189, West Amber, NC 31831",heidi.camacho@schlumberger.com
Oracle Corp,ORCL,Iron Mountain,IRM,Service Provider,3.76,Data Storage,2023-10-22,7783097.36,,
Caterpillar Inc,CAT,ServiceNow Inc,NOW,Service Provider,6.48,IT Service Management,2024-06-23,7785674.23,,
Johnson & Johnson,JNJ,Charles River Labs,CRL,Service Provider,1.53,Preclinical Services,2025-01-10,5945410.84,"2632 Daniel Shoal, Johnsonmouth, AS 90120",matthew.hill@charlesriver.com
General Motors,GM,UPS Inc,UPS,Logistics Partner,high,Shipping,2022-01-09,5327125.26,"5886 Montgomery Extension, Dawnshire, PR 66180",anthony.lewis@upsinc.com
Alphabet Inc,GOOGL,IBM Corp,IBM,Service Provider,16.66,IT Infrastructure,2023-08-15,5039083.44,"78814 Mullins Station, Duanestad, AK 60513",julia.reed@ibmcorp.com
Intel Corp,INTC,Samsung Electronics,005930.KS,Contract Manufacturer,9.39,Memory Chips,2024-02-06,6085006.35,"60958 Robert Curve Suite 456, Wheelerbury, TX 81534",joshua.elliott@samsungelect.com
Amazon.com Inc,AMZN,Accenture plc,ACN,Service Provider,6.8,Consulting,2024-12-12,4344630.52,,jacob.skinner@accentureplc.com
Ford Motor Co,F,UPS Inc,UPS,Logistics Partner,9.68,Supply Chain,2024-04-16,7022922.36,,
General Electric,GE,SAP SE,SAP,Service Provider,11.26,ERP,2024-08-24,5680309.89,,
Broadcom Inc,AVGO,DHL Express,DHL.DE,Logistics Partner,6.39,International Shipping,2022-06-28,400162.29,"31432 Miller Mills, Lake Stevenville, FL 64683",jerry.hogan@dhlexpress.com
Nike Inc,NKE,Workday Inc,WDAY,Service Provider,12.8,Finance,2025-10-10,9456384.96,"9692 Alexander Creek Suite 296, West Jamie, UT 49123",jeffrey.gonzalez@workdayinc.com
Caterpillar Inc,CAT,Accenture plc,ACN,Service Provider,12.55,IT Services,2025-07-04,1322182.62,,mark.thomas@accentureplc.com
Microsoft Corp,MSFT,Iron Mountain,IRM,Service Provider,7.79,Data Storage,2022-03-16,5336121.92,"0344 Little Forges Apt. 465, Foleyhaven, LA 09028",robert.mendoza@ironmountain.com
Costco Wholesale,COST,Accenture plc,ACN,Service Provider,1.48,Consulting,2022-11-08,4864257.1,"Unit 3607 Box 2288, DPO AA 76290",lauren.smith@accentureplc.com
Amazon.com Inc,AMZN,IBM Corp,IBM,Service Provider,7.31,IT Infrastructure,2024-03-18,6868249.32,,seth.cantrell@ibmcorp.com
JPMorgan Chase,JPM,Deloitte,DLT,Service Provider,3.08,Audit,2022-07-19,7983061.4,,
Chevron Corp,CVX,DHL Express,DHL.DE,Logistics Partner,10.9,International Shipping,2024-04-29,8093148.41,,
Broadcom Inc,AVGO,ServiceNow Inc,NOW,Service Provider,16.97,IT Service Management,2024-02-18,9065801.37,,
Walt Disney Co,DIS,UPS Inc,UPS,Logistics Partner,2.57,Supply Chain,2025-11-07,5955175.39,"22766 Scott Street Suite 274, Tinaport, MA 82815",brandi.reid@upsinc.com
AMD Inc,AMD,Sumco Corp,3436.T,Direct Supplier,28.37,Silicon Wafers,2022-07-10,2977644.03,"304 Nunez Rapids, Port Charlesshire, VA 88509",deborah.nielsen@sumcocorp.com
PepsiCo Inc,PEP,Oscorp Industries,OSCP,Service Provider,13.54,Consulting,2025-11-04,5416954.24,"727 Shawn Flat Apt. 688, Port Danielfurt, MP 36020",daniel.mann@deloitte.com
Amazon.com Inc,AMZN,ServiceNow Inc,NOW,Service Provider,17.3,IT Service Management,2023-07-23,9834864.11,"8127 Jessica Park Suite 271, East Melissa, TX 37182",cassandra.goodman@servicenowin.com
Salesforce Inc,CRM,Equinix Inc,EQIX,Service Provider,5.33,Data Center Colocation,2023-05-01,7390591.27,"USNV Romero, FPO AA 24797",ashley.schaefer@equinixinc.com
Walt Disney Co,DIS,Iron Mountain,IRM,Service Provider,19.58,Data Storage,2025-10-03,8737778.46,"5409 Michael Camp, Wrightland, ND 12896",amy.white@ironmountain.com
Qualcomm Inc,QCOM,Applied Materials,AMAT,Direct Supplier,10.94,Etch Systems,2023-02-23,8037996.6,"20434 Scott Stream, West Kevin, CT 06187",juan.obrien@appliedmater.com
Starbucks Corp,SBUX,Iron Mountain,IRM,Service Provider,2.7,Records Management,2024-12-05,2990697.79,"7970 Burke Stravenue Apt. 770, Crystalstad, MA 28088",david.lewis@ironmountain.com
Merck & Co,MRK,SAP SE,SAP,Service Provider,1.77,ERP,2023-09-27,3334910.3,"737 Mark Turnpike Apt. 315, Nicholasbury, WV 78611",courtney.jordan@sapse.com
General Electric,GE,UPS Inc,UPS,Logistics Partner,16.8,Shipping,2024-06-27,445586.67,,kim.butler@upsinc.com
Chevron Corp,CVX,Baker Hughes,BKR,Direct Supplier,2.96,Turbomachinery,2024-01-23,8815840.5,"807 Brown Avenue Suite 545, North Michaelburgh, MO 46970",aaron.welch@bakerhughes.com
Ford Motor Co,F,Aptiv PLC,APTV,Direct Supplier,4.6,Connectors,2022-12-28,5960789.19,"Unit 0570 Box 3996, DPO AE 08421",jessica.davis@aptivplc.com
Tesla Inc,TSLA,Albemarle Corp,ALB,Direct Supplier,9.14,Battery Materials,2025-09-23,9406618.52,"9782 Shannon Valleys, Toniland, NY 85190",paula.cole@albemarlecor.com
Oracle Corp,ORCL,Amazon Web Services,AMZN,Service Provider,0.6,Cloud Infrastructure,2025-01-03,1279707.93,"744 Sullivan Street, New Jeanshire, GU 25393",richard.flores@amazonwebser.com
Alphabet Inc,GOOGL,IBM Corp,IBM,Service Provider,13.09,IT Infrastructure,2024-10-17,1858777.72,"628 Jessica Crest, Hendrickshaven, NM 73919",sarah.nicholson@ibmcorp.com
Lockheed Martin,LMT,Northrop Grumman,NOC,Tier 2 Supplier,N/A,Autonomous Systems,2022-12-29,8635840.04,"369 Donald Inlet, Lake Thomashaven, CO 81380",victor.butler@northropgrum.com
Broadcom Inc,AVGO,Micron Technology,MU,Direct Supplier,,NAND Storage,2024-06-13,8987863.82,,
Starbucks Corp,SBUX,Accenture plc,ACN,Service Provider,-25.38,IT Services,2022-02-17,9900725.35,"Unit 1956 Box 9320, DPO AA 96507",arthur.berry@accentureplc.com
Adobe Inc,ADBE,CrowdStrike,CRWD,Service Provider,2.63,Endpoint Security,,2141349.37,"51909 Stephen Village Suite 707, Sandovaltown, PR 89861",grant.murphy@crowdstrike.com
Amazon.com Inc,AMZN,Stark Industries,STRK,Service Provider,16.28,IT Infrastructure,2022-04-05,9543090.1,"6570 Rodriguez Circle Apt. 928, North Randy, NE 89617",terry.taylor@ibmcorp.com
Texas Instruments,TXN,SAP SE,SAP,Service Provider,14.9,Business Software,2025-04-27,8656831.85,"34140 Rojas Plain, South Crystaltown, OK 09959",carolyn.carlson@sapse.com
Johnson & Johnson,JNJ,Thermo Fisher,TMO,Direct Supplier,5.06,Reagents,2022-11-28,5116874.64,,
Adobe Inc,ADBE,ServiceNow Inc,NOW,Service Provider,14.19,IT Service Management,2022-09-14,7180731.63,"776 Lewis Shores Apt. 075, Lake Lisahaven, DC 25685",roger.larsen@servicenowin.com
AMD Inc,AMD,Deloitte,DLT,Service Provider,4.36,Consulting,2022-10-16,6051427.48,"56257 Anderson Centers, East Alishastad, NH 99867",andrew.andrews@deloitte.com
Coca-Cola Co,KO,,,Service Provider,212.45,Consulting,2024-10-04,9072592.31,"0200 Michael Flat Apt. 853, Lopezville, AL 42675",andrea.brown@deloitte.com
Procter & Gamble,PG,IBM Corp,IBM,Service Provider,17.72,IT Infrastructure,2023-12-01,8758593.0,"14812 Jones Point, Bradleyside, PA 86785",rebecca.ayala@ibmcorp.com
Texas Instruments,TXN,Tokyo Electron,8035.T,Direct Supplier,15.49,Coater/Developer,2023-03-13,3106643.37,"4230 Dennis Haven, Willistown, DE 64445",henry.bailey@tokyoelectro.com
Salesforce Inc,CRM,Snowflake Inc,SNOW,Service Provider,14.62,Data Warehousing,2024-03-03,3238029.27,"81996 Ramirez Mews Suite 781, Bakerburgh, AZ 41735",tara.johnson@snowflakeinc.com
FactSet Research,FDS,UPS Inc,UPS,Logistics Partner,9.88,Supply Chain,2023-12-13,7684767.22,"USNS Williams, FPO AE 62703",kyle.bender@upsinc.com
Eli Lilly,LLY,FedEx Corp,FDX,Logistics Partner,10.64,Freight,2023-05-14,9070831.59,"74823 Monique Camp Suite 154, Olsenshire, MI 02592",christy.andersen@fedexcorp.com
General Electric,GE,UPS Inc,UPS,Logistics Partner,11.78,Supply Chain,00-00-0000,6223197.73,,
Amazon.com Inc,AMZN,UPS Inc,UPS,Logistics Partner,14.21,Supply Chain,2024-05-30,7028310.99,"Unit 8219 Box 3868, DPO AE 63515",melissa.wilson@upsinc.com
Qualcomm Inc,QCOM,TSMC,TSM,Contract Manufacturer,2.53,Advanced Packaging,2022-01-15,1835157.92,"30423 David Mill, Howardberg, UT 14032",emily.fitzgerald@tsmc.com
FactSet Research,FDS,ServiceNow Inc,NOW,Service Provider,9.6,IT Service Management,2022-01-02,5081371.67,,michael.murphy@servicenowin.com
Cisco Systems,CSCO,UPS Inc,UPS,Logistics Partner,16.24,Shipping,2023-05-11,814973.31,,
Nike Inc,NKE,DHL Express,DHL.DE,Logistics Partner,10.06,International Shipping,2022-09-19,2627657.26,"PSC 9011, Box 3860, APO AA 63676",robert.anderson@dhlexpress.com
Chevron Corp,CVX,FedEx Corp,FDX,Logistics Partner,9.27,Freight,2022-06-09,64881.82,,
Adobe Inc,ADBE,Datadog Inc,DDOG,Service Provider,10.91,Observability,2023-01-11,4451490.86,"PSC 5805, Box 0141, APO AA 14835",angel.roberson@datadoginc.com
Cisco Systems,CSCO,DHL Express,DHL.DE,Logistics Partner,18.85,International Shipping,2022-10-24,6120099.17,,
Alphabet Inc,GOOGL,UPS Inc,UPS,Logistics Partner,3.71,Supply Chain,2022-09-03,298269.66,,wendy.smith@upsinc.com
Intel Corp,INTC,ASE Technology,ASX,Contract Manufacturer,9.95,Testing,2023-11-11,2129644.93,"255 Chambers Underpass, Karenview, GA 11647",deborah.brown@asetechnolog.com
Cisco Systems,CSCO,Workday Inc,WDAY,Service Provider,11.11,Finance,2024-06-22,6727684.22,"556 Lisa Street, Port Sarahshire, PA 45752",justin.anderson@workdayinc.com
Boeing Co,BA,SAP SE,SAP,Service Provider,12.0,Business Software,2022-09-30,8383228.88,"895 Daniel Crest, Lake Kathy, RI 76858",john.fitzgerald@sapse.com
Costco Wholesale,COST,SAP SE,SAP,Service Provider,13.2,Business Software,2025-07-08,1479298.78,"80980 Jose Road Apt. 362, Thomasview, WI 40102",maria.carr@sapse.com
Texas Instruments,TXN,Applied Materials,AMAT,Direct Supplier,6.87,Deposition Equipment,2023-10-17,4657991.25,"8980 Anthony Roads Suite 285, Stephanieborough, AZ 41659",barbara.yu@appliedmater.com
AMD Inc,AMD,Lam Research,LRCX,Direct Supplier,16.05,Deposition Systems,2024-09-24,6509343.64,"USS Thomas, FPO AE 98153",rodney.parks@lamresearch.com
Salesforce Inc,CRM,SAP SE,SAP,Service Provider,18.42,ERP,2023-02-08,1686591.67,"7641 Franklin Burg, Port Tanya, PW 72272",cynthia.kelly@sapse.com
Apple Inc,AAPL,Sony Semiconductor,6758.T,Direct Supplier,25.81,Image Sensors,2024-03-28,9951736.1,"USS Gates, FPO AP 50358",perry.carrillo@sonysemicond.com
Cisco Systems,CSCO,ServiceNow Inc,NOW,Service Provider,6.57,IT Service Management,2022-03-05,2109722.35,"0620 Robert Fields, West Kimberly, DE 34816",matthew.hooper@servicenowin.com
Johnson & Johnson,JNJ,ServiceNow Inc,NOW,Service Provider,14.05,IT Service Management,2022-06-07,2031274.65,"18672 Thomas Prairie, West Joshuastad, MT 56814",michael.lucas@servicenowin.com
Adobe Inc,ADBE,CrowdStrike,CRWD,Service Provider,9.98,Endpoint Security,2022-07-29,9393754.96,,
Starbucks Corp,SBUX,Accenture plc,ACN,Service Provider,13.5,Consulting,2024-06-04,60843.12,,
Ford Motor Co,F,Aptiv PLC,APTV,Direct Supplier,24.95,Connectors,2025-12-11,7709918.42,"363 Daniel Forest Suite 764, South Amandaville, MD 72032",david.roman@aptivplc.com
Eli Lilly,LLY,Danaher Corp,DHR,Direct Supplier,10.95,Bioprocessing,2024-10-12,2273272.29,,
Alphabet Inc,GOOGL,DHL Express,DHL.DE,Logistics Partner,3.63,International Shipping,2023-11-17,2424395.42,"0987 Charles Meadow Suite 731, East Samuel, MS 88968",rebecca.oliver@dhlexpress.com
Tesla Inc,TSLA,Denso Corp,6902.T,Tier 2 Supplier,15.98,Sensors,2022-02-25,4066972.43,,
Lockheed Martin,LMT,L3Harris Technologies,LHX,Direct Supplier,N/A,Communications,2024-05-17,3684413.06,"2989 Stephanie Manors Apt. 974, Jorgeborough, VA 03126",joseph.meyer@l3harristech.com
Procter & Gamble,PG,Workday Inc,WDAY,Service Provider,11.46,HR Software,2022-12-25,895774.37,,
Costco Wholesale,COST,Iron Mountain,IRM,Service Provider,8.33,Records Management,2025-06-23,9951249.19,"945 Jessica Point, Kathyshire, VT 90819",tara.raymond@ironmountain.com
Cisco Systems,CSCO,Iron Mountain,IRM,Service Provider,18.75,Data Storage,2024-03-20,9392286.12,"475 Boyer Walk, East Lucas, NY 66088",dennis.bailey@ironmountain.com
Walt Disney Co,DIS,UPS Inc,UPS,Logistics Partner,4.46,Shipping,2023-10-14,9214330.25,"431 Joshua River, Myersville, IN 96697",susan.robinson@upsinc.com
NVIDIA Corp,NVDA,SK Hynix,000660.KS,Direct Supplier,2.83,NAND Flash,2025-09-17,943563.61,"USCGC Bradford, FPO AA 36226",deborah.hale@skhynix.com
Texas Instruments,TXN,DHL Express,DHL.DE,Logistics Partner,3.06,International Shipping,2025-01-12,7698637.87,"Unit 1894 Box 8543, DPO AP 18962",jonathan.haynes@dhlexpress.com
Johnson & Johnson,JNJ,,,Direct Supplier,19.22,Biopharma Materials,2023-11-04,207952.43,"886 William Dale, Lake Mariatown, PW 53164",christopher.johns@avantorinc.com
Caterpillar Inc,CAT,Illinois Tool Works,ITW,Direct Supplier,25.28,Welding Equipment,2022-10-09,1136804.49,"Unit 1387 Box 5927, DPO AP 14568",rachel.medina@illinoistool.com
Cisco Systems,CSCO,ServiceNow Inc,NOW,Service Provider,8.95,IT Service Management,2024-11-06,690500.55,,
Qualcomm Inc,QCOM,Tokyo Electron,8035.T,Direct Supplier,3.4,Coater/Developer,2024-05-17,829766.8,"PSC 2176, Box 6191, APO AE 68297",vincent.kelly@tokyoelectro.com
AMD Inc,AMD,TSMC,TSM,Contract Manufacturer,15.02,Wafer Fabrication,2022-05-20,5006442.34,"35896 Jason Garden Apt. 058, Theresachester, CO 48567",tyler.gray@tsmc.com
Coca-Cola Co,KO,DHL Express,DHL.DE,Logistics Partner,9.09,International Shipping,2024-03-18,4818729.93,"236 Corey Overpass, East Randystad, SD 73065",brandon.lopez@dhlexpress.com
Walt Disney Co,DIS,SAP SE,SAP,Service Provider,9.57,ERP,2022-03-10,2984340.7,"74065 Brendan Dam, Natashahaven, TN 73999",alexis.williams@sapse.com
Qualcomm Inc,QCOM,Applied Materials,AMAT,Direct Supplier,2.51,Deposition Equipment,2025-01-29,4494009.66,"USCGC Howe, FPO AP 61061",richard.jones@appliedmater.com
JPMorgan Chase,JPM,Kyndryl Holdings,KD,Service Provider,13.65,Managed Services,2025-10-05,1274826.2,"4392 Renee Trail, Danielview, CA 79170",sally.kelley@kyndrylholdi.com
Goldman Sachs,GS,SAP SE,SAP,Service Provider,10.57,Business Software,2023-12-01,6963703.69,,
Salesforce Inc,CRM,Accenture plc,ACN,Service Provider,2.22,IT Services,2025-01-18,8813772.6,,
Walt Disney Co,DIS,IBM Corp,IBM,Service Provider,16.67,IT Infrastructure,2024-03-22,863346.79,"16028 Haynes Wells Suite 388, Cooperside, NM 41975",teresa.mitchell@ibmcorp.com
Netflix Inc,NFLX,FedEx Corp,FDX,Logistics Partner,7.4,Express Delivery,2024-09-10,8301229.31,,
Merck & Co,MRK,FedEx Corp,FDX,Logistics Partner,4.4,Freight,2025-12-30,3770093.28,"668 Emily Unions, South Derekberg, AL 62329",sean.morton@fedexcorp.com
Adobe Inc,ADBE,UPS Inc,UPS,Logistics Partner,6.61,Supply Chain,2022-04-08,5532393.58,"61094 Marquez Mews, Derrickborough, VT 13495",donna.mathews@upsinc.com
Lockheed Martin,LMT,Weyland-Yutani,WLND,Direct Supplier,17.6,Radar Systems,2023-10-29,6795397.73,"315 Julie Drive Apt. 270, Riverabury, KY 08943",tom.morrison@raytheontech.com
Merck & Co,MRK,Deloitte,DLT,Service Provider,2.56,Audit,2024-10-08,1201439.94,"3362 Oneal Roads, Greenmouth, AR 80401",nicholas.martin@deloitte.com
Merck & Co,MRK,Lonza Group,LONN.SW,Contract Manufacturer,15.38,Biologics,2024-12-23,1946238.26,"86604 Ryan Hill Suite 859, Anneburgh, FL 38537",nicole.simpson@lonzagroup.com
General Motors,GM,UPS Inc,UPS,Logistics Partner,1.62,Shipping,2025-02-14,6611139.72,"4471 Brittany Underpass, North Barbara, OK 06386",douglas.barnes@upsinc.com
Starbucks Corp,SBUX,DHL Express,DHL.DE,Logistics Partner,8.74,International Shipping,2023-03-11,2375787.2,"4697 Tony Creek Suite 111, Troymouth, DC 31942",traci.rodgers@dhlexpress.com
General Electric,GE,IBM Corp,IBM,Service Provider,14.75,Cloud,2023-03-24,9883855.36,"981 Lynn Crossroad Suite 920, New Markfurt, IA 13862",lisa.galloway@ibmcorp.com
General Motors,GM,FedEx Corp,FDX,Logistics Partner,18.05,Freight,,2220457.91,"5402 Santana Underpass, Jonesside, OR 22497",kimberly.ortiz@fedexcorp.com
Home Depot,HD,ServiceNow Inc,NOW,Service Provider,19.94,IT Service Management,2023-01-17,2590080.02,"Unit 9127 Box 8988, DPO AA 85504",andrea.jones@servicenowin.com
Tesla Inc,TSLA,DHL Express,DHL.DE,Logistics Partner,8.62,International Shipping,2023-10-24,7193344.23,,
Nike Inc,NKE,ServiceNow Inc,NOW,Service Provider,7.93,IT Service Management,2023-05-06,9874519.44,,
Merck & Co,MRK,Accenture plc,ACN,Service Provider,5.67,IT Services,2022-12-25,7116581.38,"86813 Sara Mountains Apt. 278, New Charlesstad, MH 27704",tracy.scott@accentureplc.com
Tesla Inc,TSLA,SAP SE,SAP,Service Provider,15.68,ERP,2024-10-27,4393478.2,"82446 Lisa Court, Leeberg, PA 64491",marissa.pierce@sapse.com
Adobe Inc,ADBE,Datadog Inc,DDOG,Service Provider,12.75,Monitoring,2025-03-14,7529679.29,"314 Cox Village Apt. 394, Michellestad, NY 94428",tony.williams@datadoginc.com
Oracle Corp,ORCL,Cloudflare Inc,NET,Service Provider,1.04,Security,2025-01-26,3519056.99,"6992 Martin Mountains Apt. 923, Deniseton, DC 31735",sandra.morris@cloudflarein.com
Home Depot,HD,Iron Mountain,IRM,Service Provider,4.0,Records Management,2025-08-21,3624632.58,"8510 Shane Ports Apt. 753, West Kevin, TN 94198",valerie.rodriguez@ironmountain.com
Tesla Inc,TSLA,Iron Mountain,IRM,Service Provider,18.29,Records Management,2025-12-29,9435061.38,,
Chevron Corp,CVX,ServiceNow Inc,NOW,Service Provider,1.22,IT Service Management,2024-06-07,3820613.19,,
Alphabet Inc,GOOGL,,,Service Provider,6.88,IT Service Management,2023-04-05,1543380.78,"85206 James Lodge Apt. 189, Foxborough, NV 19365",david.hamilton@servicenowin.com
FactSet Research,FDS,Workday Inc,WDAY,Service Provider,3.05,HR Software,2025-06-11,9550841.05,"9822 Parker Junctions Suite 508, North John, GU 73829",bruce.collins@workdayinc.com
Microsoft Corp,MSFT,Datadog Inc,DDOG,Service Provider,2.5,Monitoring,2024-13-45,8490977.91,"5871 Cruz Run Apt. 032, North Ryan, OH 93944",keith.hernandez@datadoginc.com
JPMorgan Chase,JPM,DHL Express,DHL.DE,Logistics Partner,18.43,International Shipping,2022-01-26,7876178.86,"71990 Zavala Mall, New Timothyberg, KY 95309",james.montoya@dhlexpress.com
Texas Instruments,TXN,Amkor Technology,AMKR,Contract Manufacturer,23.41,Test Services,2024-07-30,2590500.75,"159 Bush Meadows, New Pamela, GA 07520",matthew.barron@amkortechnol.com
Cisco Systems,CSCO,IBM Corp,IBM,Service Provider,4.01,IT Infrastructure,2022-06-04,1450532.3,"Unit 5444 Box 3283, DPO AE 79148",daniel.brown@ibmcorp.com
Lockheed Martin,LMT,,,Service Provider,8.73,Finance,2025-12-20,4349981.17,,
Meta Platforms Inc,META,Accenture plc,ACN,Service Provider,13.62,Consulting,2025-04-13,4863899.38,,
Salesforce Inc,CRM,Amazon Web Services,AMZN,Service Provider,2.11,Compute,2024-08-24,5317851.31,"Unit 5601 Box 2562, DPO AA 32655",margaret.newman@amazonwebser.com
Intel Corp,INTC,Workday Inc,WDAY,Service Provider,12.76,HR Software,2025-01-10,5100030.53,"19865 Brown Prairie Suite 440, Sanfordfurt, ID 90266",natalie.williams@workdayinc.com
Texas Instruments,TXN,Applied Materials,AMAT,Direct Supplier,5.81,Deposition Equipment,2023-12-28,718965.51,,
Apple Inc,AAPL,Accenture plc,ACN,Service Provider,2.21,IT Services,2025-04-12,5412868.77,"1181 Shaw Summit Suite 466, West Jessicafort, NV 56213",carol.cannon@accentureplc.com
Chevron Corp,CVX,Workday Inc,WDAY,Service Provider,3.79,Finance,2023-02-02,7486211.33,,
Microsoft Corp,MSFT,Deloitte,DLT,Service Provider,13.12,Consulting,2025-02-13,2217532.87,"643 Ronnie Summit, Juliehaven, MP 35494",david.hayes@deloitte.com
Merck & Co,MRK,Avantor Inc,AVTR,Direct Supplier,4.68,Lab Chemicals,2024-02-13,6405400.84,"Unit 1294 Box 5761, DPO AP 97289",sean.marshall@avantorinc.com
JPMorgan Chase,JPM,Broadridge Financial,BR,Service Provider,7.37,Investor Communications,2024-05-29,2756206.92,"2131 Howard Ridges, Davidland, MH 06182",justin.dorsey@broadridgefi.com
Cisco Systems,CSCO,,,Service Provider,2.28,Data Storage,2022-07-27,2726989.09,"USNS Brown, FPO AE 52461",monica.hayes@ironmountain.com
Adobe Inc,ADBE,SAP SE,SAP,Service Provider,1.87,ERP,2025-06-28,3018075.48,,
Johnson & Johnson,JNJ,Oscorp Industries,OSCP,Service Provider,16.81,HR Software,2023-02-02,3338622.58,"39204 Brian Streets, North Aprilchester, KS 64665",lindsey.rodriguez@workdayinc.com
Costco Wholesale,COST,,,Logistics Partner,18.15,Supply Chain,2023-06-06,7329964.6,,
Procter & Gamble,PG,Iron Mountain,IRM,Service Provider,17.19,Records Management,2025-03-05,9632495.65,"4931 Tiffany Heights, Bowersshire, WI 39540",susan.mckee@ironmountain.com
Meta Platforms Inc,META,Deloitte,DLT,Service Provider,16.47,Consulting,2023-07-05,7499864.22,"Unit 7711 Box 5062, DPO AP 77118",denise.moore@deloitte.com
General Electric,GE,UPS Inc,UPS,Logistics Partner,18.79,Shipping,2024-05-31,5740115.93,,sharon.horton@upsinc.com
Coca-Cola Co,KO,Workday Inc,WDAY,Service Provider,unknown,HR Software,2022-07-10,1188844.24,,
Intel Corp,INTC,FedEx Corp,FDX,Logistics Partner,9.37,Freight,2025-05-11,4296340.85,,
Boeing Co,BA,IBM Corp,IBM,Service Provider,7.63,IT Infrastructure,2023-01-05,5921557.96,"05941 Coleman Crest Apt. 775, New Andrea, WI 95540",dylan.black@ibmcorp.com
Boeing Co,BA,Safran SA,SAF.PA,Direct Supplier,14.59,Landing Gear,2024-03-07,3522212.19,,bryce.mitchell@safransa.com
Boeing Co,BA,Honeywell Intl,HON,Direct Supplier,18.04,APUs,2025-10-07,6591434.5,"29615 David Shoal, Staceystad, AL 65743",christopher.davis@honeywellint.com
Netflix Inc,NFLX,Deloitte,DLT,Service Provider,18.13,Consulting,2023-08-27,8433903.72,"3699 Luis Isle Suite 575, Heiditown, ND 36972",connor.holloway@deloitte.com
Intel Corp,INTC,TSMC,TSM,Contract Manufacturer,13.31,Advanced Packaging,2025-10-18,8010498.75,"21298 Joel Common, Hardyport, GA 95092",chad.lee@tsmc.com
Procter & Gamble,PG,IBM Corp,IBM,Service Provider,6.16,IT Infrastructure,2024-08-27,2447633.48,"67433 Yvette Knolls Suite 522, Port Brycechester, DE 81446",timothy.thompson@ibmcorp.com
Tesla Inc,TSLA,Nvidia Corp,NVDA,Direct Supplier,24.62,AI Compute,2024-11-12,4758202.55,"880 Walter River, New Nicholas, GA 24204",jeremy.taylor@nvidiacorp.com
General Motors,GM,,,Direct Supplier,17.22,Turbochargers,2023-05-06,184785.08,"60847 Angela Drive, East Dawn, KY 89502",gabriela.green@borgwarnerin.com
Tesla Inc,TSLA,Panasonic Holdings,6752.T,Direct Supplier,4.87,Battery Packs,2024-10-21,4665260.42,,alexa.johnson@panasonichol.com
Adobe Inc,ADBE,IBM Corp,IBM,Service Provider,5.59,IT Infrastructure,2025-04-29,4891995.9,"603 David Ramp, East Crystal, AZ 75509",timothy.mendoza@ibmcorp.com
Netflix Inc,NFLX,ServiceNow Inc,NOW,Service Provider,12.37,IT Service Management,2022-08-13,4965217.9,"3342 Carrie Court Suite 416, West Catherine, NH 60309",amy.sandoval@servicenowin.com
JPMorgan Chase,JPM,Bloomberg LP,BBG,Service Provider,10.74,Market Data,2024-04-22,654593.21,,
Adobe Inc,ADBE,Amazon Web Services,AMZN,Service Provider,2.65,Cloud Infrastructure,2023-07-20,7807745.15,"518 Ford Stream, Carlfurt, WI 25821",lawrence.gilmore@amazonwebser.com
General Electric,GE,IBM Corp,IBM,Service Provider,498.58,Cloud,2023-08-06,4570773.33,"025 Pacheco Prairie, Port Patriciamouth, MS 13260",michael.levine@ibmcorp.com
Intel Corp,INTC,SK Hynix,000660.KS,Direct Supplier,,NAND Flash,2025-05-20,5415895.56,"27102 Kennedy Neck, Port Andrew, UT 47999",holly.campbell@skhynix.com
Cisco Systems,CSCO,UPS Inc,UPS,Logistics Partner,2.88,Shipping,2025-05-30,7269293.68,"PSC 9245, Box 1679, APO AE 65192",daniel.lewis@upsinc.com
Caterpillar Inc,CAT,Accenture plc,ACN,Service Provider,13.7,IT Services,2024-08-07,7076929.8,"406 King Place, Matthewfort, MD 49198",john.smith@accentureplc.com
Texas Instruments,TXN,Applied Materials,AMAT,Direct Supplier,5.12,Deposition Equipment,2022-02-03,3943351.86,"07277 Allison Squares Apt. 769, Emilyside, NM 08390",aaron.conway@appliedmater.com
Meta Platforms Inc,META,FedEx Corp,FDX,Logistics Partner,9.64,Express Delivery,2022-12-14,9343856.91,"276 Beck Green, East Joshuaborough, WY 16802",megan.bennett@fedexcorp.com
FactSet Research,FDS,Workday Inc,WDAY,Service Provider,12.4,HR Software,2024-05-17,5618904.66,"64615 Joel Bypass, East Tylerberg, NH 48121",cassie.wallace@workdayinc.com
Caterpillar Inc,CAT,Eaton Corp,ETN,Direct Supplier,16.23,Electrical Components,2023-06-12,1109643.18,"1862 Russell Mill Suite 163, Port Anna, IL 70511",lisa.olsen@eatoncorp.com
Eli Lilly,LLY,Deloitte,DLT,Service Provider,10.24,Consulting,2022-04-03,3223656.44,"607 Adam Village Apt. 248, Port Kimberly, IN 85442",stephen.wilson@deloitte.com
Apple Inc,AAPL,Foxconn,2317.TW,Contract Manufacturer,2.5,PCB Assembly,2024-08-10,7769179.2,"0694 Sherman Tunnel Suite 541, South Kimberly, CT 15680",alan.nelson@foxconn.com
Adobe Inc,ADBE,Akamai Technologies,AKAM,Service Provider,6.84,CDN,2025-06-27,6155054.14,"3536 Eugene Forges, Jamesburgh, TN 74857",adam.carlson@akamaitechno.com
NVIDIA Corp,NVDA,UPS Inc,UPS,Logistics Partner,4.29,Shipping,2025-01-03,7647137.14,,jonathon.ramirez@upsinc.com
Apple Inc,AAPL,DHL Express,DHL.DE,Logistics Partner,15.03,International Shipping,2025-01-25,8791015.08,,
Home Depot,HD,Iron Mountain,IRM,Service Provider,13.79,Data Storage,2025-03-06,8173190.85,,david.berry@ironmountain.com
Chevron Corp,CVX,IBM Corp,IBM,Service Provider,4.26,IT Infrastructure,2025-06-06,9209183.45,"3018 Rhodes Corners, Leemouth, PA 79809",christopher.brown@ibmcorp.com
Oracle Corp,ORCL,Deloitte,DLT,Service Provider,8.56,Consulting,2025-05-29,929378.48,"73284 Joseph Pine, Howeburgh, OK 70590",roger.wright@deloitte.com
Salesforce Inc,CRM,Datadog Inc,DDOG,Service Provider,pending,Monitoring,2023-03-19,1496498.14,"2658 Morris Ford, North Kevinshire, NV 79047",emma.frazier@datadoginc.com
Home Depot,HD,ServiceNow Inc,NOW,Service Provider,5.96,IT Service Management,2023-09-05,8654202.82,,
Eli Lilly,LLY,Deloitte,DLT,Service Provider,3.8,Audit,2023-09-25,6053128.42,"98532 Harris Station Suite 792, Dakotafort, CO 21033",louis.hall@deloitte.com
Tesla Inc,TSLA,Workday Inc,WDAY,Service Provider,16.46,Finance,2022-10-31,328308.06,"21560 William Circles, New Amyborough, MA 41178",michael.rice@workdayinc.com
Salesforce Inc,CRM,DHL Express,DHL.DE,Logistics Partner,8.5,International Shipping,2022-01-09,5330891.04,"3493 Wright Mews, Lake Wendyhaven, NM 58556",amanda.bell@dhlexpress.com
General Electric,GE,Workday Inc,WDAY,Service Provider,10.49,Finance,2024-12-06,9472868.25,,
Starbucks Corp,SBUX,FedEx Corp,FDX,Logistics Partner,5.11,Express Delivery,2024/31/12,5193519.13,,
NVIDIA Corp,NVDA,ASE Technology,ASX,Contract Manufacturer,15.35,Testing,2023-04-24,707741.59,,
Home Depot,HD,Workday Inc,WDAY,Service Provider,12.89,HR Software,2024-03-03,8909500.76,"3211 Jennifer Motorway, Griffithville, ND 06835",james.fox@workdayinc.com
Procter & Gamble,PG,FedEx Corp,FDX,Logistics Partner,2.3,Freight,2025-01-28,6587374.92,"70505 Nicholas Glens Suite 819, Robertmouth, VT 20155",jennifer.harris@fedexcorp.com
Salesforce Inc,CRM,Palo Alto Networks,PANW,Service Provider,6.22,Network Security,2025-01-06,2922269.59,"78333 Karen Shoals Apt. 160, West Raven, WI 37248",wendy.archer@paloaltonetw.com
Texas Instruments,TXN,SAP SE,SAP,Service Provider,4.89,Business Software,2023-03-24,58442.32,,
Coca-Cola Co,KO,,,Logistics Partner,7.7,International Shipping,2025-07-29,9362895.37,"60539 Robin Plains Apt. 100, South Melissafort, ND 31493",christina.cunningham@dhlexpress.com
Ford Motor Co,F,Denso Corp,6902.T,Tier 2 Supplier,3.94,Engine Components,2023-06-11,7200051.83,"864 Heather Radial Apt. 569, Morrisville, AS 64511",amanda.johnson@densocorp.com
Meta Platforms Inc,META,SAP SE,SAP,Service Provider,15.8,Business Software,2025-11-15,316902.84,"60931 Omar Pine, Isabelbury, IN 44564",jerome.anderson@sapse.com
Johnson & Johnson,JNJ,Danaher Corp,DHR,Direct Supplier,2.07,Bioprocessing,2022-10-12,2035237.03,"6847 Dylan Turnpike, Brucechester, MA 18117",maria.cole@danahercorp.com
PepsiCo Inc,PEP,UPS Inc,UPS,Logistics Partner,2.43,Shipping,2024-07-30,3124450.56,,allison.howell@upsinc.com
Merck & Co,MRK,DHL Express,DHL.DE,Logistics Partner,4.51,International Shipping,2025-07-29,5373146.21,"182 Bass Greens, West Heatherstad, RI 43582",barry.moore@dhlexpress.com
Walt Disney Co,DIS,,,Service Provider,5.6,ERP,2023-06-30,7778880.39,"611 Jason Drives, Rodriguezbury, UT 22283",thomas.smith@sapse.com
Microsoft Corp,MSFT,Google Cloud,GOOGL,Service Provider,-60.53,Data Analytics,2024-09-08,2066851.38,"2199 Dixon Island Suite 525, Elizabethport, FL 34981",kathryn.rivera@googlecloud.com
Intel Corp,INTC,SK Hynix,000660.KS,Direct Supplier,8.91,NAND Flash,2022-07-18,6857768.19,,
Caterpillar Inc,CAT,Parker Hannifin,PH,Direct Supplier,pending,Pneumatics,2025-12-25,5923632.96,,
Amazon.com Inc,AMZN,,,Service Provider,11.68,ERP,2024-10-11,1407207.36,"96399 Gilbert Ranch Suite 038, Lukeport, MT 47987",katherine.allen@sapse.com
Adobe Inc,ADBE,SAP SE,SAP,Service Provider,15.48,ERP,2023-11-17,4953775.62,,
Amazon.com Inc,AMZN,Iron Mountain,IRM,Service Provider,1.19,Records Management,2024-05-17,8302013.49,"37098 Herman Forges Apt. 746, East Brandonton, ME 65070",emily.chambers@ironmountain.com
Microsoft Corp,MSFT,Iron Mountain,IRM,Service Provider,7.64,Data Storage,2022-06-08,5094032.5,"5903 Sharon Crossing, Lunamouth, PR 40259",kim.logan@ironmountain.com
Lockheed Martin,LMT,BAE Systems,BA.L,Direct Supplier,2.16,Platforms,2022-12-07,7066247.85,,jeffrey.henderson@baesystems.com
Netflix Inc,NFLX,DHL Express,DHL.DE,Logistics Partner,14.19,International Shipping,2024-02-12,5653527.61,"459 Nicole Centers, South Caleb, CA 18839",randall.nguyen@dhlexpress.com
JPMorgan Chase,JPM,Iron Mountain,IRM,Service Provider,15.97,Data Storage,2022-06-15,6223529.36,"1641 Ashlee Spring, Markview, AK 75156",charles.thompson@ironmountain.com
Merck & Co,MRK,SAP SE,SAP,Service Provider,low,Business Software,2024-07-09,5814702.8,,
Eli Lilly,LLY,Thermo Fisher,TMO,Direct Supplier,6.33,Lab Equipment,2022-03-05,3424566.56,"8446 Tracy Rue, Mclaughlinfort, IN 21677",michael.brandt@thermofisher.com
Apple Inc,AAPL,Foxconn,2317.TW,Contract Manufacturer,3.1,Device Assembly,2023-06-24,9720286.58,"299 Sullivan Village Apt. 443, Floydmouth, NH 58406",heidi.spencer@foxconn.com
Meta Platforms Inc,META,SAP SE,SAP,Service Provider,17.86,ERP,2025-07-26,8107901.71,"6970 Williams Knoll, Lake David, MH 12092",joseph.martin@sapse.com
PepsiCo Inc,PEP,Iron Mountain,IRM,Service Provider,7.92,Data Storage,2024-01-30,8038364.96,"79904 Lee Rapids, Port Brookeshire, PW 15104",lisa.harper@ironmountain.com
NVIDIA Corp,NVDA,Stark Industries,STRK,Service Provider,3.21,IT Services,2022-10-11,5119786.62,"28059 Russell Canyon, Michaelton, MH 47399",scott.thornton@accentureplc.com
Merck & Co,MRK,IQVIA Holdings,IQV,Service Provider,10.37,Clinical Trials,2024-10-10,570712.61,,
Johnson & Johnson,JNJ,Danaher Corp,DHR,Direct Supplier,16.37,Diagnostics,2022-05-23,8344587.22,,
Adobe Inc,ADBE,Datadog Inc,DDOG,Service Provider,4.45,Observability,2022-02-13,3639129.75,"PSC 6749, Box 0753, APO AA 13786",michael.rowland@datadoginc.com
Nike Inc,NKE,Deloitte,DLT,Service Provider,11.79,Consulting,2022-07-10,8137867.63,"080 Lisa Skyway Suite 712, Port Jennifermouth, VT 08470",joshua.harding@deloitte.com
Amazon.com Inc,AMZN,Workday Inc,WDAY,Service Provider,19.97,Finance,2025-10-29,8658579.87,"542 Williams Loop, New Karen, OK 86862",ryan.barnes@workdayinc.com
General Motors,GM,Magna International,MGA,Contract Manufacturer,24.85,Seating,2025-09-17,8751809.53,"1342 Karen View, Annashire, IL 76987",trevor.singleton@magnainterna.com
Adobe Inc,ADBE,Palo Alto Networks,PANW,Service Provider,7.57,Network Security,2024-01-08,5957736.47,,
Amazon.com Inc,AMZN,Iron Mountain,IRM,Service Provider,2.4,Records Management,2023-06-04,9105257.45,,
Broadcom Inc,AVGO,IBM Corp,IBM,Service Provider,4.38,Cloud,2022-03-12,8932242.67,"52854 Rodriguez Garden, Port Amyborough, PW 01504",jeffrey.stewart@ibmcorp.com
Intel Corp,INTC,Workday Inc,WDAY,Service Provider,19.07,Finance,2023-05-25,3715877.46,"76142 Nicholas Hill, North Carolyn, ND 97117",jamie.robinson@workdayinc.com
General Motors,GM,Soylent Corp,SOYL,Logistics Partner,2.57,Express Delivery,2022-03-05,7969014.85,"649 Jennifer Ways, East Tylerland, ME 88720",sheila.david@fedexcorp.com
Starbucks Corp,SBUX,Iron Mountain,IRM,Service Provider,16.46,Records Management,2023-06-27,7846388.53,,
Texas Instruments,TXN,UPS Inc,UPS,Logistics Partner,3.2,Supply Chain,2022-03-23,2360870.51,"Unit 1319 Box 1518, DPO AP 10273",ricky.young@upsinc.com
Caterpillar Inc,CAT,,,Direct Supplier,25.56,Hydraulics,2025-11-14,7064633.18,"44818 Katie Falls Apt. 928, Moniqueport, KY 90343",brian.ward@parkerhannif.com
Caterpillar Inc,CAT,FedEx Corp,FDX,Logistics Partner,15.27,Freight,2024-05-06,9009566.12,"PSC 1727, Box 2797, APO AE 95539",jesse.murphy@fedexcorp.com
Coca-Cola Co,KO,FedEx Corp,FDX,Logistics Partner,3.44,Freight,2025-09-06,5422861.61,"003 Kelly Pines Suite 865, Websterfort, LA 36956",heather.ruiz@fedexcorp.com
Qualcomm Inc,QCOM,ServiceNow Inc,NOW,Service Provider,4.46,IT Service Management,2022-12-26,8401350.18,"680 Andrea Run Suite 294, Mullinston, FL 86198",andrew.hall@servicenowin.com
Qualcomm Inc,QCOM,Workday Inc,WDAY,Service Provider,9.5,Finance,2022-09-26,3423256.05,"8111 Rodriguez Squares, Collierton, KY 81252",caitlin.lamb@workdayinc.com
Walt Disney Co,DIS,IBM Corp,IBM,Service Provider,14.42,Cloud,2022-12-30,5097920.84,"97978 Spears Branch Apt. 445, South Janetfurt, GA 80428",jenny.dillon@ibmcorp.com
PepsiCo Inc,PEP,Iron Mountain,IRM,Service Provider,7.19,Data Storage,2023-07-29,8174120.43,"3234 Meyers Shores, Mooreshire, ME 77504",veronica.anderson@ironmountain.com
Apple Inc,AAPL,,,Contract Manufacturer,19.62,Chip Fabrication,2024-04-05,4177300.02,"78668 Weaver Shore, Dustintown, IN 25048",ashley.gomez@tsmc.com
Johnson & Johnson,JNJ,Charles River Labs,CRL,Service Provider,4.47,Preclinical Services,2024-03-26,3178135.14,"41098 Jamie Keys, Josephport, OK 32590",luis.alexander@charlesriver.com
Microsoft Corp,MSFT,Akamai Technologies,AKAM,Service Provider,8.0,CDN,2022-05-26,3801717.05,,rebecca.white@akamaitechno.com
Boeing Co,BA,Safran SA,SAF.PA,Direct Supplier,16.94,Engine Components,2022-07-11,6859553.12,,
Lockheed Martin,LMT,General Dynamics,GD,Tier 2 Supplier,10.37,Combat Systems,2025-12-04,3129259.37,"27052 Melendez Shore Suite 945, Merrittfurt, ND 54985",haley.yoder@generaldynam.com
Goldman Sachs,GS,UPS Inc,UPS,Logistics Partner,13.87,Supply Chain,2024-03-19,5525641.7,"749 Thomas Loop, Alyssaland, AL 44869",thomas.meyer@upsinc.com
Chevron Corp,CVX,,,Service Provider,14.01,Business Software,2023-10-29,3755035.92,,kenneth.hughes@sapse.com
Chevron Corp,CVX,ChampionX Corp,CHX,Direct Supplier,11.7,Artificial Lift,2024-02-15,198715.74,,
Costco Wholesale,COST,ServiceNow Inc,NOW,Service Provider,17.26,IT Service Management,2022-09-09,475029.15,,amy.thompson@servicenowin.com
Lockheed Martin,LMT,,,Logistics Partner,1.53,Supply Chain,2025-03-09,5655478.79,"93306 Young Landing, Lake Miguel, NJ 41627",michele.stevenson@upsinc.com
Oracle Corp,ORCL,Akamai Technologies,AKAM,Service Provider,10.94,Edge Computing,2024-04-23,2430574.9,"7569 Cheryl Fork Apt. 102, South Felicialand, NJ 39630",maxwell.mcguire@akamaitechno.com
Boeing Co,BA,ServiceNow Inc,NOW,Service Provider,18.27,IT Service Management,2023-06-28,6238040.02,"625 Melissa Trace Apt. 732, Karaland, IN 79247",amy.wilson@servicenowin.com
Intel Corp,INTC,Micron Technology,MU,Direct Supplier,17.28,DRAM Modules,2022-10-19,6896069.22,"56418 Saunders Fields, Irwinport, NE 59329",pamela.osborne@microntechno.com
Boeing Co,BA,ServiceNow Inc,NOW,Service Provider,8.89,IT Service Management,2023-01-03,9004647.97,"6706 Richard Forges Apt. 863, North Carlosberg, FM 20364",jacqueline.stewart@servicenowin.com
Texas Instruments,TXN,Amkor Technology,AMKR,Contract Manufacturer,9.19,Test Services,2022-01-12,118143.46,,
Goldman Sachs,GS,Accenture plc,ACN,Service Provider,10.71,IT Services,2022-11-24,8356482.32,"13524 Miller Unions Suite 887, Alexanderstad, DE 27798",donald.herrera@accentureplc.com
Texas Instruments,TXN,SAP SE,SAP,Service Provider,7.34,ERP,2025-06-16,5405435.95,"42577 Carrillo Motorway, Kingmouth, TX 44944",douglas.nguyen@sapse.com
Meta Platforms Inc,META,Deloitte,DLT,Service Provider,11.29,Audit,2023-08-08,1483140.82,"723 Brock Causeway, New Nicolechester, CO 50857",james.gregory@deloitte.com
JPMorgan Chase,JPM,,,Service Provider,,Data Feeds,2023-11-05,2468579.76,"043 Thomas Land Suite 785, North Connie, OR 60373",vanessa.manning@factsetresea.com
Walt Disney Co,DIS,Deloitte,DLT,Service Provider,15.5,Audit,2024-12-19,8070923.71,"50294 Olivia Mills, New Renee, NJ 96732",tyler.green@deloitte.com
Intel Corp,INTC,Applied Materials,AMAT,Direct Supplier,18.21,Deposition Equipment,2024-10-06,3328682.19,,isaac.powell@appliedmater.com
General Motors,GM,,,Direct Supplier,9.59,Seating,2022-07-26,5959744.27,"081 William Pass Suite 617, Michaelshire, CO 66488",rebecca.skinner@learcorp.com
NVIDIA Corp,NVDA,SK Hynix,000660.KS,Direct Supplier,18.08,DRAM,2023-08-21,3945469.15,,
Chevron Corp,CVX,DHL Express,DHL.DE,Logistics Partner,15.82,International Shipping,2023-01-20,732961.14,"4601 Stephanie Tunnel, East Laurenbury, KS 66343",christopher.mcbride@dhlexpress.com
PepsiCo Inc,PEP,Deloitte,DLT,Service Provider,17.66,Audit,2025-12-15,1022722.56,,
Goldman Sachs,GS,Iron Mountain,IRM,Service Provider,5.33,Records Management,2022-02-03,90633.54,,
PepsiCo Inc,PEP,UPS Inc,UPS,Logistics Partner,12.56,Supply Chain,2022-07-29,6242733.29,,shane.reed@upsinc.com
Costco Wholesale,COST,ServiceNow Inc,NOW,Service Provider,14.07,IT Service Management,2025-09-19,8206644.79,"217 Cooper Road Apt. 984, East Teresaside, MS 43793",stephanie.walls@servicenowin.com
Adobe Inc,ADBE,DHL Express,DHL.DE,Logistics Partner,14.23,International Shipping,2025-01-30,4431448.98,"9144 Lewis Gardens Suite 520, Port Michaelville, KY 57567",emily.williams@dhlexpress.com
Goldman Sachs,GS,Bloomberg LP,BBG,Service Provider,10.1,Trading Systems,2022-09-08,6583073.32,"8613 Davis Glens, New Michaelside, AK 72292",april.alvarez@bloomberglp.com
Procter & Gamble,PG,UPS Inc,UPS,Logistics Partner,13.21,Supply Chain,2023-02-12,9004706.79,"296 Joseph Prairie, Port Nancyport, CA 56677",susan.peters@upsinc.com
Apple Inc,AAPL,Deloitte,DLT,Service Provider,19.8,Audit,2023-11-22,8214239.16,"4099 Warren Freeway Apt. 440, New Jenniferberg, GA 37404",ryan.ingram@deloitte.com
Johnson & Johnson,JNJ,Deloitte,DLT,Service Provider,18.02,Consulting,2025-03-20,6685532.93,"8717 Morris Green Suite 199, West Brendan, MN 84363",brett.brooks@deloitte.com
Microsoft Corp,MSFT,Amazon Web Services,AMZN,Service Provider,3.34,Cloud Infrastructure,2024-03-10,2688770.43,"9361 Deborah Grove, North Brian, WY 40820",justin.heath@amazonwebser.com
Boeing Co,BA,Deloitte,DLT,Service Provider,3.77,Consulting,2022-12-09,4375028.88,"92840 Campbell Key Suite 690, Valdezberg, VI 52602",james.murphy@deloitte.com
Walt Disney Co,DIS,Workday Inc,WDAY,Service Provider,2.39,Finance,2025-12-27,7547181.78,,
Chevron Corp,CVX,ChampionX Corp,CHX,Direct Supplier,19.69,Artificial Lift,2025-10-25,5655471.85,"1147 Rich Shoals, Benderberg, KY 99184",molly.harris@championxcor.com
NVIDIA Corp,NVDA,UPS Inc,UPS,Logistics Partner,6.75,Shipping,2023-02-13,9050121.46,"937 Nathan Road, North Sara, MP 71732",angela.taylor@upsinc.com
Cisco Systems,CSCO,SAP SE,SAP,Service Provider,4.36,ERP,2024-06-18,8677933.58,"0561 Rachel Port, Petersonside, AS 19800",debra.roach@sapse.com
FactSet Research,FDS,IBM Corp,IBM,Service Provider,7.06,IT Infrastructure,2025-02-14,9628310.84,,
Ford Motor Co,F,Continental AG,CON.DE,Direct Supplier,17.3,Brake Systems,2022-03-09,279383.22,"5137 Tanner Springs, Alyssaport, WA 86091",tracy.carlson@continentala.com
JPMorgan Chase,JPM,SS&C Technologies,SSNC,Service Provider,14.93,Fund Administration,2022-05-11,9066102.63,"4151 Torres Parkways Suite 621, Haleyside, IA 96807",ryan.mcbride@ss&ctechnolo.com
Merck & Co,MRK,Charles River Labs,CRL,Service Provider,15.87,Safety Testing,2023-04-29,4874939.21,"53912 Horne Passage, Morganfurt, AS 82040",cameron.morrison@charlesriver.com
Boeing Co,BA,IBM Corp,IBM,Service Provider,11.71,IT Infrastructure,2025-10-22,8765527.43,"90740 Perez Corners, Robertsonberg, SD 19963",stephanie.watson@ibmcorp.com
Boeing Co,BA,IBM Corp,IBM,Service Provider,16.91,IT Infrastructure,2025-10-11,59551.93,"850 Mccarthy Rapids, North Tinaberg, ND 18129",manuel.wells@ibmcorp.com
Caterpillar Inc,CAT,ServiceNow Inc,NOW,Service Provider,4.62,IT Service Management,2024-06-15,5399973.07,,
Johnson & Johnson,JNJ,SAP SE,SAP,Service Provider,5.93,ERP,2023-12-12,7892657.37,,christine.hamilton@sapse.com
JPMorgan Chase,JPM,ServiceNow Inc,NOW,Service Provider,475.53,IT Service Management,2024-04-27,3802461.03,"78049 Poole Dale, New Jaimeside, AS 25710",donna.combs@servicenowin.com
Cisco Systems,CSCO,IBM Corp,IBM,Service Provider,3.72,IT Infrastructure,2022-03-11,8362021.97,"0499 Barbara Mall Suite 819, Michaelfurt, VI 44592",joseph.burns@ibmcorp.com
Tesla Inc,TSLA,BorgWarner Inc,BWA,Direct Supplier,19.64,Power Electronics,2024-01-21,8336390.28,,
Texas Instruments,TXN,TSMC,TSM,Contract Manufacturer,6.22,Advanced Packaging,2022-06-09,9637060.2,"Unit 6240 Box 2384, DPO AP 19361",alexandra.wright@tsmc.com
Cisco Systems,CSCO,,,Service Provider,9.9,Finance,2022-05-19,7353929.12,"USNV Cox, FPO AE 06185",cory.moran@workdayinc.com
Chevron Corp,CVX,ChampionX Corp,CHX,Direct Supplier,12.19,Artificial Lift,2022-05-14,9870022.45,,jeffrey.davis@championxcor.com
Walt Disney Co,DIS,Iron Mountain,IRM,Service Provider,2.24,Data Storage,2022-09-20,7472435.71,"USNS Jones, FPO AP 12827",scott.rogers@ironmountain.com
Qualcomm Inc,QCOM,Deloitte,DLT,Service Provider,1.21,Audit,2024-05-03,4011643.63,,keith.davidson@deloitte.com
Tesla Inc,TSLA,DHL Express,DHL.DE,Logistics Partner,11.94,International Shipping,2022-08-29,9668959.54,"22307 Victoria Stream Suite 641, South Corey, IL 88253",michael.rice@dhlexpress.com
FactSet Research,FDS,FedEx Corp,FDX,Logistics Partner,12.2,Freight,2023-10-11,2175879.81,,
Adobe Inc,ADBE,Palo Alto Networks,PANW,Service Provider,9.54,Network Security,2023-12-15,8628886.27,"2437 Hernandez Haven Apt. 095, Wayneville, KY 93106",carolyn.walker@paloaltonetw.com
Ford Motor Co,F,BorgWarner Inc,BWA,Direct Supplier,5.89,Drivetrain,2022-07-27,1779308.34,,
Tesla Inc,TSLA,Panasonic Holdings,6752.T,Direct Supplier,19.4,Battery Cells,2024-04-23,4121321.84,,
Coca-Cola Co,KO,UPS Inc,UPS,Logistics Partner,8.81,Supply Chain,2023-07-28,8637687.63,"01435 Wood Unions, Port Randy, NJ 81251",roy.barrett@upsinc.com
Qualcomm Inc,QCOM,Iron Mountain,IRM,Service Provider,18.6,Data Storage,2024-09-29,8179800.91,"2508 Flores Stream, West Sara, OH 68338",james.mosley@ironmountain.com
Salesforce Inc,CRM,Cloudflare Inc,NET,Service Provider,3.7,CDN,2022-08-10,4928175.1,"94522 Page Trace, Annashire, OK 87946",jennifer.walls@cloudflarein.com
JPMorgan Chase,JPM,SAP SE,SAP,Service Provider,2.28,ERP,2023-03-24,4140413.52,"724 Benjamin Bypass, North Amy, TN 07006",philip.cook@sapse.com
AMD Inc,AMD,Entegris Inc,ENTG,Direct Supplier,10.54,Filtration,2024-03-07,1357605.82,"USNV Klein, FPO AA 05361",april.robinson@entegrisinc.com
Meta Platforms Inc,META,Iron Mountain,IRM,Service Provider,6.01,Records Management,2023-02-16,5619070.89,"Unit 8233 Box 2002, DPO AA 90162",christopher.archer@ironmountain.com
AMD Inc,AMD,Samsung Electronics,005930.KS,Contract Manufacturer,2.04,Foundry Services,2025-06-04,6280542.86,"856 Anderson Trace Suite 068, East Michelleshire, TN 26443",ana.davis@samsungelect.com
Ford Motor Co,F,Workday Inc,WDAY,Service Provider,4.49,HR Software,2023-06-11,7229859.89,"953 Samantha Mountain Apt. 476, Mcdanieltown, AR 57950",rachael.hawkins@workdayinc.com
Microsoft Corp,MSFT,Palo Alto Networks,PANW,Service Provider,3.88,Network Security,2024-08-06,833590.95,"04748 Marshall Hills Suite 989, Williamhaven, CA 61750",gabriel.perez@paloaltonetw.com
Lockheed Martin,LMT,L3Harris Technologies,LHX,Direct Supplier,8.36,Electronic Warfare,2024-03-20,3423028.93,"USCGC Mcfarland, FPO AP 63172",william.choi@l3harristech.com
Tesla Inc,TSLA,Denso Corp,6902.T,Tier 2 Supplier,7.25,Sensors,2023-01-25,2584488.94,"2975 Samuel Coves, South Brianna, NC 10809",jenna.butler@densocorp.com
Amazon.com Inc,AMZN,ServiceNow Inc,NOW,Service Provider,3.81,IT Service Management,2024-05-25,3727818.17,"47020 Austin Lane Suite 195, Port Evelyn, NM 34236",wayne.stone@servicenowin.com
Eli Lilly,LLY,Initech Solutions,INIT,Direct Supplier,10.29,Drug Packaging,2024-01-19,6742780.15,,
Salesforce Inc,CRM,Akamai Technologies,AKAM,Service Provider,8.85,Edge Computing,2025-02-11,5752189.27,"44463 Douglas Pines Suite 209, South Kevin, IA 90347",kelly.le@akamaitechno.com
Microsoft Corp,MSFT,SAP SE,SAP,Service Provider,7.08,Business Software,2025-09-27,982285.84,"07284 William Station Suite 800, Hamiltonshire, GA 91893",kathy.morton@sapse.com
NVIDIA Corp,NVDA,ServiceNow Inc,NOW,Service Provider,4.84,IT Service Management,2023-08-17,2979555.05,"PSC 3344, Box 1467, APO AP 50892",christopher.nelson@servicenowin.com
Microsoft Corp,MSFT,UPS Inc,UPS,Logistics Partner,,Shipping,2024-04-25,990119.41,"372 Harrison Loaf, Thomaschester, MH 99073",paul.hill@upsinc.com
PepsiCo Inc,PEP,UPS Inc,UPS,Logistics Partner,9.05,Supply Chain,2023-07-11,8168127.39,"99986 Ian Landing Apt. 527, North Rachelland, UT 07939",brandon.kelly@upsinc.com
Broadcom Inc,AVGO,Samsung Electronics,005930.KS,Contract Manufacturer,13.3,Memory Chips,2024-10-18,4149322.45,"665 Stokes Falls, Alejandroburgh, TN 74857",robert.tucker@samsungelect.com
Coca-Cola Co,KO,Accenture plc,ACN,Service Provider,1.82,IT Services,2023-12-28,2331905.79,"USS Moore, FPO AE 65769",brooke.smith@accentureplc.com
Boeing Co,BA,Workday Inc,WDAY,Service Provider,3.58,Finance,2023-07-23,9150931.17,,
Adobe Inc,ADBE,IBM Corp,IBM,Service Provider,5.7,Cloud,2022-03-10,2031839.77,"08385 Shane Isle Suite 595, Michealhaven, OR 16661",victoria.thomas@ibmcorp.com
Costco Wholesale,COST,Iron Mountain,IRM,Service Provider,16.63,Data Storage,2024-01-10,4570380.43,"5979 Hall Creek, South Bobby, RI 94428",derek.franklin@ironmountain.com
Merck & Co,MRK,ServiceNow Inc,NOW,Service Provider,1.35,IT Service Management,2023-07-24,3275841.1,,
Nike Inc,NKE,SAP SE,SAP,Service Provider,15.64,Business Software,2025-09-12,564901.22,"6972 Patrick Stream, New Deborahbury, WV 90450",jared.charles@sapse.com
NVIDIA Corp,NVDA,SK Hynix,000660.KS,Direct Supplier,4.46,DRAM,2023-10-05,7860089.05,"USCGC Brown, FPO AP 70952",jill.arnold@skhynix.com
Intel Corp,INTC,Workday Inc,WDAY,Service Provider,11.98,HR Software,2025-09-16,4926533.21,"80153 Stephen Villages, West Richard, AK 17448",roger.weber@workdayinc.com
Walt Disney Co,DIS,Accenture plc,ACN,Service Provider,10.41,IT Services,2023-06-17,6966966.62,,belinda.willis@accentureplc.com
General Electric,GE,Deloitte,DLT,Service Provider,14.57,Consulting,2022-04-08,4512507.38,,
Cisco Systems,CSCO,DHL Express,DHL.DE,Logistics Partner,1.83,International Shipping,2023-01-28,4211214.97,"895 John Lights, Dariusside, NH 53416",christopher.myers@dhlexpress.com
Salesforce Inc,CRM,CrowdStrike,CRWD,Service Provider,1.83,Endpoint Security,2023-06-26,546301.78,,
Alphabet Inc,GOOGL,SAP SE,SAP,Service Provider,1.71,ERP,2025-07-28,5018204.45,,
Amazon.com Inc,AMZN,Workday Inc,WDAY,Service Provider,2.03,Finance,2025-07-22,8536482.51,"Unit 8516 Box 0481, DPO AA 48812",jennifer.whitney@workdayinc.com
JPMorgan Chase,JPM,Kyndryl Holdings,KD,Service Provider,14.25,IT Infrastructure,2025-11-21,6799030.65,,scott.barnes@kyndrylholdi.com
Ford Motor Co,F,ZF Friedrichshafen,ZF.DE,Direct Supplier,6.61,Transmissions,2022-10-28,2594477.89,"PSC 2165, Box 3897, APO AP 28955",roberto.banks@zffriedrichs.com
Walt Disney Co,DIS,SAP SE,SAP,Service Provider,pending,ERP,2024-11-20,9245329.92,"84416 Emily Ramp, Lake Suzanne, AS 23946",gabriel.hansen@sapse.com
AMD Inc,AMD,IBM Corp,IBM,Service Provider,5.37,IT Infrastructure,2024-11-19,6452596.17,"077 Daniel Camp, Lopezland, IA 57641",stephanie.peters@ibmcorp.com
Johnson & Johnson,JNJ,Deloitte,DLT,Service Provider,3.06,Audit,2025-07-19,3373320.72,"21239 Woodward Coves, North Michelle, MT 78660",elizabeth.jones@deloitte.com
Eli Lilly,LLY,Avantor Inc,AVTR,Direct Supplier,12.16,Biopharma Materials,2025-12-22,1265695.18,"USS Collins, FPO AE 01304",tiffany.hunt@avantorinc.com
Nike Inc,NKE,ServiceNow Inc,NOW,Service Provider,8.57,IT Service Management,2023-01-17,6839270.33,"444 Henry Divide Apt. 740, Danielside, PR 61611",stephanie.schwartz@servicenowin.com
Texas Instruments,TXN,ASML Holding,ASML,Direct Supplier,14.45,EUV Lithography Equipment,2025-12-07,162938.5,"90018 Farrell Corner Apt. 279, Ochoaport, MA 63272",sarah.anderson@asmlholding.com
Chevron Corp,CVX,Halliburton Co,HAL,Service Provider,16.0,Production,2024-08-27,2173537.27,"3721 White Stream Suite 603, East Mario, ME 09998",corey.hernandez@halliburtonc.com
PepsiCo Inc,PEP,FedEx Corp,FDX,Logistics Partner,6.45,Express Delivery,2023-12-08,9726034.14,,
Goldman Sachs,GS,Broadridge Financial,BR,Service Provider,3.08,Trade Processing,2024-03-04,3330131.33,,
Costco Wholesale,COST,ServiceNow Inc,NOW,Service Provider,1.76,IT Service Management,2023-12-23,1734193.82,"412 Ashley Underpass Suite 818, East Stephanieside, OK 99803",rachel.morgan@servicenowin.com
Qualcomm Inc,QCOM,ASML Holding,ASML,Direct Supplier,3.17,EUV Lithography Equipment,2024-07-09,6359020.56,"127 Contreras Extension Apt. 102, South Patriciashire, ND 24407",jamie.wright@asmlholding.com
Microsoft Corp,MSFT,Datadog Inc,DDOG,Service Provider,18.39,Observability,2025-01-19,5569095.14,,
Salesforce Inc,CRM,Equinix Inc,EQIX,Service Provider,6.73,Data Center Colocation,2024-01-02,4636791.64,,
Lockheed Martin,LMT,Deloitte,DLT,Service Provider,16.43,Consulting,2024-11-14,547525.26,,chelsea.perez@deloitte.com
Salesforce Inc,CRM,Workday Inc,WDAY,Service Provider,19.56,HR Software,2022-08-13,5740276.26,,felicia.morrison@workdayinc.com
Nike Inc,NKE,Deloitte,DLT,Service Provider,436.52,Consulting,2023-04-05,6754417.63,,
Merck & Co,MRK,West Pharmaceutical,WST,Direct Supplier,1.6,Drug Packaging,2025-01-31,7415309.06,,
Johnson & Johnson,JNJ,Thermo Fisher,TMO,Direct Supplier,10.05,Lab Equipment,2023-12-26,2224733.03,"8586 Mary Throughway Suite 535, Philipport, NV 04278",edwin.smith@thermofisher.com
Adobe Inc,ADBE,ServiceNow Inc,NOW,Service Provider,17.92,IT Service Management,2023-10-04,5134056.64,"0762 Cline Underpass, Edwardsport, CT 97973",kristina.reyes@servicenowin.com
Walt Disney Co,DIS,Iron Mountain,IRM,Service Provider,-92.66,Data Storage,2022-05-13,4588044.05,,
Apple Inc,AAPL,Sony Semiconductor,6758.T,Direct Supplier,6.62,Camera Modules,2025-01-01,4675440.47,"5004 Margaret Junction Apt. 157, Deannaberg, MH 23748",clayton.wilson@sonysemicond.com
Caterpillar Inc,CAT,Eaton Corp,ETN,Direct Supplier,21.35,Power Management,2025-01-17,3827957.14,"7112 Timothy Inlet, Donmouth, FM 78836",christina.guerra@eatoncorp.com
Alphabet Inc,GOOGL,Accenture plc,ACN,Service Provider,7.31,IT Services,2022-11-11,3550360.34,"543 Espinoza Orchard, North Julie, OH 45439",lisa.hays@accentureplc.com
Eli Lilly,LLY,SAP SE,SAP,Service Provider,5.3,Business Software,2023-02-03,4574852.14,"0061 Marshall Drive, Garrettside, GA 78337",lori.smith@sapse.com
Home Depot,HD,Accenture plc,ACN,Service Provider,10.44,Consulting,2022-05-20,1442118.79,"0667 Hailey Rapids Apt. 283, Brendaville, KS 27410",stephen.garcia@accentureplc.com
FactSet Research,FDS,SAP SE,SAP,Service Provider,8.39,Business Software,2025-01-12,6451905.99,"59520 Hughes Bypass Apt. 679, Lake Andrewshire, NE 72262",christina.thompson@sapse.com
Ford Motor Co,F,Magna International,MGA,Contract Manufacturer,15.27,Seating,2024-07-03,7549878.69,"6513 Adams Heights Apt. 493, Allenberg, ID 04132",dylan.hernandez@magnainterna.com
Microsoft Corp,MSFT,Palo Alto Networks,PANW,Service Provider,16.99,Network Security,2022-04-30,1593899.27,"77685 Rogers Square Suite 442, South Tristan, AK 11829",mark.lambert@paloaltonetw.com
Goldman Sachs,GS,FactSet Research,FDS,Service Provider,11.54,Financial Analytics,2024-02-26,6624304.18,"74071 Padilla Vista Apt. 798, West Jeanetteshire, TX 48493",gina.green@factsetresea.com
FactSet Research,FDS,DHL Express,DHL.DE,Logistics Partner,15.06,International Shipping,2025-06-19,495057.75,,matthew.price@dhlexpress.com
Meta Platforms Inc,META,FedEx Corp,FDX,Logistics Partner,5.67,Freight,2022-01-06,4513270.56,,craig.osborne@fedexcorp.com
Intel Corp,INTC,UPS Inc,UPS,Logistics Partner,18.8,Supply Chain,2023-06-23,6549658.41,"Unit 7676 Box 6608, DPO AE 71323",suzanne.moore@upsinc.com
Lockheed Martin,LMT,Leidos Holdings,LDOS,Service Provider,10.81,Engineering,2025-09-22,4061572.19,"28638 Susan Brook, Adamberg, VT 17705",jessica.price@leidosholdin.com
Meta Platforms Inc,META,Deloitte,DLT,Service Provider,8.27,Audit,2022-08-03,1338549.7,"Unit 9801 Box 3376, DPO AE 80650",elizabeth.mcpherson@deloitte.com
Nike Inc,NKE,Iron Mountain,IRM,Service Provider,6.73,Records Management,2024-08-29,9896963.92,"77170 Antonio Loop Suite 094, East Jonfurt, AL 43749",ashlee.smith@ironmountain.com
NVIDIA Corp,NVDA,Deloitte,DLT,Service Provider,11.76,Consulting,2022-04-11,6910230.98,,
PepsiCo Inc,PEP,UPS Inc,UPS,Logistics Partner,14.52,Supply Chain,2023-11-28,631212.48,,
PepsiCo Inc,PEP,FedEx Corp,FDX,Logistics Partner,3.26,Freight,2024-10-15,7465127.7,"7029 Claudia Port Suite 604, Fritzfurt, PW 70964",julie.moreno@fedexcorp.com
Salesforce Inc,CRM,Deloitte,DLT,Service Provider,15.31,Audit,2025-06-07,122648.39,,
Adobe Inc,ADBE,ServiceNow Inc,NOW,Service Provider,9.7,IT Service Management,2022-10-05,3081347.06,"2924 Vincent Shoals, Matthewchester, NE 90385",robert.gonzales@servicenowin.com
Meta Platforms Inc,META,,,Service Provider,11.09,Consulting,2024-11-17,467538.13,"Unit 0040 Box 2342, DPO AE 25108",pamela.contreras@accentureplc.com
Amazon.com Inc,AMZN,UPS Inc,UPS,Logistics Partner,11.82,Supply Chain,2025-03-28,179829.8,"8719 Heidi Rest, Port Williambury, IN 68943",nicole.arias@upsinc.com
Apple Inc,AAPL,Workday Inc,WDAY,Service Provider,TBD,HR Software,2025-09-11,420855.08,,heather.vega@workdayinc.com
Oracle Corp,ORCL,DHL Express,DHL.DE,Logistics Partner,3.96,International Shipping,2023-04-20,7311628.45,"4160 James Falls Apt. 700, Christianton, HI 69585",glenn.roth@dhlexpress.com
Lockheed Martin,LMT,Workday Inc,WDAY,Service Provider,9.71,Finance,2025-04-12,9285257.13,,
Qualcomm Inc,QCOM,ASML Holding,ASML,Direct Supplier,10.66,EUV Lithography Equipment,2023-11-25,8018494.65,"70159 Wolfe Rest Apt. 945, Howardfort, MN 65997",bryan.cooper@asmlholding.com
FactSet Research,FDS,Workday Inc,WDAY,Service Provider,3.7,HR Software,2025-09-22,7317732.39,,daniel.garcia@workdayinc.com
Intel Corp,INTC,Iron Mountain,IRM,Service Provider,7.09,Data Storage,2024-04-15,1513419.92,,
Broadcom Inc,AVGO,Samsung Electronics,005930.KS,Contract Manufacturer,9.95,Memory Chips,2022-03-08,1378158.84,"58240 Powers Island Suite 651, North Richard, AK 87253",steven.nelson@samsungelect.com
NVIDIA Corp,NVDA,Soylent Corp,SOYL,Contract Manufacturer,14.37,IC Packaging,2025-10-04,2706429.33,"11656 Owens Stream Apt. 106, Laurenville, IA 25613",barbara.sanchez@amkortechnol.com
Caterpillar Inc,CAT,SAP SE,SAP,Service Provider,,ERP,2025-01-19,1832457.86,,eric.kidd@sapse.com
Broadcom Inc,AVGO,ASML Holding,ASML,Direct Supplier,15.86,EUV Lithography Equipment,2024-02-02,7504373.68,"92223 Rebecca Throughway, North Brian, NM 78419",peter.hester@asmlholding.com
Nike Inc,NKE,ServiceNow Inc,NOW,Service Provider,18.93,IT Service Management,2023-06-10,9555406.18,"75056 William Harbor Apt. 072, Jonesfurt, ID 27439",michael.spears@servicenowin.com
Adobe Inc,ADBE,FedEx Corp,FDX,Logistics Partner,6.79,Express Delivery,2024-04-13,4487523.44,"073 Hernandez Forks Apt. 977, Mitchellchester, NH 48024",caroline.farmer@fedexcorp.com
Netflix Inc,NFLX,ServiceNow Inc,NOW,Service Provider,7.7,IT Service Management,2023-05-25,2802493.14,"7353 Davis Villages Suite 391, Lake Jaybury, WA 92280",dennis.hughes@servicenowin.com
Merck & Co,MRK,FedEx Corp,FDX,Logistics Partner,7.46,Freight,2022-03-01,5733540.99,"22133 Kelly Fords, Gregoryport, LA 97113",kendra.brown@fedexcorp.com
Walt Disney Co,DIS,DHL Express,DHL.DE,Logistics Partner,3.33,International Shipping,2023-07-06,7538952.92,,alejandro.garcia@dhlexpress.com
Procter & Gamble,PG,SAP SE,SAP,Service Provider,18.85,ERP,2024-04-28,8872692.9,,
Home Depot,HD,IBM Corp,IBM,Service Provider,6.47,Cloud,2022-05-23,5281985.24,"4783 Sandra Crest, North Renee, GA 48447",diana.ortega@ibmcorp.com
Tesla Inc,TSLA,CATL,300750.SZ,Direct Supplier,31.07,Lithium-Ion Batteries,2023-06-19,1826749.77,"29014 Stanley Oval, Perryborough, WV 67655",kimberly.bradley@catl.com
Nike Inc,NKE,Iron Mountain,IRM,Service Provider,271.01,Data Storage,2025-04-08,6406757.65,,
General Motors,GM,Continental AG,CON.DE,Direct Supplier,19.08,Brake Systems,2024-09-19,1408520.41,"USNS Richardson, FPO AP 90440",david.schmidt@continentala.com
Netflix Inc,NFLX,UPS Inc,UPS,Logistics Partner,3.5,Supply Chain,2024-03-05,7562432.71,,tracy.rivera@upsinc.com
Coca-Cola Co,KO,Weyland-Yutani,WLND,Service Provider,9.54,IT Service Management,2025-12-19,8822332.4,"00444 Maxwell Vista Suite 305, Kempfort, MN 57360",rose.garza@servicenowin.com
Home Depot,HD,DHL Express,DHL.DE,Logistics Partner,8.64,International Shipping,2022-10-08,9354981.06,"137 Lowe Fords, Austinton, MP 45248",kathy.jimenez@dhlexpress.com
Costco Wholesale,COST,IBM Corp,IBM,Service Provider,17.01,IT Infrastructure,2022-04-16,1832543.62,,cynthia.mendoza@ibmcorp.com
Caterpillar Inc,CAT,Deloitte,DLT,Service Provider,9.72,Audit,2025-03-19,4508580.93,"7277 Amanda Extension Suite 460, Lake Tommystad, CO 27705",thomas.grant@deloitte.com
Lockheed Martin,LMT,Northrop Grumman,NOC,Tier 2 Supplier,7.78,Autonomous Systems,2023-05-09,5348235.57,"PSC 5312, Box 2526, APO AA 77369",debra.johnson@northropgrum.com
Amazon.com Inc,AMZN,,,Service Provider,16.62,IT Service Management,2025-12-21,630085.24,"179 Floyd Knolls Apt. 526, New Sierra, VA 02890",matthew.mason@servicenowin.com
FactSet Research,FDS,IBM Corp,IBM,Service Provider,2.2,Cloud,2023-07-15,1455306.19,"78931 Franklin Drives Suite 284, Suzanneport, VI 07502",zachary.fletcher@ibmcorp.com
Procter & Gamble,PG,DHL Express,DHL.DE,Logistics Partner,7.64,International Shipping,2023-03-08,6948530.11,"PSC 7025, Box 4496, APO AA 43340",sean.rodriguez@dhlexpress.com
Caterpillar Inc,CAT,Iron Mountain,IRM,Service Provider,11.97,Data Storage,2023-07-05,6296737.57,"02932 Anna Vista Apt. 118, Michaelside, GA 55951",heather.smith@ironmountain.com
AMD Inc,AMD,Accenture plc,ACN,Service Provider,6.43,Consulting,2024-07-29,5395527.18,"0848 Freeman Creek Suite 249, Mariafurt, IA 34068",kelly.miller@accentureplc.com
FactSet Research,FDS,UPS Inc,UPS,Logistics Partner,11.74,Supply Chain,2025-06-16,1905391.19,"PSC 4056, Box 8459, APO AE 91466",kristina.rogers@upsinc.com
Home Depot,HD,Accenture plc,ACN,Service Provider,8.63,IT Services,2023-09-04,7314626.9,,
Ford Motor Co,F,Magna International,MGA,Contract Manufacturer,5.07,Body Assemblies,2022-04-15,5179933.91,"25750 Jones Estates, Longbury, UT 49450",jamie.bartlett@magnainterna.com
Qualcomm Inc,QCOM,Deloitte,DLT,Service Provider,12.15,Audit,2022-02-26,2450338.6,,thomas.mason@deloitte.com
Costco Wholesale,COST,Workday Inc,WDAY,Service Provider,3.66,Finance,2024-10-01,6966259.87,"25853 Lester Manor, Amandaland, MI 28031",tara.sellers@workdayinc.com
General Motors,GM,Denso Corp,6902.T,Tier 2 Supplier,11.93,HVAC Systems,2023-02-09,7551810.91,,
Merck & Co,MRK,IQVIA Holdings,IQV,Service Provider,18.79,Clinical Trials,2023-07-31,9452515.46,,
Salesforce Inc,CRM,Accenture plc,ACN,Service Provider,14.27,IT Services,2022-06-20,6841749.91,"800 Wood Trail Suite 751, North William, WV 29778",christopher.flores@accentureplc.com
General Motors,GM,Workday Inc,WDAY,Service Provider,pending,Finance,2024-07-18,8636975.72,,christopher.lopez@workdayinc.com
PepsiCo Inc,PEP,Deloitte,DLT,Service Provider,6.8,Consulting,2025-09-20,9612259.36,,
Chevron Corp,CVX,Baker Hughes,BKR,Direct Supplier,low,Turbomachinery,2025-12-20,5922022.53,"2116 Tonya Bypass, Gatesmouth, PA 12145",heather.cox@bakerhughes.com
Coca-Cola Co,KO,Globex Industries,GLBX,Logistics Partner,150.99,International Shipping,2023-10-17,3496344.83,"31896 Lopez Village, East Cindytown, MH 32598",brittney.thompson@dhlexpress.com
AMD Inc,AMD,ServiceNow Inc,NOW,Service Provider,15.75,IT Service Management,2024-04-14,6757346.01,"3420 Kerry Squares Apt. 242, Grahamfort, KY 20017",cory.avila@servicenowin.com
Netflix Inc,NFLX,DHL Express,DHL.DE,Logistics Partner,4.97,International Shipping,2025-06-09,5960150.07,"242 Heather Loop, Jeffreybury, UT 22346",tara.mitchell@dhlexpress.com
Chevron Corp,CVX,DHL Express,DHL.DE,Logistics Partner,7.42,International Shipping,2025-09-24,4018886.45,"Unit 5878 Box 9891, DPO AA 96012",kayla.martin@dhlexpress.com
Eli Lilly,LLY,Avantor Inc,AVTR,Direct Supplier,,Biopharma Materials,2025-02-02,2780787.78,"454 Lang Glens Suite 739, New Matthew, UT 24083",connor.schmidt@avantorinc.com
Salesforce Inc,CRM,,,Service Provider,8.08,Data Center Colocation,2024-03-31,1324682.92,,judy.wilson@equinixinc.com
Netflix Inc,NFLX,DHL Express,DHL.DE,Logistics Partner,6.89,International Shipping,2022-09-10,6733903.81,"636 Jones Falls, Port Robert, NV 18281",emily.mendoza@dhlexpress.com
Amazon.com Inc,AMZN,UPS Inc,UPS,Logistics Partner,12.94,Supply Chain,2024-10-23,7682744.51,"29390 Gordon Stravenue, Kevinbury, LA 93333",kimberly.morales@upsinc.com
Costco Wholesale,COST,Workday Inc,WDAY,Service Provider,18.58,Finance,2022-07-22,7909580.24,,cynthia.grant@workdayinc.com
Home Depot,HD,Workday Inc,WDAY,Service Provider,17.01,HR Software,2023-12-09,9889540.84,"USNV Sutton, FPO AA 27069",jacob.russo@workdayinc.com
General Motors,GM,Robert Bosch,BOSCH.DE,Direct Supplier,2.05,Fuel Injection,2024-06-15,7604929.39,,
Tesla Inc,TSLA,DHL Express,DHL.DE,Logistics Partner,7.98,International Shipping,2023-07-18,3942332.74,"89964 Pham Route, West Sarah, ME 30935",randall.burgess@dhlexpress.com
Eli Lilly,LLY,DHL Express,DHL.DE,Logistics Partner,16.76,International Shipping,2025-01-13,1759372.59,,jessica.king@dhlexpress.com
Procter & Gamble,PG,FedEx Corp,FDX,Logistics Partner,6.41,Express Delivery,2024-02-11,2931771.79,,
Intel Corp,INTC,SK Hynix,000660.KS,Direct Supplier,8.46,NAND Flash,2023-03-27,7956054.16,"6630 Patrick Fort, Espinozahaven, MO 44118",laura.fischer@skhynix.com
Apple Inc,AAPL,Accenture plc,ACN,Service Provider,14.01,Consulting,2022-05-29,3237763.23,"726 Hampton Shoal, Lake Jose, AZ 41443",brian.martin@accentureplc.com
Merck & Co,MRK,SAP SE,SAP,Service Provider,,Business Software,2022-11-21,5698017.3,"586 Coleman Bridge, Lewisport, TX 61843",teresa.hamilton@sapse.com
Texas Instruments,TXN,Accenture plc,ACN,Service Provider,17.76,IT Services,2024-01-24,7413055.47,"17171 Stewart Streets, Brandonville, PA 87778",brian.dunn@accentureplc.com
Walt Disney Co,DIS,Deloitte,DLT,Service Provider,18.84,Audit,2024-05-09,4894136.38,"USNS Price, FPO AA 38257",christopher.ruiz@deloitte.com
Cisco Systems,CSCO,FedEx Corp,FDX,Logistics Partner,5.75,Express Delivery,2025-11-17,6503335.48,"4902 Williams Way Suite 480, South Joshuaton, IA 59711",jeffery.jones@fedexcorp.com
Meta Platforms Inc,META,,,Service Provider,16.99,ERP,2024-12-02,2343832.47,"45971 Cox Springs Suite 932, Owensville, DE 89799",brian.hicks@sapse.com
Meta Platforms Inc,META,ServiceNow Inc,NOW,Service Provider,4.47,IT Service Management,2024-03-31,4032489.75,"376 Mccarthy Track Apt. 625, South Kerri, MH 37619",adam.moore@servicenowin.com
Lockheed Martin,LMT,L3Harris Technologies,LHX,Direct Supplier,6.92,Electronic Warfare,2023-06-04,3804948.75,,
Meta Platforms Inc,META,ServiceNow Inc,NOW,Service Provider,2.79,IT Service Management,2023-04-12,2268089.29,"49368 Chelsea Shoals Suite 024, Sandrastad, AL 24278",diane.walker@servicenowin.com
AMD Inc,AMD,Applied Materials,AMAT,Direct Supplier,14.11,Deposition Equipment,2024-05-27,6632137.34,"549 Gregory Walks, Wilcoxhaven, MD 11869",jessica.wong@appliedmater.com
AMD Inc,AMD,Micron Technology,MU,Direct Supplier,18.87,NAND Storage,2025-12-06,7509910.38,"98471 Greene Mall, New Christopherberg, WI 84570",stacy.hicks@microntechno.com
FactSet Research,FDS,IBM Corp,IBM,Service Provider,8.94,IT Infrastructure,2022-04-01,448583.86,"3236 Miller Keys, South Randyton, OH 60678",hayley.clayton@ibmcorp.com
Broadcom Inc,AVGO,,,Service Provider,11.55,Cloud,2025-05-01,4469185.81,"58019 Lambert Wall Suite 570, South Travis, OH 50494",kevin.grant@ibmcorp.com
General Electric,GE,SAP SE,SAP,Service Provider,7.81,ERP,2023-05-05,6494019.97,"Unit 3222 Box 8019, DPO AA 33761",jose.thomas@sapse.com
Lockheed Martin,LMT,Acme Widget Corp,ACME,Logistics Partner,8.25,Supply Chain,2025-01-21,2151599.94,"1771 Isabel Ranch Apt. 880, Murrayside, FL 13201",heidi.hill@upsinc.com
Chevron Corp,CVX,Accenture plc,ACN,Service Provider,2.54,Consulting,2023-01-31,8152421.83,"079 Butler Garden, North Brandonberg, NM 48289",robert.sullivan@accentureplc.com
Intel Corp,INTC,Micron Technology,MU,Direct Supplier,3.01,DRAM Modules,2023-10-25,1777534.5,"PSC 9214, Box 9679, APO AE 33550",jennifer.howard@microntechno.com
Goldman Sachs,GS,FIS Global,FIS,Service Provider,9.2,Core Banking Platform,2025-04-23,3972969.82,"54472 Martinez Court, Stewartton, VI 25830",angela.davis@fisglobal.com
Procter & Gamble,PG,Umbrella Corp,UMBR,Logistics Partner,14.91,Express Delivery,2022-01-22,9914276.54,,
Procter & Gamble,PG,Workday Inc,WDAY,Service Provider,6.38,Finance,2025-02-25,6079952.3,"5870 Sanchez Trail Suite 983, Kevinchester, PA 91007",zachary.allen@workdayinc.com
Adobe Inc,ADBE,CrowdStrike,CRWD,Service Provider,2.14,Endpoint Security,2025-01-22,3139518.56,,
Alphabet Inc,GOOGL,FedEx Corp,FDX,Logistics Partner,5.9,Express Delivery,2023-07-20,2632430.99,"30299 James Forges Apt. 923, Melissafurt, MI 35200",christine.harrington@fedexcorp.com
Salesforce Inc,CRM,Cloudflare Inc,NET,Service Provider,13.07,Security,2025-04-28,3002358.98,"1741 Sutton Orchard, Gatesfurt, FM 25233",carolyn.parker@cloudflarein.com
Goldman Sachs,GS,UPS Inc,UPS,Logistics Partner,2.63,Shipping,2023-11-16,8614703.06,,thomas.benson@upsinc.com
Home Depot,HD,Globex Industries,GLBX,Logistics Partner,16.48,International Shipping,2024-12-18,7494735.94,,
Apple Inc,AAPL,Qualcomm Inc,QCOM,Direct Supplier,5.66,Modem Chips,2025-12-16,8397228.54,"1212 Donna Cove Suite 948, Jeremytown, AL 92225",kenneth.anderson@qualcomminc.com
Caterpillar Inc,CAT,Workday Inc,WDAY,Service Provider,3.53,Finance,2023-11-01,7465548.5,"9109 Julia Orchard Suite 865, East Kelli, ND 01085",steven.chandler@workdayinc.com
Boeing Co,BA,IBM Corp,IBM,Service Provider,8.94,Cloud,2023-04-27,7952862.19,"4390 Petersen Place, Timothyfort, ID 80963",rebecca.williams@ibmcorp.com
Coca-Cola Co,KO,DHL Express,DHL.DE,Logistics Partner,3.29,International Shipping,2024-12-25,1838446.84,"149 Johnson Streets Suite 504, East Madison, WI 57716",todd.andrews@dhlexpress.com
Broadcom Inc,AVGO,Amkor Technology,AMKR,Contract Manufacturer,4.76,Test Services,2024-10-15,3952707.38,"Unit 2660 Box 3669, DPO AP 04579",stacey.peters@amkortechnol.com
Qualcomm Inc,QCOM,Sumco Corp,3436.T,Direct Supplier,18.56,Silicon Wafers,2025-07-29,8755214.23,,jerry.manning@sumcocorp.com
Texas Instruments,TXN,Entegris Inc,ENTG,Direct Supplier,12.96,Specialty Chemicals,2023-06-05,8329110.7,,
Lockheed Martin,LMT,Accenture plc,ACN,Service Provider,19.38,IT Services,2024-06-26,9280073.6,,
Chevron Corp,CVX,Workday Inc,WDAY,Service Provider,9.73,Finance,2023-04-24,4550853.7,,
Johnson & Johnson,JNJ,West Pharmaceutical,WST,Direct Supplier,10.7,Delivery Systems,2022-03-04,2261343.11,,michael.bradley@westpharmace.com
AMD Inc,AMD,ASE Technology,ASX,Contract Manufacturer,7.79,Semiconductor Packaging,2024-04-29,3857014.46,,
Johnson & Johnson,JNJ,Catalent Inc,CTLT,Contract Manufacturer,23.46,Fill/Finish,2022-04-28,796659.59,"55699 Marilyn Fields, Marthafort, PW 62694",kyle.hunter@catalentinc.com
Salesforce Inc,CRM,Microsoft Azure,MSFT,Service Provider,,Cloud Platform,2023-10-24,8620818.27,"3228 Cabrera Valleys, Livingstontown, ME 93455",michael.silva@microsoftazu.com
General Electric,GE,ServiceNow Inc,NOW,Service Provider,17.66,IT Service Management,2022-07-25,8252788.61,"USS Simmons, FPO AP 90974",jennifer.mcdonald@servicenowin.com
Cisco Systems,CSCO,SAP SE,SAP,Service Provider,11.83,ERP,2023-01-02,5606313.63,"09505 Perry Villages Apt. 571, Port Cody, NC 74086",dawn.gonzalez@sapse.com
Cisco Systems,CSCO,DHL Express,DHL.DE,Logistics Partner,-23.71,International Shipping,2023-07-27,4845844.32,,
Caterpillar Inc,CAT,DHL Express,DHL.DE,Logistics Partner,9.79,International Shipping,2022-12-25,1222763.68,,
Oracle Corp,ORCL,Akamai Technologies,AKAM,Service Provider,3.9,CDN,2025-10-05,9496338.65,"257 Christensen Expressway Suite 033, East Jessica, OR 66644",stephen.meyer@akamaitechno.com
General Motors,GM,Iron Mountain,IRM,Service Provider,7.8,Records Management,2023-01-14,648971.34,"398 Clark Ports, Lake Benjaminburgh, AK 36733",dean.bass@ironmountain.com
General Motors,GM,Lear Corp,LEA,Direct Supplier,11.48,Seating,2022-07-04,2570637.9,,
Texas Instruments,TXN,Workday Inc,WDAY,Service Provider,8.17,HR Software,2024-05-27,2827166.85,"512 Gibson Tunnel, Prestonfurt, OK 39011",lisa.owens@workdayinc.com
Costco Wholesale,COST,Iron Mountain,IRM,Service Provider,12.6,Data Storage,2022-12-03,4428989.24,"Unit 7225 Box 6053, DPO AE 25347",amanda.adams@ironmountain.com
Johnson & Johnson,JNJ,Danaher Corp,DHR,Direct Supplier,5.15,Bioprocessing,2025-08-14,3694968.31,"50317 Lauren Parkway, East Matthew, NJ 96503",maria.turner@danahercorp.com
Netflix Inc,NFLX,DHL Express,DHL.DE,Logistics Partner,9.63,International Shipping,2025-07-30,5084279.44,"00462 Ford Locks Suite 725, Barrettshire, VI 92232",diana.diaz@dhlexpress.com
FactSet Research,FDS,IBM Corp,IBM,Service Provider,5.75,IT Infrastructure,2024-05-02,5565123.51,"58379 Bryan Union, Maryborough, MO 95309",joseph.ross@ibmcorp.com
NVIDIA Corp,NVDA,ASML Holding,ASML,Direct Supplier,11.54,EUV Lithography Equipment,2022-08-31,7982727.58,"5760 William Pike, Marquezmouth, WA 16901",martin.davis@asmlholding.com
Costco Wholesale,COST,,,Logistics Partner,3.62,Shipping,2024-05-28,4163423.72,"3474 Jennifer Island, North Diane, NJ 87070",dawn.wise@upsinc.com
Ford Motor Co,F,UPS Inc,UPS,Logistics Partner,1.87,Supply Chain,2025-06-25,2694256.52,"138 Zamora Pines Suite 018, Lake Kristaland, DE 94985",donna.gonzalez@upsinc.com
Qualcomm Inc,QCOM,Lam Research,LRCX,Direct Supplier,7.19,Etch Equipment,2024-11-23,9812486.36,"40032 Harris Forge, West Katie, HI 93489",keith.miranda@lamresearch.com
Ford Motor Co,F,Accenture plc,ACN,Service Provider,15.81,IT Services,2024-09-06,2043025.95,"82382 Susan Brook Apt. 297, South Danaside, DC 82534",garrett.shannon@accentureplc.com
Merck & Co,MRK,Acme Widget Corp,ACME,Direct Supplier,6.1,Bioprocessing,2023-08-18,9456579.68,"79931 Ronald Valleys, Nguyenshire, ND 18501",stephen.jackson@danahercorp.com
PepsiCo Inc,PEP,Deloitte,DLT,Service Provider,17.9,Audit,2022-01-19,8006969.45,,
Eli Lilly,LLY,Lonza Group,LONN.SW,Contract Manufacturer,14.31,Biologics,2024-02-25,7541533.67,"4419 Tina Lake Suite 928, South Lindsey, WA 79759",paul.trujillo@lonzagroup.com
JPMorgan Chase,JPM,DHL Express,DHL.DE,Logistics Partner,4.24,International Shipping,2023-02-01,6615392.29,"7462 Michael Roads Suite 841, Adamsville, NE 08842",andrew.owens@dhlexpress.com
Oracle Corp,ORCL,Iron Mountain,IRM,Service Provider,15.37,Data Storage,2023-09-26,1918050.9,"1318 Daniel Walks, West Alecmouth, PW 11763",keith.novak@ironmountain.com
Walt Disney Co,DIS,,,Service Provider,16.86,HR Software,2025-07-04,8236065.36,,
Microsoft Corp,MSFT,CrowdStrike,CRWD,Service Provider,12.18,Endpoint Security,2023-09-08,8280429.56,"645 Rios Loaf Suite 949, Teresaland, MI 46845",tracy.franco@crowdstrike.com
Lockheed Martin,LMT,Northrop Grumman,NOC,Tier 2 Supplier,8.71,Autonomous Systems,2024-06-04,1582757.13,"8427 Holmes Vista Apt. 277, Port John, IA 43587",patricia.martinez@northropgrum.com
Johnson & Johnson,JNJ,Deloitte,DLT,Service Provider,,Consulting,2024-08-20,5138827.61,"9987 Alicia Wall, Johnburgh, ND 76958",emma.lewis@deloitte.com
Qualcomm Inc,QCOM,Tokyo Electron,8035.T,Direct Supplier,1.43,Coater/Developer,2022-11-02,6446971.11,"004 Hall Square, Butlermouth, WV 57778",julie.spencer@tokyoelectro.com
Chevron Corp,CVX,,,Service Provider,9.08,IT Service Management,2023-06-06,4797555.31,"447 Morgan Groves, Hopkinsmouth, OH 04613",tracy.bullock@servicenowin.com
Cisco Systems,CSCO,IBM Corp,IBM,Service Provider,1.56,Cloud,2022-10-26,8466322.15,"0712 Cook Keys, North Gabriel, MP 78611",george.charles@ibmcorp.com
Tesla Inc,TSLA,CATL,300750.SZ,Direct Supplier,33.8,Battery Systems,2023-06-28,430659.11,"403 Joyce Centers Apt. 343, Port Jonathan, MD 16227",daniel.jordan@catl.com
Alphabet Inc,GOOGL,Iron Mountain,IRM,Service Provider,19.43,Data Storage,2024-09-02,8498874.94,,
Home Depot,HD,ServiceNow Inc,NOW,Service Provider,14.05,IT Service Management,2023-11-08,1949775.2,,
Oracle Corp,ORCL,Akamai Technologies,AKAM,Service Provider,3.99,CDN,2025-05-17,7187161.95,"833 Williams Bridge, West Michele, KS 23507",christina.kim@akamaitechno.com
FactSet Research,FDS,Workday Inc,WDAY,Service Provider,-83.44,Finance,2023-10-31,344775.31,"315 Elizabeth Square, Greenemouth, PR 76314",michele.henderson@workdayinc.com
PepsiCo Inc,PEP,Workday Inc,WDAY,Service Provider,-35.71,Finance,2022-06-28,9671331.43,,
Starbucks Corp,SBUX,ServiceNow Inc,NOW,Service Provider,7.49,IT Service Management,2025-03-09,8369250.99,"71557 Daniel Burg Suite 208, North Angela, IN 04475",elizabeth.reyes@servicenowin.com
Nike Inc,NKE,SAP SE,SAP,Service Provider,5.02,ERP,2025-09-13,7014094.57,"63361 Chase Ridges, Josephton, WV 06452",ronald.snyder@sapse.com
Adobe Inc,ADBE,SAP SE,SAP,Service Provider,3.74,ERP,2022-12-25,2180380.95,"PSC 7687, Box 8494, APO AA 61722",joshua.jones@sapse.com
JPMorgan Chase,JPM,FactSet Research,FDS,Service Provider,13.73,Data Feeds,2025-05-17,5673895.95,"45320 Flores Vista Apt. 261, Vanessaport, VI 08189",kevin.johnson@factsetresea.com
Salesforce Inc,CRM,DHL Express,DHL.DE,Logistics Partner,3.54,International Shipping,2024-10-23,5128599.33,"144 Michael Falls, North Tyler, PA 20850",william.olsen@dhlexpress.com
Texas Instruments,TXN,,,Service Provider,6.39,Data Storage,2023-08-06,8518665.12,"3352 Victoria Pines Suite 837, Michaelside, MH 23992",sally.munoz@ironmountain.com
Caterpillar Inc,CAT,UPS Inc,UPS,Logistics Partner,17.23,Shipping,2023-01-13,7715725.81,"471 Alvarez Islands, Snowtown, ND 06585",stephanie.cummings@upsinc.com
Broadcom Inc,AVGO,ServiceNow Inc,NOW,Service Provider,5.61,IT Service Management,2023-04-05,605863.38,"826 Thompson Bypass Apt. 727, Port Aaron, SC 73111",austin.garza@servicenowin.com
Qualcomm Inc,QCOM,ASML Holding,ASML,Direct Supplier,4.67,DUV Systems,2022-11-14,9973551.96,"198 Lambert Parkways Suite 075, Kathyside, AS 00791",sonya.ramos@asmlholding.com
Merck & Co,MRK,Deloitte,DLT,Service Provider,14.47,Audit,2025-12-12,8415198.44,"935 Barber Terrace Apt. 470, Heatherland, GU 21332",john.kim@deloitte.com
Meta Platforms Inc,META,Deloitte,DLT,Service Provider,10.99,Consulting,2022-03-22,608020.51,,
Adobe Inc,ADBE,SAP SE,SAP,Service Provider,9.32,Business Software,2022-10-20,4448136.99,"38833 Cristian Island Apt. 801, Powellside, GU 01986",timothy.carlson@sapse.com
Merck & Co,MRK,UPS Inc,UPS,Logistics Partner,4.41,Shipping,2023-12-18,1145713.49,"2396 Estrada Pike Apt. 907, Patriciachester, ID 71735",amy.rivera@upsinc.com
Meta Platforms Inc,META,DHL Express,DHL.DE,Logistics Partner,9.48,International Shipping,2025-04-09,7738133.45,,
General Electric,GE,DHL Express,DHL.DE,Logistics Partner,15.96,International Shipping,2023-10-31,6244347.79,"75657 Lawrence Valleys Apt. 618, Lake Keith, FL 43597",james.woods@dhlexpress.com
AMD Inc,AMD,SK Hynix,000660.KS,Direct Supplier,14.49,NAND Flash,2024-06-05,1460867.55,"42647 Bruce Plains, Port Charlesmouth, FM 03034",robert.woodward@skhynix.com
Chevron Corp,CVX,NOV Inc,NOV,Direct Supplier,4.22,Tubulars,2022-08-14,2283998.45,"18429 Jeff Isle, Shaneport, GA 21199",travis.cline@novinc.com
Apple Inc,AAPL,Luxshare Precision,002475.SZ,Direct Supplier,6.1,Connectors,2024-06-01,3575260.79,"79965 Troy Islands Apt. 735, Matthewview, OH 01831",melissa.rivas@luxshareprec.com
Broadcom Inc,AVGO,FedEx Corp,FDX,Logistics Partner,6.46,Freight,2024-12-05,9107023.3,"PSC 3451, Box 2982, APO AP 85120",kathy.solis@fedexcorp.com
General Motors,GM,ServiceNow Inc,NOW,Service Provider,2.97,IT Service Management,2023-06-22,7591507.23,"61471 Perkins Cove Apt. 250, Lake Vicki, CO 54937",carla.graves@servicenowin.com
Apple Inc,AAPL,IBM Corp,IBM,Service Provider,4.94,IT Infrastructure,2024-01-11,570981.48,,
Salesforce Inc,CRM,Snowflake Inc,SNOW,Service Provider,3.59,Data Warehousing,2025-05-23,5777138.01,,darren.evans@snowflakeinc.com
Texas Instruments,TXN,IBM Corp,IBM,Service Provider,5.58,Cloud,2025-09-12,6824508.19,"862 Glenn Wells Apt. 030, Williamsstad, VT 26598",lori.robertson@ibmcorp.com
Caterpillar Inc,CAT,Workday Inc,WDAY,Service Provider,19.31,Finance,2025-07-12,6309699.17,,
NVIDIA Corp,NVDA,Workday Inc,WDAY,Service Provider,6.93,Finance,2023-06-15,285174.29,,tyler.woods@workdayinc.com
Alphabet Inc,GOOGL,Accenture plc,ACN,Service Provider,3.67,IT Services,2024-09-11,8233290.45,"8058 John Path, West Shawnburgh, DE 29805",sierra.mason@accentureplc.com
Texas Instruments,TXN,Wayne Enterprises,WAYN,Contract Manufacturer,19.07,Wafer Fabrication,2025-04-23,3353347.3,"01372 Rebecca Village Suite 107, East Sandrachester, GU 95453",crystal.newman@tsmc.com
Walt Disney Co,DIS,Iron Mountain,IRM,Service Provider,4.83,Data Storage,2023-03-29,1286955.17,,
FactSet Research,FDS,DHL Express,DHL.DE,Logistics Partner,17.81,International Shipping,2025-11-15,6008561.77,"85951 Brittany Drives, South Elijahborough, AZ 27325",brandon.harrison@dhlexpress.com
Johnson & Johnson,JNJ,Thermo Fisher,TMO,Direct Supplier,12.07,Lab Equipment,2024-08-01,6328479.02,"PSC 4582, Box 0721, APO AA 24423",beverly.koch@thermofisher.com
Microsoft Corp,MSFT,Workday Inc,WDAY,Service Provider,2.39,HR Software,2025-11-23,6772439.56,"030 Dakota Lodge Suite 647, South Marymouth, OH 34876",debbie.woods@workdayinc.com
Salesforce Inc,CRM,Workday Inc,WDAY,Service Provider,9.73,Finance,2024-03-25,9035778.98,"Unit 1889 Box 5949, DPO AP 15531",kevin.garrison@workdayinc.com
Alphabet Inc,GOOGL,UPS Inc,UPS,Logistics Partner,11.97,Supply Chain,2025-12-26,2003016.69,"PSC 8524, Box 6088, APO AP 77247",daniel.reed@upsinc.com
Netflix Inc,NFLX,DHL Express,DHL.DE,Logistics Partner,7.69,International Shipping,2025-05-18,7305854.37,"39964 Henry Crest, South Matthew, IN 05785",william.maxwell@dhlexpress.com
NVIDIA Corp,NVDA,Accenture plc,ACN,Service Provider,11.69,Consulting,2024-03-04,7698519.56,"9478 Brian Via Apt. 463, Jenkinshaven, IA 63158",danielle.wagner@accentureplc.com
NVIDIA Corp,NVDA,Workday Inc,WDAY,Service Provider,11.26,HR Software,2025-02-16,5576436.86,"10133 Alec Bridge, Adrianbury, NM 55599",morgan.randall@workdayinc.com
Costco Wholesale,COST,UPS Inc,UPS,Logistics Partner,10.7,Shipping,2022-10-02,8164019.47,,
Microsoft Corp,MSFT,Datadog Inc,DDOG,Service Provider,15.15,Monitoring,2022-05-28,6856478.28,"800 Moran Overpass Apt. 380, Hansonberg, MO 83032",anne.gonzales@datadoginc.com
Goldman Sachs,GS,DHL Express,DHL.DE,Logistics Partner,19.64,International Shipping,2022-03-04,3723980.05,,
Meta Platforms Inc,META,Iron Mountain,IRM,Service Provider,12.26,Records Management,2023-03-10,5929799.41,"8881 Miles Port, Perezburgh, SD 76956",sarah.duncan@ironmountain.com
Eli Lilly,LLY,West Pharmaceutical,WST,Direct Supplier,9.03,Delivery Systems,2022-07-20,8935684.72,"2693 Jay Vista, Alvaradoview, MI 23023",matthew.anderson@westpharmace.com
NVIDIA Corp,NVDA,TSMC,TSM,Contract Manufacturer,26.57,Wafer Fabrication,2025-10-17,7419644.06,"18196 Anthony Forge, New Carolyn, OH 26563",danielle.johnson@tsmc.com
Goldman Sachs,GS,UPS Inc,UPS,Logistics Partner,,Shipping,2023-07-21,7705123.34,"PSC 6407, Box 2324, APO AA 23782",reginald.schaefer@upsinc.com
NVIDIA Corp,NVDA,Lam Research,LRCX,Direct Supplier,19.96,Etch Equipment,2023-02-13,7447629.14,,linda.deleon@lamresearch.com
Goldman Sachs,GS,UPS Inc,UPS,Logistics Partner,9.24,Supply Chain,2025-11-07,9954950.48,"4694 Weber Lodge, Annborough, CA 78179",angie.perez@upsinc.com
Amazon.com Inc,AMZN,SAP SE,SAP,Service Provider,3.13,Business Software,2024-04-30,1102547.04,,laurie.ward@sapse.com
Boeing Co,BA,Safran SA,SAF.PA,Direct Supplier,11.08,Engine Components,2025-04-03,2539666.63,"74051 Pena Gardens Apt. 641, New Christinaland, UT 26730",madison.espinoza@safransa.com
Nike Inc,NKE,Iron Mountain,IRM,Service Provider,17.62,Data Storage,2022-03-26,3332306.18,,brandon.taylor@ironmountain.com
Salesforce Inc,CRM,ServiceNow Inc,NOW,Service Provider,9.56,IT Service Management,2024-10-26,9461106.2,,
Apple Inc,AAPL,Foxconn,2317.TW,Contract Manufacturer,3.1,Device Assembly,2023-06-24,9720286.58,"299 Sullivan Village Apt. 443, Floydmouth, NH 58406",heidi.spencer@foxconn.com
Texas Instruments,TXN,Entegris Inc,ENTG,Direct Supplier,33.25,Filtration,2025-04-18,3026584.78,"1467 Jacobson Greens, Lake Amyburgh, MN 50497",anthony.jackson@entegrisinc.com
Chevron Corp,CVX,,,Service Provider,14.9,Finance,2025-07-24,2707703.19,"930 Phillips Cliff, North Kylie, KY 93952",michelle.salazar@workdayinc.com
Chevron Corp,CVX,ServiceNow Inc,NOW,Service Provider,14.25,IT Service Management,2025-06-10,6253231.22,,
Netflix Inc,NFLX,IBM Corp,IBM,Service Provider,12.1,IT Infrastructure,2023-06-07,106169.1,"6243 Patel Shoal, Port Lorraine, MI 94204",adam.clayton@ibmcorp.com
General Electric,GE,SAP SE,SAP,Service Provider,9.73,ERP,2022-12-06,8924257.52,"Unit 8710 Box 3653, DPO AA 64449",pamela.scott@sapse.com
Salesforce Inc,CRM,Datadog Inc,DDOG,Service Provider,,Observability,2023-12-25,5189216.96,"0033 Stephanie Dam, Marcusfurt, AK 67380",brian.vega@datadoginc.com
Boeing Co,BA,Deloitte,DLT,Service Provider,8.7,Audit,2023-08-21,1619463.97,,amanda.rogers@deloitte.com
Walt Disney Co,DIS,UPS Inc,UPS,Logistics Partner,14.43,Supply Chain,2024-01-16,8044089.55,"25369 Espinoza Lake, Amandafurt, NM 27617",vincent.pacheco@upsinc.com
Procter & Gamble,PG,Deloitte,DLT,Service Provider,5.65,Audit,2024-10-15,8073710.42,,
Lockheed Martin,LMT,Leidos Holdings,LDOS,Service Provider,14.73,Engineering,2024-09-16,1820090.85,"5115 Lawrence Dam Suite 687, West Moniquechester, KS 50033",randy.george@leidosholdin.com
Boeing Co,BA,UPS Inc,UPS,Logistics Partner,,Supply Chain,2022-05-12,6357578.51,"PSC 9843, Box 3611, APO AP 32524",john.williams@upsinc.com
Ford Motor Co,F,Lear Corp,LEA,Direct Supplier,,Electrical Systems,2023-03-29,2230329.58,"USNS Cox, FPO AP 48701",rodney.vega@learcorp.com
Procter & Gamble,PG,Iron Mountain,IRM,Service Provider,2.27,Records Management,2024-03-08,7785460.52,"PSC 6578, Box 1496, APO AE 47372",john.brown@ironmountain.com
Boeing Co,BA,Honeywell Intl,HON,Direct Supplier,11.86,Flight Controls,2024-05-30,9064072.56,"01542 Osborne Extensions Suite 573, Lake Curtishaven, WA 06591",marcia.willis@honeywellint.com
Boeing Co,BA,Hexcel Corp,HXL,Direct Supplier,8.11,Carbon Fiber Composites,2022-03-18,7789014.4,"8797 Bailey Fords, Elizabethstad, HI 31538",michelle.kelley@hexcelcorp.com
Apple Inc,AAPL,Iron Mountain,IRM,Service Provider,pending,Records Management,2023-02-27,5548537.94,,
FactSet Research,FDS,UPS Inc,UPS,Logistics Partner,19.87,Shipping,2024-04-09,2633720.16,,kathryn.vargas@upsinc.com
Broadcom Inc,AVGO,UPS Inc,UPS,Logistics Partner,,Shipping,2024-12-13,8613661.19,"14415 Donna Street Apt. 117, East Alexanderborough, NH 50971",tracy.ramirez@upsinc.com
Lockheed Martin,LMT,Iron Mountain,IRM,Service Provider,15.26,Data Storage,2023-03-18,4383598.5,"861 Mcintosh Unions Apt. 776, Lake Robertborough, RI 85718",william.powell@ironmountain.com
PepsiCo Inc,PEP,Deloitte,DLT,Service Provider,18.92,Consulting,2024-10-08,3071336.34,"2536 Brenda Drives, South Michael, AL 24439",jill.phillips@deloitte.com
Boeing Co,BA,Accenture plc,ACN,Service Provider,8.7,IT Services,2025-10-09,9232696.58,,
Microsoft Corp,MSFT,Akamai Technologies,AKAM,Service Provider,7.71,CDN,2022-06-14,8520858.33,"876 Jacob Lake, Garrettton, IL 35504",tara.powell@akamaitechno.com
Merck & Co,MRK,Charles River Labs,CRL,Service Provider,4.76,Preclinical Services,2023-01-08,5051006.84,"0745 Nathaniel Flat Apt. 445, North Lisaburgh, AL 17662",daniel.johnson@charlesriver.com
Intel Corp,INTC,ASML Holding,ASML,Direct Supplier,1.61,DUV Systems,2024-07-20,7997267.85,,
Broadcom Inc,AVGO,Applied Materials,AMAT,Direct Supplier,6.95,Deposition Equipment,2023-07-11,8126365.51,,jeffrey.singh@appliedmater.com
Nike Inc,NKE,DHL Express,DHL.DE,Logistics Partner,19.29,International Shipping,2022-03-15,6968039.61,"82160 Ortega Port, East Carl, MS 60965",jade.rangel@dhlexpress.com
Meta Platforms Inc,META,Accenture plc,ACN,Service Provider,17.12,Consulting,2025-09-05,8994636.96,,
Intel Corp,INTC,Deloitte,DLT,Service Provider,11.46,Audit,2024-11-10,4582181.13,,
Procter & Gamble,PG,,,Logistics Partner,18.46,International Shipping,2024-10-24,3095037.9,"79965 Gutierrez Loaf Apt. 897, West Cory, PA 49992",sharon.odom@dhlexpress.com
Goldman Sachs,GS,Kyndryl Holdings,KD,Service Provider,15.1,IT Infrastructure,2024-06-07,8147685.52,"617 Chambers Lane, Branditown, DC 90466",peter.gates@kyndrylholdi.com
Texas Instruments,TXN,ASML Holding,ASML,Direct Supplier,30.5,EUV Lithography Equipment,2024-02-18,9543688.95,"95590 Meza Port, New Stacy, MP 65018",michael.combs@asmlholding.com
Texas Instruments,TXN,Applied Materials,AMAT,Direct Supplier,16.47,Deposition Equipment,2023-03-08,4333849.64,"71473 Bradley Gardens Apt. 927, Johnland, HI 54734",daniel.pierce@appliedmater.com
Starbucks Corp,SBUX,Workday Inc,WDAY,Service Provider,13.41,HR Software,2023-10-26,1527546.64,"38940 Kim Street, Erikamouth, MS 14231",jason.cannon@workdayinc.com
Procter & Gamble,PG,Deloitte,DLT,Service Provider,9.85,Consulting,2025-08-08,5374401.77,"8359 Robert Mountain, Hillbury, FL 30035",jose.wilson@deloitte.com
Meta Platforms Inc,META,FedEx Corp,FDX,Logistics Partner,7.95,Freight,2023-06-17,1599389.51,"608 Harris Spring Suite 685, Andrewhaven, RI 51343",ricky.wallace@fedexcorp.com
JPMorgan Chase,JPM,Kyndryl Holdings,KD,Service Provider,17.11,Managed Services,2023-09-18,167562.26,"24478 Alan Mission Suite 016, East Tyler, AK 25348",sierra.rojas@kyndrylholdi.com
Amazon.com Inc,AMZN,UPS Inc,UPS,Logistics Partner,8.91,Supply Chain,2025-11-04,3160907.11,"381 Sanchez Ports Suite 884, East Kelseyland, VI 92153",robert.hernandez@upsinc.com
General Motors,GM,Aptiv PLC,APTV,Direct Supplier,33.0,Connectors,2022-08-20,370562.28,"08573 Sarah Pine Apt. 476, Port Timberg, DC 90195",roberto.richardson@aptivplc.com
Cisco Systems,CSCO,Iron Mountain,IRM,Service Provider,15.84,Data Storage,2023-07-24,1997370.95,"529 Moss Track Apt. 712, East Rebecca, MS 98600",sarah.george@ironmountain.com
Johnson & Johnson,JNJ,SAP SE,SAP,Service Provider,5.15,Business Software,2025-06-20,5328464.01,"0450 Melanie Fall Apt. 282, Lake Terry, AZ 08520",kevin.key@sapse.com
Broadcom Inc,AVGO,DHL Express,DHL.DE,Logistics Partner,17.95,International Shipping,2025-01-04,8964489.58,"62905 Christine Pass Suite 683, South Brianburgh, VT 58111",julie.cox@dhlexpress.com
Cisco Systems,CSCO,Deloitte,DLT,Service Provider,8.8,Audit,2024-09-25,118759.0,"9434 Tracey Meadows Suite 715, Owenburgh, FL 95649",brandi.johnson@deloitte.com
Johnson & Johnson,JNJ,FedEx Corp,FDX,Logistics Partner,15.74,Freight,2022-10-21,7706339.9,"29295 Christopher Flat, Ramirezhaven, ID 07931",stephanie.wiggins@fedexcorp.com
PepsiCo Inc,PEP,Deloitte,DLT,Service Provider,7.2,Consulting,2023-07-13,4197447.26,,
Chevron Corp,CVX,FedEx Corp,FDX,Logistics Partner,6.67,Express Delivery,2023-02-23,1483393.03,"347 Lawson Mall Apt. 548, Nicholasmouth, NJ 46368",richard.rivas@fedexcorp.com
Goldman Sachs,GS,,,Service Provider,12.7,ERP,2022-08-31,3636910.43,"667 Robles Corner Suite 390, East Ryan, PW 21934",barbara.walsh@sapse.com
Meta Platforms Inc,META,Iron Mountain,IRM,Service Provider,14.77,Data Storage,2024-03-31,6158957.63,"07624 Perez Oval Suite 662, Costaton, MI 14396",cody.myers@ironmountain.com
Lockheed Martin,LMT,Raytheon Technologies,RTX,Direct Supplier,11.97,Missiles,2023-11-11,8005376.57,"659 Danielle Freeway, East Peggy, MD 86132",jason.jenkins@raytheontech.com
Merck & Co,MRK,FedEx Corp,FDX,Logistics Partner,2.48,Express Delivery,2024-01-20,7650374.8,"Unit 3520 Box 9042, DPO AE 61519",jennifer.chen@fedexcorp.com
Caterpillar Inc,CAT,Illinois Tool Works,ITW,Direct Supplier,10.64,Welding Equipment,2023-07-10,5555180.58,"37880 Gabrielle Cliff, New Johnchester, NM 95510",henry.smith@illinoistool.com
Walt Disney Co,DIS,Deloitte,DLT,Service Provider,11.67,Consulting,2023-12-09,876765.38,"93808 Justin Station, East Maryburgh, DE 50365",tammy.escobar@deloitte.com
Amazon.com Inc,AMZN,Deloitte,DLT,Service Provider,1.92,Audit,2022-08-26,4196916.87,"PSC 4809, Box 4047, APO AA 06257",brenda.murphy@deloitte.com
Costco Wholesale,COST,UPS Inc,UPS,Logistics Partner,18.83,Shipping,2024-09-14,7906078.07,"9709 Frey Lakes, Jamesview, NC 03573",james.walters@upsinc.com
Eli Lilly,LLY,UPS Inc,UPS,Logistics Partner,8.22,Shipping,2023-09-12,9778889.72,"50875 Williams Meadows Apt. 448, New Juliaside, ND 86911",jonathan.collier@upsinc.com
Intel Corp,INTC,Lam Research,LRCX,Direct Supplier,4.21,Deposition Systems,2023-03-01,9118611.86,,
Tesla Inc,TSLA,UPS Inc,UPS,Logistics Partner,18.86,Shipping,2023-04-27,964001.09,"2725 Nichols Flat, Mckaymouth, PW 37252",alex.reid@upsinc.com
Intel Corp,INTC,TSMC,TSM,Contract Manufacturer,12.15,Wafer Fabrication,2025-04-28,1226743.01,,
Meta Platforms Inc,META,,,Service Provider,6.36,Consulting,2025-06-13,1097020.69,"93516 Derrick Rest Suite 775, Lake Samantha, MT 73985",erika.richards@deloitte.com
Eli Lilly,LLY,DHL Express,DHL.DE,Logistics Partner,13.06,International Shipping,2024-01-25,6979731.35,"91935 Christian Shores Suite 555, Lake Shawn, AZ 55273",kelly.blevins@dhlexpress.com
Procter & Gamble,PG,SAP SE,SAP,Service Provider,16.03,ERP,2022-11-12,2663636.38,"79726 Johnston Pine, Lake Eugeneborough, DE 96885",todd.dixon@sapse.com
Netflix Inc,NFLX,,,Service Provider,4.48,IT Service Management,2025-09-24,3336763.17,"627 Massey Lock, Morrowland, MI 77197",adam.gonzalez@servicenowin.com
NVIDIA Corp,NVDA,FedEx Corp,FDX,Logistics Partner,11.28,Express Delivery,2023-11-14,9028017.76,"885 Love Tunnel Apt. 273, South Andrewstad, AR 20650",bradley.myers@fedexcorp.com
Tesla Inc,TSLA,Denso Corp,6902.T,Tier 2 Supplier,7.59,Thermal Management,2022-03-02,8269124.6,,
Merck & Co,MRK,Workday Inc,WDAY,Service Provider,12.52,Finance,2023-04-06,7498654.64,"6280 Gonzalez Fork Suite 006, Melissamouth, WI 43239",ashley.salinas@workdayinc.com
Eli Lilly,LLY,Danaher Corp,DHR,Direct Supplier,16.84,Bioprocessing,2022-04-24,8322338.52,"752 Patton Freeway, Whitehaven, VI 04838",daniel.thompson@danahercorp.com
Merck & Co,MRK,SAP SE,SAP,Service Provider,7.52,ERP,2022-04-29,2419793.57,"531 James Shoal Suite 358, Bethside, CO 15242",richard.levy@sapse.com
General Electric,GE,Deloitte,DLT,Service Provider,3.67,Consulting,2023-07-27,1811747.78,"USCGC Brown, FPO AA 25101",brian.sanchez@deloitte.com
Alphabet Inc,GOOGL,SAP SE,SAP,Service Provider,2.72,ERP,2025-05-09,9151238.17,"3779 Taylor Spring Apt. 896, Kellyshire, RI 65180",martin.mccoy@sapse.com
Eli Lilly,LLY,UPS Inc,UPS,Logistics Partner,18.13,Shipping,2022-04-26,3943553.05,"922 Garcia Tunnel Apt. 613, Bradleychester, DC 09028",greg.thomas@upsinc.com
Netflix Inc,NFLX,SAP SE,SAP,Service Provider,5.23,Business Software,2024-06-03,5393582.46,,
Adobe Inc,ADBE,Deloitte,DLT,Service Provider,9.7,Audit,2024-03-20,9084258.27,,
Home Depot,HD,UPS Inc,UPS,Logistics Partner,4.67,Supply Chain,2022-12-23,7466959.93,,
Apple Inc,AAPL,LG Display,034220.KS,Direct Supplier,8.83,Display Panels,2025-02-15,5513532.96,"3319 White Estate, Piercestad, WV 29042",david.lawson@lgdisplay.com
Walt Disney Co,DIS,Accenture plc,ACN,Service Provider,15.91,IT Services,2024-03-16,7320754.17,,
JPMorgan Chase,JPM,FIS Global,FIS,Service Provider,unknown,Payments,2025-12-20,704499.3,"0024 Tiffany Mission, East Richardview, HI 32436",anthony.miranda@fisglobal.com
FactSet Research,FDS,ServiceNow Inc,NOW,Service Provider,9.31,IT Service Management,2024-07-18,6384741.12,,
Microsoft Corp,MSFT,Akamai Technologies,AKAM,Service Provider,7.83,CDN,2024-04-15,5704535.53,"0165 Moore Parks Suite 402, West Lydiafort, DC 27538",brooke.welch@akamaitechno.com
Qualcomm Inc,QCOM,ASE Technology,ASX,Contract Manufacturer,29.71,Testing,2024-08-25,2475122.52,"635 Robert Stravenue, Josephland, OK 49365",michael.mora@asetechnolog.com
Johnson & Johnson,JNJ,Accenture plc,ACN,Service Provider,11.46,Consulting,2024-07-21,2162052.01,,
FactSet Research,FDS,Iron Mountain,IRM,Service Provider,12.22,Data Storage,2024-11-22,4868578.5,,andre.chang@ironmountain.com
Coca-Cola Co,KO,Iron Mountain,IRM,Service Provider,1.47,Records Management,2023-04-20,8203057.61,,
Oracle Corp,ORCL,SAP SE,SAP,Service Provider,2.9,Business Software,2024-10-28,5849648.14,"925 Lisa Lodge Apt. 109, Port Charles, VI 77935",samuel.moody@sapse.com
Starbucks Corp,SBUX,FedEx Corp,FDX,Logistics Partner,6.52,Express Delivery,2022-05-18,2544341.77,"131 Jennifer Wells Suite 425, Randyfurt, CT 97007",ann.sherman@fedexcorp.com
Qualcomm Inc,QCOM,SK Hynix,000660.KS,Direct Supplier,18.23,NAND Flash,2024-12-10,7867479.64,"79117 Chloe Way Apt. 335, East Jessicastad, IL 11290",shannon.martinez@skhynix.com
Oracle Corp,ORCL,Palo Alto Networks,PANW,Service Provider,5.56,Network Security,2024-02-02,6626041.72,"367 Henry Hill, Lopezland, IA 73129",kerry.taylor@paloaltonetw.com
Goldman Sachs,GS,SS&C Technologies,SSNC,Service Provider,4.13,Fund Administration,2022-08-18,6985967.0,"Unit 4434 Box 4149, DPO AE 52342",diane.wright@ss&ctechnolo.com
PepsiCo Inc,PEP,,,Logistics Partner,unknown,Supply Chain,2024-04-14,1839029.7,,
Apple Inc,AAPL,Workday Inc,WDAY,Service Provider,5.55,Finance,2025-08-16,1029257.82,"8377 Mcguire Course Suite 363, Elizabethstad, NJ 73045",zachary.lee@workdayinc.com
Starbucks Corp,SBUX,UPS Inc,UPS,Logistics Partner,11.36,Shipping,2024-04-02,6843800.18,,teresa.crawford@upsinc.com
Procter & Gamble,PG,IBM Corp,IBM,Service Provider,7.13,Cloud,2025-05-20,8367661.34,,
Texas Instruments,TXN,SK Hynix,000660.KS,Direct Supplier,30.87,NAND Flash,2022-11-13,794541.07,"83806 Castillo Tunnel Suite 598, Paulburgh, AK 42296",timothy.miller@skhynix.com
Nike Inc,NKE,SAP SE,SAP,Service Provider,18.61,Business Software,2024-06-04,5470232.12,,
Ford Motor Co,F,Accenture plc,ACN,Service Provider,2.2,Consulting,2023-12-09,4551485.96,"26876 Parker Shores, Crawfordport, OK 59198",lauren.mitchell@accentureplc.com
AMD Inc,AMD,IBM Corp,IBM,Service Provider,13.8,IT Infrastructure,2023-11-28,423532.77,"50697 Brian Prairie Apt. 872, North Devontown, IL 67557",christopher.gallegos@ibmcorp.com
General Motors,GM,Denso Corp,6902.T,Tier 2 Supplier,14.52,Engine Components,2023-06-25,1693170.15,"785 Murphy Squares Suite 530, West Julie, MT 38232",anthony.cohen@densocorp.com
FactSet Research,FDS,IBM Corp,IBM,Service Provider,6.74,IT Infrastructure,2024-01-04,125519.81,,
Netflix Inc,NFLX,FedEx Corp,FDX,Logistics Partner,18.76,Freight,2025-02-01,5856656.89,"5272 Davis Port, North Baileybury, CT 06074",andrew.robinson@fedexcorp.com
Netflix Inc,NFLX,DHL Express,DHL.DE,Logistics Partner,14.6,International Shipping,2025-05-28,6488538.93,"45183 Castillo Port Apt. 305, Hessside, GA 34589",michael.dickerson@dhlexpress.com
JPMorgan Chase,JPM,,,Logistics Partner,3.69,International Shipping,2025-05-20,2357454.9,,
Cisco Systems,CSCO,FedEx Corp,FDX,Logistics Partner,18.59,Express Delivery,2025-09-04,5846416.57,"3719 Williams Rue Apt. 489, Gainesbury, CA 14725",michael.munoz@fedexcorp.com
Lockheed Martin,LMT,Globex Industries,GLBX,Service Provider,3.5,Cloud,2024-06-19,8951643.07,"84983 Jack Centers, Benjaminton, TN 76272",donna.chavez@ibmcorp.com
Costco Wholesale,COST,Workday Inc,WDAY,Service Provider,,Finance,2024-06-05,6018226.75,"370 Mcdowell Estate, Mistymouth, VA 29020",jacob.navarro@workdayinc.com
Johnson & Johnson,JNJ,Iron Mountain,IRM,Service Provider,14.62,Records Management,2024-01-15,7173339.33,"59329 Cohen Land Apt. 968, Port Robin, NH 48874",chelsea.gordon@ironmountain.com
Lockheed Martin,LMT,Leidos Holdings,LDOS,Service Provider,-18.49,IT Services,2025-01-30,5233216.22,"96463 Bradley Bridge, East Robert, ID 55235",cynthia.thomas@leidosholdin.com
AMD Inc,AMD,FedEx Corp,FDX,Logistics Partner,5.64,Express Delivery,2024-02-12,3371827.0,"667 Mcdaniel Road, Erichaven, PW 44052",corey.smith@fedexcorp.com
NVIDIA Corp,NVDA,Micron Technology,MU,Direct Supplier,7.49,NAND Storage,2024-10-31,1754054.87,"PSC 6298, Box 0568, APO AE 01066",cindy.green@microntechno.com
Broadcom Inc,AVGO,Workday Inc,WDAY,Service Provider,1.23,Finance,2024-07-08,3850940.74,"4682 Leslie Lodge, Marilynville, AZ 00979",debra.davidson@workdayinc.com
FactSet Research,FDS,Deloitte,DLT,Service Provider,18.25,Audit,2023-11-05,419561.56,,
Texas Instruments,TXN,Micron Technology,MU,Direct Supplier,10.81,NAND Storage,2024-04-23,5680984.22,"096 Ian Island, Lake Ariana, NM 18935",nicholas.gross@microntechno.com
Boeing Co,BA,Cyberdyne Systems,CYBD,Direct Supplier,5.31,Carbon Fiber Composites,2024-02-01,9708704.28,"45843 Dominguez Locks, Walkerland, IN 71547",shelby.arellano@hexcelcorp.com
Nike Inc,NKE,ServiceNow Inc,NOW,Service Provider,16.71,IT Service Management,2025-11-03,8008778.2,"57349 Matthew Fork, Emilytown, WV 58741",kathryn.carr@servicenowin.com
Caterpillar Inc,CAT,Accenture plc,ACN,Service Provider,12.36,Consulting,2024-07-31,1430011.54,,
Qualcomm Inc,QCOM,Entegris Inc,ENTG,Direct Supplier,8.43,Filtration,2022-08-15,1334919.81,"1272 Stewart Key, Port Renee, NM 48398",ronnie.carter@entegrisinc.com
Intel Corp,INTC,ASML Holding,ASML,Direct Supplier,17.89,DUV Systems,2024-10-07,2667412.5,"3363 Adam Orchard Suite 437, North Beckyside, MH 37438",corey.lawson@asmlholding.com
Chevron Corp,CVX,Baker Hughes,BKR,Direct Supplier,2.12,Turbomachinery,2025-12-09,7280766.24,,
Goldman Sachs,GS,Weyland-Yutani,WLND,Service Provider,4.52,Core Banking Platform,2025-12-05,6240077.58,"736 Dustin Garden, North Jonathanbury, MT 33968",joe.simpson@fisglobal.com
Salesforce Inc,CRM,SAP SE,SAP,Service Provider,14.37,ERP,2022-01-03,2173540.71,"8277 Richard Ridges, Port Julie, VT 56203",julia.spencer@sapse.com
Eli Lilly,LLY,Charles River Labs,CRL,Service Provider,16.73,Preclinical Services,2024-10-28,368101.58,"8187 Maxwell Harbors Apt. 364, North Michael, VT 75206",bobby.kelly@charlesriver.com
Texas Instruments,TXN,ServiceNow Inc,NOW,Service Provider,10.3,IT Service Management,2022-10-15,1911630.87,"3566 Theresa Well Suite 107, Hardyberg, AK 79394",matthew.jordan@servicenowin.com
Alphabet Inc,GOOGL,,,Logistics Partner,17.9,Express Delivery,2024-11-13,2567983.42,"348 Natalie Canyon Apt. 264, West Christina, NM 87362",robert.porter@fedexcorp.com
Intel Corp,INTC,Micron Technology,MU,Direct Supplier,19.75,DRAM Modules,2024-02-14,5116978.02,,
Tesla Inc,TSLA,IBM Corp,IBM,Service Provider,9.12,Cloud,2025-11-14,8674400.72,,
Broadcom Inc,AVGO,Deloitte,DLT,Service Provider,11.25,Audit,2025-05-10,7239101.04,"USNS Olson, FPO AA 47002",brandon.gaines@deloitte.com
Amazon.com Inc,AMZN,,,Logistics Partner,5.18,Freight,2024-07-26,2298754.46,"289 William Stravenue, Lake Luke, NV 31464",kathleen.logan@fedexcorp.com
Coca-Cola Co,KO,FedEx Corp,FDX,Logistics Partner,4.04,Express Delivery,2022-03-30,587574.76,"PSC 5854, Box 2188, APO AP 05650",kristi.wade@fedexcorp.com
Broadcom Inc,AVGO,ServiceNow Inc,NOW,Service Provider,8.42,IT Service Management,2025-07-23,7644080.1,"40891 Bautista Glens Apt. 735, Jamesfurt, FL 58966",connie.smith@servicenowin.com
Alphabet Inc,GOOGL,FedEx Corp,FDX,Logistics Partner,2.08,Freight,2023-05-27,6685987.44,"USS Lutz, FPO AA 56373",adrienne.ellis@fedexcorp.com
Merck & Co,MRK,Iron Mountain,IRM,Service Provider,5.82,Records Management,2023-09-21,5797628.97,"113 Melinda Throughway, East Ralph, MP 78136",terri.baker@ironmountain.com
PepsiCo Inc,PEP,Workday Inc,WDAY,Service Provider,11.89,HR Software,2024-10-17,6420187.13,,
Microsoft Corp,MSFT,,,Service Provider,12.69,Data Storage,2025-10-12,408808.27,"595 Rachel Islands Apt. 993, South Anna, FM 03043",cynthia.winters@ironmountain.com
Boeing Co,BA,Acme Widget Corp,ACME,Direct Supplier,4.7,Avionics,2025-03-11,1976959.35,"510 Garcia Locks, Gibsonfurt, NM 79957",michelle.hester@raytheontech.com
Tesla Inc,TSLA,LG Energy Solution,373220.KS,Direct Supplier,,EV Batteries,2023-10-05,4392119.14,"388 Jones Wall Apt. 607, Port Lawrencechester, OK 53509",adrian.burgess@lgenergysolu.com
Meta Platforms Inc,META,DHL Express,DHL.DE,Logistics Partner,-74.21,International Shipping,2023-09-08,8483743.39,,
Eli Lilly,LLY,Wayne Enterprises,WAYN,Direct Supplier,,Reagents,2024-11-25,3477922.07,"904 Miller Parkways Apt. 442, Joshuaview, AL 97681",crystal.lane@thermofisher.com
Netflix Inc,NFLX,Accenture plc,ACN,Service Provider,15.23,Consulting,2023-06-22,5876367.77,"86876 Douglas Terrace Suite 676, North Stephanie, PR 26212",jennifer.woods@accentureplc.com
General Electric,GE,IBM Corp,IBM,Service Provider,14.75,Cloud,2023-03-24,9883855.36,"981 Lynn Crossroad Suite 920, New Markfurt, IA 13862",lisa.galloway@ibmcorp.com
Costco Wholesale,COST,IBM Corp,IBM,Service Provider,8.86,Cloud,2023-02-27,4294336.22,"409 Stephen Mountain Apt. 291, Priceside, AL 29009",adam.simmons@ibmcorp.com
Meta Platforms Inc,META,Iron Mountain,IRM,Service Provider,17.56,Records Management,2022-08-06,4366299.26,"435 Mary Bypass Apt. 781, Emilyton, ME 64559",timothy.acevedo@ironmountain.com
Qualcomm Inc,QCOM,SK Hynix,000660.KS,Direct Supplier,11.95,NAND Flash,2023-12-25,937830.95,"60558 Tim Forks Suite 792, Lake Davidberg, MA 03711",patricia.olson@skhynix.com
Broadcom Inc,AVGO,Tokyo Electron,8035.T,Direct Supplier,11.86,Etch Systems,2022-09-04,2556708.88,"72464 Hendrix Valley, Smithside, WV 47330",mark.harris@tokyoelectro.com
Meta Platforms Inc,META,UPS Inc,UPS,Logistics Partner,9.41,Supply Chain,2024-02-27,8513334.5,"90982 Morris Rue, West Jennaport, NV 05901",hailey.watkins@upsinc.com
Chevron Corp,CVX,SAP SE,SAP,Service Provider,11.43,ERP,2023-01-20,9125742.82,,
Ford Motor Co,F,ZF Friedrichshafen,ZF.DE,Direct Supplier,15.83,Steering Systems,2022-07-15,1888572.95,"9878 Nicole Road Apt. 973, Adamsside, AS 81034",ryan.fernandez@zffriedrichs.com
Starbucks Corp,SBUX,Accenture plc,ACN,Service Provider,16.93,Consulting,2023-11-15,8711146.66,,
Oracle Corp,ORCL,Microsoft Azure,MSFT,Service Provider,19.89,Cloud Platform,2025-01-19,956851.92,,
Walt Disney Co,DIS,UPS Inc,UPS,Logistics Partner,19.92,Supply Chain,2022-02-17,7526314.66,"290 Luis Isle Apt. 864, South Scott, WI 02564",vanessa.mcdonald@upsinc.com
JPMorgan Chase,JPM,SAP SE,SAP,Service Provider,18.82,ERP,2023-03-16,4312662.02,"USS Mcmillan, FPO AE 51109",connie.lopez@sapse.com
Meta Platforms Inc,META,IBM Corp,IBM,Service Provider,6.92,Cloud,2024-03-20,511940.78,"PSC 9043, Box 5184, APO AE 50127",lori.robinson@ibmcorp.com
General Electric,GE,DHL Express,DHL.DE,Logistics Partner,5.62,International Shipping,2022-11-07,8869664.57,"USNV Diaz, FPO AE 54899",susan.villarreal@dhlexpress.com
Intel Corp,INTC,ASE Technology,ASX,Contract Manufacturer,18.82,Testing,2025-03-09,7736231.77,"23928 Christopher Rapids Apt. 571, North Kellybury, WA 78195",walter.dunn@asetechnolog.com
Oracle Corp,ORCL,Cloudflare Inc,NET,Service Provider,9.9,Security,2024-08-01,3653927.75,"59700 Chad Prairie Apt. 073, Jonathanmouth, PW 99889",kevin.atkinson@cloudflarein.com
Merck & Co,MRK,Charles River Labs,CRL,Service Provider,16.78,Safety Testing,TBD,4077420.29,,
Broadcom Inc,AVGO,Accenture plc,ACN,Service Provider,13.91,IT Services,2022-12-11,9263554.1,"368 Emily Flat Suite 853, Lake Marytown, WI 10916",crystal.hodges@accentureplc.com
Procter & Gamble,PG,Iron Mountain,IRM,Service Provider,6.39,Records Management,2022-05-31,1337010.28,,john.mueller@ironmountain.com
General Motors,GM,Accenture plc,ACN,Service Provider,12.79,Consulting,2025-08-11,617733.82,"908 Woods Flat Apt. 104, Allisonfort, TX 61607",diana.lee@accentureplc.com
Cisco Systems,CSCO,UPS Inc,UPS,Logistics Partner,16.42,Supply Chain,2025-10-21,4049985.67,"58189 Sharp Spur, Arianachester, CT 15189",jackie.jackson@upsinc.com
Alphabet Inc,GOOGL,Accenture plc,ACN,Service Provider,8.71,IT Services,2022-09-27,8750739.19,,
AMD Inc,AMD,Tokyo Electron,8035.T,Direct Supplier,19.32,Etch Systems,2022-11-29,9704264.85,,valerie.may@tokyoelectro.com
Amazon.com Inc,AMZN,IBM Corp,IBM,Service Provider,3.39,Cloud,2024-11-26,3737636.05,,
Netflix Inc,NFLX,DHL Express,DHL.DE,Logistics Partner,5.71,International Shipping,2022-11-19,9412538.44,"4525 Mary Mills Apt. 067, Littleborough, AR 81792",randy.mcmahon@dhlexpress.com
Nike Inc,NKE,Iron Mountain,IRM,Service Provider,17.02,Data Storage,2025-06-21,8658211.14,,
Ford Motor Co,F,ServiceNow Inc,NOW,Service Provider,12.49,IT Service Management,2023-03-03,92789.64,,
Procter & Gamble,PG,ServiceNow Inc,NOW,Service Provider,14.23,IT Service Management,2024-01-21,2351088.9,,
Procter & Gamble,PG,UPS Inc,UPS,Logistics Partner,6.75,Supply Chain,2025-06-17,3639251.39,"8154 April Viaduct, North Edwardfort, UT 22381",melinda.anderson@upsinc.com
Johnson & Johnson,JNJ,,,Direct Supplier,19.22,Biopharma Materials,2023-11-04,207952.43,"886 William Dale, Lake Mariatown, PW 53164",christopher.johns@avantorinc.com
Adobe Inc,ADBE,ServiceNow Inc,NOW,Service Provider,7.56,IT Service Management,2025-07-27,4577093.6,"93352 Melinda Mews, East Lisa, MS 07652",andrew.williams@servicenowin.com
Adobe Inc,ADBE,Datadog Inc,DDOG,Service Provider,3.32,Monitoring,2024-07-18,3441915.02,"256 Patricia Radial Suite 278, South Michaeltown, TN 31811",jason.johnson@datadoginc.com
Nike Inc,NKE,FedEx Corp,FDX,Logistics Partner,5.66,Freight,2022-08-27,9620373.39,,
Oracle Corp,ORCL,Workday Inc,WDAY,Service Provider,4.72,HR Software,2024-12-10,4804382.31,,
Johnson & Johnson,JNJ,West Pharmaceutical,WST,Direct Supplier,34.96,Drug Packaging,2023-02-14,1270242.35,"769 Allen Gardens Apt. 761, Jaredshire, NE 57563",laura.nguyen@westpharmace.com
Chevron Corp,CVX,Deloitte,DLT,Service Provider,5.84,Audit,2025-07-25,1983901.08,"3485 Madison Ranch, Farmershire, IL 93828",isaiah.fischer@deloitte.com
Tesla Inc,TSLA,CATL,300750.SZ,Direct Supplier,7.85,Battery Systems,2025-01-29,3065637.75,,
Walt Disney Co,DIS,Iron Mountain,IRM,Service Provider,,Data Storage,2023-01-25,1128130.94,"02204 Adam Highway, Williamsburgh, MS 45125",joseph.kim@ironmountain.com
Apple Inc,AAPL,TSMC,TSM,Contract Manufacturer,17.62,Chip Fabrication,2022-04-24,5226552.8,"798 Nathan Junction Apt. 849, Jenniferstad, GA 82120",marissa.watson@tsmc.com
AMD Inc,AMD,Workday Inc,WDAY,Service Provider,3.66,HR Software,2024-08-20,7634764.01,"Unit 3216 Box 5024, DPO AE 28217",amy.roberts@workdayinc.com
Intel Corp,INTC,Iron Mountain,IRM,Service Provider,15.25,Records Management,2024-05-21,2443150.84,,
Apple Inc,AAPL,TSMC,TSM,Contract Manufacturer,7.89,Chip Fabrication,2022-11-27,5416821.35,"Unit 9176 Box 9367, DPO AA 32480",dylan.williams@tsmc.com
Ford Motor Co,F,,,Service Provider,14.3,Consulting,2024-06-19,7908239.84,,amber.blackwell@accentureplc.com
Boeing Co,BA,SAP SE,SAP,Service Provider,4.65,ERP,2024-11-03,8062383.03,"4988 Christine Pike Apt. 825, West Mikayla, IL 05208",william.summers@sapse.com
Apple Inc,AAPL,Accenture plc,ACN,Service Provider,,Consulting,2022-06-27,4774974.27,"USNV Day, FPO AP 29845",marie.mcknight@accentureplc.com
Qualcomm Inc,QCOM,IBM Corp,IBM,Service Provider,4.27,Cloud,2022-11-22,1881550.71,,
Broadcom Inc,AVGO,Micron Technology,MU,Direct Supplier,9.79,NAND Storage,2022-09-28,5794181.93,"674 Gabriela Brook Apt. 977, West Hannah, LA 76566",james.kelley@microntechno.com
Alphabet Inc,GOOGL,Deloitte,DLT,Service Provider,14.8,Consulting,2025-02-19,9154339.29,"914 Jill Fields, Johnfurt, NE 92336",tricia.jacobs@deloitte.com
Home Depot,HD,Deloitte,DLT,Service Provider,6.75,Audit,2024-10-19,5528893.2,"777 Michelle Islands, Port Colleenchester, MS 31017",thomas.cortez@deloitte.com
Texas Instruments,TXN,Tokyo Electron,8035.T,Direct Supplier,3.99,Etch Systems,2025-10-05,7421573.77,"29054 Drake Mount, North Michaelfurt, NM 28656",jasmine.everett@tokyoelectro.com
Costco Wholesale,COST,SAP SE,SAP,Service Provider,5.87,ERP,2023-01-10,6912505.43,"110 Patrick Ford Suite 533, New Christineberg, ID 91091",mark.valencia@sapse.com
Lockheed Martin,LMT,General Dynamics,GD,Tier 2 Supplier,16.01,Combat Systems,2025-06-21,4955546.71,,
Goldman Sachs,GS,DHL Express,DHL.DE,Logistics Partner,6.95,International Shipping,2023-10-26,9076815.43,"USS Moon, FPO AA 75251",charles.byrd@dhlexpress.com
Caterpillar Inc,CAT,FedEx Corp,FDX,Logistics Partner,12.33,Express Delivery,2023-12-07,243651.73,"USNV Koch, FPO AE 26622",amy.thompson@fedexcorp.com
Johnson & Johnson,JNJ,DHL Express,DHL.DE,Logistics Partner,3.14,International Shipping,2025-11-05,5217123.56,"2954 Austin Loaf, Johnstonport, DC 11582",jennifer.ray@dhlexpress.com
Microsoft Corp,MSFT,Datadog Inc,DDOG,Service Provider,19.69,Observability,2022-03-22,5599124.45,"01680 Miller Roads Apt. 507, Ayalahaven, ID 76845",charles.barnett@datadoginc.com
Amazon.com Inc,AMZN,FedEx Corp,FDX,Logistics Partner,2.27,Express Delivery,2025-09-14,2749538.27,"10401 King Pines, New Rosetown, KS 82496",kimberly.benton@fedexcorp.com
FactSet Research,FDS,SAP SE,SAP,Service Provider,16.98,ERP,2024-12-06,4215389.15,"26610 Wilson Vista, South Kathryntown, HI 42595",tina.stokes@sapse.com
Tesla Inc,TSLA,DHL Express,DHL.DE,Logistics Partner,13.63,International Shipping,2024-08-22,2892742.4,,
Microsoft Corp,MSFT,IBM Corp,IBM,Service Provider,18.11,IT Infrastructure,2022-08-27,9246906.75,"5466 Mike Fort Apt. 253, Rodriguezmouth, MO 78292",henry.davis@ibmcorp.com
Caterpillar Inc,CAT,Weyland-Yutani,WLND,Direct Supplier,16.95,Fasteners,2022-05-02,5760604.41,,
Home Depot,HD,Iron Mountain,IRM,Service Provider,2.46,Data Storage,2024-11-16,8833978.93,"58935 Garcia Station, Pooleland, CO 08652",ashley.taylor@ironmountain.com
Qualcomm Inc,QCOM,Accenture plc,ACN,Service Provider,18.54,Consulting,2025-04-14,4917857.16,,
Chevron Corp,CVX,Accenture plc,ACN,Service Provider,8.12,Consulting,,2039857.63,"7771 Michael Springs, Rodriguezstad, VT 80443",kenneth.roberts@accentureplc.com
Broadcom Inc,AVGO,Samsung Electronics,005930.KS,Contract Manufacturer,5.53,Memory Chips,2023-01-09,265826.33,,
Alphabet Inc,GOOGL,Deloitte,DLT,Service Provider,11.57,Consulting,2025-02-04,3294961.71,"740 Matthew Green, West Pamela, AR 18757",larry.montgomery@deloitte.com
Home Depot,HD,Iron Mountain,IRM,Service Provider,8.97,Data Storage,2022-11-11,3197785.38,"2064 Sarah Street Apt. 061, Hendrixfurt, UT 81222",carla.garcia@ironmountain.com
Johnson & Johnson,JNJ,Deloitte,DLT,Service Provider,17.87,Consulting,2022-05-03,2134822.22,,
NVIDIA Corp,NVDA,SAP SE,SAP,Service Provider,19.09,Business Software,2024-01-15,7126122.94,,
Tesla Inc,TSLA,Iron Mountain,IRM,Service Provider,1.71,Records Management,2025-03-26,3846383.8,"4273 Conway Brook Apt. 763, North Joseph, MN 68924",shannon.barker@ironmountain.com
Johnson & Johnson,JNJ,Danaher Corp,DHR,Direct Supplier,18.9,Bioprocessing,2022-04-14,1721492.63,"3110 Smith Trail, North Christine, ND 10825",megan.burton@danahercorp.com
JPMorgan Chase,JPM,FedEx Corp,FDX,Logistics Partner,7.24,Express Delivery,2024-09-16,5166292.34,"678 Knapp Knoll, South Rebeccafurt, NC 67097",jennifer.estrada@fedexcorp.com
Texas Instruments,TXN,TSMC,TSM,Contract Manufacturer,15.74,Advanced Packaging,2023-05-05,3240906.24,"1752 Nicole Garden Suite 432, Johnsontown, SC 47782",jack.booth@tsmc.com
Tesla Inc,TSLA,Mobileye Global,MBLY,Direct Supplier,28.14,Computer Vision,2025-05-27,6564320.96,"685 Michael Falls, West Stacey, NM 25667",nicholas.conner@mobileyeglob.com
AMD Inc,AMD,Micron Technology,MU,Direct Supplier,14.83,DRAM Modules,2022-09-17,2712525.8,"20502 Ortega Port Suite 239, North Christopher, TX 23064",erica.williams@microntechno.com
Merck & Co,MRK,Charles River Labs,CRL,Service Provider,8.53,Preclinical Services,2023-09-18,7273584.22,"1465 Cynthia Club, North Frederick, AR 11587",wayne.hill@charlesriver.com
Oracle Corp,ORCL,Datadog Inc,DDOG,Service Provider,13.88,Monitoring,2023-07-06,6533293.96,"732 Smith Crest, Bakerside, VT 62086",lee.miller@datadoginc.com
Johnson & Johnson,JNJ,Charles River Labs,CRL,Service Provider,7.9,Safety Testing,2024-06-11,2057498.34,"52160 Matthew Forest, Karinaberg, VA 87574",katherine.carter@charlesriver.com
Alphabet Inc,GOOGL,ServiceNow Inc,NOW,Service Provider,17.76,IT Service Management,2023-05-03,6215980.38,,kevin.guzman@servicenowin.com
Chevron Corp,CVX,UPS Inc,UPS,Logistics Partner,7.34,Shipping,2023-12-03,5485418.53,"06462 Page Throughway Apt. 326, Angelaton, GU 40083",vanessa.fox@upsinc.com
Coca-Cola Co,KO,Deloitte,DLT,Service Provider,7.82,Audit,2025-03-02,5162755.47,,
NVIDIA Corp,NVDA,ASML Holding,ASML,Direct Supplier,19.56,DUV Systems,2023-07-22,2877671.62,"4339 Brianna Well Apt. 008, Curtisberg, TX 49940",brendan.pope@asmlholding.com
Ford Motor Co,F,ZF Friedrichshafen,ZF.DE,Direct Supplier,16.36,Steering Systems,2023-04-14,313174.54,,jonathan.lane@zffriedrichs.com
Broadcom Inc,AVGO,TSMC,TSM,Contract Manufacturer,13.62,Advanced Packaging,2022-06-26,3076732.38,,
Intel Corp,INTC,Cyberdyne Systems,CYBD,Logistics Partner,4.39,Supply Chain,2022-11-22,7680402.66,"083 Debra Lock, Donnaton, MA 67339",william.graham@upsinc.com
Eli Lilly,LLY,DHL Express,DHL.DE,Logistics Partner,5.6,International Shipping,2023-08-18,7237397.29,,
Tesla Inc,TSLA,CATL,300750.SZ,Direct Supplier,9.91,Lithium-Ion Batteries,2023-06-03,480650.89,"967 Leslie Manors Apt. 221, West Joeport, NV 04354",kristin.martinez@catl.com
Netflix Inc,NFLX,Workday Inc,WDAY,Service Provider,17.4,Finance,2024-06-03,4444086.69,,scott.lopez@workdayinc.com
General Electric,GE,DHL Express,DHL.DE,Logistics Partner,-57.0,International Shipping,2025-12-10,5355378.84,"02534 John Manors, Marshmouth, NJ 50946",sherri.woods@dhlexpress.com
Boeing Co,BA,FedEx Corp,FDX,Logistics Partner,19.57,Express Delivery,2023-01-09,4901425.39,"1611 Jamie Isle Suite 322, Rebeccaland, NY 19977",richard.smith@fedexcorp.com
Qualcomm Inc,QCOM,FedEx Corp,FDX,Logistics Partner,8.9,Express Delivery,2025-11-05,9783888.06,"06382 Joshua Groves, East Patrick, WI 35301",aaron.davis@fedexcorp.com
Ford Motor Co,F,FedEx Corp,FDX,Logistics Partner,12.49,Express Delivery,2025-06-21,5063189.85,,
Broadcom Inc,AVGO,Samsung Electronics,005930.KS,Contract Manufacturer,2.81,Foundry Services,2025-04-13,535051.96,,
Coca-Cola Co,KO,IBM Corp,IBM,Service Provider,17.14,Cloud,2022-01-14,3130719.91,,brianna.garcia@ibmcorp.com
PepsiCo Inc,PEP,Workday Inc,WDAY,Service Provider,1.38,HR Software,2024-09-07,9148690.9,"18848 Sherman Estate Apt. 089, Johnport, VA 55911",jessica.singh@workdayinc.com
NVIDIA Corp,NVDA,ASE Technology,ASX,Contract Manufacturer,9.27,Semiconductor Packaging,2023-08-26,7213432.79,"180 Janet Hills, Jenniferton, PW 06337",pamela.nunez@asetechnolog.com
Cisco Systems,CSCO,ServiceNow Inc,NOW,Service Provider,3.81,IT Service Management,2022-11-05,7477013.49,"USCGC Castillo, FPO AA 51423",vanessa.tapia@servicenowin.com
Microsoft Corp,MSFT,Iron Mountain,IRM,Service Provider,4.05,Records Management,2024-02-25,237664.77,,lisa.harris@ironmountain.com
AMD Inc,AMD,Sumco Corp,3436.T,Direct Supplier,2.2,Silicon Wafers,2024-07-04,3731584.74,"6942 Audrey Highway Apt. 837, Nicoleport, FM 21343",tina.haney@sumcocorp.com
Chevron Corp,CVX,Schlumberger,SLB,Service Provider,3.4,Drilling Services,2022-06-28,1370375.45,"942 Dean Knolls Suite 897, Lake Danaville, UT 18622",stanley.fletcher@schlumberger.com
PepsiCo Inc,PEP,Workday Inc,WDAY,Service Provider,8.48,HR Software,2023-11-05,8761585.35,,
General Electric,GE,UPS Inc,UPS,Logistics Partner,3.78,Supply Chain,2024-11-27,1462770.85,,
Cisco Systems,CSCO,FedEx Corp,FDX,Logistics Partner,12.4,Freight,2025-07-07,6940605.24,"USNS Edwards, FPO AE 62789",sean.wheeler@fedexcorp.com
Nike Inc,NKE,SAP SE,SAP,Service Provider,19.2,ERP,2025-05-08,6070560.03,"86549 House Center, Lake Lawrence, CO 36001",peggy.smith@sapse.com
Coca-Cola Co,KO,Iron Mountain,IRM,Service Provider,15.75,Records Management,2025-06-12,210639.68,,william.williams@ironmountain.com
Intel Corp,INTC,Sumco Corp,3436.T,Direct Supplier,27.36,Silicon Wafers,2024-02-16,2818653.33,"588 Erickson Hills Suite 055, South Brandytown, PA 62706",sarah.flores@sumcocorp.com
Caterpillar Inc,CAT,Parker Hannifin,PH,Direct Supplier,4.33,Pneumatics,2024-11-02,1109326.32,"USCGC Hill, FPO AP 80001",sean.edwards@parkerhannif.com
Salesforce Inc,CRM,DHL Express,DHL.DE,Logistics Partner,1.14,International Shipping,2025-12-08,852243.01,"5130 Malik Roads Apt. 198, Ruthmouth, ME 63703",alyssa.johnson@dhlexpress.com
Walt Disney Co,DIS,IBM Corp,IBM,Service Provider,17.51,IT Infrastructure,2023-01-02,7703110.13,"0682 Donna Extension, East Crystal, MD 88828",april.aguirre@ibmcorp.com
Cisco Systems,CSCO,Accenture plc,ACN,Service Provider,15.99,Consulting,2023-11-30,2084860.09,,
Apple Inc,AAPL,Accenture plc,ACN,Service Provider,14.45,IT Services,2025-10-24,9175445.96,,
Lockheed Martin,LMT,BAE Systems,BA.L,Direct Supplier,1.8,Platforms,2023-12-28,2261943.62,,walter.morris@baesystems.com
JPMorgan Chase,JPM,FactSet Research,FDS,Service Provider,18.44,Data Feeds,2024-05-08,8340646.06,,
Intel Corp,INTC,UPS Inc,UPS,Logistics Partner,11.4,Shipping,2022-05-21,4765911.89,,jeremy.decker@upsinc.com
Microsoft Corp,MSFT,Akamai Technologies,AKAM,Service Provider,9.96,CDN,2023-01-08,4596510.55,,henry.richardson@akamaitechno.com
Goldman Sachs,GS,FIS Global,FIS,Service Provider,18.32,Core Banking Platform,2023-08-06,1354027.61,"9469 Thompson Parkway, Lake Mary, LA 59353",alexandra.fernandez@fisglobal.com
Oracle Corp,ORCL,CrowdStrike,CRWD,Service Provider,4.42,Endpoint Security,2022-04-03,8196955.07,,jeffrey.miles@crowdstrike.com
Netflix Inc,NFLX,Accenture plc,ACN,Service Provider,10.22,IT Services,2023-03-25,3431423.49,"45353 Casey Isle Suite 509, South Eric, RI 36109",kevin.jones@accentureplc.com
Tesla Inc,TSLA,Workday Inc,WDAY,Service Provider,5.57,Finance,2025-02-17,7543132.98,"176 Ferguson Green, Mendozamouth, NV 99296",jeffrey.estes@workdayinc.com
Tesla Inc,TSLA,Albemarle Corp,ALB,Direct Supplier,1.52,Lithium,2022-03-23,9600574.2,"7932 Michael Underpass, New Linda, WV 91761",kendra.mata@albemarlecor.com
Tesla Inc,TSLA,Accenture plc,ACN,Service Provider,9.63,Consulting,2023-11-04,5898742.9,"13484 Jeffrey Courts, East Darlene, MN 24295",nicholas.pena@accentureplc.com
Home Depot,HD,Workday Inc,WDAY,Service Provider,5.96,Finance,2022-06-24,5480463.57,"USS Howard, FPO AP 93665",heather.black@workdayinc.com
Amazon.com Inc,AMZN,DHL Express,DHL.DE,Logistics Partner,1.31,International Shipping,2024-06-14,9956761.92,"9799 Jessica Forks, East Angela, VT 59176",gabriel.ray@dhlexpress.com
Merck & Co,MRK,Lonza Group,LONN.SW,Contract Manufacturer,8.66,Biologics,2025-06-09,4629895.16,"9791 Kelly Forks Suite 975, Cookstad, KS 52038",linda.martin@lonzagroup.com
Amazon.com Inc,AMZN,Accenture plc,ACN,Service Provider,7.01,IT Services,2023-07-13,8735564.95,,
JPMorgan Chase,JPM,Weyland-Yutani,WLND,Service Provider,11.91,Trading Systems,2022-12-17,758866.57,"740 Carol Circle, Higginsland, NE 56363",roberto.cox@bloomberglp.com
General Electric,GE,SAP SE,SAP,Service Provider,3.88,ERP,2023-10-13,3192256.13,"0627 Jeremiah Dam, Nelsonborough, MS 12187",john.hudson@sapse.com
Boeing Co,BA,Honeywell Intl,HON,Direct Supplier,17.51,Flight Controls,2022-08-23,3409062.86,"61189 Austin Inlet, Foxville, UT 50502",laura.lopez@honeywellint.com
Apple Inc,AAPL,FedEx Corp,FDX,Logistics Partner,3.63,Express Delivery,2025-06-23,5058444.49,"38045 Kevin Parkways, South Steven, DC 42784",molly.owens@fedexcorp.com
Procter & Gamble,PG,Workday Inc,WDAY,Service Provider,12.7,Finance,2022-09-21,2578181.88,,
Broadcom Inc,AVGO,Workday Inc,WDAY,Service Provider,15.02,Finance,2022-12-16,9812096.02,,
General Motors,GM,ServiceNow Inc,NOW,Service Provider,17.81,IT Service Management,2024-10-06,8823618.05,"245 Myers Mall Suite 430, Maryville, NE 60142",danielle.sheppard@servicenowin.com
JPMorgan Chase,JPM,FactSet Research,FDS,Service Provider,10.99,Financial Analytics,2025-03-14,1846660.03,"62962 Lisa Burg Suite 983, East Marieview, WV 35919",kari.sanchez@factsetresea.com
Intel Corp,INTC,Weyland-Yutani,WLND,Service Provider,14.0,IT Service Management,2024-04-13,706295.62,"962 Allison Roads Suite 791, North Michaelbury, DC 87277",michael.little@servicenowin.com
Goldman Sachs,GS,Fiserv Inc,FI,Service Provider,5.6,Digital Banking,2023-12-15,4086385.49,,
Salesforce Inc,CRM,Accenture plc,ACN,Service Provider,5.6,IT Services,2025-01-09,588036.11,"9935 Derek Junctions Suite 772, Morrisfort, MS 39348",patricia.medina@accentureplc.com
Broadcom Inc,AVGO,UPS Inc,UPS,Logistics Partner,8.36,Shipping,2025-05-27,8939982.45,,
Meta Platforms Inc,META,Stark Industries,STRK,Service Provider,16.34,ERP,2025-09-01,1451583.14,"07701 Tucker Track, Lake Timothy, OK 41125",alexander.banks@sapse.com
Microsoft Corp,MSFT,Equinix Inc,EQIX,Service Provider,19.88,Data Center Colocation,2024-09-18,9949414.69,"56688 Laura Club Suite 647, Cynthiaberg, NH 76867",james.vasquez@equinixinc.com
Amazon.com Inc,AMZN,IBM Corp,IBM,Service Provider,3.39,Cloud,2024-11-26,3737636.05,,
Johnson & Johnson,JNJ,West Pharmaceutical,WST,Direct Supplier,12.37,Drug Packaging,2025-07-29,9018215.9,,
Tesla Inc,TSLA,CATL,300750.SZ,Direct Supplier,17.72,Lithium-Ion Batteries,2024-08-26,3824729.05,"8311 Susan View, South Sharonmouth, PA 18791",patricia.carr@catl.com
Alphabet Inc,GOOGL,,,Service Provider,7.28,Cloud,2024-11-28,8403056.97,,
NVIDIA Corp,NVDA,UPS Inc,UPS,Logistics Partner,3.45,Supply Chain,2025-11-16,1774704.02,"8592 Julie Valley Suite 665, West Vincent, NV 91970",christopher.perkins@upsinc.com
Coca-Cola Co,KO,ServiceNow Inc,NOW,Service Provider,17.38,IT Service Management,2023-11-04,8435274.21,,
Cisco Systems,CSCO,IBM Corp,IBM,Service Provider,16.66,Cloud,2024-10-01,1120007.79,"390 John Groves Apt. 292, Thomasmouth, TX 48251",ann.sanchez@ibmcorp.com
Merck & Co,MRK,Deloitte,DLT,Service Provider,14.69,Consulting,2022-05-14,9345660.46,,
PepsiCo Inc,PEP,ServiceNow Inc,NOW,Service Provider,7.63,IT Service Management,2025-08-07,5254275.21,"2043 Cannon Islands, Lake Stephanieview, PW 53108",gregory.patterson@servicenowin.com
NVIDIA Corp,NVDA,ServiceNow Inc,NOW,Service Provider,16.21,IT Service Management,2022-09-09,439474.45,"2330 Audrey Ferry, Hendersonport, PR 02774",matthew.burke@servicenowin.com
Chevron Corp,CVX,NOV Inc,NOV,Direct Supplier,2.48,Rig Equipment,2023-12-14,6176958.08,,
Adobe Inc,ADBE,ServiceNow Inc,NOW,Service Provider,6.03,IT Service Management,2023-11-07,6438253.94,"50796 Williamson Via Suite 842, North Deborahport, CO 36973",angela.oneal@servicenowin.com
NVIDIA Corp,NVDA,,,Contract Manufacturer,12.08,Foundry Services,2023-03-04,1888259.03,,matthew.white@samsungelect.com
Procter & Gamble,PG,ServiceNow Inc,NOW,Service Provider,17.16,IT Service Management,2023-06-13,5791582.38,"444 Ramirez Mount, South Devinport, KY 45535",benjamin.hardy@servicenowin.com
Eli Lilly,LLY,Avantor Inc,AVTR,Direct Supplier,19.42,Biopharma Materials,2023-01-17,5472263.49,,jennifer.kennedy@avantorinc.com
General Motors,GM,Magna International,MGA,Contract Manufacturer,,Body Assemblies,2023-08-02,7715148.75,"2083 Stephanie Track Apt. 001, Millerhaven, IN 23893",ashley.reed@magnainterna.com
Costco Wholesale,COST,SAP SE,SAP,Service Provider,5.99,Business Software,2022-11-24,2079372.49,"77601 Jeffrey Loaf, West Megan, MN 12573",brandon.watson@sapse.com
Meta Platforms Inc,META,ServiceNow Inc,NOW,Service Provider,13.58,IT Service Management,2025-02-11,6475329.67,,alicia.morrison@servicenowin.com
Lockheed Martin,LMT,Umbrella Corp,UMBR,Tier 2 Supplier,9.66,IT Services,2023-02-10,7077652.48,"414 Francis Road Suite 267, New Amberstad, PR 06219",melissa.nguyen@generaldynam.com
Apple Inc,AAPL,Accenture plc,ACN,Service Provider,7.83,IT Services,2022-02-11,4935026.85,"3067 Pamela Street, Port Brian, OH 69614",jacob.chase@accentureplc.com
Costco Wholesale,COST,FedEx Corp,FDX,Logistics Partner,1.53,Freight,2023-07-01,3729459.59,"55741 Stacy Terrace, Craigville, ND 72085",kimberly.williams@fedexcorp.com
Walt Disney Co,DIS,SAP SE,SAP,Service Provider,19.6,Business Software,2025-09-23,8454473.81,,julie.smith@sapse.com
Amazon.com Inc,AMZN,ServiceNow Inc,NOW,Service Provider,13.89,IT Service Management,2024-05-06,7082528.29,"USNV Parker, FPO AP 93732",jessica.castro@servicenowin.com
Johnson & Johnson,JNJ,Catalent Inc,CTLT,Contract Manufacturer,5.89,Drug Delivery,2022-06-20,6363915.0,,
Broadcom Inc,AVGO,ASML Holding,ASML,Direct Supplier,7.77,EUV Lithography Equipment,2025-02-26,9493800.14,"956 Kelly Loaf, Lake Rachelbury, OK 68803",ricky.johnson@asmlholding.com
Procter & Gamble,PG,IBM Corp,IBM,Service Provider,3.56,Cloud,2023-09-07,3795778.88,"724 Moyer Village Suite 729, West Hannah, CO 87933",samuel.romero@ibmcorp.com
Netflix Inc,NFLX,ServiceNow Inc,NOW,Service Provider,15.81,IT Service Management,2023-09-11,5451309.21,,
Chevron Corp,CVX,Accenture plc,ACN,Service Provider,9.7,Consulting,2023-05-06,1793349.39,"98356 Anderson Garden Apt. 886, Sullivanberg, NJ 33128",justin.mitchell@accentureplc.com
Ford Motor Co,F,Aptiv PLC,APTV,Direct Supplier,16.85,Electrical Architecture,2023-06-13,3231507.41,"34465 Monique Estate Suite 189, Port April, RI 66043",kenneth.wilson@aptivplc.com
Johnson & Johnson,JNJ,IBM Corp,IBM,Service Provider,4.47,IT Infrastructure,2023-03-11,5843170.56,"9852 Reid Pass Suite 470, Lorettaport, MN 05118",danielle.peterson@ibmcorp.com
Broadcom Inc,AVGO,UPS Inc,UPS,Logistics Partner,8.38,Shipping,2025-12-09,3000550.56,,
Eli Lilly,LLY,Thermo Fisher,TMO,Direct Supplier,1.56,Lab Equipment,2023-06-26,9467713.77,,robert.whitehead@thermofisher.com
General Motors,GM,Weyland-Yutani,WLND,Service Provider,pending,HR Software,2025-06-26,9332447.71,,
Ford Motor Co,F,IBM Corp,IBM,Service Provider,1.14,IT Infrastructure,2024-13-45,9545181.24,"49820 Allison Alley, East Philipmouth, MI 44744",keith.franco@ibmcorp.com
Coca-Cola Co,KO,FedEx Corp,FDX,Logistics Partner,10.63,Express Delivery,2024-03-12,2670740.29,"98818 Harris Mountains Suite 583, East Richard, WV 62746",kimberly.cannon@fedexcorp.com
Adobe Inc,ADBE,Microsoft Azure,MSFT,Service Provider,3.69,Cloud Platform,2023-03-17,9576358.13,"7592 Amanda Walk, New Jeffreyside, WV 75466",michael.stone@microsoftazu.com
FactSet Research,FDS,Deloitte,DLT,Service Provider,2.85,Audit,2025-09-15,6224622.67,,
Boeing Co,BA,Raytheon Technologies,RTX,Direct Supplier,,Engines,2024-11-22,8519102.18,"86852 Mahoney Island, Meganchester, WV 83501",stephen.ortega@raytheontech.com
Lockheed Martin,LMT,UPS Inc,UPS,Logistics Partner,19.61,Supply Chain,2025-11-19,7635627.83,"833 Robles Falls Apt. 372, New Josephview, CO 97901",amanda.miller@upsinc.com
Ford Motor Co,F,SAP SE,SAP,Service Provider,4.94,Business Software,2025-12-03,9686480.03,"858 Griffin River Apt. 106, Ellisberg, NE 38472",patricia.castro@sapse.com
NVIDIA Corp,NVDA,Soylent Corp,SOYL,Direct Supplier,9.96,DRAM Modules,2024-02-24,9206254.13,"1968 Jacqueline Freeway, Aarontown, MN 73688",andrea.ryan@microntechno.com
Ford Motor Co,F,Lear Corp,LEA,Direct Supplier,5.28,Electrical Systems,2025-10-18,5888255.6,,kelly.jensen@learcorp.com
Oracle Corp,ORCL,Akamai Technologies,AKAM,Service Provider,14.28,CDN,2022-07-03,5203652.91,"3918 Gregory Plains Suite 876, Port Danielleport, KS 29842",melissa.barnett@akamaitechno.com
Oracle Corp,ORCL,Cloudflare Inc,NET,Service Provider,7.61,CDN,2023-08-13,7073240.81,"USNV Stone, FPO AE 98934",stephanie.harrington@cloudflarein.com
General Motors,GM,BorgWarner Inc,BWA,Direct Supplier,2.96,Drivetrain,2025-05-07,3085628.52,,
Salesforce Inc,CRM,FedEx Corp,FDX,Logistics Partner,11.64,Express Delivery,2024-03-19,9097863.16,"Unit 7439 Box 2708, DPO AE 22885",john.stanley@fedexcorp.com
Goldman Sachs,GS,Fiserv Inc,FI,Service Provider,16.09,Payment Processing,2025-11-21,1942399.62,"1110 Ashley Ports Suite 647, Kellystad, MT 45251",lisa.robbins@fiservinc.com
General Motors,GM,IBM Corp,IBM,Service Provider,5.02,IT Infrastructure,2022-04-10,8025501.73,"2403 Janet Circles Suite 355, West Clintonborough, VA 18795",eric.harmon@ibmcorp.com
NVIDIA Corp,NVDA,Tokyo Electron,8035.T,Direct Supplier,5.52,Etch Systems,2023-08-24,8302576.41,"148 Eric Track, New Stephanie, NC 00575",aaron.bowen@tokyoelectro.com
Home Depot,HD,UPS Inc,UPS,Logistics Partner,,Shipping,2025-02-07,9350844.59,"59408 David Inlet, Kevinfort, AK 19227",sandra.wilson@upsinc.com
General Motors,GM,Denso Corp,6902.T,Tier 2 Supplier,13.96,HVAC Systems,2025-02-01,2280754.09,,
Nike Inc,NKE,ServiceNow Inc,NOW,Service Provider,18.93,IT Service Management,2023-06-10,9555406.18,"75056 William Harbor Apt. 072, Jonesfurt, ID 27439",michael.spears@servicenowin.com
Netflix Inc,NFLX,Deloitte,DLT,Service Provider,pending,Audit,2023-04-22,8949664.84,,marc.fischer@deloitte.com
Qualcomm Inc,QCOM,Amkor Technology,AMKR,Contract Manufacturer,34.75,IC Packaging,2022-08-21,4641406.55,"842 Martinez Tunnel Suite 105, Nelsonland, KS 93866",jean.miles@amkortechnol.com
Qualcomm Inc,QCOM,UPS Inc,UPS,Logistics Partner,1.21,Shipping,2024-11-24,3115251.05,,jennifer.durham@upsinc.com
Tesla Inc,TSLA,FedEx Corp,FDX,Logistics Partner,14.61,Freight,2025-10-06,794500.75,"8622 Mindy Circle Suite 065, Aprilmouth, IN 13888",richard.morse@fedexcorp.com
Microsoft Corp,MSFT,Google Cloud,GOOGL,Service Provider,15.41,Cloud Infrastructure,2023-06-09,5365141.59,,
Qualcomm Inc,QCOM,Iron Mountain,IRM,Service Provider,12.61,Records Management,2025-11-17,7013475.82,"725 Jackson Ports Apt. 693, West Alyssa, WY 90473",erin.murphy@ironmountain.com
Home Depot,HD,Deloitte,DLT,Service Provider,12.59,Consulting,2023-01-26,7531478.12,"207 Michael Inlet, New Markbury, IN 14321",janice.white@deloitte.com
Starbucks Corp,SBUX,Workday Inc,WDAY,Service Provider,17.21,HR Software,2024-11-21,6062680.37,"35699 Brianna Street Apt. 358, Grimesfurt, OH 67972",tammy.fry@workdayinc.com
Oracle Corp,ORCL,Deloitte,DLT,Service Provider,14.84,Audit,2025-12-21,4443103.21,"USNV Figueroa, FPO AP 30231",jennifer.acevedo@deloitte.com
Texas Instruments,TXN,UPS Inc,UPS,Logistics Partner,2.72,Shipping,2025-12-03,2987546.0,"06163 Mary Green, Reneeland, CO 51369",stacy.jackson@upsinc.com
Merck & Co,MRK,SAP SE,SAP,Service Provider,15.81,ERP,2022-09-08,145848.35,"7698 Lawrence Plains, Shepardmouth, LA 37041",lindsey.cooper@sapse.com
Texas Instruments,TXN,ServiceNow Inc,NOW,Service Provider,15.8,IT Service Management,2025-02-07,7620559.81,"70088 Walker Fields Apt. 148, Thomasville, MO 49459",william.murphy@servicenowin.com
Alphabet Inc,GOOGL,SAP SE,SAP,Service Provider,3.21,Business Software,2022-06-20,4786556.26,"4464 Thomas Views Apt. 041, Geoffreyberg, FM 97155",carlos.mann@sapse.com
Starbucks Corp,SBUX,SAP SE,SAP,Service Provider,4.72,ERP,2022-12-27,8436670.14,"138 Brown Islands Suite 117, East Natalieville, OR 89871",heather.cunningham@sapse.com
Merck & Co,MRK,West Pharmaceutical,WST,Direct Supplier,1.05,Drug Packaging,2024-10-02,4611838.89,"6052 Teresa Wells Apt. 213, North Danielle, NY 58017",lisa.cole@westpharmace.com
Cisco Systems,CSCO,Iron Mountain,IRM,Service Provider,19.85,Records Management,2023-05-31,7557874.49,"921 Mcclure Keys Suite 527, Keithburgh, VT 66408",connor.alvarado@ironmountain.com
Amazon.com Inc,AMZN,SAP SE,SAP,Service Provider,470.23,ERP,2023-01-13,6860191.77,"31820 Mahoney Crossroad Apt. 481, New Johnton, PW 45929",angela.morse@sapse.com
Oracle Corp,ORCL,Equinix Inc,EQIX,Service Provider,1.38,Data Center Colocation,2022-04-03,9465302.25,"1296 Powell Neck, Smithside, ID 96269",joshua.juarez@equinixinc.com
Microsoft Corp,MSFT,Palo Alto Networks,PANW,Service Provider,12.62,Network Security,2024-12-25,2208733.73,"4425 Todd Dam, Carlyport, CO 65503",pamela.parker@paloaltonetw.com
Walt Disney Co,DIS,IBM Corp,IBM,Service Provider,9.46,IT Infrastructure,2025-03-27,517591.08,,maria.thomas@ibmcorp.com
Merck & Co,MRK,West Pharmaceutical,WST,Direct Supplier,6.98,Delivery Systems,2022-08-25,6946077.67,"316 Alexandra Path, Debbietown, CO 04880",brandy.walker@westpharmace.com
Intel Corp,INTC,Entegris Inc,ENTG,Direct Supplier,2.32,Filtration,2022-01-12,3273567.11,"383 Todd Ferry, Thomasburgh, IN 60179",frank.stewart@entegrisinc.com
Goldman Sachs,GS,SS&C Technologies,SSNC,Service Provider,9.53,Fund Administration,2024-08-23,8679658.87,"776 Cox Islands Suite 283, East Jennifer, OK 26007",jared.sullivan@ss&ctechnolo.com
Cisco Systems,CSCO,FedEx Corp,FDX,Logistics Partner,11.59,Freight,2024-09-05,714847.91,"137 Robert Islands Apt. 942, Lake Daniel, PW 75219",ian.carter@fedexcorp.com
General Motors,GM,,,Direct Supplier,17.37,ABS Systems,2022-08-21,278924.21,"8753 Jones Landing, Carrilloville, MD 31284",jessica.nichols@robertbosch.com
Netflix Inc,NFLX,Iron Mountain,IRM,Service Provider,8.16,Records Management,2024-05-29,975970.83,"6823 White Glen, Lake Davidview, MO 23327",bryan.edwards@ironmountain.com
Alphabet Inc,GOOGL,IBM Corp,IBM,Service Provider,6.04,IT Infrastructure,2024-09-15,7880770.92,"4028 Barrera Ford Apt. 697, Duncanville, IA 88986",brandi.wilson@ibmcorp.com
Texas Instruments,TXN,FedEx Corp,FDX,Logistics Partner,12.81,Express Delivery,2023-04-17,541220.95,,
Chevron Corp,CVX,IBM Corp,IBM,Service Provider,12.77,Cloud,2025-10-04,6169967.98,,shirley.young@ibmcorp.com
Meta Platforms Inc,META,UPS Inc,UPS,Logistics Partner,16.91,Supply Chain,2025-07-01,5472935.69,,
FactSet Research,FDS,DHL Express,DHL.DE,Logistics Partner,3.14,International Shipping,2022-11-03,1524587.43,"7430 Anthony Tunnel Apt. 896, New Timothyfurt, WI 49945",bobby.johnson@dhlexpress.com
Intel Corp,INTC,FedEx Corp,FDX,Logistics Partner,11.06,Express Delivery,2023-11-30,7261329.67,"PSC 9511, Box 2033, APO AP 98719",rebecca.baker@fedexcorp.com
General Motors,GM,ServiceNow Inc,NOW,Service Provider,331.03,IT Service Management,2025-02-21,5081152.26,"15320 Richard Causeway, New Jeanbury, VT 28961",miguel.tyler@servicenowin.com
Home Depot,HD,Iron Mountain,IRM,Service Provider,7.53,Data Storage,2023-04-03,6043322.51,,anthony.hardy@ironmountain.com
JPMorgan Chase,JPM,Broadridge Financial,BR,Service Provider,7.63,Investor Communications,2025-07-10,4966464.4,"356 Black Branch, Johnland, MO 88803",jonathan.reyes@broadridgefi.com
Merck & Co,MRK,Accenture plc,ACN,Service Provider,3.35,IT Services,2025-08-26,9416363.18,"71461 Daniel Ports, Robertfort, AS 51289",erika.shelton@accentureplc.com
NVIDIA Corp,NVDA,SAP SE,SAP,Service Provider,7.46,Business Software,2024-05-08,4285907.51,"1622 Bennett Stravenue Suite 718, Michaelport, AL 95802",bryan.brown@sapse.com
Walt Disney Co,DIS,Wayne Enterprises,WAYN,Service Provider,5.02,ERP,2025-06-21,2295644.59,,
Lockheed Martin,LMT,Deloitte,DLT,Service Provider,9.27,Consulting,2022-09-09,9302239.04,"74166 Clark Camp, Johnsonport, FL 73405",christopher.moore@deloitte.com
Coca-Cola Co,KO,Acme Widget Corp,ACME,Logistics Partner,6.36,Express Delivery,2023-12-15,6064180.3,"819 Andrews Island, Lake Whitney, CA 42007",benjamin.curry@fedexcorp.com
JPMorgan Chase,JPM,Bloomberg LP,BBG,Service Provider,13.9,Market Data,2024-11-17,6380510.58,"65811 Joshua Throughway Apt. 778, South Jeffrey, AZ 89054",dale.davila@bloomberglp.com
Oracle Corp,ORCL,Initech Solutions,INIT,Service Provider,14.01,Endpoint Security,2024-07-29,6810228.9,,
General Motors,GM,FedEx Corp,FDX,Logistics Partner,13.12,Freight,2023-06-19,4688070.75,,stuart.edwards@fedexcorp.com
Starbucks Corp,SBUX,Accenture plc,ACN,Service Provider,13.95,Consulting,2025-01-09,8153120.14,,
Salesforce Inc,CRM,UPS Inc,UPS,Logistics Partner,15.75,Shipping,2024-06-24,3000243.16,,chris.sullivan@upsinc.com
Microsoft Corp,MSFT,Workday Inc,WDAY,Service Provider,454.86,Finance,2023-04-29,3665242.2,,michele.donovan@workdayinc.com
FactSet Research,FDS,UPS Inc,UPS,Logistics Partner,406.07,Shipping,2023-09-05,3531937.99,,joshua.smith@upsinc.com
PepsiCo Inc,PEP,ServiceNow Inc,NOW,Service Provider,13.85,IT Service Management,2022-05-14,903213.08,"5331 Goodwin Groves Suite 060, Debbieport, CT 13100",dylan.bruce@servicenowin.com
JPMorgan Chase,JPM,SS&C Technologies,SSNC,Service Provider,1.8,Fund Administration,2022-11-10,7614142.19,"84894 Church Port Suite 357, Mosleytown, NJ 15740",william.hansen@ss&ctechnolo.com
Broadcom Inc,AVGO,Iron Mountain,IRM,Service Provider,8.16,Data Storage,2025-09-20,5291650.95,"5158 Moreno Lodge Suite 913, Hernandezview, NY 30365",brandon.stanley@ironmountain.com
Home Depot,HD,Iron Mountain,IRM,Service Provider,2.22,Records Management,2025-01-16,3033924.34,"Unit 7110 Box 3402, DPO AE 64914",eileen.miller@ironmountain.com
Nike Inc,NKE,UPS Inc,UPS,Logistics Partner,7.64,Shipping,2023-03-13,6650178.04,"4817 Adrian Unions Suite 615, Sonyaland, NE 85960",robert.clark@upsinc.com
PepsiCo Inc,PEP,Iron Mountain,IRM,Service Provider,2.59,Data Storage,2024-04-05,6184060.28,"2357 Christian Ridges, Bethland, GU 11071",andrea.simmons@ironmountain.com
Tesla Inc,TSLA,BorgWarner Inc,BWA,Direct Supplier,16.99,Electric Drive Modules,2022-10-14,8918405.54,"119 Alyssa Stream Apt. 339, Port Howard, SD 65378",leonard.smith@borgwarnerin.com
General Electric,GE,UPS Inc,UPS,Logistics Partner,11.14,Shipping,2025-08-09,296088.79,,
Lockheed Martin,LMT,ServiceNow Inc,NOW,Service Provider,3.73,IT Service Management,2022-08-01,6858950.24,"4014 Andrea Vista, Tracystad, LA 31266",gerald.andrews@servicenowin.com
Walt Disney Co,DIS,,,Service Provider,2.02,IT Infrastructure,2023-03-17,6475432.55,"67828 Natasha Plains Suite 006, Castanedahaven, TX 69127",donna.walter@ibmcorp.com
Caterpillar Inc,CAT,SAP SE,SAP,Service Provider,3.03,ERP,2025-11-15,1573912.23,,
Chevron Corp,CVX,ServiceNow Inc,NOW,Service Provider,14.47,IT Service Management,2024-11-27,7766876.21,"887 Briggs Trace, Melanieland, MD 92006",katrina.porter@servicenowin.com
Lockheed Martin,LMT,,,Logistics Partner,13.95,International Shipping,2023-11-23,348103.18,"24927 Moore Flats, Reginaldland, MD 09596",jeffery.scott@dhlexpress.com
Starbucks Corp,SBUX,DHL Express,DHL.DE,Logistics Partner,,International Shipping,2023-11-27,9175820.12,"57940 Holt Falls, Jayshire, IA 83346",scott.collins@dhlexpress.com
Costco Wholesale,COST,Accenture plc,ACN,Service Provider,6.53,Consulting,2024-03-26,8849755.88,"534 Smith Park, Ramosport, MO 21775",stacy.may@accentureplc.com
Amazon.com Inc,AMZN,UPS Inc,UPS,Logistics Partner,9.53,Supply Chain,2023-11-19,3556770.22,"20532 Brad Radial, New Jennifer, MS 06962",glenda.yu@upsinc.com
Procter & Gamble,PG,Iron Mountain,IRM,Service Provider,9.32,Records Management,2025-02-23,9112844.69,,brian.lewis@ironmountain.com
Broadcom Inc,AVGO,ASE Technology,ASX,Contract Manufacturer,8.35,Testing,2024-09-11,396525.27,"350 Keith Street, South David, IA 88790",peter.coleman@asetechnolog.com
Oracle Corp,ORCL,CrowdStrike,CRWD,Service Provider,16.73,Endpoint Security,2024-12-23,9201590.43,,
Alphabet Inc,GOOGL,UPS Inc,UPS,Logistics Partner,-19.07,Supply Chain,2023-08-31,4287727.42,"756 Lee Harbor, Williamsmouth, KS 75038",brian.mueller@upsinc.com
Home Depot,HD,Iron Mountain,IRM,Service Provider,,Records Management,2022-08-18,880832.91,"165 Julia Gateway Suite 079, South Amy, NM 31020",william.moyer@ironmountain.com
Nike Inc,NKE,UPS Inc,UPS,Logistics Partner,7.64,Shipping,2023-03-13,6650178.04,"4817 Adrian Unions Suite 615, Sonyaland, NE 85960",robert.clark@upsinc.com
Apple Inc,AAPL,Sony Semiconductor,6758.T,Direct Supplier,3.82,Camera Modules,2022-01-25,2631240.67,"76557 Todd Wall Suite 852, Charlesburgh, MA 98080",john.mejia@sonysemicond.com
NVIDIA Corp,NVDA,Samsung Electronics,005930.KS,Contract Manufacturer,14.43,Memory Chips,2023-01-26,8058260.03,,
Nike Inc,NKE,DHL Express,DHL.DE,Logistics Partner,11.4,International Shipping,2022-12-29,3213298.94,"4210 Joe Tunnel, Olsenhaven, MP 72243",mary.henry@dhlexpress.com
Intel Corp,INTC,,,Contract Manufacturer,29.58,Foundry Services,2025-01-27,4486840.44,"616 Amy Islands, North Markport, ME 58948",michael.salinas@samsungelect.com
Amazon.com Inc,AMZN,Iron Mountain,IRM,Service Provider,9.18,Records Management,2023-01-15,714195.43,,olivia.reid@ironmountain.com
Boeing Co,BA,Honeywell Intl,HON,Direct Supplier,6.58,APUs,2022-08-09,3301339.92,"35128 French Point Apt. 695, Briannastad, ND 21488",richard.odonnell@honeywellint.com
Caterpillar Inc,CAT,,,Direct Supplier,12.91,Software,2025-12-12,6352352.91,"418 Hernandez Shoals, East Kimburgh, MO 87152",maria.smith@ropertechnol.com
General Electric,GE,UPS Inc,UPS,Logistics Partner,6.67,Shipping,2023-11-08,7549506.54,"USCGC Lopez, FPO AP 32306",tony.evans@upsinc.com
Chevron Corp,CVX,Workday Inc,WDAY,Service Provider,19.37,Finance,2025-06-15,6701544.29,"072 Sara Brooks, Troyland, DE 23279",theresa.lloyd@workdayinc.com
Eli Lilly,LLY,UPS Inc,UPS,Logistics Partner,18.69,Shipping,2023-07-14,4488847.91,"6868 Li Village Suite 311, Martinland, AR 93875",austin.wagner@upsinc.com
Costco Wholesale,COST,Iron Mountain,IRM,Service Provider,10.85,Records Management,2022-08-12,6827547.22,"946 Sanders Rapids Apt. 233, Brownfort, CT 97781",roger.kane@ironmountain.com
Chevron Corp,CVX,UPS Inc,UPS,Logistics Partner,,Supply Chain,2023-06-13,9558276.71,"19509 Megan Valley, Port Dianemouth, HI 56521",adam.jones@upsinc.com
Qualcomm Inc,QCOM,Sumco Corp,3436.T,Direct Supplier,15.54,Silicon Wafers,2023-08-15,3129449.62,"3417 Graves Knoll, Richardview, CT 14027",amber.wilson@sumcocorp.com
Adobe Inc,ADBE,ServiceNow Inc,NOW,Service Provider,16.22,IT Service Management,2022-07-01,5443505.79,,
Nike Inc,NKE,Deloitte,DLT,Service Provider,4.73,Audit,2024-01-30,4425457.03,,
Nike Inc,NKE,Workday Inc,WDAY,Service Provider,6.03,Finance,2022-04-11,7273567.11,"38254 Todd Loop Apt. 206, New Stacey, OR 95637",sean.miller@workdayinc.com
Ford Motor Co,F,,,Logistics Partner,0.96,Express Delivery,2025-01-26,9033737.19,"720 Gonzalez Inlet, Barbaraville, GA 33217",shawn.johnson@fedexcorp.com
Home Depot,HD,Accenture plc,ACN,Service Provider,10.01,Consulting,2022-09-28,6491346.96,"21288 Strong Knoll Apt. 683, Davidmouth, OR 80292",julia.martinez@accentureplc.com
Adobe Inc,ADBE,Datadog Inc,DDOG,Service Provider,5.42,Observability,2025-01-31,952616.47,,ryan.compton@datadoginc.com
JPMorgan Chase,JPM,SS&C Technologies,SSNC,Service Provider,2.27,Risk Analytics,2022-10-27,2596883.81,"895 Richmond Harbor Apt. 937, Andrewsview, HI 53864",jillian.jones@ss&ctechnolo.com
Ford Motor Co,F,ServiceNow Inc,NOW,Service Provider,10.78,IT Service Management,2025-11-16,5173043.19,,
Merck & Co,MRK,Thermo Fisher,TMO,Direct Supplier,19.57,Reagents,2023-07-03,766607.77,"83341 Trujillo Crest, Jasminetown, AS 26187",barbara.taylor@thermofisher.com
Tesla Inc,TSLA,Workday Inc,WDAY,Service Provider,5.94,Finance,2024-01-08,5625482.85,"74204 Simmons Spur Apt. 137, Wrightfurt, WI 98088",brandon.richards@workdayinc.com
PepsiCo Inc,PEP,Workday Inc,WDAY,Service Provider,9.72,Finance,2023-12-24,3046283.63,"34848 Lopez Summit Suite 700, Thompsonfort, OK 43849",daniel.lopez@workdayinc.com
Microsoft Corp,MSFT,Snowflake Inc,SNOW,Service Provider,,Data Warehousing,2024-01-23,8427362.85,"15623 Lisa Loaf Suite 801, Paulton, CO 36801",brad.jackson@snowflakeinc.com
Ford Motor Co,F,Continental AG,CON.DE,Direct Supplier,11.51,Tires,2025-10-20,2909813.84,"01027 Williams Unions Apt. 951, Evanshaven, KS 78082",kimberly.erickson@continentala.com
Texas Instruments,TXN,Samsung Electronics,005930.KS,Contract Manufacturer,12.73,Memory Chips,2022-03-07,4492585.49,"41115 Dana Villages, East Chad, IA 80396",christian.diaz@samsungelect.com
Chevron Corp,CVX,IBM Corp,IBM,Service Provider,11.09,Cloud,2025-02-12,3396500.91,,
Broadcom Inc,AVGO,ASE Technology,ASX,Contract Manufacturer,13.49,Semiconductor Packaging,2024-02-05,2188748.78,,jason.soto@asetechnolog.com
Netflix Inc,NFLX,Workday Inc,WDAY,Service Provider,12.14,Finance,2024-04-22,7536999.41,"343 Andrade Landing, Port Christopher, AZ 90373",kaitlyn.fuller@workdayinc.com
Cisco Systems,CSCO,SAP SE,SAP,Service Provider,4.35,Business Software,2023-05-25,3065852.04,"90695 Wendy Estates Apt. 369, Port David, OH 02555",william.houston@sapse.com
Ford Motor Co,F,Denso Corp,6902.T,Tier 2 Supplier,6.57,HVAC Systems,2023-11-09,1666817.91,"333 Watkins Spurs, Port Kevinmouth, GA 03084",ronnie.braun@densocorp.com
General Motors,GM,FedEx Corp,FDX,Logistics Partner,13.12,Freight,2023-06-19,4688070.75,,stuart.edwards@fedexcorp.com
General Motors,GM,Aptiv PLC,APTV,Direct Supplier,1.68,Electrical Architecture,2022-02-21,7211403.4,"0894 Charles Hills, East Veronicamouth, FM 81159",joshua.martinez@aptivplc.com
Netflix Inc,NFLX,Globex Industries,GLBX,Service Provider,18.57,Data Storage,2025-09-26,2822355.64,"PSC 6870, Box 6905, APO AA 10464",rebecca.bruce@ironmountain.com
FactSet Research,FDS,SAP SE,SAP,Service Provider,7.52,ERP,2025-05-30,7827741.65,"209 Henry Extensions, East Katiebury, OH 02140",curtis.thomas@sapse.com
Salesforce Inc,CRM,DHL Express,DHL.DE,Logistics Partner,18.8,International Shipping,2022-10-16,3345125.84,"54940 Jackson Squares, Stevensonbury, GA 41803",madison.holt@dhlexpress.com
Amazon.com Inc,AMZN,,,Service Provider,14.28,IT Service Management,2025-07-24,2668578.29,"9066 Moyer Glens Suite 720, North Dorothyton, LA 00702",david.rice@servicenowin.com
Goldman Sachs,GS,FIS Global,FIS,Service Provider,8.0,Core Banking Platform,2023-08-19,9306569.72,"45594 Carroll Street Suite 741, Simmonsborough, TX 74378",timothy.harrison@fisglobal.com
Procter & Gamble,PG,DHL Express,DHL.DE,Logistics Partner,0.85,International Shipping,2023-12-07,9418784.78,"6717 West Mews, East Keithborough, NJ 45569",bruce.smith@dhlexpress.com
Cisco Systems,CSCO,Iron Mountain,IRM,Service Provider,19.61,Data Storage,2023-08-06,3583334.93,"85816 Johnson Mews Suite 111, Nataliestad, NJ 53103",anna.kim@ironmountain.com
JPMorgan Chase,JPM,Fiserv Inc,FI,Service Provider,5.25,Payment Processing,2024-12-22,5124023.02,"021 Chan Knoll, Sullivanborough, NC 02515",jesse.jackson@fiservinc.com
General Electric,GE,UPS Inc,UPS,Logistics Partner,7.69,Supply Chain,2025-01-15,4287199.5,"0317 Schmidt Brook, North Jonathan, MI 70447",steven.padilla@upsinc.com
Costco Wholesale,COST,DHL Express,DHL.DE,Logistics Partner,9.22,International Shipping,2023-05-25,4845200.29,"7938 Williams Islands Suite 029, South Williamland, MA 83959",david.thomas@dhlexpress.com
Broadcom Inc,AVGO,Micron Technology,MU,Direct Supplier,6.57,NAND Storage,2022-09-27,1877487.9,,melanie.harris@microntechno.com
Lockheed Martin,LMT,Leidos Holdings,LDOS,Service Provider,15.05,Engineering,2022-06-03,70065.15,,
Amazon.com Inc,AMZN,IBM Corp,IBM,Service Provider,2.77,Cloud,2023-04-20,8978010.35,"8171 Edwards Hill, North Joshua, MN 46817",courtney.jimenez@ibmcorp.com
Broadcom Inc,AVGO,Deloitte,DLT,Service Provider,9.26,Audit,2025-12-03,8135365.51,"908 Bradley Road, West Brandon, VT 77904",alicia.johnson@deloitte.com
Meta Platforms Inc,META,IBM Corp,IBM,Service Provider,16.62,IT Infrastructure,2023-04-01,3513213.7,,zoe.lucas@ibmcorp.com
Tesla Inc,TSLA,Accenture plc,ACN,Service Provider,15.23,Consulting,2024-07-06,7886176.49,,
Starbucks Corp,SBUX,Accenture plc,ACN,Service Provider,15.13,Consulting,2023-02-20,6224588.87,"325 Perez Lake Suite 344, East Davidchester, NE 52445",jennifer.edwards@accentureplc.com
Caterpillar Inc,CAT,FedEx Corp,FDX,Logistics Partner,8.28,Freight,2022-03-19,5361136.9,"1620 April Crossing, East Samuel, DE 05620",angela.singh@fedexcorp.com
Eli Lilly,LLY,SAP SE,SAP,Service Provider,18.36,ERP,2025-09-26,7522411.31,"634 Keller Union Suite 422, South Lisashire, MH 75655",richard.hopkins@sapse.com
Lockheed Martin,LMT,ServiceNow Inc,NOW,Service Provider,7.73,IT Service Management,2024-08-13,4234031.37,"89423 Walls Bypass, Lake Sean, KY 26389",jesse.perez@servicenowin.com
Lockheed Martin,LMT,BAE Systems,BA.L,Direct Supplier,-34.55,Electronic Systems,2022-02-27,8132591.63,"68390 Davis Summit, North Sandraland, WV 72073",samantha.christensen@baesystems.com
Starbucks Corp,SBUX,ServiceNow Inc,NOW,Service Provider,3.88,IT Service Management,2025-02-07,5861994.08,"201 Kathryn Rapid Apt. 232, North Nicholasstad, CT 79150",emma.higgins@servicenowin.com
Nike Inc,NKE,FedEx Corp,FDX,Logistics Partner,TBD,Express Delivery,2024-08-18,6307776.96,"444 Oneal Crossing, South Scottport, SD 19341",morgan.martinez@fedexcorp.com
Intel Corp,INTC,SK Hynix,000660.KS,Direct Supplier,17.39,NAND Flash,2024-07-03,1576571.26,"1024 Michael Islands, Harriston, PW 49855",sean.lane@skhynix.com
Chevron Corp,CVX,ChampionX Corp,CHX,Direct Supplier,413.48,Artificial Lift,2023-03-07,5080003.13,,
Starbucks Corp,SBUX,SAP SE,SAP,Service Provider,8.12,ERP,2022-08-01,8363679.71,,richard.pugh@sapse.com
Netflix Inc,NFLX,UPS Inc,UPS,Logistics Partner,,Supply Chain,2023-04-26,3235539.49,"Unit 1072 Box 8394, DPO AA 51095",luke.smith@upsinc.com
Salesforce Inc,CRM,IBM Corp,IBM,Service Provider,,Cloud,2022-10-10,5424911.6,"Unit 4970 Box 6959, DPO AP 81830",anthony.wright@ibmcorp.com
Qualcomm Inc,QCOM,ASML Holding,ASML,Direct Supplier,14.23,EUV Lithography Equipment,2022-05-01,9816613.25,"3034 Davis Lights, South Edward, ME 51201",karen.melendez@asmlholding.com
Caterpillar Inc,CAT,UPS Inc,UPS,Logistics Partner,17.47,Shipping,2025-05-07,7952309.58,,
Caterpillar Inc,CAT,,,Direct Supplier,13.52,Power Generation,2025-11-22,916922.81,,daryl.hays@cumminsinc.com
Microsoft Corp,MSFT,UPS Inc,UPS,Logistics Partner,3.29,Shipping,2024-07-08,1770145.78,"6981 Lopez Stream, Leeborough, OK 62594",cole.johnson@upsinc.com
Home Depot,HD,Deloitte,DLT,Service Provider,4.94,Audit,2024-04-24,5560741.34,"2893 William Underpass, Brennanmouth, WY 98734",david.anderson@deloitte.com
Cisco Systems,CSCO,DHL Express,DHL.DE,Logistics Partner,9.26,International Shipping,2024-08-09,2853053.86,"4364 King View, Lake Kimberly, AS 55341",brandon.love@dhlexpress.com
Broadcom Inc,AVGO,SAP SE,SAP,Service Provider,1.77,Business Software,2024-09-25,2355911.58,"5273 Raymond Meadow, Grahamland, NM 03624",anna.park@sapse.com
Walt Disney Co,DIS,Deloitte,DLT,Service Provider,6.71,Audit,2022-02-04,2081046.18,,steven.lee@deloitte.com
General Electric,GE,Workday Inc,WDAY,Service Provider,9.48,HR Software,2022-04-09,2075691.5,,sarah.mueller@workdayinc.com
Netflix Inc,NFLX,SAP SE,SAP,Service Provider,8.51,Business Software,2023-09-05,3676732.19,"6341 Clark Ramp, Owenston, TN 06758",aaron.aguilar@sapse.com
Adobe Inc,ADBE,DHL Express,DHL.DE,Logistics Partner,3.87,International Shipping,2022-08-19,9854038.59,"433 Yvonne Corner, Port Veronicamouth, OR 54268",willie.brown@dhlexpress.com
Adobe Inc,ADBE,Accenture plc,ACN,Service Provider,16.87,Consulting,2022-03-08,5836432.96,,benjamin.cook@accentureplc.com
Oracle Corp,ORCL,FedEx Corp,FDX,Logistics Partner,19.99,Express Delivery,2024-01-05,8815015.76,"96702 Allen Island, Port Kathy, UT 40915",andrea.adams@fedexcorp.com
Tesla Inc,TSLA,CATL,300750.SZ,Direct Supplier,10.64,Battery Systems,2025-08-24,3535063.95,"Unit 3827 Box 4903, DPO AE 15905",jonathan.bryant@catl.com
Oracle Corp,ORCL,Equinix Inc,EQIX,Service Provider,8.3,Data Center Colocation,2022-03-27,185718.81,,
General Motors,GM,,,Direct Supplier,14.7,ABS Systems,2025-01-24,847560.99,"60908 Gonzales Fork Suite 947, Molinaville, NC 94260",jessica.boone@robertbosch.com
JPMorgan Chase,JPM,Accenture plc,ACN,Service Provider,12.7,Consulting,2023-07-18,8585690.92,"3400 Xavier Stravenue, Alexanderhaven, LA 67896",amy.gallegos@accentureplc.com
Adobe Inc,ADBE,IBM Corp,IBM,Service Provider,19.87,IT Infrastructure,2024-03-17,9517000.97,"987 Erickson Mountains, Brettside, UT 65933",anthony.mejia@ibmcorp.com
Eli Lilly,LLY,Accenture plc,ACN,Service Provider,18.61,Consulting,2022-06-22,3576547.0,"41710 Hannah Port Apt. 918, Robertsmouth, GU 04455",kathleen.ibarra@accentureplc.com
Apple Inc,AAPL,SAP SE,SAP,Service Provider,8.65,Business Software,2022-09-01,4563058.54,"54376 Robert Fall, Davismouth, AS 15688",sarah.padilla@sapse.com
Starbucks Corp,SBUX,Iron Mountain,IRM,Service Provider,12.92,Data Storage,2024-12-18,83539.83,"747 Jackson River Apt. 483, Stephaniefurt, VI 48087",carrie.turner@ironmountain.com
Broadcom Inc,AVGO,IBM Corp,IBM,Service Provider,3.97,Cloud,2025-01-23,9757230.31,"471 Christopher Stravenue, East Dorothy, DC 38862",jennifer.sampson@ibmcorp.com
Amazon.com Inc,AMZN,UPS Inc,UPS,Logistics Partner,12.41,Supply Chain,2022-11-02,936159.61,"972 Jessica Brook, West Kristin, NE 99903",corey.cox@upsinc.com
General Electric,GE,ServiceNow Inc,NOW,Service Provider,low,IT Service Management,2024-11-20,4286677.02,,
Coca-Cola Co,KO,IBM Corp,IBM,Service Provider,13.16,Cloud,2024-07-25,7649726.58,"158 Nelson Keys Apt. 364, Charlestown, AS 04858",aaron.chandler@ibmcorp.com
Cisco Systems,CSCO,Iron Mountain,IRM,Service Provider,3.98,Records Management,2024-06-19,9223594.05,"20310 Sanders Haven Suite 518, Thomashaven, NM 94367",william.woods@ironmountain.com
Walt Disney Co,DIS,Deloitte,DLT,Service Provider,7.43,Consulting,2025-11-02,9259568.86,"1107 Morton Ramp Suite 431, Allenmouth, MP 07635",susan.stark@deloitte.com
FactSet Research,FDS,Workday Inc,WDAY,Service Provider,18.15,Finance,2022-06-13,7548970.13,,
Eli Lilly,LLY,IBM Corp,IBM,Service Provider,8.61,Cloud,2025-07-18,9970307.17,"22069 Calhoun Island Suite 120, Lake Derekmouth, MH 41624",linda.padilla@ibmcorp.com
Qualcomm Inc,QCOM,TSMC,TSM,Contract Manufacturer,18.69,Advanced Packaging,2025-04-12,5740506.97,"31256 Jimenez Key, Port Hannahborough, NC 45594",natalie.hernandez@tsmc.com
Cisco Systems,CSCO,UPS Inc,UPS,Logistics Partner,3.16,Supply Chain,2025-07-09,7513017.33,,
Oracle Corp,ORCL,Palo Alto Networks,PANW,Service Provider,16.45,Network Security,2023-05-08,1114031.35,,david.long@paloaltonetw.com
Costco Wholesale,COST,Iron Mountain,IRM,Service Provider,14.73,Records Management,2025-11-06,3692118.64,"245 Kelsey Stravenue Apt. 941, Laurafort, CO 99597",rebecca.wright@ironmountain.com
NVIDIA Corp,NVDA,ASML Holding,ASML,Direct Supplier,13.24,EUV Lithography Equipment,2024-02-27,4006785.87,"8514 Brian Land, South Kenneth, AZ 89567",juan.perez@asmlholding.com
Adobe Inc,ADBE,Iron Mountain,IRM,Service Provider,5.25,Data Storage,not_a_date,8681288.61,,
NVIDIA Corp,NVDA,Samsung Electronics,005930.KS,Contract Manufacturer,7.61,Memory Chips,2023-02-07,7492557.64,"0420 Mendoza Villages, New Mariaside, ND 58334",dawn.yang@samsungelect.com
Texas Instruments,TXN,Accenture plc,ACN,Service Provider,10.83,IT Services,2024-06-14,2348146.57,"00617 Jones Manor, Josephstad, OK 36427",michael.richardson@accentureplc.com
Intel Corp,INTC,Sumco Corp,3436.T,Direct Supplier,16.72,Silicon Wafers,2024-01-04,3898172.8,"0521 Williamson Spring Apt. 844, Bradleystad, NY 70938",craig.murphy@sumcocorp.com
Lockheed Martin,LMT,BAE Systems,BA.L,Direct Supplier,8.6,Platforms,2025-11-03,4672997.85,"757 Ronald Trail Apt. 965, Carrshire, PA 70776",vanessa.todd@baesystems.com
Intel Corp,INTC,Lam Research,LRCX,Direct Supplier,4.87,Etch Equipment,2024-13-45,2326635.29,"027 Berry Canyon, Amymouth, PA 25280",michael.simpson@lamresearch.com
Microsoft Corp,MSFT,,,Service Provider,15.98,Security,2025-10-15,3722023.76,"3833 Preston Estates Suite 503, Johnburgh, GU 96546",jason.leon@cloudflarein.com
Lockheed Martin,LMT,Northrop Grumman,NOC,Tier 2 Supplier,6.69,Sensors,2024-08-02,2105511.56,,jason.cline@northropgrum.com
Microsoft Corp,MSFT,Google Cloud,GOOGL,Service Provider,7.13,Data Analytics,2024-02-16,8211634.19,"574 Walker Fields, Courtneyville, FM 89030",stephanie.herring@googlecloud.com
Netflix Inc,NFLX,Deloitte,DLT,Service Provider,17.37,Audit,2022-11-01,7788951.19,"357 John Union Apt. 330, Hallmouth, IA 82954",kylie.barker@deloitte.com
Nike Inc,NKE,Deloitte,DLT,Service Provider,1.48,Consulting,2022-09-25,9834971.2,"82369 Le Viaduct, South Pamela, OK 02777",caroline.baker@deloitte.com
Lockheed Martin,LMT,Leidos Holdings,LDOS,Service Provider,2.72,Engineering,2024-02-22,2860721.36,,
Home Depot,HD,IBM Corp,IBM,Service Provider,10.12,Cloud,2024-11-28,1966166.48,,
Goldman Sachs,GS,Broadridge Financial,BR,Service Provider,high,Investor Communications,2025-08-08,369585.12,"767 Abigail Neck, West Nicholas, MO 28623",jennifer.wade@broadridgefi.com
Costco Wholesale,COST,SAP SE,SAP,Service Provider,3.47,ERP,2023-11-14,7896265.73,"59007 Jason Dam, West Jenniferhaven, KS 46521",molly.davenport@sapse.com
Ford Motor Co,F,Robert Bosch,BOSCH.DE,Direct Supplier,22.55,Fuel Injection,2025-08-01,8975575.48,"541 Simmons Key, Lake Madisonhaven, AS 39810",claudia.rubio@robertbosch.com
Ford Motor Co,F,Accenture plc,ACN,Service Provider,5.35,Consulting,2023-10-01,1707956.53,"191 Sparks Estate Suite 236, South John, TN 28684",christopher.schultz@accentureplc.com
FactSet Research,FDS,Accenture plc,ACN,Service Provider,12.11,Consulting,2023-01-02,1912445.5,,brandon.white@accentureplc.com
Johnson & Johnson,JNJ,Lonza Group,LONN.SW,Contract Manufacturer,19.51,Drug Substance,2022-06-07,1748714.87,"8611 Hughes Burgs, South Charles, NC 80136",jennifer.warner@lonzagroup.com
Costco Wholesale,COST,FedEx Corp,FDX,Logistics Partner,,Freight,2022-03-31,8843834.29,"768 Patricia Oval, Christinatown, CT 62675",christina.stephens@fedexcorp.com
Oracle Corp,ORCL,Microsoft Azure,MSFT,Service Provider,11.87,AI Services,2024-06-02,3833821.86,"09443 Austin Mount, Pereztown, TX 49662",caleb.rios@microsoftazu.com
Tesla Inc,TSLA,,,Logistics Partner,17.38,Freight,2022-06-14,2638699.29,,
Ford Motor Co,F,Continental AG,CON.DE,Direct Supplier,17.37,Tires,2022-03-17,2639272.57,,
General Electric,GE,UPS Inc,UPS,Logistics Partner,7.34,Shipping,2025-02-21,8070133.0,"5130 Morgan Bypass, Lake Cynthia, OH 97252",natalie.jones@upsinc.com
Coca-Cola Co,KO,UPS Inc,UPS,Logistics Partner,19.46,Shipping,2023-05-01,7766022.13,,
Coca-Cola Co,KO,Wayne Enterprises,WAYN,Service Provider,16.99,IT Infrastructure,2025-01-24,2639701.68,"5810 Bell Overpass Apt. 466, Jonathanfort, WY 28472",emily.greene@ibmcorp.com
FactSet Research,FDS,IBM Corp,IBM,Service Provider,2.2,Cloud,2023-07-15,1455306.19,"78931 Franklin Drives Suite 284, Suzanneport, VI 07502",zachary.fletcher@ibmcorp.com
Lockheed Martin,LMT,Deloitte,DLT,Service Provider,3.79,Audit,2024-07-23,9605432.64,"41096 Jones Land Apt. 932, Stephaniemouth, NC 79025",tara.ellis@deloitte.com
Costco Wholesale,COST,ServiceNow Inc,NOW,Service Provider,1.28,IT Service Management,2023-10-29,2321278.25,,heather.mcmillan@servicenowin.com
JPMorgan Chase,JPM,Broadridge Financial,BR,Service Provider,8.08,Investor Communications,2024-10-27,8162090.83,"762 Smith Falls Apt. 564, Lake Brandytown, RI 80711",craig.carter@broadridgefi.com
Amazon.com Inc,AMZN,Workday Inc,WDAY,Service Provider,10.23,HR Software,2025-01-03,1450150.01,,
Alphabet Inc,GOOGL,Iron Mountain,IRM,Service Provider,14.85,Records Management,2025-03-26,2759378.19,,
Tesla Inc,TSLA,,,Direct Supplier,8.54,Lithium-Ion Batteries,2022-11-07,4219637.13,,
Home Depot,HD,DHL Express,DHL.DE,Logistics Partner,8.7,International Shipping,2025-06-16,1942330.84,"976 Cook Grove, Kellymouth, CA 47449",roy.morris@dhlexpress.com
Broadcom Inc,AVGO,Tokyo Electron,8035.T,Direct Supplier,8.55,Coater/Developer,2024-02-12,347486.24,"14217 Hughes Dam Suite 799, Tammyview, IA 26242",stephanie.garcia@tokyoelectro.com
Microsoft Corp,MSFT,IBM Corp,IBM,Service Provider,17.91,Cloud,2025-11-21,697030.78,"USS Tucker, FPO AP 10674",robert.welch@ibmcorp.com
Coca-Cola Co,KO,IBM Corp,IBM,Service Provider,-57.47,Cloud,2025-12-03,809072.21,,
Ford Motor Co,F,IBM Corp,IBM,Service Provider,13.17,IT Infrastructure,2023-04-29,5553707.16,"2542 Jessica Vista Suite 368, Port Thomas, MO 68020",shane.cannon@ibmcorp.com
Merck & Co,MRK,West Pharmaceutical,WST,Direct Supplier,TBD,Delivery Systems,2024-06-04,4245657.47,"056 Matthew Row, Patrickshire, OR 05486",matthew.johnson@westpharmace.com
Adobe Inc,ADBE,,,Logistics Partner,16.27,Supply Chain,2024-05-02,4930543.38,"902 Stacey Neck Suite 326, Port Kimberly, RI 37385",andrew.brown@upsinc.com
Salesforce Inc,CRM,Microsoft Azure,MSFT,Service Provider,3.19,AI Services,2023-05-03,5909086.57,"948 Diamond Motorway, Michaelton, GU 29719",robert.hawkins@microsoftazu.com
Netflix Inc,NFLX,Deloitte,DLT,Service Provider,9.61,Consulting,2023-08-24,1459258.68,"USCGC Cruz, FPO AP 72237",denise.hall@deloitte.com
Starbucks Corp,SBUX,Workday Inc,WDAY,Service Provider,2.75,HR Software,2022-06-15,6554670.41,"5319 Stokes Forges, South Tammy, AZ 37300",mitchell.lee@workdayinc.com
Texas Instruments,TXN,DHL Express,DHL.DE,Logistics Partner,,International Shipping,2023-05-25,1367863.31,"55563 Lawrence Circles, New Jorge, IL 80785",karen.barnes@dhlexpress.com
General Electric,GE,UPS Inc,UPS,Logistics Partner,16.45,Supply Chain,2023-02-10,2011376.36,"30372 Jones Loop Apt. 447, Robertland, AS 14281",nicholas.anderson@upsinc.com
Lockheed Martin,LMT,SAP SE,SAP,Service Provider,11.88,Business Software,2024-11-19,9855608.61,"63013 Burns Spurs Apt. 617, Hillmouth, MN 02021",david.robertson@sapse.com
JPMorgan Chase,JPM,Initech Solutions,INIT,Service Provider,7.8,Trading Platforms,2024-08-01,8180294.73,,
Walt Disney Co,DIS,UPS Inc,UPS,Logistics Partner,11.38,Supply Chain,2022-12-20,7639123.08,"82023 Pierce Glen Suite 571, Joneschester, NC 66544",shelly.montgomery@upsinc.com
Caterpillar Inc,CAT,DHL Express,DHL.DE,Logistics Partner,15.94,International Shipping,2025-03-28,7197640.76,"128 Sean Roads Apt. 985, Port Wendy, WI 73397",heather.wright@dhlexpress.com
JPMorgan Chase,JPM,Bloomberg LP,BBG,Service Provider,7.99,Market Data,2025-04-20,9873626.35,"484 Glover Locks Suite 451, Gregorystad, NH 18909",joseph.berry@bloomberglp.com
FactSet Research,FDS,DHL Express,DHL.DE,Logistics Partner,3.42,International Shipping,2025-01-17,9004128.52,"264 Marcus Station Apt. 739, Boydstad, RI 27263",tracy.horton@dhlexpress.com
Intel Corp,INTC,DHL Express,DHL.DE,Logistics Partner,7.77,International Shipping,2024-07-29,5715609.51,"PSC 9338, Box 0419, APO AE 63541",adrienne.curtis@dhlexpress.com
Alphabet Inc,GOOGL,IBM Corp,IBM,Service Provider,12.76,Cloud,2023-08-28,7273596.63,"6616 Lance Spring, Williamsonside, NC 95263",danielle.lewis@ibmcorp.com
Intel Corp,INTC,SAP SE,SAP,Service Provider,7.97,Business Software,2025-05-12,6879557.0,"072 Samantha Mills, Robbinsbury, MD 21106",brianna.king@sapse.com
Amazon.com Inc,AMZN,FedEx Corp,FDX,Logistics Partner,3.79,Freight,2025-06-17,7257548.15,,christina.lopez@fedexcorp.com
NVIDIA Corp,NVDA,Entegris Inc,ENTG,Direct Supplier,24.91,Filtration,2022-04-25,2329028.32,"7468 Moore Hill Apt. 098, Lake Leeton, OR 62994",rachel.martin@entegrisinc.com
Chevron Corp,CVX,Accenture plc,ACN,Service Provider,7.54,IT Services,2024-04-08,9738528.86,"56416 Brittany Plaza, Johnsonburgh, MA 20259",yvonne.tanner@accentureplc.com
Meta Platforms Inc,META,Workday Inc,WDAY,Service Provider,4.54,Finance,2022-04-02,3345267.58,,
NVIDIA Corp,NVDA,Micron Technology,MU,Direct Supplier,19.7,NAND Storage,2024-03-09,8274393.5,"579 Freeman Lakes, New Brianshire, SD 66772",vincent.foster@microntechno.com
Cisco Systems,CSCO,Iron Mountain,IRM,Service Provider,16.24,Data Storage,2025-11-10,2985402.23,"52888 Erica Plaza, Farmerhaven, CA 12528",glenda.reyes@ironmountain.com
General Motors,GM,IBM Corp,IBM,Service Provider,14.29,Cloud,2025-03-09,2789224.85,"982 Anthony Island Suite 797, South Scott, AK 61979",heidi.lewis@ibmcorp.com
Tesla Inc,TSLA,Accenture plc,ACN,Service Provider,5.96,IT Services,2022-11-21,8286288.01,"777 Martinez Hill Suite 518, North Richard, ID 99823",anthony.marshall@accentureplc.com
Nike Inc,NKE,Iron Mountain,IRM,Service Provider,3.08,Data Storage,2023-05-24,6593136.36,"4709 Brandon Lane, East Nicholas, IA 26713",mary.cain@ironmountain.com
Lockheed Martin,LMT,SAP SE,SAP,Service Provider,TBD,ERP,2025-08-17,1951479.14,"8602 Cunningham Shoals, East Misty, HI 93830",patrick.moody@sapse.com
Boeing Co,BA,Spirit AeroSystems,SPR,Direct Supplier,7.5,Wing Components,2024-03-26,6023508.23,,
Netflix Inc,NFLX,ServiceNow Inc,NOW,Service Provider,18.41,IT Service Management,2022-08-04,8241909.58,"17589 Lynn Points, New Jackie, MD 25913",eric.wilkerson@servicenowin.com
FactSet Research,FDS,UPS Inc,UPS,Logistics Partner,5.58,Supply Chain,2025-01-12,3350711.9,"USS Gibson, FPO AA 77546",christine.morgan@upsinc.com
Procter & Gamble,PG,FedEx Corp,FDX,Logistics Partner,5.27,Express Delivery,2023-02-21,1945914.44,"Unit 3703 Box 1754, DPO AE 69979",karen.castillo@fedexcorp.com
Intel Corp,INTC,SK Hynix,000660.KS,Direct Supplier,9.65,DRAM,2025-04-02,6964439.84,"0599 Reid Hollow Apt. 087, Port Jacquelinemouth, NC 23173",gwendolyn.henderson@skhynix.com
Merck & Co,MRK,West Pharmaceutical,WST,Direct Supplier,12.77,Drug Packaging,2024-05-03,4194066.66,,
Apple Inc,AAPL,Corning Inc,GLW,Direct Supplier,14.09,Gorilla Glass,2022-11-08,9210472.6,,dawn.banks@corninginc.com
FactSet Research,FDS,Workday Inc,WDAY,Service Provider,8.54,Finance,2023-10-25,6442320.56,,
Netflix Inc,NFLX,Globex Industries,GLBX,Service Provider,6.4,IT Infrastructure,2025-11-27,6198749.53,"96080 Brown Fords Apt. 699, Montgomerytown, WI 82342",vicki.wood@ibmcorp.com
Alphabet Inc,GOOGL,SAP SE,SAP,Service Provider,11.67,ERP,2024-05-22,1027615.14,"043 Marshall Bypass, New Donna, NH 04810",deborah.huerta@sapse.com
Boeing Co,BA,Spirit AeroSystems,SPR,Direct Supplier,3.74,Fuselages,2023-07-22,5462662.11,,tiffany.beck@spiritaerosy.com
Caterpillar Inc,CAT,Eaton Corp,ETN,Direct Supplier,18.46,Electrical Components,2024-05-10,975026.4,"7436 Maria Plains Apt. 985, South Cory, KS 29776",christopher.smith@eatoncorp.com
Johnson & Johnson,JNJ,ServiceNow Inc,NOW,Service Provider,19.25,IT Service Management,2023-08-27,2927624.01,"8525 Gould Extensions, Davidside, UT 98959",heather.blair@servicenowin.com
Salesforce Inc,CRM,UPS Inc,UPS,Logistics Partner,7.19,Shipping,2025-09-18,6043881.01,"653 Stacy Springs Apt. 422, South Margaretport, IL 10812",laura.zamora@upsinc.com
Johnson & Johnson,JNJ,Weyland-Yutani,WLND,Service Provider,15.16,IT Services,2025-10-31,8462209.94,"6992 Phillips Hollow, Ayalafort, VI 24139",michael.reid@accentureplc.com
Home Depot,HD,DHL Express,DHL.DE,Logistics Partner,16.43,International Shipping,2025-02-14,729757.92,,kelly.robinson@dhlexpress.com
Texas Instruments,TXN,Samsung Electronics,005930.KS,Contract Manufacturer,6.19,Foundry Services,2024-07-24,202708.6,"3244 Stephenson Bypass, Lake Kenneth, MT 72680",randall.johnson@samsungelect.com
Home Depot,HD,Accenture plc,ACN,Service Provider,10.46,Consulting,2022-06-28,3048415.63,"3163 Gary Mountain Suite 572, Garciaport, PA 54308",lauren.dickerson@accentureplc.com
Ford Motor Co,F,BorgWarner Inc,BWA,Direct Supplier,unknown,Drivetrain,2024-01-07,6943047.47,"0324 Anthony Turnpike Suite 820, Caseyton, VI 11501",john.wilcox@borgwarnerin.com
Home Depot,HD,ServiceNow Inc,NOW,Service Provider,9.92,IT Service Management,2022-07-07,9078610.11,"080 Williams Falls Suite 857, Jessicachester, UT 38263",linda.ryan@servicenowin.com
Intel Corp,INTC,Entegris Inc,ENTG,Direct Supplier,unknown,Specialty Chemicals,2024-05-30,5427901.38,,jay.allen@entegrisinc.com
JPMorgan Chase,JPM,Broadridge Financial,BR,Service Provider,16.4,Investor Communications,2022-05-06,4147357.24,,
Walt Disney Co,DIS,SAP SE,SAP,Service Provider,6.7,ERP,2023-01-10,459704.89,,chad.hickman@sapse.com
Adobe Inc,ADBE,ServiceNow Inc,NOW,Service Provider,1.86,IT Service Management,2022-02-05,5694303.96,"5956 Johnson Fort Apt. 119, Schneiderberg, FL 65583",james.wiley@servicenowin.com
Goldman Sachs,GS,FactSet Research,FDS,Service Provider,7.81,Financial Analytics,2024-07-15,1069676.06,"USCGC Watts, FPO AP 64338",brittany.crane@factsetresea.com
Meta Platforms Inc,META,UPS Inc,UPS,Logistics Partner,9.47,Shipping,2022-03-22,8887313.95,,william.taylor@upsinc.com
NVIDIA Corp,NVDA,Deloitte,DLT,Service Provider,3.47,Audit,2025-08-09,4615575.93,"2784 Elizabeth Plaza Suite 124, North Juliaberg, KY 37431",sarah.ibarra@deloitte.com
Lockheed Martin,LMT,General Dynamics,GD,Tier 2 Supplier,6.0,Combat Systems,2025-07-10,1081455.48,"7423 David Burg Suite 999, New Jesse, TX 03919",kathy.beard@generaldynam.com
Chevron Corp,CVX,FedEx Corp,FDX,Logistics Partner,high,Freight,2025-10-23,9342555.39,"02435 Heidi Inlet Suite 651, Lake Jillchester, TN 09037",gary.hodges@fedexcorp.com
Starbucks Corp,SBUX,FedEx Corp,FDX,Logistics Partner,14.08,Express Delivery,2024-09-11,3339505.98,"563 Joshua Flats, West Jordan, NV 35175",brian.mccarthy@fedexcorp.com
NVIDIA Corp,NVDA,Lam Research,LRCX,Direct Supplier,3.49,Etch Equipment,2025-08-16,3803973.09,,
Caterpillar Inc,CAT,ServiceNow Inc,NOW,Service Provider,14.35,IT Service Management,2022-07-19,3346615.97,"641 Martha Brook, East Ronald, AS 59604",julie.duarte@servicenowin.com
General Electric,GE,DHL Express,DHL.DE,Logistics Partner,13.75,International Shipping,2023-02-06,3264608.93,,
Caterpillar Inc,CAT,UPS Inc,UPS,Logistics Partner,10.02,Shipping,2022-01-11,3992340.07,,
Salesforce Inc,CRM,Amazon Web Services,AMZN,Service Provider,2.58,Cloud Infrastructure,2022-10-24,9875896.68,"28772 Karen Islands, West Tara, AR 66945",elizabeth.davidson@amazonwebser.com
General Electric,GE,ServiceNow Inc,NOW,Service Provider,18.12,IT Service Management,2024-07-09,6859619.02,,
Salesforce Inc,CRM,SAP SE,SAP,Service Provider,8.79,Business Software,2025-11-10,7464004.17,"52880 Kyle Mall Apt. 546, West Meganhaven, ME 84808",darrell.gutierrez@sapse.com
Apple Inc,AAPL,Broadcom Inc,AVGO,Direct Supplier,4.39,Wireless Chips,2025-01-10,290129.74,,
FactSet Research,FDS,Deloitte,DLT,Service Provider,12.49,Consulting,2024-03-09,9037337.28,,
Broadcom Inc,AVGO,TSMC,TSM,Contract Manufacturer,9.98,Advanced Packaging,2024-12-10,4736445.49,,
Caterpillar Inc,CAT,Emerson Electric,EMR,Direct Supplier,438.94,Automation,2025-10-01,2011461.68,"0592 Perez Ways, Port Katiestad, MI 90821",stanley.williamson@emersonelect.com
FactSet Research,FDS,Workday Inc,WDAY,Service Provider,19.39,Finance,2025-09-27,9055540.66,,thomas.rice@workdayinc.com
Procter & Gamble,PG,Workday Inc,WDAY,Service Provider,11.46,HR Software,2022-12-25,895774.37,,
Nike Inc,NKE,DHL Express,DHL.DE,Logistics Partner,8.31,International Shipping,2025-04-04,7163464.48,"61621 Snow Stravenue, Youngberg, AL 00602",crystal.anderson@dhlexpress.com
FactSet Research,FDS,SAP SE,SAP,Service Provider,13.88,Business Software,2023-01-04,3167034.79,"8791 Johnson Unions, Whitemouth, PR 10663",allison.fernandez@sapse.com
Goldman Sachs,GS,Fiserv Inc,FI,Service Provider,14.86,Payment Processing,2023-03-22,6889536.25,,
General Motors,GM,IBM Corp,IBM,Service Provider,6.28,IT Infrastructure,2025-08-11,7880360.27,"3688 Johnson Stream, Kochburgh, NH 53128",timothy.kane@ibmcorp.com
Procter & Gamble,PG,IBM Corp,IBM,Service Provider,18.42,Cloud,2024-02-11,5796842.26,,anthony.collins@ibmcorp.com
Lockheed Martin,LMT,,,Tier 2 Supplier,18.44,Sensors,2025-07-29,3570589.54,"05459 Kim Club Suite 006, Comptonfurt, NE 35716",james.mejia@northropgrum.com
Nike Inc,NKE,ServiceNow Inc,NOW,Service Provider,14.18,IT Service Management,2024-12-23,1709196.99,"04131 Fleming Vista Suite 752, Franktown, NV 14984",jonathan.mccarty@servicenowin.com
Starbucks Corp,SBUX,Workday Inc,WDAY,Service Provider,3.97,Finance,2024-01-13,8165672.51,"4565 Jenna Walks, Brittanymouth, MA 27187",nancy.thompson@workdayinc.com
Johnson & Johnson,JNJ,SAP SE,SAP,Service Provider,13.15,ERP,2024-09-22,6868825.55,,
Texas Instruments,TXN,Applied Materials,AMAT,Direct Supplier,8.97,Deposition Equipment,2022-09-02,607677.54,"PSC 6179, Box 4964, APO AA 40647",ashley.moore@appliedmater.com
Coca-Cola Co,KO,Deloitte,DLT,Service Provider,1.34,Consulting,2025-04-13,4516670.08,"104 Glenn Row Apt. 541, Amyburgh, RI 90015",lori.chapman@deloitte.com
Walt Disney Co,DIS,Accenture plc,ACN,Service Provider,13.79,Consulting,2022-12-10,2831991.03,"26370 Troy Rest Suite 330, East Michael, NH 51242",matthew.wall@accentureplc.com
Texas Instruments,TXN,Samsung Electronics,005930.KS,Contract Manufacturer,7.84,Foundry Services,2025-10-18,3161435.71,"966 Flowers Glen Suite 957, Evansbury, WV 66949",amy.walton@samsungelect.com
NVIDIA Corp,NVDA,TSMC,TSM,Contract Manufacturer,5.32,Advanced Packaging,2023-11-22,6276923.41,,brandon.murphy@tsmc.com
Microsoft Corp,MSFT,Palo Alto Networks,PANW,Service Provider,11.75,Network Security,2025-03-10,441845.66,"800 Gaines Plaza, Haroldport, MN 48026",christopher.decker@paloaltonetw.com
PepsiCo Inc,PEP,UPS Inc,UPS,Logistics Partner,11.83,Supply Chain,2023-11-30,8960391.93,,
General Motors,GM,IBM Corp,IBM,Service Provider,11.51,IT Infrastructure,2023-04-12,655088.03,"7973 Joseph Stravenue Suite 538, West Micheleside, GA 64204",kenneth.roberts@ibmcorp.com
AMD Inc,AMD,Micron Technology,MU,Direct Supplier,11.09,NAND Storage,2024-11-11,4455835.22,,
Eli Lilly,LLY,IBM Corp,IBM,Service Provider,18.07,IT Infrastructure,2022-04-27,1776929.74,"4352 Walter Turnpike, Lake Shawna, CA 79751",richard.tate@ibmcorp.com
Lockheed Martin,LMT,Raytheon Technologies,RTX,Direct Supplier,10.7,Radar Systems,2024-05-03,1913773.42,"38780 John Pines, Matthewfurt, WA 21079",rebecca.washington@raytheontech.com
Alphabet Inc,GOOGL,SAP SE,SAP,Service Provider,18.48,ERP,2023-03-23,3348387.65,,
Boeing Co,BA,Accenture plc,ACN,Service Provider,4.98,IT Services,2022-02-03,6337951.67,"PSC 5104, Box 6368, APO AP 13556",donna.alvarado@accentureplc.com
Caterpillar Inc,CAT,Parker Hannifin,PH,Direct Supplier,14.05,Pneumatics,2022-04-11,7731367.54,,
PepsiCo Inc,PEP,ServiceNow Inc,NOW,Service Provider,8.27,IT Service Management,2023-01-03,4444800.52,"3578 Emily Forks, Grantville, TN 19625",william.peters@servicenowin.com
JPMorgan Chase,JPM,Accenture plc,ACN,Service Provider,16.79,IT Services,2024-08-30,3380493.37,,
NVIDIA Corp,NVDA,Umbrella Corp,UMBR,Direct Supplier,16.88,NAND Flash,2022-03-15,4959405.71,,
JPMorgan Chase,JPM,,,Service Provider,7.32,Managed Services,2025-03-16,6535782.67,"438 Chase Flat, Port Susan, FL 62496",ashley.krause@kyndrylholdi.com
Home Depot,HD,Deloitte,DLT,Service Provider,7.32,Consulting,2025-12-05,268212.18,"7949 Lauren Pines, West Elizabethville, LA 36034",linda.cook@deloitte.com
Amazon.com Inc,AMZN,Deloitte,DLT,Service Provider,2.02,Consulting,2024-05-23,3949571.77,"9756 Dean Land Suite 955, Ronaldburgh, IA 33436",brian.smith@deloitte.com
Apple Inc,AAPL,Murata Manufacturing,6981.T,Direct Supplier,3.05,RF Modules,2024-07-09,3807408.01,"4294 Kevin Shores, West Christinemouth, VI 85768",dana.rocha@muratamanufa.com
Microsoft Corp,MSFT,Akamai Technologies,AKAM,Service Provider,18.62,Edge Computing,2023-07-08,8740159.28,"60694 Erin Alley Suite 952, West Samuel, FM 51853",christina.hickman@akamaitechno.com
Texas Instruments,TXN,Iron Mountain,IRM,Service Provider,,Records Management,2024-05-06,715619.87,,
Caterpillar Inc,CAT,Stark Industries,STRK,Service Provider,1.32,Finance,2025-08-07,6207300.49,,
Oracle Corp,ORCL,Snowflake Inc,SNOW,Service Provider,16.83,Data Warehousing,2025-10-12,2182707.17,"58193 Price Heights, South Kenneth, NE 46368",james.harris@snowflakeinc.com
Johnson & Johnson,JNJ,Thermo Fisher,TMO,Direct Supplier,7.57,Lab Equipment,2025-05-29,6796984.28,"8299 Lopez Crescent Suite 504, Millerbury, MN 59733",carl.hernandez@thermofisher.com
Tesla Inc,TSLA,IBM Corp,IBM,Service Provider,7.19,IT Infrastructure,2022-08-07,7795283.05,"7065 Burgess Knolls, West Johnville, WI 76772",christopher.villegas@ibmcorp.com
Chevron Corp,CVX,Schlumberger,SLB,Service Provider,5.28,Drilling Services,2024-05-24,1547424.46,"2699 Jasmine Via, Stacyville, GU 15209",scott.turner@schlumberger.com
PepsiCo Inc,PEP,Deloitte,DLT,Service Provider,12.13,Consulting,2022-05-27,8696596.74,,
Starbucks Corp,SBUX,Deloitte,DLT,Service Provider,5.25,Audit,2024-12-28,2420256.91,"USNS Williams, FPO AE 28769",frank.lee@deloitte.com
Alphabet Inc,GOOGL,IBM Corp,IBM,Service Provider,10.87,IT Infrastructure,2024-06-30,142405.13,"728 Gregory Lakes, New Michael, AR 55908",jacqueline.brady@ibmcorp.com
Coca-Cola Co,KO,SAP SE,SAP,Service Provider,6.68,Business Software,2022-09-13,5435531.83,"1646 Luis Squares Suite 532, East Melanie, WY 34803",rodney.moore@sapse.com
Home Depot,HD,Workday Inc,WDAY,Service Provider,8.81,HR Software,2023-05-12,2925303.84,,melissa.hartman@workdayinc.com
Broadcom Inc,AVGO,,,Service Provider,19.82,Consulting,2023-03-08,55641.47,"224 Mendoza Mountain, New Robertmouth, MA 59686",michael.carpenter@deloitte.com
Merck & Co,MRK,Thermo Fisher,TMO,Direct Supplier,8.11,Lab Equipment,2025-08-30,9692777.76,,
Salesforce Inc,CRM,SAP SE,SAP,Service Provider,16.96,Business Software,2022-10-03,6811822.79,"49409 Jordan Track Apt. 637, Amandaport, MA 30983",thomas.mccarthy@sapse.com
PepsiCo Inc,PEP,IBM Corp,IBM,Service Provider,16.25,Cloud,2022-01-19,5338462.43,,
Costco Wholesale,COST,SAP SE,SAP,Service Provider,16.53,Business Software,2025-12-21,9879899.31,"5674 Anne Extensions, North Jessicafort, AS 41914",jorge.house@sapse.com
Costco Wholesale,COST,ServiceNow Inc,NOW,Service Provider,12.61,IT Service Management,2025-04-17,1186609.13,"119 Olsen Grove Apt. 640, Port Travis, CT 09655",dominique.reyes@servicenowin.com
Texas Instruments,TXN,Micron Technology,MU,Direct Supplier,28.36,DRAM Modules,2022-12-15,1791940.08,"15704 John Cliff Suite 410, South Samuelchester, GA 54767",mark.miller@microntechno.com
Oracle Corp,ORCL,Snowflake Inc,SNOW,Service Provider,4.1,Data Warehousing,2023-07-10,2368139.56,"747 Cummings Falls Apt. 703, Deniseview, NJ 73936",alicia.powers@snowflakeinc.com
Ford Motor Co,F,SAP SE,SAP,Service Provider,18.14,ERP,2022-07-11,4984813.7,"20175 Richardson Groves, South Joshuafort, RI 18521",tony.morgan@sapse.com
Costco Wholesale,COST,SAP SE,SAP,Service Provider,-38.72,ERP,2022-10-01,5161160.62,"80403 Renee Plaza, North Marymouth, VI 29228",ashley.meyer@sapse.com
Meta Platforms Inc,META,Iron Mountain,IRM,Service Provider,218.2,Records Management,2024-09-01,6938965.39,"165 Richard Locks, North Evelyn, GU 08029",john.robbins@ironmountain.com
JPMorgan Chase,JPM,Iron Mountain,IRM,Service Provider,11.3,Records Management,2022-03-27,7612041.1,"863 Jonathon Highway Apt. 115, Lake Sheri, OK 48701",dawn.bennett@ironmountain.com
Qualcomm Inc,QCOM,IBM Corp,IBM,Service Provider,17.71,Cloud,2025-08-12,4092573.72,"841 Bruce Roads, Underwoodmouth, VI 48297",gabriela.jensen@ibmcorp.com
Boeing Co,BA,IBM Corp,IBM,Service Provider,8.94,Cloud,2023-04-27,7952862.19,"4390 Petersen Place, Timothyfort, ID 80963",rebecca.williams@ibmcorp.com
Apple Inc,AAPL,Broadcom Inc,AVGO,Direct Supplier,10.19,Wireless Chips,2023-11-24,259290.89,"PSC 9901, Box 6272, APO AE 34600",tina.ferguson@broadcominc.com
Microsoft Corp,MSFT,Equinix Inc,EQIX,Service Provider,19.22,Data Center Colocation,2023-10-25,6364329.66,,michael.ramirez@equinixinc.com
Salesforce Inc,CRM,IBM Corp,IBM,Service Provider,14.11,IT Infrastructure,2022-06-11,7666802.96,,
Meta Platforms Inc,META,UPS Inc,UPS,Logistics Partner,9.61,Shipping,2025-05-31,597534.77,"618 Jessica Valley Apt. 916, Smithtown, WV 84974",jacob.thomas@upsinc.com
Goldman Sachs,GS,Iron Mountain,IRM,Service Provider,low,Records Management,2024-02-08,9215704.0,"5304 Michael Flat, New Alejandraland, AR 87630",george.williams@ironmountain.com
Apple Inc,AAPL,Accenture plc,ACN,Service Provider,18.92,IT Services,2025-01-26,634958.64,"97896 Derek Lodge Suite 991, Blairshire, PR 74757",pamela.cameron@accentureplc.com
AMD Inc,AMD,Entegris Inc,ENTG,Direct Supplier,10.38,Specialty Chemicals,2022-03-20,7915753.72,"992 Sydney Lake Suite 520, North Erinville, SC 92168",michele.schwartz@entegrisinc.com
Eli Lilly,LLY,IBM Corp,IBM,Service Provider,1.11,IT Infrastructure,2025-08-06,7721672.57,"PSC 2447, Box 1746, APO AP 88001",ashlee.coffey@ibmcorp.com
Salesforce Inc,CRM,Microsoft Azure,MSFT,Service Provider,17.28,Cloud Platform,2024-03-13,3026062.68,"470 Ashley Valley Suite 453, Carolynfort, MO 43510",michelle.martin@microsoftazu.com
Cisco Systems,CSCO,UPS Inc,UPS,Logistics Partner,20.0,Supply Chain,2024-01-24,8797955.13,,
Ford Motor Co,F,Deloitte,DLT,Service Provider,13.15,Audit,2025-09-23,3625872.88,,
Amazon.com Inc,AMZN,DHL Express,DHL.DE,Logistics Partner,8.33,International Shipping,2022-06-05,6690602.59,,
Caterpillar Inc,CAT,Workday Inc,WDAY,Service Provider,17.31,Finance,2025-04-27,9021335.04,,
Microsoft Corp,MSFT,SAP SE,SAP,Service Provider,7.49,Business Software,2022-08-01,9392353.54,"104 Johnson Lakes, North Renee, MD 98474",james.king@sapse.com
Texas Instruments,TXN,FedEx Corp,FDX,Logistics Partner,3.69,Express Delivery,2025-06-11,8583985.61,,
Oracle Corp,ORCL,IBM Corp,IBM,Service Provider,17.18,IT Infrastructure,2025-08-03,6787925.08,,
Procter & Gamble,PG,DHL Express,DHL.DE,Logistics Partner,179.46,International Shipping,2022-06-13,4456367.09,"313 Horton Springs Suite 408, Parkerview, AK 59696",nicole.reed@dhlexpress.com
Alphabet Inc,GOOGL,Stark Industries,STRK,Service Provider,3.42,Data Storage,2024-11-25,3017358.48,"3779 Hannah Hollow, Port Edgarville, NE 70087",lindsey.medina@ironmountain.com
Caterpillar Inc,CAT,DHL Express,DHL.DE,Logistics Partner,14.24,International Shipping,2024-11-09,6161819.41,,
Oracle Corp,ORCL,Amazon Web Services,AMZN,Service Provider,5.13,Compute,2023-09-17,9294634.62,"7285 George Corner Suite 538, Port Andrew, NM 60006",hannah.page@amazonwebser.com
Texas Instruments,TXN,Samsung Electronics,005930.KS,Contract Manufacturer,5.27,Foundry Services,2023-05-24,4191753.16,"2472 Sanchez Views Apt. 021, South Jessica, UT 56168",thomas.anderson@samsungelect.com
Tesla Inc,TSLA,Workday Inc,WDAY,Service Provider,6.25,Finance,2022-07-04,4915392.85,"97493 John Dam, Rhodeschester, AS 24404",christopher.vaughan@workdayinc.com
Texas Instruments,TXN,TSMC,TSM,Contract Manufacturer,13.54,Advanced Packaging,2023-07-21,8020246.99,,kent.norman@tsmc.com
Merck & Co,MRK,Charles River Labs,CRL,Service Provider,13.06,Preclinical Services,2025-01-07,5250334.4,,bradley.cross@charlesriver.com
Chevron Corp,CVX,ChampionX Corp,CHX,Direct Supplier,5.94,Artificial Lift,2025-05-28,3739266.06,,
Texas Instruments,TXN,Applied Materials,AMAT,Direct Supplier,10.51,Deposition Equipment,2025-11-02,9213244.53,"93087 Martin Ridges, Port David, VT 23761",amber.thompson@appliedmater.com
Qualcomm Inc,QCOM,Micron Technology,MU,Direct Supplier,12.42,NAND Storage,2025-04-08,8213509.14,"8654 Philip Mountains Apt. 874, Williamsborough, MA 72812",stacy.daniel@microntechno.com
Intel Corp,INTC,Deloitte,DLT,Service Provider,9.4,Audit,2023-11-21,180622.9,,
Merck & Co,MRK,Lonza Group,LONN.SW,Contract Manufacturer,25.04,Biologics,2022-11-20,4424074.72,"00642 Conway Ports Apt. 877, Powellland, ND 30103",jessica.waters@lonzagroup.com
Apple Inc,AAPL,Accenture plc,ACN,Service Provider,18.92,IT Services,2025-01-26,634958.64,"97896 Derek Lodge Suite 991, Blairshire, PR 74757",pamela.cameron@accentureplc.com
Ford Motor Co,F,Lear Corp,LEA,Direct Supplier,TBD,Electrical Systems,2024-10-12,5483822.24,"27104 Clark Islands, East Louischester, VA 26945",jessica.murphy@learcorp.com
JPMorgan Chase,JPM,Bloomberg LP,BBG,Service Provider,8.87,Trading Systems,2023-01-21,2764354.27,"413 Brandon Passage, Snyderstad, NC 92338",justin.jones@bloomberglp.com
Alphabet Inc,GOOGL,Iron Mountain,IRM,Service Provider,12.04,Records Management,2025-03-04,4388881.69,"76332 Nicole Parkway Suite 337, Mcculloughland, NY 44570",katrina.brown@ironmountain.com
Starbucks Corp,SBUX,Workday Inc,WDAY,Service Provider,13.42,Finance,2022-11-01,3689895.37,"23972 Theresa Court Apt. 959, South Jasmine, FM 23765",mark.torres@workdayinc.com
JPMorgan Chase,JPM,Broadridge Financial,BR,Service Provider,,Investor Communications,2025-10-02,3186790.32,"675 Perkins Mills Suite 157, East Jesse, IN 66238",danielle.gibson@broadridgefi.com
Intel Corp,INTC,Sumco Corp,3436.T,Direct Supplier,12.07,Silicon Wafers,2025-09-28,7115730.13,"8231 Jason Parkway Suite 587, Lake Kevinborough, OK 88566",kathleen.chambers@sumcocorp.com
Goldman Sachs,GS,Broadridge Financial,BR,Service Provider,3.26,Trade Processing,2025-04-04,3037788.55,,alex.robinson@broadridgefi.com
JPMorgan Chase,JPM,Accenture plc,ACN,Service Provider,12.11,Consulting,2022-12-22,8992584.97,,marcus.poole@accentureplc.com
Goldman Sachs,GS,Kyndryl Holdings,KD,Service Provider,15.34,IT Infrastructure,2022-07-12,1044925.01,"Unit 6974 Box 2173, DPO AA 70018",kimberly.huber@kyndrylholdi.com
Home Depot,HD,DHL Express,DHL.DE,Logistics Partner,15.93,International Shipping,2023-04-12,1029170.64,"690 Howard Drives Suite 061, South Martinmouth, IA 31110",jacob.jacobson@dhlexpress.com
JPMorgan Chase,JPM,,,Service Provider,2.08,Fund Administration,2025-11-14,4972741.8,,kelly.dunn@ss&ctechnolo.com
Alphabet Inc,GOOGL,IBM Corp,IBM,Service Provider,1.46,Cloud,2023-09-24,3678282.58,"24026 Julie Mountains Suite 589, South Williamton, VA 86864",david.howard@ibmcorp.com
Microsoft Corp,MSFT,Snowflake Inc,SNOW,Service Provider,3.82,Data Warehousing,2025-12-27,2519776.96,"27275 Laura Spring Suite 480, Hardingberg, SC 59395",duane.beck@snowflakeinc.com
JPMorgan Chase,JPM,Weyland-Yutani,WLND,Service Provider,,Data Storage,2022-03-28,9639679.56,"182 Rodriguez Crescent, Maysburgh, WY 83279",wendy.smith@ironmountain.com
Johnson & Johnson,JNJ,Lonza Group,LONN.SW,Contract Manufacturer,14.25,Biologics,2022-03-28,7281803.24,"139 Gutierrez Isle Suite 830, Lake Juan, WY 09392",kelly.lee@lonzagroup.com
Alphabet Inc,GOOGL,SAP SE,SAP,Service Provider,4.32,Business Software,2025-09-15,620452.64,"USS Hernandez, FPO AP 06257",stephanie.jackson@sapse.com
AMD Inc,AMD,FedEx Corp,FDX,Logistics Partner,8.45,Freight,2025-11-14,6191504.43,,
General Electric,GE,Accenture plc,ACN,Service Provider,19.64,Consulting,2023-11-03,1888522.67,"USNV Johnson, FPO AA 50900",william.grant@accentureplc.com
Merck & Co,MRK,UPS Inc,UPS,Logistics Partner,7.09,Supply Chain,2022-12-28,5111238.55,"106 Samantha Summit, Lake Madisonton, AZ 48162",jennifer.chan@upsinc.com
Nike Inc,NKE,FedEx Corp,FDX,Logistics Partner,,Freight,2024-10-06,6358771.18,,christine.johnson@fedexcorp.com
Boeing Co,BA,Honeywell Intl,HON,Direct Supplier,1.53,Flight Controls,2024-06-03,8090187.79,"1344 Golden Locks Suite 228, New Aaron, NJ 99464",marcus.kaufman@honeywellint.com
Tesla Inc,TSLA,UPS Inc,UPS,Logistics Partner,1.83,Shipping,2022-09-23,1827456.06,"9374 Snow Walk, Port Jeromeshire, KS 52249",sarah.sloan@upsinc.com
General Electric,GE,Workday Inc,WDAY,Service Provider,19.78,HR Software,2022-09-15,6361215.88,"16696 Acosta Inlet Apt. 330, Nathanielview, CA 02973",anthony.obrien@workdayinc.com
Johnson & Johnson,JNJ,Deloitte,DLT,Service Provider,13.96,Consulting,2022-04-21,6883039.29,"1776 Murray Manor Suite 100, North Paigeland, PR 16567",jennifer.adams@deloitte.com
Intel Corp,INTC,Samsung Electronics,005930.KS,Contract Manufacturer,5.55,Memory Chips,2025-05-07,5880989.31,"2386 Glenn Union Suite 089, North Tonya, WI 36936",susan.russell@samsungelect.com
Oracle Corp,ORCL,Iron Mountain,IRM,Service Provider,14.45,Data Storage,2022-09-03,909544.42,"97589 Shannon Valleys, Jenniferstad, KY 17788",richard.taylor@ironmountain.com
Procter & Gamble,PG,Iron Mountain,IRM,Service Provider,6.48,Records Management,2022-01-18,5014323.84,"1198 Bruce Ports Suite 542, Morganfort, IL 96402",david.turner@ironmountain.com
Costco Wholesale,COST,IBM Corp,IBM,Service Provider,2.79,IT Infrastructure,2023-07-17,6689624.47,,
Caterpillar Inc,CAT,Illinois Tool Works,ITW,Direct Supplier,14.81,Fasteners,2022-01-25,6052770.49,"15019 Crawford Vista Suite 209, West Charles, DC 06559",elizabeth.peterson@illinoistool.com
Alphabet Inc,GOOGL,UPS Inc,UPS,Logistics Partner,10.83,Shipping,2023-08-12,5751053.85,,
Intel Corp,INTC,SK Hynix,000660.KS,Direct Supplier,10.63,DRAM,2025-03-30,7258957.49,"7168 Pena Course Apt. 250, Thompsonside, MT 70787",albert.riggs@skhynix.com
Adobe Inc,ADBE,,,Service Provider,19.75,Network Security,2022-08-15,7333262.35,"707 Crane Lakes, Kennethton, VI 70208",emily.moore@paloaltonetw.com
PepsiCo Inc,PEP,DHL Express,DHL.DE,Logistics Partner,13.6,International Shipping,2025-09-30,8569333.12,"608 Garcia Square, Ericaside, WI 44375",franklin.ray@dhlexpress.com
Adobe Inc,ADBE,Microsoft Azure,MSFT,Service Provider,9.16,AI Services,2025-05-07,7387443.98,"1621 Lane Tunnel Apt. 896, Moralesbury, MI 26445",tracy.reynolds@microsoftazu.com
Broadcom Inc,AVGO,DHL Express,DHL.DE,Logistics Partner,11.93,International Shipping,2023-02-10,1549298.41,"USS Newman, FPO AA 17054",allison.martinez@dhlexpress.com
Apple Inc,AAPL,DHL Express,DHL.DE,Logistics Partner,16.31,International Shipping,2025-02-20,9851937.1,,jennifer.serrano@dhlexpress.com
Eli Lilly,LLY,DHL Express,DHL.DE,Logistics Partner,6.38,International Shipping,2023-08-03,7632786.16,,
Caterpillar Inc,CAT,Iron Mountain,IRM,Service Provider,11.69,Data Storage,2025-02-07,7829376.36,,jessica.jordan@ironmountain.com
Microsoft Corp,MSFT,UPS Inc,UPS,Logistics Partner,10.49,Shipping,2023-08-04,3759989.89,,
Home Depot,HD,Deloitte,DLT,Service Provider,1.45,Audit,2024-02-22,4795682.69,"7631 Christopher Place, Schneiderport, MT 12903",michael.bentley@deloitte.com
Home Depot,HD,Deloitte,DLT,Service Provider,6.47,Consulting,2025-02-12,4129404.54,,
Goldman Sachs,GS,UPS Inc,UPS,Logistics Partner,9.03,Shipping,2025-06-09,9194376.56,"2925 Angela Course Suite 760, New Holly, PA 09255",brian.hahn@upsinc.com
Procter & Gamble,PG,IBM Corp,IBM,Service Provider,10.8,IT Infrastructure,2025-12-17,2698893.12,,vicki.ford@ibmcorp.com
Meta Platforms Inc,META,SAP SE,SAP,Service Provider,12.98,Business Software,2025-09-21,9606089.92,"58488 Holder Avenue, North Thomashaven, MO 63572",peter.garcia@sapse.com
Texas Instruments,TXN,Samsung Electronics,005930.KS,Contract Manufacturer,8.18,Foundry Services,2025-09-03,323936.4,,
Boeing Co,BA,SAP SE,SAP,Service Provider,1.69,ERP,00-00-0000,5674857.98,"499 Gonzalez Key Suite 686, Martinezland, IA 72175",aaron.mendoza@sapse.com
Goldman Sachs,GS,Iron Mountain,IRM,Service Provider,11.66,Records Management,2025-09-07,3033053.39,,
Qualcomm Inc,QCOM,Iron Mountain,IRM,Service Provider,,Data Storage,2023-12-08,3357777.56,"99062 Kelly Vista Suite 655, Nelsonland, ID 18341",christopher.davis@ironmountain.com
Boeing Co,BA,Spirit AeroSystems,SPR,Direct Supplier,13.71,Fuselages,2025-10-30,5540093.86,"034 Matthew Shore Apt. 970, New Chadstad, OH 75719",antonio.cunningham@spiritaerosy.com
Apple Inc,AAPL,DHL Express,DHL.DE,Logistics Partner,14.65,International Shipping,2025-05-04,3923432.02,,
AMD Inc,AMD,Amkor Technology,AMKR,Contract Manufacturer,16.72,Test Services,2024-01-06,5864243.89,,george.potter@amkortechnol.com
Johnson & Johnson,JNJ,Charles River Labs,CRL,Service Provider,17.43,Preclinical Services,2022-09-24,9417791.6,,
Coca-Cola Co,KO,Iron Mountain,IRM,Service Provider,-63.82,Data Storage,2022-03-06,5024948.72,"9877 Martin Run, New Brianna, NE 26081",brian.rodgers@ironmountain.com
JPMorgan Chase,JPM,Bloomberg LP,BBG,Service Provider,17.18,Market Data,2024-07-28,4211327.1,"2377 Anderson Meadows Suite 563, South Adam, KY 08620",sarah.rhodes@bloomberglp.com
Meta Platforms Inc,META,ServiceNow Inc,NOW,Service Provider,9.15,IT Service Management,2023-06-12,7776291.03,,mark.thomas@servicenowin.com
Broadcom Inc,AVGO,Iron Mountain,IRM,Service Provider,1.5,Records Management,2023-04-05,8340817.25,"71972 Brown Shoal Apt. 433, Jessechester, NH 49409",lisa.gonzalez@ironmountain.com
Broadcom Inc,AVGO,Entegris Inc,ENTG,Direct Supplier,11.94,Filtration,2024-03-24,3055766.17,"914 Young Cliffs, Port Diana, LA 45393",leonard.lewis@entegrisinc.com
Apple Inc,AAPL,Foxconn,2317.TW,Contract Manufacturer,27.38,PCB Assembly,2024-11-05,9130647.0,"148 Davis Terrace, Lake Lance, AS 26601",scott.lewis@foxconn.com
Salesforce Inc,CRM,SAP SE,SAP,Service Provider,6.16,ERP,2022-07-08,5238935.4,"600 David Camp Apt. 340, Patrickmouth, NV 13881",eric.rogers@sapse.com
Apple Inc,AAPL,DHL Express,DHL.DE,Logistics Partner,1.13,International Shipping,2024-04-02,3910838.51,,
Texas Instruments,TXN,Umbrella Corp,UMBR,Service Provider,7.28,ERP,2025-08-16,442254.61,"035 Wheeler Fall, Matthewsstad, MI 21933",joshua.colon@sapse.com
Chevron Corp,CVX,Soylent Corp,SOYL,Service Provider,4.9,ERP,2023-05-03,4227167.63,"4596 Pamela Trail, Allenland, FL 74805",denise.conrad@sapse.com
JPMorgan Chase,JPM,Bloomberg LP,BBG,Service Provider,5.24,Market Data,2023-07-17,5934626.58,"521 Samantha Springs, Austinside, AZ 63715",john.baker@bloomberglp.com
PepsiCo Inc,PEP,SAP SE,SAP,Service Provider,8.36,ERP,2025-09-01,9058829.13,"760 Jennifer Center Suite 340, North Vanessafurt, SD 49264",stephanie.jones@sapse.com
PepsiCo Inc,PEP,SAP SE,SAP,Service Provider,19.75,Business Software,2025-04-15,3781438.67,"388 Cooper Junctions, Port Jillianton, VT 76866",martha.hatfield@sapse.com
AMD Inc,AMD,DHL Express,DHL.DE,Logistics Partner,12.57,International Shipping,2022-01-09,9019377.69,"Unit 0107 Box 9237, DPO AE 77765",paul.hodges@dhlexpress.com
Costco Wholesale,COST,SAP SE,SAP,Service Provider,18.77,ERP,2025-02-06,6906669.01,"86041 Garcia Fork, Marybury, AS 93992",patricia.mcmillan@sapse.com
Boeing Co,BA,FedEx Corp,FDX,Logistics Partner,6.51,Freight,2023-12-21,4212359.42,,
Tesla Inc,TSLA,ServiceNow Inc,NOW,Service Provider,4.9,IT Service Management,2025-01-18,3852467.92,,
Starbucks Corp,SBUX,Workday Inc,WDAY,Service Provider,5.44,Finance,2023-10-05,3926637.38,,
Intel Corp,INTC,Amkor Technology,AMKR,Contract Manufacturer,13.66,IC Packaging,2024-05-28,2024203.97,"1480 Jane Walk Apt. 073, Kimchester, MP 48310",melissa.livingston@amkortechnol.com
Salesforce Inc,CRM,Accenture plc,ACN,Service Provider,2.49,Consulting,2025-09-25,9023677.04,,
Nike Inc,NKE,,,Service Provider,5.26,Consulting,2022-02-20,4003618.75,"40033 Nicole Land Apt. 097, West Lauren, AS 18532",tommy.anderson@deloitte.com
Tesla Inc,TSLA,Livent Corp,LTHM,Direct Supplier,20.53,Lithium Hydroxide,2022-01-01,3073555.75,"1925 Ponce Square, Andersonland, ME 73760",cody.gregory@liventcorp.com
General Motors,GM,Lear Corp,LEA,Direct Supplier,17.29,Electrical Systems,2025-10-08,7047698.36,"0164 Matthews Motorway, Hansonview, MA 25036",allen.yang@learcorp.com
Procter & Gamble,PG,Soylent Corp,SOYL,Service Provider,12.14,HR Software,2023-10-24,9563250.32,"68497 Kelly Glens Apt. 698, West Edwardtown, NV 50590",calvin.fuentes@workdayinc.com
Broadcom Inc,AVGO,SK Hynix,000660.KS,Direct Supplier,8.7,NAND Flash,2023-09-03,8744070.1,"741 Caleb Spring Apt. 670, Lake Allison, FL 47050",carlos.nixon@skhynix.com
Procter & Gamble,PG,DHL Express,DHL.DE,Logistics Partner,2.24,International Shipping,2022-03-01,4104563.21,"045 Steven Knoll Suite 748, New Marcbury, OK 33428",angela.rodriguez@dhlexpress.com
Walt Disney Co,DIS,SAP SE,SAP,Service Provider,13.23,Business Software,2022-06-25,9498543.42,,
Meta Platforms Inc,META,DHL Express,DHL.DE,Logistics Partner,17.45,International Shipping,2022-06-11,964161.32,,
Chevron Corp,CVX,Schlumberger,SLB,Service Provider,4.9,Reservoir Characterization,2025-10-10,4940622.28,"70602 Michael Isle Suite 313, Juliamouth, MT 24942",edward.gonzalez@schlumberger.com
FactSet Research,FDS,,,Service Provider,1.22,Records Management,2024-03-20,8215561.14,,
Procter & Gamble,PG,Deloitte,DLT,Service Provider,-20.8,Audit,2022-08-10,9178730.5,"252 Nicole Roads, Trujilloville, HI 50378",kimberly.estrada@deloitte.com
Meta Platforms Inc,META,ServiceNow Inc,NOW,Service Provider,19.65,IT Service Management,2024-12-20,9237063.23,,
Adobe Inc,ADBE,DHL Express,DHL.DE,Logistics Partner,14.24,International Shipping,2022-10-18,939954.74,,jessica.becker@dhlexpress.com
Amazon.com Inc,AMZN,DHL Express,DHL.DE,Logistics Partner,7.88,International Shipping,2023-02-11,9852912.1,"2455 Butler Estates, East Suzannebury, MA 93437",monica.hood@dhlexpress.com
Procter & Gamble,PG,FedEx Corp,FDX,Logistics Partner,,Express Delivery,2025-08-19,7518334.18,"Unit 3247 Box 0792, DPO AA 18336",mary.mendez@fedexcorp.com
Coca-Cola Co,KO,FedEx Corp,FDX,Logistics Partner,6.1,Freight,2024-04-01,6399150.72,"2232 Henry Point, West Alexander, KY 62241",rickey.lee@fedexcorp.com
PepsiCo Inc,PEP,SAP SE,SAP,Service Provider,11.04,ERP,2024-05-14,5785213.35,"Unit 8243 Box 8843, DPO AE 91907",james.richardson@sapse.com
Procter & Gamble,PG,IBM Corp,IBM,Service Provider,3.92,IT Infrastructure,2023-10-23,5988959.3,"2108 Kimberly Plains, Stephaniemouth, VI 41832",michelle.hernandez@ibmcorp.com
Home Depot,HD,Iron Mountain,IRM,Service Provider,15.67,Data Storage,2022-08-12,3715299.35,"Unit 3686 Box 3644, DPO AP 41058",william.parks@ironmountain.com
Merck & Co,MRK,,,Logistics Partner,,Shipping,2023-10-06,1558904.07,,
Qualcomm Inc,QCOM,UPS Inc,UPS,Logistics Partner,5.44,Supply Chain,2025-01-05,3868047.47,,
Merck & Co,MRK,Danaher Corp,DHR,Direct Supplier,6.56,Bioprocessing,2025-08-22,3895906.1,"3836 Allison Circles Suite 432, East Heatherport, VA 22897",jessica.hayden@danahercorp.com
Boeing Co,BA,,,Direct Supplier,2.77,Carbon Fiber Composites,2024-01-09,2541373.32,"9405 Erika Manor, Whitestad, AS 61929",gloria.reeves@hexcelcorp.com
Apple Inc,AAPL,FedEx Corp,FDX,Logistics Partner,4.37,Express Delivery,2022-09-12,5369805.64,"77580 Erin Plains, Sarahchester, OH 64054",frank.moore@fedexcorp.com
Meta Platforms Inc,META,ServiceNow Inc,NOW,Service Provider,9.41,IT Service Management,2022-03-25,2496740.75,"724 Donna Orchard Suite 966, Janeberg, RI 39483",alan.reeves@servicenowin.com
JPMorgan Chase,JPM,FIS Global,FIS,Service Provider,4.92,Core Banking Platform,2024-12-09,832538.52,"9611 Walker Common, Lake Patrickfurt, RI 86507",tamara.smith@fisglobal.com
Texas Instruments,TXN,Iron Mountain,IRM,Service Provider,,Records Management,2025-11-05,7794200.58,"99861 Hernandez Port Apt. 191, Mikaylastad, FM 54357",angela.arnold@ironmountain.com
Netflix Inc,NFLX,Workday Inc,WDAY,Service Provider,13.36,HR Software,2022-04-01,8024236.25,,
Starbucks Corp,SBUX,SAP SE,SAP,Service Provider,14.02,ERP,2022-12-14,1431458.59,"8881 House Courts, North Michaelside, ID 44247",jesus.brewer@sapse.com
Home Depot,HD,Deloitte,DLT,Service Provider,1.97,Consulting,2023-04-17,3829405.76,"3270 Amy Cliff Apt. 679, Arielmouth, WY 49955",douglas.lawrence@deloitte.com
Microsoft Corp,MSFT,IBM Corp,IBM,Service Provider,,Cloud,2025-06-30,533440.27,"7563 Patrick Fall, East Scotthaven, ID 01236",angela.graham@ibmcorp.com
Amazon.com Inc,AMZN,ServiceNow Inc,NOW,Service Provider,17.13,IT Service Management,2022-10-13,2982238.02,"1638 Rickey Pass Suite 851, Sarahton, MI 82776",angela.medina@servicenowin.com
Lockheed Martin,LMT,DHL Express,DHL.DE,Logistics Partner,17.49,International Shipping,2022-09-25,7638071.68,"0389 Davis Squares Suite 923, Samanthachester, MO 42260",julia.hogan@dhlexpress.com
Goldman Sachs,GS,IBM Corp,IBM,Service Provider,15.13,IT Infrastructure,2025-01-25,9521406.88,"779 Little Green, Jacobsberg, MN 91258",craig.bowman@ibmcorp.com
Caterpillar Inc,CAT,FedEx Corp,FDX,Logistics Partner,8.63,Express Delivery,2022-05-13,3206984.38,"25296 Scott Spur Suite 368, Hunterville, CA 41016",pamela.allen@fedexcorp.com
Boeing Co,BA,Workday Inc,WDAY,Service Provider,2.28,HR Software,2022-09-07,525106.99,"7705 Jody Forest, New Alexandra, KS 72433",misty.wilkins@workdayinc.com
Caterpillar Inc,CAT,Workday Inc,WDAY,Service Provider,8.39,HR Software,2024-07-28,2239957.13,"643 Andrew Fords Apt. 726, Diazhaven, FL 41182",patrick.waller@workdayinc.com
Qualcomm Inc,QCOM,TSMC,TSM,Contract Manufacturer,7.41,Advanced Packaging,2025-10-20,4760545.1,"09954 Andrea Motorway, West Valerie, WA 96147",bradley.ellis@tsmc.com
Alphabet Inc,GOOGL,Workday Inc,WDAY,Service Provider,4.59,Finance,2022-09-18,7050595.39,,
Netflix Inc,NFLX,Globex Industries,GLBX,Service Provider,6.4,IT Infrastructure,2025-11-27,6198749.53,"96080 Brown Fords Apt. 699, Montgomerytown, WI 82342",vicki.wood@ibmcorp.com
AMD Inc,AMD,Iron Mountain,IRM,Service Provider,2.12,Data Storage,2024-09-18,2801171.29,"11823 Christine Glen Suite 461, Susanmouth, OK 32378",jennifer.nichols@ironmountain.com
Microsoft Corp,MSFT,Equinix Inc,EQIX,Service Provider,1.31,Data Center Colocation,2022-11-20,4440795.19,"Unit 3611 Box 2849, DPO AA 13023",joshua.garcia@equinixinc.com
Johnson & Johnson,JNJ,Lonza Group,LONN.SW,Contract Manufacturer,6.11,Biologics,2023-11-28,8220865.32,,
FactSet Research,FDS,ServiceNow Inc,NOW,Service Provider,,IT Service Management,2022-02-12,8054172.89,"686 Norris Views, Kimberlymouth, NC 57757",april.walker@servicenowin.com
Goldman Sachs,GS,SS&C Technologies,SSNC,Service Provider,2.96,Risk Analytics,2022-09-19,6717658.18,"8463 Ian Highway Apt. 797, Jackiefort, ID 42528",robert.allen@ss&ctechnolo.com
General Motors,GM,UPS Inc,UPS,Logistics Partner,4.41,Shipping,2024-04-26,3039984.49,"50166 Mclaughlin Ranch Suite 076, Palmerfort, IN 94124",brenda.harris@upsinc.com
Tesla Inc,TSLA,Panasonic Holdings,6752.T,Direct Supplier,,Battery Packs,2025-12-21,1310281.14,"9232 Steele Centers Apt. 455, Jonesville, WI 50729",george.young@panasonichol.com
Eli Lilly,LLY,Workday Inc,WDAY,Service Provider,2.36,Finance,2023-08-03,2859522.63,"7989 Bryant Lodge Apt. 706, North Meghanmouth, PW 11253",cheryl.morales@workdayinc.com
Coca-Cola Co,KO,Acme Widget Corp,ACME,Service Provider,2.58,Consulting,2025-09-01,9213764.43,,
Texas Instruments,TXN,Applied Materials,AMAT,Direct Supplier,8.97,Deposition Equipment,2022-09-02,607677.54,"PSC 6179, Box 4964, APO AA 40647",ashley.moore@appliedmater.com
Chevron Corp,CVX,Accenture plc,ACN,Service Provider,2.99,IT Services,TBD,8149254.41,"2030 Thomas Lights Suite 730, West Stephanie, ID 96023",marilyn.brooks@accentureplc.com
Procter & Gamble,PG,Workday Inc,WDAY,Service Provider,16.9,HR Software,2025-03-01,663311.73,"4617 Estes Rest, New Jeanette, NY 86865",anna.stevens@workdayinc.com
Chevron Corp,CVX,FedEx Corp,FDX,Logistics Partner,5.25,Express Delivery,2022-08-25,2945216.2,"964 Macias Prairie, Taylorview, PW 96102",carla.boyd@fedexcorp.com
Coca-Cola Co,KO,Iron Mountain,IRM,Service Provider,11.88,Data Storage,2025-09-06,9904130.05,"917 Santana Locks Apt. 342, Jacksonborough, VI 73257",justin.medina@ironmountain.com
Broadcom Inc,AVGO,DHL Express,DHL.DE,Logistics Partner,9.19,International Shipping,2023-07-17,3486593.5,"375 Ian Ville, Doylehaven, KS 84049",ricky.mccormick@dhlexpress.com
Eli Lilly,LLY,Accenture plc,ACN,Service Provider,12.08,Consulting,2024-03-07,288461.62,,
Starbucks Corp,SBUX,Workday Inc,WDAY,Service Provider,1.02,HR Software,2022-06-02,1939225.56,,stephanie.paul@workdayinc.com
Broadcom Inc,AVGO,IBM Corp,IBM,Service Provider,13.68,Cloud,2022-12-15,9155946.77,"9531 Daniel Turnpike, Melissafurt, RI 59621",christian.jimenez@ibmcorp.com
Caterpillar Inc,CAT,DHL Express,DHL.DE,Logistics Partner,2.22,International Shipping,2024-11-17,7754794.87,,
Nike Inc,NKE,FedEx Corp,FDX,Logistics Partner,11.88,Freight,2025-03-09,7701672.89,"330 Miller Glen, West Sergio, SD 49155",nicole.alvarez@fedexcorp.com
JPMorgan Chase,JPM,Fiserv Inc,FI,Service Provider,17.47,Payment Processing,2022-10-26,2652432.13,,
Oracle Corp,ORCL,Cloudflare Inc,NET,Service Provider,5.41,CDN,2024-09-29,6175739.53,"4890 Ebony Shoal, North Hannahchester, NV 50341",gary.richardson@cloudflarein.com
Qualcomm Inc,QCOM,Amkor Technology,AMKR,Contract Manufacturer,6.76,Test Services,2022-11-12,5008836.27,"79252 Ayala Ports Apt. 380, Port Michellebury, AZ 62336",theresa.burton@amkortechnol.com
Caterpillar Inc,CAT,UPS Inc,UPS,Logistics Partner,8.73,Supply Chain,2022-03-25,6092193.79,,
Qualcomm Inc,QCOM,Entegris Inc,ENTG,Direct Supplier,11.84,Specialty Chemicals,2024-04-29,3431758.67,"5973 Edward Lodge, East Ambertown, MA 00692",miguel.carter@entegrisinc.com
Alphabet Inc,GOOGL,Iron Mountain,IRM,Service Provider,14.97,Records Management,2025-08-09,3844852.27,,
Walt Disney Co,DIS,UPS Inc,UPS,Logistics Partner,,Supply Chain,2023-01-17,8692342.93,,
Boeing Co,BA,UPS Inc,UPS,Logistics Partner,4.08,Supply Chain,2024-07-19,8767249.51,"92645 Harris Via Apt. 917, Lake Sarah, VI 77654",krista.ramos@upsinc.com
Texas Instruments,TXN,Amkor Technology,AMKR,Contract Manufacturer,8.34,IC Packaging,2025-08-03,5439158.69,"8402 Evan Stravenue Suite 602, New Tonyachester, WV 57357",melissa.daniel@amkortechnol.com
Netflix Inc,NFLX,IBM Corp,IBM,Service Provider,-75.38,Cloud,2025-02-28,6394345.93,"4207 Page Plains, South David, SC 46761",yvette.macias@ibmcorp.com
AMD Inc,AMD,,,Direct Supplier,5.14,Silicon Wafers,2024-12-19,4340811.88,,natalie.johnson@sumcocorp.com
Cisco Systems,CSCO,DHL Express,DHL.DE,Logistics Partner,3.86,International Shipping,2024-04-19,287907.05,"40546 Leonard Lock Suite 215, Mosleyhaven, CT 66322",anne.tyler@dhlexpress.com
Eli Lilly,LLY,DHL Express,DHL.DE,Logistics Partner,1.86,International Shipping,2022-04-29,4571822.99,,
Starbucks Corp,SBUX,IBM Corp,IBM,Service Provider,,Cloud,2025-08-05,3254139.35,"9848 Williams Isle, South Bridgetland, NJ 55190",sara.gonzalez@ibmcorp.com
Goldman Sachs,GS,Weyland-Yutani,WLND,Service Provider,17.03,Risk Analytics,2023-09-24,7859521.9,"497 Ryan Roads, East Donaldbury, GA 67546",kevin.webb@ss&ctechnolo.com
Netflix Inc,NFLX,Workday Inc,WDAY,Service Provider,9.61,Finance,2024-12-19,7562029.37,,thomas.freeman@workdayinc.com
FactSet Research,FDS,Workday Inc,WDAY,Service Provider,18.66,Finance,2024-03-19,7844092.34,"292 Austin Cove Suite 274, North Jeanette, MH 11890",katherine.bowers@workdayinc.com
Ford Motor Co,F,FedEx Corp,FDX,Logistics Partner,2.02,Freight,2025-01-04,1541031.19,"657 Russo Dale, Glennshire, GU 43437",zachary.booker@fedexcorp.com
Home Depot,HD,Deloitte,DLT,Service Provider,17.95,Consulting,2022-03-20,4362107.36,"USNS Faulkner, FPO AP 31824",michael.davis@deloitte.com
Apple Inc,AAPL,Corning Inc,GLW,Direct Supplier,17.18,Gorilla Glass,2022-02-18,8954801.85,,
Tesla Inc,TSLA,IBM Corp,IBM,Service Provider,5.55,IT Infrastructure,2022-11-20,2774073.96,"1360 Bowman Glen Suite 692, New Triciachester, KY 74983",garrett.madden@ibmcorp.com
Walt Disney Co,DIS,FedEx Corp,FDX,Logistics Partner,3.89,Freight,2025-07-25,8443984.07,,amanda.huang@fedexcorp.com
General Electric,GE,DHL Express,DHL.DE,Logistics Partner,1.76,International Shipping,2025-04-22,408255.6,"9375 Justin Mountain Apt. 583, West Terryberg, NM 86333",melissa.fuller@dhlexpress.com
Texas Instruments,TXN,Lam Research,LRCX,Direct Supplier,12.26,Etch Equipment,2025-11-29,3619892.17,"07704 Wilson Mission, New Mark, MS 31489",evelyn.graham@lamresearch.com
Boeing Co,BA,SAP SE,SAP,Service Provider,5.88,Business Software,2024-05-29,4699318.38,,
Salesforce Inc,CRM,FedEx Corp,FDX,Logistics Partner,6.94,Express Delivery,2024-09-28,8312845.16,,joshua.mitchell@fedexcorp.com
Nike Inc,NKE,DHL Express,DHL.DE,Logistics Partner,19.44,International Shipping,2022-04-25,4493996.87,"7365 Bennett Knolls Suite 459, East Johnhaven, DE 80898",tiffany.frederick@dhlexpress.com
Merck & Co,MRK,Workday Inc,WDAY,Service Provider,4.91,HR Software,2023-01-10,7305406.01,"71014 Boyer Falls Suite 759, Port Davidfort, ID 74914",allison.rice@workdayinc.com
Meta Platforms Inc,META,Iron Mountain,IRM,Service Provider,1.01,Data Storage,2022-08-19,2227767.15,"7317 Garcia Shore, New Sarah, ND 31487",jessica.pham@ironmountain.com
Eli Lilly,LLY,West Pharmaceutical,WST,Direct Supplier,14.68,Drug Packaging,2022-06-23,266269.88,,
Caterpillar Inc,CAT,DHL Express,DHL.DE,Logistics Partner,9.57,International Shipping,2023-01-19,3753080.98,,paul.avila@dhlexpress.com
Walt Disney Co,DIS,Accenture plc,ACN,Service Provider,,IT Services,2022-02-03,3054347.49,"228 Mark Villages, South Deborah, SC 40367",mary.erickson@accentureplc.com
JPMorgan Chase,JPM,DHL Express,DHL.DE,Logistics Partner,12.69,International Shipping,2024-02-01,5659913.31,"81702 Compton Circles Suite 878, Mayborough, HI 08919",david.mason@dhlexpress.com
Johnson & Johnson,JNJ,FedEx Corp,FDX,Logistics Partner,5.51,Freight,2025-12-24,696143.83,"7013 Paige Throughway Apt. 227, Petershire, NV 26147",stephanie.jones@fedexcorp.com
Eli Lilly,LLY,Charles River Labs,CRL,Service Provider,13.4,Preclinical Services,2023-03-31,3004378.94,"5061 Mejia Camp Suite 701, Erikaburgh, AZ 07817",isaiah.jennings@charlesriver.com
FactSet Research,FDS,Deloitte,DLT,Service Provider,7.96,Audit,2025-09-06,3431354.51,"2898 Mccormick Wall, Lake Dennis, HI 08375",bradley.browning@deloitte.com
JPMorgan Chase,JPM,ServiceNow Inc,NOW,Service Provider,17.18,IT Service Management,2024-07-29,2557387.16,"34750 Mitchell Lights Suite 220, South April, OK 81172",debra.gray@servicenowin.com
Broadcom Inc,AVGO,IBM Corp,IBM,Service Provider,13.33,IT Infrastructure,2023-09-11,3993789.68,"990 Ward Mountains Suite 169, Deannachester, MO 93347",glenda.davidson@ibmcorp.com
General Electric,GE,,,Service Provider,N/A,Cloud,2024-10-03,7854725.73,"553 Shawn Isle, Laurenview, MO 13976",alexis.maxwell@ibmcorp.com
JPMorgan Chase,JPM,Deloitte,DLT,Service Provider,3.63,Audit,2025-12-17,3412010.72,"4536 Maria Crossroad Apt. 350, North Johnview, PA 49912",madeline.adams@deloitte.com
FactSet Research,FDS,UPS Inc,UPS,Logistics Partner,18.8,Shipping,2023-09-17,8896119.2,"973 Jason Wall, Robertston, HI 73989",ryan.allen@upsinc.com
JPMorgan Chase,JPM,Bloomberg LP,BBG,Service Provider,4.98,Trading Systems,2022-06-16,7857418.97,"1726 Anderson Shoal, Richardtown, KS 50672",michael.wagner@bloomberglp.com
Home Depot,HD,Workday Inc,WDAY,Service Provider,10.16,Finance,2025-09-10,5865785.58,,shannon.crane@workdayinc.com
NVIDIA Corp,NVDA,SK Hynix,000660.KS,Direct Supplier,2.33,NAND Flash,2023-01-30,568463.28,"129 Dillon Keys, New Amandaland, SD 15462",patricia.norman@skhynix.com
Oracle Corp,ORCL,Datadog Inc,DDOG,Service Provider,4.66,Monitoring,2025-08-07,1784377.69,,
Johnson & Johnson,JNJ,FedEx Corp,FDX,Logistics Partner,9.46,Freight,2023-09-18,4895365.26,"USNS Miranda, FPO AP 77423",ashley.liu@fedexcorp.com
Starbucks Corp,SBUX,ServiceNow Inc,NOW,Service Provider,8.36,IT Service Management,2022-09-24,2159525.47,"71359 Michael Square Apt. 054, West Ryan, VA 63927",beth.collins@servicenowin.com
Intel Corp,INTC,Entegris Inc,ENTG,Direct Supplier,5.69,Filtration,2023-11-22,3243468.58,,ryan.ortiz@entegrisinc.com
Chevron Corp,CVX,Baker Hughes,BKR,Direct Supplier,25.68,Oilfield Equipment,2023-09-06,4775181.37,"USS Rodriguez, FPO AA 15184",peter.white@bakerhughes.com
AMD Inc,AMD,ServiceNow Inc,NOW,Service Provider,2.72,IT Service Management,2025-11-17,3361371.12,"476 Rebecca Coves, Lake Jacob, AS 05392",jackie.lopez@servicenowin.com
Qualcomm Inc,QCOM,Applied Materials,AMAT,Direct Supplier,3.22,Etch Systems,2023-10-23,9244402.5,"848 Ross Road Apt. 864, Charlesburgh, CO 19980",julie.rice@appliedmater.com
Merck & Co,MRK,Workday Inc,WDAY,Service Provider,4.19,Finance,2024-06-22,4255837.71,"1446 Valenzuela Springs Suite 406, Mccormickstad, SD 40337",cynthia.gamble@workdayinc.com
Merck & Co,MRK,FedEx Corp,FDX,Logistics Partner,14.5,Express Delivery,2022-02-06,9384064.54,"Unit 4842 Box 6898, DPO AP 95942",mariah.ramirez@fedexcorp.com
Meta Platforms Inc,META,Iron Mountain,IRM,Service Provider,3.76,Data Storage,2022-04-10,6351242.33,"021 Hall Mall, Katherineshire, LA 47569",joshua.brown@ironmountain.com
General Electric,GE,ServiceNow Inc,NOW,Service Provider,12.31,IT Service Management,2023-07-26,9567671.37,"20215 Vanessa Rue, Christianfurt, NY 37055",ashley.williams@servicenowin.com
Coca-Cola Co,KO,UPS Inc,UPS,Logistics Partner,12.51,Supply Chain,2023-01-05,5781587.6,"20940 Sherry Views Apt. 717, Coxside, MI 51010",lisa.jones@upsinc.com
Meta Platforms Inc,META,,,Logistics Partner,15.03,Express Delivery,2025-05-14,175672.1,,
Goldman Sachs,GS,UPS Inc,UPS,Logistics Partner,14.05,Supply Chain,2024-06-28,2297440.63,"08985 Perez Brook, Port Sarah, VT 45115",briana.willis@upsinc.com
Alphabet Inc,GOOGL,SAP SE,SAP,Service Provider,17.43,ERP,2024-05-18,8364867.52,"26509 Webb Key, Lake Molly, OK 53671",laura.petty@sapse.com
Walt Disney Co,DIS,DHL Express,DHL.DE,Logistics Partner,7.14,International Shipping,2025-03-04,8614002.34,"8134 Kyle Junctions Apt. 448, Hillshire, CA 90295",denise.austin@dhlexpress.com
Boeing Co,BA,,,Logistics Partner,5.93,International Shipping,2023-12-18,5605425.97,,bonnie.jones@dhlexpress.com
Caterpillar Inc,CAT,Iron Mountain,IRM,Service Provider,4.43,Data Storage,2025-01-02,2325503.48,,
Chevron Corp,CVX,TechnipFMC,FTI,Service Provider,7.4,Engineering,2025-11-17,4922271.59,"396 Chavez Summit, Meganfort, WY 51477",andrea.davies@technipfmc.com
General Electric,GE,IBM Corp,IBM,Service Provider,8.57,IT Infrastructure,2024-11-25,8350613.33,"755 Jones Harbor, North Donald, LA 69866",amanda.best@ibmcorp.com
Eli Lilly,LLY,SAP SE,SAP,Service Provider,16.06,Business Software,2025-05-22,115646.98,"85246 Herrera Haven, Danielville, MO 26994",danny.moore@sapse.com
Merck & Co,MRK,IBM Corp,IBM,Service Provider,18.05,Cloud,2024-02-07,4733316.09,"5925 Suarez Crest Apt. 387, Port Keith, OR 33048",sergio.huff@ibmcorp.com
FactSet Research,FDS,FedEx Corp,FDX,Logistics Partner,16.33,Express Delivery,2025-05-27,3238290.05,"39847 Thompson Route, West Raymond, NH 98349",charles.cohen@fedexcorp.com
Johnson & Johnson,JNJ,FedEx Corp,FDX,Logistics Partner,15.25,Freight,2022-12-04,9483439.32,"128 Rivera Trail Suite 973, North Krista, IL 12472",elijah.cross@fedexcorp.com
Lockheed Martin,LMT,Workday Inc,WDAY,Service Provider,13.12,Finance,2023-08-01,9460029.21,"614 Justin Spring, Jonesport, FM 48316",samantha.brady@workdayinc.com
NVIDIA Corp,NVDA,Samsung Electronics,005930.KS,Contract Manufacturer,4.02,Foundry Services,2022-07-11,2225447.85,"402 Peterson Drives Apt. 511, Davisstad, PA 35172",jennifer.miles@samsungelect.com
Broadcom Inc,AVGO,FedEx Corp,FDX,Logistics Partner,1.53,Express Delivery,2024-01-26,5748410.96,"957 Teresa Islands, Emilyfurt, KY 20123",samuel.pittman@fedexcorp.com
Tesla Inc,TSLA,Mobileye Global,MBLY,Direct Supplier,18.19,Computer Vision,2025-08-04,5102844.34,"66946 Pamela Roads, East Ritaport, MH 56883",cynthia.ali@mobileyeglob.com
Amazon.com Inc,AMZN,Deloitte,DLT,Service Provider,16.06,Consulting,2022-10-17,8024821.76,"417 Myers Hill Suite 689, New Christopher, CT 53174",robert.mclean@deloitte.com
Starbucks Corp,SBUX,Workday Inc,WDAY,Service Provider,19.27,Finance,2024-07-05,9600253.09,"073 Gary View, South Adam, NC 36324",christopher.jackson@workdayinc.com
Ford Motor Co,F,DHL Express,DHL.DE,Logistics Partner,1.65,International Shipping,2025-05-25,3767567.18,"Unit 9003 Box 4864, DPO AP 92332",lori.smith@dhlexpress.com
NVIDIA Corp,NVDA,Lam Research,LRCX,Direct Supplier,15.16,Etch Equipment,2024-01-06,8482568.95,"87101 Courtney Turnpike, Carlsonfurt, MS 78605",brenda.hurst@lamresearch.com
Home Depot,HD,Accenture plc,ACN,Service Provider,17.96,IT Services,2024-09-26,622092.46,"2643 Sanders Row, Keithfurt, AL 58934",matthew.flores@accentureplc.com
Walt Disney Co,DIS,UPS Inc,UPS,Logistics Partner,4.48,Shipping,2024-02-04,827379.78,,shannon.king@upsinc.com
General Electric,GE,IBM Corp,IBM,Service Provider,12.21,IT Infrastructure,2025-03-21,2039943.36,"7637 Sheryl Flats Suite 344, South Michael, NJ 00626",craig.jones@ibmcorp.com
General Electric,GE,SAP SE,SAP,Service Provider,pending,ERP,2024-07-04,7893612.75,,jeanne.gates@sapse.com
Microsoft Corp,MSFT,UPS Inc,UPS,Logistics Partner,13.31,Supply Chain,2023-08-14,7517981.56,"8809 Seth Locks Apt. 652, New Sabrina, PA 89102",george.moore@upsinc.com
Merck & Co,MRK,Thermo Fisher,TMO,Direct Supplier,15.15,Reagents,2025-01-07,7521036.89,,jeffrey.cooper@thermofisher.com
Boeing Co,BA,General Electric,GE,Direct Supplier,14.8,Power Systems,2024-02-14,5499453.35,,dave.williams@generalelect.com
NVIDIA Corp,NVDA,Samsung Electronics,005930.KS,Contract Manufacturer,15.28,Foundry Services,2022-01-15,6669956.67,"163 Randall Freeway Apt. 736, South Kaitlynshire, VT 40642",gina.jones@samsungelect.com
Starbucks Corp,SBUX,IBM Corp,IBM,Service Provider,14.0,IT Infrastructure,2023-11-17,4917340.92,"774 Schneider Heights, East Kimberly, FL 78245",andrew.hopkins@ibmcorp.com
Caterpillar Inc,CAT,ServiceNow Inc,NOW,Service Provider,19.39,IT Service Management,2025-02-19,459193.64,"11757 Lawson Overpass Apt. 620, Ericside, MN 15445",jasmin.thompson@servicenowin.com
Adobe Inc,ADBE,Iron Mountain,IRM,Service Provider,19.05,Records Management,2024-06-11,7460079.73,,
Costco Wholesale,COST,Workday Inc,WDAY,Service Provider,17.06,HR Software,2024-09-03,2140076.01,,mary.jones@workdayinc.com
Qualcomm Inc,QCOM,Sumco Corp,3436.T,Direct Supplier,12.05,Silicon Wafers,2023-09-04,8382885.43,"38367 Teresa Divide Suite 103, Haynesstad, NH 98529",katherine.bennett@sumcocorp.com
Lockheed Martin,LMT,Iron Mountain,IRM,Service Provider,15.37,Data Storage,2023-02-19,2683569.9,"475 Miguel Parkway, Sergiofort, AR 50743",marilyn.marks@ironmountain.com
Microsoft Corp,MSFT,IBM Corp,IBM,Service Provider,15.96,IT Infrastructure,2022-09-16,1212450.06,,jasmine.moore@ibmcorp.com
Starbucks Corp,SBUX,ServiceNow Inc,NOW,Service Provider,5.33,IT Service Management,2022-02-04,5336352.57,,samuel.jones@servicenowin.com
Tesla Inc,TSLA,FedEx Corp,FDX,Logistics Partner,7.29,Freight,2022-05-06,6268479.0,"Unit 3972 Box 0487, DPO AE 05591",catherine.miller@fedexcorp.com
Netflix Inc,NFLX,DHL Express,DHL.DE,Logistics Partner,N/A,International Shipping,2024-07-07,6317153.15,"64345 Rhodes Skyway, Port Christopher, WV 62421",stephen.glenn@dhlexpress.com
Lockheed Martin,LMT,Northrop Grumman,NOC,Tier 2 Supplier,17.1,Sensors,2022-12-30,5667563.52,"PSC 6244, Box 1066, APO AP 64936",maria.weber@northropgrum.com
Apple Inc,AAPL,DHL Express,DHL.DE,Logistics Partner,1.13,International Shipping,2024-04-02,3910838.51,,
Nike Inc,NKE,IBM Corp,IBM,Service Provider,2.69,IT Infrastructure,2022-04-23,8418223.03,"7314 Donna Manors Suite 224, Gonzalestown, ID 73302",jessica.smith@ibmcorp.com
Caterpillar Inc,CAT,IBM Corp,IBM,Service Provider,16.75,Cloud,2022-05-05,4251913.69,,john.graves@ibmcorp.com
Qualcomm Inc,QCOM,Micron Technology,MU,Direct Supplier,7.38,NAND Storage,2024-04-23,6808785.37,,
Texas Instruments,TXN,ASML Holding,ASML,Direct Supplier,23.79,DUV Systems,2023-11-04,8530796.3,"78593 Craig Shoals Apt. 480, New Meghan, AS 51412",carla.johnson@asmlholding.com
Walt Disney Co,DIS,IBM Corp,IBM,Service Provider,1.83,IT Infrastructure,2024-08-04,755257.72,"21836 Carpenter Stream, Cindybury, MI 77521",deanna.hernandez@ibmcorp.com
FactSet Research,FDS,DHL Express,DHL.DE,Logistics Partner,4.18,International Shipping,2023-12-30,5552725.36,"17073 Danielle Square Apt. 793, South Jessica, GU 43953",ashlee.rogers@dhlexpress.com
Amazon.com Inc,AMZN,DHL Express,DHL.DE,Logistics Partner,16.94,International Shipping,2024-09-16,9247490.19,"287 Timothy Light Apt. 153, Jamieberg, KY 80276",leon.brooks@dhlexpress.com
Apple Inc,AAPL,FedEx Corp,FDX,Logistics Partner,19.85,Express Delivery,2022-11-29,1500838.74,"722 Rebekah Field Apt. 710, Port Rogerburgh, GA 27379",sarah.bryant@fedexcorp.com
Johnson & Johnson,JNJ,Workday Inc,WDAY,Service Provider,1.79,Finance,2025-12-31,4478856.37,"197 Brittany Mountain, Angelamouth, HI 40875",ashley.peterson@workdayinc.com
Broadcom Inc,AVGO,Amkor Technology,AMKR,Contract Manufacturer,10.21,Test Services,2023-10-06,6067471.69,"01492 Moore Views, Port Erik, VA 89271",jason.bass@amkortechnol.com
Texas Instruments,TXN,Amkor Technology,AMKR,Contract Manufacturer,8.95,IC Packaging,2024-01-05,8479623.85,,
Goldman Sachs,GS,,,Service Provider,3.21,IT Service Management,2022-10-18,3515870.09,"903 Christina Crossing, Joelchester, WV 32423",andres.barr@servicenowin.com
Procter & Gamble,PG,UPS Inc,UPS,Logistics Partner,17.3,Shipping,2022-12-30,8446172.56,"194 Scott Flat Apt. 312, Lake Alyssa, WA 46749",elizabeth.gross@upsinc.com
Nike Inc,NKE,SAP SE,SAP,Service Provider,19.86,ERP,2023-03-12,4257453.1,,
Starbucks Corp,SBUX,Accenture plc,ACN,Service Provider,2.01,IT Services,2023-03-02,2441879.07,"652 Robin Lane Suite 562, Woodview, MA 88871",amanda.casey@accentureplc.com
Coca-Cola Co,KO,SAP SE,SAP,Service Provider,7.62,ERP,2025-02-03,6536649.08,"7539 Morris Way Suite 442, Edwardview, TN 85494",christine.blackwell@sapse.com
NVIDIA Corp,NVDA,SAP SE,SAP,Service Provider,5.13,ERP,2024-01-16,511885.6,,nathaniel.mccarthy@sapse.com
General Electric,GE,IBM Corp,IBM,Service Provider,11.29,Cloud,2022-03-04,4504067.24,,
Ford Motor Co,F,Iron Mountain,IRM,Service Provider,13.55,Data Storage,2022-03-06,5438414.21,"9648 Heather Harbor, South Jeffreyborough, AR 36524",betty.lopez@ironmountain.com
FactSet Research,FDS,Iron Mountain,IRM,Service Provider,12.99,Records Management,2025-07-26,8779072.42,"USS Duncan, FPO AP 35854",james.jensen@ironmountain.com
Adobe Inc,ADBE,Equinix Inc,EQIX,Service Provider,3.13,Data Center Colocation,2025-02-13,3707232.45,"6072 Derek Lock Suite 245, New Nancyberg, DE 05976",kevin.miller@equinixinc.com
Eli Lilly,LLY,ServiceNow Inc,NOW,Service Provider,2.07,IT Service Management,2023-05-16,2513758.61,"98726 Glenn Ports Suite 322, Christianfort, MP 39632",sandra.thomas@servicenowin.com
NVIDIA Corp,NVDA,SK Hynix,000660.KS,Direct Supplier,25.91,DRAM,2025-12-07,5472167.73,"84959 Janet Cape Apt. 413, South Joshuastad, GA 49021",lindsay.blair@skhynix.com
Nike Inc,NKE,Iron Mountain,IRM,Service Provider,1.19,Data Storage,2024-08-10,4784170.98,,samantha.saunders@ironmountain.com
Oracle Corp,ORCL,SAP SE,SAP,Service Provider,14.83,Business Software,2024-12-10,1018910.01,"20945 Silva Isle Suite 349, Nicoleside, MI 83701",david.smith@sapse.com
Oracle Corp,ORCL,Amazon Web Services,AMZN,Service Provider,8.36,Compute,2022-07-18,5601683.6,,dustin.kennedy@amazonwebser.com
Amazon.com Inc,AMZN,ServiceNow Inc,NOW,Service Provider,17.13,IT Service Management,2022-10-13,2982238.02,"1638 Rickey Pass Suite 851, Sarahton, MI 82776",angela.medina@servicenowin.com
Boeing Co,BA,FedEx Corp,FDX,Logistics Partner,12.66,Express Delivery,2022-07-14,152424.81,"51253 Nancy Turnpike, Leetown, MA 28781",ellen.campos@fedexcorp.com
AMD Inc,AMD,Accenture plc,ACN,Service Provider,1.56,Consulting,2022-05-17,2931449.0,,theresa.fox@accentureplc.com
Lockheed Martin,LMT,SAP SE,SAP,Service Provider,12.5,Business Software,2024-03-20,2748918.61,"68812 Michaela Drive, South Williamland, OK 22092",jacob.wells@sapse.com
Salesforce Inc,CRM,UPS Inc,UPS,Logistics Partner,12.33,Supply Chain,2023-08-15,9683052.52,,robin.travis@upsinc.com
Alphabet Inc,GOOGL,Iron Mountain,IRM,Service Provider,19.51,Data Storage,2022-08-19,5341036.25,"363 Hannah Port, Lake Cindy, TX 59184",kelly.lyons@ironmountain.com
Meta Platforms Inc,META,UPS Inc,UPS,Logistics Partner,16.37,Supply Chain,2023-10-10,4261305.08,,
Procter & Gamble,PG,FedEx Corp,FDX,Logistics Partner,17.91,Express Delivery,2023-12-05,5088211.14,"5691 Kara Circle Suite 117, East Elizabethview, AL 84299",victor.mullen@fedexcorp.com
JPMorgan Chase,JPM,Fiserv Inc,FI,Service Provider,3.0,Digital Banking,2022-12-11,809974.81,"770 Melissa Unions, Jameshaven, NC 92048",abigail.dawson@fiservinc.com
Adobe Inc,ADBE,Equinix Inc,EQIX,Service Provider,3.19,Data Center Colocation,2022-03-15,5773543.51,"714 Anita Flat, East Javier, IL 04514",erin.mills@equinixinc.com
Lockheed Martin,LMT,FedEx Corp,FDX,Logistics Partner,2.8,Express Delivery,2024-04-15,2041156.79,,
General Motors,GM,Lear Corp,LEA,Direct Supplier,17.98,Seating,2025-05-20,6098840.99,"41716 Turner Plaza Apt. 563, Jessicaborough, HI 43053",cody.sullivan@learcorp.com
AMD Inc,AMD,IBM Corp,IBM,Service Provider,4.48,Cloud,2024-05-21,9966483.07,"1753 Edwards Cape Apt. 204, Phillipsborough, MA 30650",deborah.parker@ibmcorp.com
Cisco Systems,CSCO,DHL Express,DHL.DE,Logistics Partner,2.85,International Shipping,2023-10-25,7535051.48,"715 Castillo Knolls Suite 650, Chasehaven, NE 03122",christopher.richmond@dhlexpress.com
AMD Inc,AMD,,,Direct Supplier,11.12,Coater/Developer,2025-11-23,3773840.25,"31535 Robert Shore, Churchburgh, MS 09208",darlene.wilson@tokyoelectro.com
JPMorgan Chase,JPM,Workday Inc,WDAY,Service Provider,2.45,Finance,2023-09-20,4730319.15,,
Qualcomm Inc,QCOM,ServiceNow Inc,NOW,Service Provider,3.59,IT Service Management,2024-03-11,7977865.85,"660 Michelle Harbors Suite 485, Estradaview, MI 11392",carrie.george@servicenowin.com
Broadcom Inc,AVGO,Cyberdyne Systems,CYBD,Direct Supplier,18.2,DUV Systems,2025-12-05,4845679.41,,
General Electric,GE,FedEx Corp,FDX,Logistics Partner,12.35,Express Delivery,2023-04-19,7409965.99,,
NVIDIA Corp,NVDA,Workday Inc,WDAY,Service Provider,2.61,HR Software,2023-10-07,4046426.14,"387 Jason Canyon, West Jessica, AS 39026",harry.williams@workdayinc.com
Amazon.com Inc,AMZN,,,Logistics Partner,10.97,Supply Chain,2025-12-04,6351434.25,"PSC 3805, Box 2038, APO AP 84841",matthew.lewis@upsinc.com
Goldman Sachs,GS,UPS Inc,UPS,Logistics Partner,18.55,Shipping,2022-12-30,4030540.88,"579 Gaines Point Suite 312, Mariamouth, WA 87040",jennifer.murray@upsinc.com
Nike Inc,NKE,FedEx Corp,FDX,Logistics Partner,6.41,Express Delivery,2022-02-06,4102996.18,"014 Nicole Knoll Apt. 715, New Chelseafurt, VA 87982",jessica.mccann@fedexcorp.com
Ford Motor Co,F,FedEx Corp,FDX,Logistics Partner,6.66,Freight,2024-07-06,5951204.29,"401 Michael Square, North Bradley, IA 24906",kelly.freeman@fedexcorp.com
Johnson & Johnson,JNJ,UPS Inc,UPS,Logistics Partner,4.93,Shipping,2022-10-11,5831255.47,"84336 Cooper Burg Apt. 632, East Catherine, NY 19884",charles.munoz@upsinc.com
Starbucks Corp,SBUX,DHL Express,DHL.DE,Logistics Partner,4.92,International Shipping,2023-12-19,5516188.29,"USNS Johnson, FPO AA 07554",jason.johnson@dhlexpress.com
JPMorgan Chase,JPM,IBM Corp,IBM,Service Provider,2.05,IT Infrastructure,2023-09-21,6860137.4,,
NVIDIA Corp,NVDA,Accenture plc,ACN,Service Provider,3.3,IT Services,2025-01-01,9353669.77,"07409 Pamela Courts Apt. 178, Davistown, FL 43562",brooke.fernandez@accentureplc.com
Lockheed Martin,LMT,UPS Inc,UPS,Logistics Partner,3.01,Supply Chain,2024-05-10,1633776.38,,
Microsoft Corp,MSFT,Google Cloud,GOOGL,Service Provider,10.62,Cloud Infrastructure,2024-01-15,9664447.85,"47442 Jacob Rest Suite 410, Lake Jeremy, NY 63527",brittany.davis@googlecloud.com
Apple Inc,AAPL,Texas Instruments,TXN,Direct Supplier,2.2,Power Management ICs,2023-04-21,8357727.81,"32109 Anderson Spurs Apt. 170, Murphyhaven, MI 25760",lisa.day@texasinstrum.com
Tesla Inc,TSLA,Deloitte,DLT,Service Provider,4.41,Consulting,2022-04-18,1217601.11,"519 Aaron Hill Suite 277, Alexandriafort, AR 28843",melissa.thomas@deloitte.com
Apple Inc,AAPL,Jabil Inc,JBL,Contract Manufacturer,8.12,EMS Assembly,2023-06-08,3597543.86,,
General Electric,GE,UPS Inc,UPS,Logistics Partner,5.98,Shipping,2023-12-03,8288910.7,,gina.shepard@upsinc.com
Texas Instruments,TXN,Applied Materials,AMAT,Direct Supplier,34.92,Etch Systems,2022-07-05,4368016.15,"92185 Nathaniel Shore, Willismouth, ME 42785",samantha.richard@appliedmater.com
Starbucks Corp,SBUX,Workday Inc,WDAY,Service Provider,1.93,HR Software,2022-10-31,597886.18,"350 Ware Shore, Karlafurt, MS 95880",amanda.maldonado@workdayinc.com
Broadcom Inc,AVGO,ASML Holding,ASML,Direct Supplier,3.99,EUV Lithography Equipment,2025-11-07,9243675.75,"Unit 2323 Box 4533, DPO AA 51304",rachel.harris@asmlholding.com
Adobe Inc,ADBE,Amazon Web Services,AMZN,Service Provider,6.08,Compute,2024-02-03,8127104.39,"56164 Johnson Path, Williehaven, NV 64307",danny.reed@amazonwebser.com
Ford Motor Co,F,Denso Corp,6902.T,Tier 2 Supplier,4.16,Engine Components,2022-11-09,7400872.76,"0550 Duncan Dam Apt. 704, Hubbardland, ND 53122",kevin.li@densocorp.com
Oracle Corp,ORCL,UPS Inc,UPS,Logistics Partner,15.29,Supply Chain,2025-01-03,1185065.56,,bianca.murphy@upsinc.com
Home Depot,HD,Iron Mountain,IRM,Service Provider,13.31,Records Management,2024-05-27,4847320.19,,
Qualcomm Inc,QCOM,Tokyo Electron,8035.T,Direct Supplier,12.22,Coater/Developer,2025-12-01,4872882.38,"68486 Miles Corner, West Christopher, CO 67518",alvin.jones@tokyoelectro.com
NVIDIA Corp,NVDA,Tokyo Electron,8035.T,Direct Supplier,6.4,Etch Systems,2024-05-22,5865460.43,"7585 Rebecca Coves, Johnfurt, VA 18878",kimberly.luna@tokyoelectro.com
Texas Instruments,TXN,Tokyo Electron,8035.T,Direct Supplier,11.79,Coater/Developer,2025-07-08,4300796.17,,lisa.sanchez@tokyoelectro.com
FactSet Research,FDS,Workday Inc,WDAY,Service Provider,16.27,Finance,2022-04-11,1150927.51,"1451 Aguilar Courts Suite 955, New Tom, IL 50788",casey.montgomery@workdayinc.com
Tesla Inc,TSLA,CATL,300750.SZ,Direct Supplier,1.55,Battery Systems,2025-12-31,1574257.92,"3160 David Circle Apt. 943, Stacieberg, NH 73483",michael.hurley@catl.com
Ford Motor Co,F,Continental AG,CON.DE,Direct Supplier,15.83,Brake Systems,2022-02-26,1966426.66,"17525 Erin Stravenue Apt. 243, Hollyville, WA 27307",thomas.smith@continentala.com
Qualcomm Inc,QCOM,Accenture plc,ACN,Service Provider,,IT Services,2023-10-14,7459816.26,"1210 Maria Forges, East Madison, MN 90453",melissa.hawkins@accentureplc.com
Johnson & Johnson,JNJ,Danaher Corp,DHR,Direct Supplier,15.94,Bioprocessing,2025-07-30,3204815.75,"0025 Ashley Canyon Suite 724, Kimberlyton, RI 47626",joshua.lopez@danahercorp.com
Oracle Corp,ORCL,Iron Mountain,IRM,Service Provider,,Data Storage,2023-06-15,1077706.8,"5294 Frye Trafficway, South Maryland, RI 94997",lauren.boyd@ironmountain.com
FactSet Research,FDS,DHL Express,DHL.DE,Logistics Partner,16.51,International Shipping,2022-12-16,2388128.64,"03489 Mark Station, Stephanieborough, FM 11201",michael.decker@dhlexpress.com
Meta Platforms Inc,META,Workday Inc,WDAY,Service Provider,11.95,Finance,2022-02-16,7391990.56,,anthony.perez@workdayinc.com
PepsiCo Inc,PEP,Workday Inc,WDAY,Service Provider,7.33,HR Software,2024-02-12,3572723.7,"03815 Silva Radial, South Alexanderchester, PA 48910",nathaniel.miller@workdayinc.com
Costco Wholesale,COST,IBM Corp,IBM,Service Provider,16.77,Cloud,2024-07-14,949886.04,"33373 Sharon Island Suite 235, Rodriguezside, CO 61351",kayla.baker@ibmcorp.com
Salesforce Inc,CRM,DHL Express,DHL.DE,Logistics Partner,16.09,International Shipping,2022-02-14,5774677.46,,kim.adams@dhlexpress.com
JPMorgan Chase,JPM,Kyndryl Holdings,KD,Service Provider,13.61,IT Infrastructure,2022-10-28,9096389.0,"1611 Hensley Camp, Thompsonfort, NY 85184",william.sanders@kyndrylholdi.com
NVIDIA Corp,NVDA,ServiceNow Inc,NOW,Service Provider,15.5,IT Service Management,2025-09-05,1764093.15,"88190 Cory Terrace, Lorimouth, UT 53830",cassandra.parker@servicenowin.com
Goldman Sachs,GS,Workday Inc,WDAY,Service Provider,11.85,HR Software,2024-08-27,6585667.19,"952 Jose Dale, Murphyville, VI 59466",steven.chen@workdayinc.com
Caterpillar Inc,CAT,FedEx Corp,FDX,Logistics Partner,9.75,Freight,2024-07-15,4466734.24,"1490 Ruiz Parks Suite 322, Shieldsfort, UT 89327",tammy.diaz@fedexcorp.com
Broadcom Inc,AVGO,,,Service Provider,18.37,HR Software,2023-03-25,9171137.58,"052 Mendoza Island, Lake Anthonyfort, PA 33646",barbara.davis@workdayinc.com
Starbucks Corp,SBUX,IBM Corp,IBM,Service Provider,12.93,IT Infrastructure,2024-11-23,8633962.58,"6220 Cameron Expressway Apt. 720, Raventown, FM 27781",david.andrews@ibmcorp.com
Lockheed Martin,LMT,Accenture plc,ACN,Service Provider,12.73,Consulting,2024-06-20,8571214.25,"983 Regina Station, West Davidshire, NH 58397",laura.munoz@accentureplc.com
Tesla Inc,TSLA,Iron Mountain,IRM,Service Provider,9.16,Records Management,2025-03-07,3561509.28,"466 Carlson Viaduct, North John, GU 76113",rhonda.holmes@ironmountain.com
Home Depot,HD,IBM Corp,IBM,Service Provider,4.03,Cloud,2025-03-05,9489682.72,"3605 Sabrina Neck, Port Aprilmouth, PW 69620",angela.morgan@ibmcorp.com
Qualcomm Inc,QCOM,Lam Research,LRCX,Direct Supplier,1.28,Etch Equipment,2023-04-02,966632.8,"858 James Burg, Davidsonville, LA 73458",jonathan.carlson@lamresearch.com
Merck & Co,MRK,Avantor Inc,AVTR,Direct Supplier,5.88,Biopharma Materials,2024-03-16,5079172.41,"18195 Steven Road, West Brian, DE 20059",margaret.turner@avantorinc.com
Coca-Cola Co,KO,FedEx Corp,FDX,Logistics Partner,2.8,Freight,2022-03-30,4253794.76,,ryan.soto@fedexcorp.com
Amazon.com Inc,AMZN,Iron Mountain,IRM,Service Provider,3.45,Records Management,2025-07-27,3934596.39,"34771 Coleman Ridge, Oliviashire, IA 93609",eric.wheeler@ironmountain.com
Starbucks Corp,SBUX,FedEx Corp,FDX,Logistics Partner,15.94,Freight,2022-02-04,7735046.44,"759 Murphy Locks, Courtneyburgh, HI 90395",mallory.smith@fedexcorp.com
Qualcomm Inc,QCOM,Amkor Technology,AMKR,Contract Manufacturer,10.52,IC Packaging,2022-04-27,3968366.48,"3460 Robinson Valley, Davenportland, KS 74422",jack.rose@amkortechnol.com
Walt Disney Co,DIS,Acme Widget Corp,ACME,Service Provider,19.47,Business Software,2023-01-28,8266065.38,"1068 April Drive Apt. 162, Smithburgh, NM 66934",brittany.pearson@sapse.com
Meta Platforms Inc,META,ServiceNow Inc,NOW,Service Provider,19.95,IT Service Management,2024-04-07,3740716.8,,
Tesla Inc,TSLA,CATL,300750.SZ,Direct Supplier,17.88,Lithium-Ion Batteries,2025-01-30,6667056.32,,
Ford Motor Co,F,Aptiv PLC,APTV,Direct Supplier,6.1,Connectors,2023-08-04,3410663.79,"598 Robert Drives, Victoriachester, MS 03897",jessica.cowan@aptivplc.com
FactSet Research,FDS,ServiceNow Inc,NOW,Service Provider,3.49,IT Service Management,2023-08-24,7243800.28,"500 Thomas Parkways Suite 927, Christopherchester, ND 00787",glenn.berg@servicenowin.com
Salesforce Inc,CRM,SAP SE,SAP,Service Provider,3.89,Business Software,2023-04-13,4167445.03,"405 Mckinney Drives, East Sarahton, WI 82469",billy.ramirez@sapse.com
Ford Motor Co,F,Workday Inc,WDAY,Service Provider,2.19,Finance,2022-04-23,1212000.26,"378 Philip Roads, West Marthashire, HI 51496",javier.osborn@workdayinc.com
General Motors,GM,ServiceNow Inc,NOW,Service Provider,6.97,IT Service Management,2023-02-19,5953816.76,,
Boeing Co,BA,Spirit AeroSystems,SPR,Direct Supplier,7.51,Wing Components,2025-11-07,5408971.44,"630 Martin Road, West Jeannefurt, OK 24513",courtney.mooney@spiritaerosy.com
Broadcom Inc,AVGO,Workday Inc,WDAY,Service Provider,7.16,HR Software,2024-06-28,4131460.99,,
Netflix Inc,NFLX,FedEx Corp,FDX,Logistics Partner,3.6,Express Delivery,2023-05-30,4644371.47,"1918 Angelica Walks, New Amandaberg, CT 54675",david.lewis@fedexcorp.com
Lockheed Martin,LMT,IBM Corp,IBM,Service Provider,8.81,Cloud,2024-06-24,4280732.84,"475 Leslie Orchard, Hardyshire, CO 60621",ryan.bullock@ibmcorp.com
Alphabet Inc,GOOGL,FedEx Corp,FDX,Logistics Partner,9.03,Express Delivery,2022-05-07,2309338.82,"187 Jason Burgs, South Danielle, MS 31848",jennifer.martinez@fedexcorp.com
Procter & Gamble,PG,DHL Express,DHL.DE,Logistics Partner,17.48,International Shipping,2022-01-20,6305428.86,,maria.hall@dhlexpress.com
Oracle Corp,ORCL,Deloitte,DLT,Service Provider,17.57,Audit,2022-11-13,6017197.14,"737 Wright Radial, Bryantshire, SD 68064",tracy.soto@deloitte.com
Microsoft Corp,MSFT,Equinix Inc,EQIX,Service Provider,3.69,Data Center Colocation,2024-07-24,9304751.21,"703 Blake Circle Apt. 480, Nicoleview, KS 70061",candice.moore@equinixinc.com
Cisco Systems,CSCO,IBM Corp,IBM,Service Provider,6.01,IT Infrastructure,2025-09-08,1705593.07,,
Goldman Sachs,GS,DHL Express,DHL.DE,Logistics Partner,2.87,International Shipping,2024-06-27,1965074.54,,
Meta Platforms Inc,META,ServiceNow Inc,NOW,Service Provider,17.89,IT Service Management,2022-07-31,5229748.24,"39304 Ryan Junction Apt. 802, Curtisport, WI 68788",sean.sharp@servicenowin.com
Adobe Inc,ADBE,Google Cloud,GOOGL,Service Provider,12.67,Data Analytics,2024-12-10,6226611.0,"4029 Roberta Ridge Suite 650, Julieview, OH 39921",ricardo.mitchell@googlecloud.com
JPMorgan Chase,JPM,Workday Inc,WDAY,Service Provider,3.91,HR Software,2025-09-01,942222.28,"39710 Heather Brooks, Katelynborough, IL 05200",rachel.miller@workdayinc.com
Microsoft Corp,MSFT,Iron Mountain,IRM,Service Provider,1.78,Data Storage,2025-10-23,7170605.27,,
Netflix Inc,NFLX,Deloitte,DLT,Service Provider,18.73,Consulting,2022-01-11,1480016.96,,
Coca-Cola Co,KO,Workday Inc,WDAY,Service Provider,3.41,Finance,2023-06-07,2073200.49,"PSC 2478, Box 7125, APO AA 18559",crystal.pitts@workdayinc.com
Home Depot,HD,ServiceNow Inc,NOW,Service Provider,,IT Service Management,2023-04-03,3458957.53,,
Merck & Co,MRK,Thermo Fisher,TMO,Direct Supplier,4.21,Reagents,2022-11-22,1767504.43,,steven.gill@thermofisher.com
Adobe Inc,ADBE,UPS Inc,UPS,Logistics Partner,2.88,Shipping,2025-03-30,7644278.13,"522 Jackson Ville Suite 251, Wilsonhaven, MD 64628",christina.peters@upsinc.com
Procter & Gamble,PG,Iron Mountain,IRM,Service Provider,4.45,Records Management,2025-08-03,499417.41,"1128 Carter Squares, North Shawnborough, AK 90525",jeanette.smith@ironmountain.com
Caterpillar Inc,CAT,Deloitte,DLT,Service Provider,4.51,Audit,2022-03-18,9136635.77,"026 Hernandez Road Apt. 187, Harrisfort, NM 66665",anthony.rojas@deloitte.com
General Motors,GM,Deloitte,DLT,Service Provider,7.21,Consulting,2025-09-15,2166433.59,,crystal.smith@deloitte.com
Oracle Corp,ORCL,Palo Alto Networks,PANW,Service Provider,4.86,Network Security,2025-03-31,1229249.01,"48831 Scott Estates Suite 783, Brandonshire, MP 90362",jennifer.atkins@paloaltonetw.com
Intel Corp,INTC,Samsung Electronics,005930.KS,Contract Manufacturer,8.09,Memory Chips,2024-08-30,4528194.08,"0596 Fowler Turnpike Apt. 165, North Douglas, PA 89379",carrie.simmons@samsungelect.com
Amazon.com Inc,AMZN,,,Service Provider,1.33,Consulting,2023-09-11,2401059.03,"263 Tammie Fall Apt. 175, Wesleyfort, DE 90455",aaron.beard@accentureplc.com
Boeing Co,BA,Hexcel Corp,HXL,Direct Supplier,12.98,Carbon Fiber Composites,2025-11-01,6203877.85,"911 Ashley Hills Suite 403, North Amyside, NH 79085",connor.smith@hexcelcorp.com
Amazon.com Inc,AMZN,Accenture plc,ACN,Service Provider,8.49,Consulting,2025-09-10,1889107.0,,jacob.day@accentureplc.com
Chevron Corp,CVX,NOV Inc,NOV,Direct Supplier,N/A,Rig Equipment,2025-03-30,5797462.24,"USNS Joseph, FPO AA 24392",eddie.mitchell@novinc.com
Adobe Inc,ADBE,IBM Corp,IBM,Service Provider,11.44,Cloud,2025-01-08,5361017.94,"419 Rodriguez Square Suite 557, South Ryanbury, HI 67994",rebecca.bailey@ibmcorp.com
Johnson & Johnson,JNJ,Workday Inc,WDAY,Service Provider,,HR Software,2022-12-18,4066331.51,"6606 William Tunnel, New Nathan, VT 39265",susan.porter@workdayinc.com
FactSet Research,FDS,Accenture plc,ACN,Service Provider,5.17,Consulting,2023-02-20,4548196.7,"04108 Chavez Unions Apt. 351, East Michaeltown, GU 41712",mark.moore@accentureplc.com
Merck & Co,MRK,,,Service Provider,4.22,IT Service Management,2025-01-22,151784.15,,perry.perry@servicenowin.com
Starbucks Corp,SBUX,IBM Corp,IBM,Service Provider,9.34,IT Infrastructure,2025-07-04,3792376.36,"91294 Small Fork, Port Lisaland, KY 04560",edward.hernandez@ibmcorp.com
Merck & Co,MRK,IQVIA Holdings,IQV,Service Provider,18.79,Clinical Trials,2023-07-31,9452515.46,,
JPMorgan Chase,JPM,Accenture plc,ACN,Service Provider,14.56,Consulting,2024-10-02,4336758.79,"35528 Hawkins Skyway, Port Vanessachester, ID 01253",vanessa.diaz@accentureplc.com
Ford Motor Co,F,Iron Mountain,IRM,Service Provider,19.36,Data Storage,2024-10-30,1866993.16,"427 Julia Green Suite 992, Dannyfort, UT 26047",gregory.hoffman@ironmountain.com
Chevron Corp,CVX,IBM Corp,IBM,Service Provider,18.57,IT Infrastructure,2025-04-09,4633902.94,"9942 Hill Oval Suite 089, Jamieland, DC 94664",donna.henderson@ibmcorp.com
Adobe Inc,ADBE,IBM Corp,IBM,Service Provider,3.16,IT Infrastructure,2023-01-29,325656.53,"53466 Sean Lane Suite 494, Reynoldsberg, VT 07535",jordan.abbott@ibmcorp.com
Starbucks Corp,SBUX,ServiceNow Inc,NOW,Service Provider,14.21,IT Service Management,2022-04-17,6431659.33,"48085 Owens Parkway, North Geoffreyview, TN 38926",seth.barnes@servicenowin.com
Texas Instruments,TXN,DHL Express,DHL.DE,Logistics Partner,1.4,International Shipping,2022-11-30,8858267.78,"PSC 5483, Box 3095, APO AP 65173",raymond.olson@dhlexpress.com
Goldman Sachs,GS,,,Service Provider,1.24,Managed Services,2022-08-31,6168640.52,,
Tesla Inc,TSLA,SAP SE,SAP,Service Provider,2.18,ERP,2023-02-12,1516171.92,"181 Miller Estates Suite 782, Davisbury, GU 59631",monique.williams@sapse.com
Tesla Inc,TSLA,SAP SE,SAP,Service Provider,16.47,ERP,2023-10-10,8588608.95,,ann.thomas@sapse.com
Procter & Gamble,PG,Deloitte,DLT,Service Provider,13.62,Audit,2022-08-13,1274539.91,,
Broadcom Inc,AVGO,IBM Corp,IBM,Service Provider,1.47,IT Infrastructure,2024-01-23,3288562.29,"05553 Craig Valleys Suite 550, South Madison, PA 37875",christine.green@ibmcorp.com
Procter & Gamble,PG,ServiceNow Inc,NOW,Service Provider,9.09,IT Service Management,2022-09-05,9688684.46,,danny.blackburn@servicenowin.com
Starbucks Corp,SBUX,FedEx Corp,FDX,Logistics Partner,10.72,Express Delivery,2024-03-07,6090986.22,"26915 Ross Mews Apt. 072, Hernandezbury, UT 15723",frank.hill@fedexcorp.com
Oracle Corp,ORCL,Deloitte,DLT,Service Provider,3.61,Audit,2024-06-19,1274945.49,"193 Laura Drives Apt. 941, Lake Jeffrey, NY 99285",katherine.goodwin@deloitte.com
Microsoft Corp,MSFT,ServiceNow Inc,NOW,Service Provider,7.7,IT Service Management,2023-02-01,3137900.66,"78393 Jimmy Road Suite 027, Briannaburgh, MI 06111",robert.castaneda@servicenowin.com
Apple Inc,AAPL,Deloitte,DLT,Service Provider,6.96,Consulting,2025-02-01,1024191.85,"31869 Kimberly Light Suite 749, Torreston, RI 97505",brian.hernandez@deloitte.com
Broadcom Inc,AVGO,TSMC,TSM,Contract Manufacturer,4.46,Advanced Packaging,2022-04-22,5555921.72,"033 Nelson Club, Rachelshire, TN 04813",megan.newman@tsmc.com
Microsoft Corp,MSFT,Deloitte,DLT,Service Provider,8.43,Audit,2023-12-08,707250.74,"41810 Stephen Valley, New Donnafort, RI 70370",joel.velez@deloitte.com
JPMorgan Chase,JPM,ServiceNow Inc,NOW,Service Provider,475.53,IT Service Management,2024-04-27,3802461.03,"78049 Poole Dale, New Jaimeside, AS 25710",donna.combs@servicenowin.com
Chevron Corp,CVX,ServiceNow Inc,NOW,Service Provider,15.83,IT Service Management,2025-07-02,2042893.0,,
Tesla Inc,TSLA,FedEx Corp,FDX,Logistics Partner,13.33,Express Delivery,2023-09-27,2937383.29,,
Lockheed Martin,LMT,Raytheon Technologies,RTX,Direct Supplier,7.75,Missiles,2024-04-10,6825412.16,,
Home Depot,HD,Workday Inc,WDAY,Service Provider,4.04,Finance,2023-07-25,8150751.84,,
JPMorgan Chase,JPM,Refinitiv,LSEG.L,Service Provider,3.96,Financial Data,2022-03-19,616056.01,"PSC 9472, Box 8463, APO AP 17310",nathan.stewart@refinitiv.com
Alphabet Inc,GOOGL,Iron Mountain,IRM,Service Provider,14.82,Records Management,2023-10-16,4535330.16,"42519 Melissa Motorway Apt. 628, Parkerchester, AS 60496",theodore.harris@ironmountain.com
Ford Motor Co,F,Lear Corp,LEA,Direct Supplier,6.41,Electrical Systems,2024-12-25,8097646.06,"64281 Monica River, New Diamondburgh, LA 72320",kelly.garrison@learcorp.com
Johnson & Johnson,JNJ,Danaher Corp,DHR,Direct Supplier,18.49,Diagnostics,2022-02-28,7304120.81,"28017 Miller Burg, Andersonport, MN 02824",veronica.conley@danahercorp.com
Microsoft Corp,MSFT,Datadog Inc,DDOG,Service Provider,1.27,Monitoring,2025-07-19,547082.07,"5759 Morris Port, North George, WA 78304",philip.robinson@datadoginc.com
NVIDIA Corp,NVDA,Soylent Corp,SOYL,Direct Supplier,14.66,Silicon Wafers,2025-07-05,9831203.66,,kelsey.luna@sumcocorp.com
Lockheed Martin,LMT,L3Harris Technologies,LHX,Direct Supplier,3.6,Communications,2024-06-19,4282787.1,"3246 Barton Port, Sandovalview, PA 89540",heather.keller@l3harristech.com
Walt Disney Co,DIS,Workday Inc,WDAY,Service Provider,2.22,Finance,2024-03-19,4907964.71,,
Texas Instruments,TXN,Workday Inc,WDAY,Service Provider,,Finance,2022-07-20,4008791.26,,
Oracle Corp,ORCL,Snowflake Inc,SNOW,Service Provider,4.65,Data Warehousing,2024-05-28,4555571.56,,
Walt Disney Co,DIS,DHL Express,DHL.DE,Logistics Partner,4.19,International Shipping,2022-09-06,495581.9,"63238 James Bridge Suite 741, East Thomasburgh, HI 54816",joshua.brown@dhlexpress.com
PepsiCo Inc,PEP,Iron Mountain,IRM,Service Provider,10.33,Records Management,2024-11-12,2838652.9,"07201 Jenny Motorway, Josephshire, NJ 08795",jose.conrad@ironmountain.com
Salesforce Inc,CRM,,,Service Provider,1.31,Cloud Infrastructure,2023-11-08,4042663.03,"6991 Lowe Plaza Suite 303, Mullinsmouth, NC 13987",douglas.khan@amazonwebser.com
Eli Lilly,LLY,Danaher Corp,DHR,Direct Supplier,1.73,Diagnostics,2022-09-29,6906820.21,,
Cisco Systems,CSCO,Iron Mountain,IRM,Service Provider,13.11,Data Storage,2023-06-09,3586142.59,"866 Joseph Summit Apt. 953, Christensenfort, SC 32286",chelsea.patterson@ironmountain.com
Apple Inc,AAPL,UPS Inc,UPS,Logistics Partner,3.34,Shipping,2025-12-27,6522876.78,"193 Sonia Village Suite 268, Henryview, TX 16261",jasmin.kelly@upsinc.com
JPMorgan Chase,JPM,DHL Express,DHL.DE,Logistics Partner,14.95,International Shipping,2023-09-15,825456.98,"Unit 1122 Box 5288, DPO AE 63243",rhonda.oliver@dhlexpress.com
AMD Inc,AMD,Applied Materials,AMAT,Direct Supplier,6.1,Deposition Equipment,2025-04-20,5464967.66,,
Qualcomm Inc,QCOM,SK Hynix,000660.KS,Direct Supplier,2.63,NAND Flash,2022-09-13,2803783.92,"810 Pamela Village Apt. 721, Port Karenville, IA 32556",amanda.cummings@skhynix.com
General Motors,GM,,,Tier 2 Supplier,,HVAC Systems,2025-07-14,2236111.51,,
Walt Disney Co,DIS,DHL Express,DHL.DE,Logistics Partner,4.72,International Shipping,2024-10-02,4403272.8,"847 Mullins Rapids, New Lindsayborough, AZ 13048",scott.jordan@dhlexpress.com
Chevron Corp,CVX,ServiceNow Inc,NOW,Service Provider,,IT Service Management,2024-09-19,3473139.49,"7686 John Flat Suite 619, Gabrielborough, VA 64442",stephanie.bailey@servicenowin.com
Alphabet Inc,GOOGL,Workday Inc,WDAY,Service Provider,4.59,Finance,2024-01-27,5845970.19,"52904 Vanessa Plains, Laurenville, TN 03880",jamie.gallegos@workdayinc.com
Chevron Corp,CVX,Baker Hughes,BKR,Direct Supplier,-60.38,Turbomachinery,2023-11-10,6754373.61,"6827 Fisher Street, West Jaimetown, VI 30952",heidi.crawford@bakerhughes.com
Boeing Co,BA,Safran SA,SAF.PA,Direct Supplier,16.5,Engine Components,2022-11-10,2842647.42,"63474 William Viaduct, Pamelaberg, AZ 89362",carrie.duffy@safransa.com
Eli Lilly,LLY,Avantor Inc,AVTR,Direct Supplier,18.48,Lab Chemicals,2025-10-04,4541029.57,,
AMD Inc,AMD,Entegris Inc,ENTG,Direct Supplier,27.26,Filtration,2025-11-15,4787126.45,"87334 Linda Centers Suite 688, South John, IL 43789",lucas.butler@entegrisinc.com
Meta Platforms Inc,META,,,Service Provider,7.89,IT Infrastructure,2022-07-14,9747658.94,"648 Rodriguez Cape, North Gregorystad, KS 53612",joseph.faulkner@ibmcorp.com
Costco Wholesale,COST,ServiceNow Inc,NOW,Service Provider,16.99,IT Service Management,2025-09-15,8384468.64,"Unit 5591 Box 6983, DPO AE 94541",anthony.miles@servicenowin.com
NVIDIA Corp,NVDA,Lam Research,LRCX,Direct Supplier,10.03,Deposition Systems,2023-11-21,6496419.07,"153 Janice Falls Suite 660, New Ambertown, FM 44232",kimberly.ellis@lamresearch.com
Nike Inc,NKE,IBM Corp,IBM,Service Provider,3.06,Cloud,2022-11-19,2157262.5,"99506 Park Row, Pattersonmouth, MI 03096",robert.hampton@ibmcorp.com
PepsiCo Inc,PEP,Iron Mountain,IRM,Service Provider,17.0,Records Management,2025-05-10,7906454.99,,
Lockheed Martin,LMT,L3Harris Technologies,LHX,Direct Supplier,30.95,Electronic Warfare,2022-03-31,6374924.38,"264 Cole Curve, Lake Dillon, ND 90160",cheyenne.garrett@l3harristech.com
Starbucks Corp,SBUX,Iron Mountain,IRM,Service Provider,5.21,Records Management,2023-01-11,733771.35,"9968 Dillon Ford Apt. 212, Stephaniestad, NY 66275",amanda.jones@ironmountain.com
PepsiCo Inc,PEP,DHL Express,DHL.DE,Logistics Partner,12.38,International Shipping,2024-08-09,5265698.98,,
Caterpillar Inc,CAT,Parker Hannifin,PH,Direct Supplier,15.86,Pneumatics,2024-11-05,2871864.01,"604 Matthew Run, New Zachary, SC 83971",jesse.mack@parkerhannif.com
NVIDIA Corp,NVDA,Samsung Electronics,005930.KS,Contract Manufacturer,7.61,Memory Chips,2023-02-07,7492557.64,"0420 Mendoza Villages, New Mariaside, ND 58334",dawn.yang@samsungelect.com
General Electric,GE,Deloitte,DLT,Service Provider,10.87,Audit,2025-03-24,90202.94,"552 Kathryn Causeway, South Sandraview, VA 30777",anne.rodgers@deloitte.com
Costco Wholesale,COST,Oscorp Industries,OSCP,Service Provider,18.73,IT Service Management,2025-04-24,7573334.83,"54815 Molly Plains, Nicholsfurt, ME 01606",christopher.jefferson@servicenowin.com
Costco Wholesale,COST,Workday Inc,WDAY,Service Provider,5.03,Finance,2022-04-15,3991983.98,,tracy.nelson@workdayinc.com
NVIDIA Corp,NVDA,Accenture plc,ACN,Service Provider,7.36,Consulting,2025-03-17,8086345.46,"637 Noah Cliff, Jillfurt, MH 80761",donald.lamb@accentureplc.com
PepsiCo Inc,PEP,SAP SE,SAP,Service Provider,5.21,Business Software,2024-06-07,6673003.45,"126 Michelle Drive Apt. 331, Juliestad, MT 90527",madison.logan@sapse.com
Cisco Systems,CSCO,Workday Inc,WDAY,Service Provider,1.54,Finance,2025-03-07,4193089.15,"491 Davis Lights Apt. 883, Robinsonmouth, ND 08339",mary.white@workdayinc.com
Eli Lilly,LLY,Workday Inc,WDAY,Service Provider,12.14,Finance,2024-11-26,202896.9,"3305 Summers Orchard, Port Joseph, MD 64031",lacey.hill@workdayinc.com
General Motors,GM,FedEx Corp,FDX,Logistics Partner,9.4,Express Delivery,2023-08-22,3495258.11,,
Home Depot,HD,SAP SE,SAP,Service Provider,15.53,ERP,2025-05-11,7538653.64,"838 Bell Parks Apt. 026, Richardsonfurt, ND 50894",steven.gordon@sapse.com
Procter & Gamble,PG,SAP SE,SAP,Service Provider,6.54,Business Software,2024-02-27,8473262.41,,
Johnson & Johnson,JNJ,Workday Inc,WDAY,Service Provider,16.85,Finance,2025-05-25,1371455.59,"5154 Martinez Loaf Apt. 756, East Andreabury, DE 04361",alicia.preston@workdayinc.com
PepsiCo Inc,PEP,SAP SE,SAP,Service Provider,6.44,ERP,2022-07-01,6000588.32,"8629 Barry Corners Apt. 356, Tylerside, AR 73843",alicia.taylor@sapse.com
NVIDIA Corp,NVDA,SAP SE,SAP,Service Provider,10.74,Business Software,2024-08-18,5760954.75,"PSC 0384, Box 3753, APO AA 45815",charles.cross@sapse.com
Merck & Co,MRK,Avantor Inc,AVTR,Direct Supplier,2.29,Lab Chemicals,2023-04-17,6809937.88,,
Caterpillar Inc,CAT,Illinois Tool Works,ITW,Direct Supplier,6.58,Welding Equipment,2025-06-17,1683835.61,,
Boeing Co,BA,DHL Express,DHL.DE,Logistics Partner,3.29,International Shipping,2022-12-01,3213977.29,,jeffrey.brooks@dhlexpress.com
Walt Disney Co,DIS,Iron Mountain,IRM,Service Provider,15.08,Data Storage,2022-12-17,9555652.63,"088 Matthew Stravenue Suite 583, Greenview, SC 74142",steven.daugherty@ironmountain.com
Johnson & Johnson,JNJ,Charles River Labs,CRL,Service Provider,6.91,Preclinical Services,2022-12-30,7087266.37,"773 Gray Ports Suite 919, South Karenfort, VA 30889",anne.martin@charlesriver.com
Microsoft Corp,MSFT,Cloudflare Inc,NET,Service Provider,3.65,Security,2024-07-28,438890.97,,laura.mcconnell@cloudflarein.com
Meta Platforms Inc,META,,,Service Provider,7.88,IT Services,2023-05-06,8859625.58,,
Netflix Inc,NFLX,IBM Corp,IBM,Service Provider,14.05,IT Infrastructure,2023-07-30,9620619.43,"997 Ferguson Summit Suite 085, Tylerland, AS 60506",miranda.clarke@ibmcorp.com
Amazon.com Inc,AMZN,ServiceNow Inc,NOW,Service Provider,3.81,IT Service Management,2024-05-25,3727818.17,"47020 Austin Lane Suite 195, Port Evelyn, NM 34236",wayne.stone@servicenowin.com
Johnson & Johnson,JNJ,West Pharmaceutical,WST,Direct Supplier,6.51,Drug Packaging,2024-09-16,2970773.14,"2053 Schaefer Walk, Claireland, CT 79052",sarah.summers@westpharmace.com
PepsiCo Inc,PEP,ServiceNow Inc,NOW,Service Provider,16.31,IT Service Management,2024-01-11,7559969.92,"532 Edward Island, Richardchester, VT 87685",barbara.farley@servicenowin.com
Chevron Corp,CVX,IBM Corp,IBM,Service Provider,6.67,IT Infrastructure,2022-04-03,311941.8,,
Walt Disney Co,DIS,FedEx Corp,FDX,Logistics Partner,unknown,Express Delivery,2025-05-20,2071586.59,,cindy.peters@fedexcorp.com
Coca-Cola Co,KO,IBM Corp,IBM,Service Provider,4.78,IT Infrastructure,2025-12-14,3369470.6,"10420 Cervantes Wells Apt. 865, Ashleymouth, OH 58558",rhonda.gay@ibmcorp.com
Home Depot,HD,Accenture plc,ACN,Service Provider,6.2,Consulting,2024-07-19,7108908.52,,
NVIDIA Corp,NVDA,ASE Technology,ASX,Contract Manufacturer,13.57,Testing,2025-09-18,5227076.88,"70518 Lucero Fields, West Marymouth, MH 93471",gregory.rosales@asetechnolog.com
NVIDIA Corp,NVDA,Micron Technology,MU,Direct Supplier,2.21,DRAM Modules,2022-10-10,3384070.85,,
Adobe Inc,ADBE,Microsoft Azure,MSFT,Service Provider,5.29,Cloud Platform,2023-06-26,5822434.0,,
Broadcom Inc,AVGO,ASML Holding,ASML,Direct Supplier,14.7,DUV Systems,2024-12-05,2585371.24,"6293 Dawn Mount, Danielborough, PR 45328",jeremy.baxter@asmlholding.com
AMD Inc,AMD,Amkor Technology,AMKR,Contract Manufacturer,14.06,IC Packaging,not_a_date,8005310.25,"248 Gordon Forges, North Kevinville, WA 56217",kaitlin.rodriguez@amkortechnol.com
Amazon.com Inc,AMZN,IBM Corp,IBM,Service Provider,11.6,Cloud,2025-03-23,8225112.22,"30358 Anna Pines, Port Amandaside, IN 91424",ian.wilkins@ibmcorp.com
Walt Disney Co,DIS,SAP SE,SAP,Service Provider,7.52,Business Software,2022-04-04,1400358.53,,
Procter & Gamble,PG,FedEx Corp,FDX,Logistics Partner,9.09,Express Delivery,2023-07-09,5383913.49,,lisa.rosales@fedexcorp.com
Intel Corp,INTC,Applied Materials,AMAT,Direct Supplier,19.6,Deposition Equipment,2024-03-26,7848355.71,,
NVIDIA Corp,NVDA,ASML Holding,ASML,Direct Supplier,21.86,DUV Systems,2022-01-14,7600133.3,"283 Steven Groves, Lake Mark, WI 07832",michael.santiago@asmlholding.com
FactSet Research,FDS,Workday Inc,WDAY,Service Provider,10.69,Finance,2025-05-31,7632950.69,,
Amazon.com Inc,AMZN,Workday Inc,WDAY,Service Provider,4.89,HR Software,2023-03-19,2128924.89,"50595 Henry Meadow, South Angelicaton, VA 82823",edward.vargas@workdayinc.com
Walt Disney Co,DIS,SAP SE,SAP,Service Provider,11.4,Business Software,2022-05-02,4325745.0,"60763 Hill Fords, Erintown, HI 85639",raven.johnson@sapse.com
General Motors,GM,Denso Corp,6902.T,Tier 2 Supplier,2.32,HVAC Systems,2023-05-19,6036517.54,"8168 Daniel Canyon, Mckayfort, ID 07567",amanda.barnes@densocorp.com
Lockheed Martin,LMT,Accenture plc,ACN,Service Provider,5.12,Consulting,2022-12-22,3692795.7,"69156 Harper Mews, Port Alexandraburgh, NM 56169",todd.mclaughlin@accentureplc.com
Caterpillar Inc,CAT,Roper Technologies,ROP,Direct Supplier,6.62,Software,2023-09-10,4625328.21,,
Eli Lilly,LLY,Danaher Corp,DHR,Direct Supplier,11.52,Bioprocessing,2024-05-09,1765293.11,,
JPMorgan Chase,JPM,Bloomberg LP,BBG,Service Provider,3.49,Market Data,2022-08-14,3046559.68,,
General Electric,GE,SAP SE,SAP,Service Provider,pending,ERP,2024-07-04,7893612.75,,jeanne.gates@sapse.com
Cisco Systems,CSCO,Workday Inc,WDAY,Service Provider,8.68,Finance,2024-02-12,869769.45,"0402 Barker Unions, North Courtneymouth, AS 43143",katherine.caldwell@workdayinc.com
Netflix Inc,NFLX,Weyland-Yutani,WLND,Service Provider,15.43,IT Service Management,2023-09-25,1543308.26,,dawn.moore@servicenowin.com
Alphabet Inc,GOOGL,IBM Corp,IBM,Service Provider,17.3,IT Infrastructure,2022-10-25,8618795.47,"51990 Alejandro Wall, Hallview, RI 18050",brittany.cameron@ibmcorp.com
Caterpillar Inc,CAT,Parker Hannifin,PH,Direct Supplier,33.13,Pneumatics,2023-09-02,7723183.98,"647 Nathaniel Street Apt. 429, East Luisberg, MI 21906",virginia.jones@parkerhannif.com
Amazon.com Inc,AMZN,IBM Corp,IBM,Service Provider,11.39,IT Infrastructure,2023-11-07,9245533.91,"4144 Adam Viaduct, North Lindaland, KY 38008",derek.anderson@ibmcorp.com
Qualcomm Inc,QCOM,DHL Express,DHL.DE,Logistics Partner,17.4,International Shipping,2025-11-30,9343416.87,,
Microsoft Corp,MSFT,Palo Alto Networks,PANW,Service Provider,8.79,Network Security,2025-03-18,8762438.66,"5629 Gonzalez Ports Apt. 686, Brayhaven, ND 41844",zachary.quinn@paloaltonetw.com
Microsoft Corp,MSFT,SAP SE,SAP,Service Provider,8.29,ERP,2023-10-07,8536099.18,"3584 Clayton Canyon Suite 103, East Tracyborough, AL 35111",robert.johnson@sapse.com
Ford Motor Co,F,IBM Corp,IBM,Service Provider,11.7,IT Infrastructure,2023-03-15,3781877.59,"0211 Daniel Neck Apt. 756, West Erikside, MH 32951",larry.humphrey@ibmcorp.com
Boeing Co,BA,Raytheon Technologies,RTX,Direct Supplier,7.69,Engines,2022-01-02,546525.36,"003 Smith Throughway, South Brandonbury, NM 68682",katherine.barnett@raytheontech.com
JPMorgan Chase,JPM,Broadridge Financial,BR,Service Provider,10.29,Trade Processing,2024-10-11,8008209.85,"147 Le Valley Apt. 418, Jennifershire, MA 05971",steven.king@broadridgefi.com
JPMorgan Chase,JPM,SAP SE,SAP,Service Provider,4.05,Business Software,2024-10-22,7818981.25,"17327 Moore Trail, Amandaside, VA 32794",brian.figueroa@sapse.com
Tesla Inc,TSLA,UPS Inc,UPS,Logistics Partner,4.58,Shipping,2025-04-25,6307633.69,"2637 Zimmerman Union, East Oliviahaven, MS 56752",ann.hernandez@upsinc.com
JPMorgan Chase,JPM,DHL Express,DHL.DE,Logistics Partner,12.49,International Shipping,2023-01-07,6798172.08,"USNV Greene, FPO AP 51138",daniel.gomez@dhlexpress.com
Meta Platforms Inc,META,SAP SE,SAP,Service Provider,6.25,ERP,2025-01-31,7560664.28,"0695 Melissa Pike, New Phillipville, ID 70600",mark.mcgee@sapse.com
Caterpillar Inc,CAT,UPS Inc,UPS,Logistics Partner,14.42,Supply Chain,2023-12-29,3152030.23,"23145 Ochoa Court Apt. 275, Port Thomastown, IA 36051",james.davis@upsinc.com
Meta Platforms Inc,META,Globex Industries,GLBX,Service Provider,15.78,IT Service Management,2022-10-27,8695110.94,"USNV Vasquez, FPO AE 72756",lauren.schultz@servicenowin.com
Microsoft Corp,MSFT,Equinix Inc,EQIX,Service Provider,6.11,Data Center Colocation,2022-04-28,548916.26,"75655 Mia Isle Suite 746, South Christopherview, MD 15695",howard.richards@equinixinc.com
Nike Inc,NKE,ServiceNow Inc,NOW,Service Provider,14.78,IT Service Management,2022-09-16,5228673.54,"30397 Baker Brooks Apt. 670, Riddleton, PA 22545",jamie.harris@servicenowin.com
Starbucks Corp,SBUX,FedEx Corp,FDX,Logistics Partner,6.82,Freight,2025-01-20,6670543.74,"519 James Manor, Port Tammy, NY 38267",arthur.choi@fedexcorp.com
AMD Inc,AMD,Micron Technology,MU,Direct Supplier,11.64,NAND Storage,2025-01-07,7757682.43,"39718 Stokes Motorway Apt. 867, New Stevenport, VA 03354",amanda.martin@microntechno.com
Nike Inc,NKE,Workday Inc,WDAY,Service Provider,6.03,Finance,2022-04-11,7273567.11,"38254 Todd Loop Apt. 206, New Stacey, OR 95637",sean.miller@workdayinc.com
PepsiCo Inc,PEP,Accenture plc,ACN,Service Provider,4.78,Consulting,2024-03-01,2873985.33,"46598 James Fords, South Kari, ND 94034",eddie.sanchez@accentureplc.com
Alphabet Inc,GOOGL,FedEx Corp,FDX,Logistics Partner,14.89,Freight,2025-06-01,6620314.97,,matthew.gomez@fedexcorp.com
Coca-Cola Co,KO,Iron Mountain,IRM,Service Provider,1.57,Data Storage,2024-01-19,1455711.05,"6886 Watson Ways, Kathrynville, CO 56204",patricia.green@ironmountain.com
Intel Corp,INTC,Accenture plc,ACN,Service Provider,19.05,Consulting,2025-02-10,8472220.25,"9588 Beverly Vista Suite 687, Goodwinshire, TX 20299",shane.moon@accentureplc.com
Tesla Inc,TSLA,Aptiv PLC,APTV,Direct Supplier,,Wiring Harnesses,2025-02-26,5002617.87,,teresa.olsen@aptivplc.com
Broadcom Inc,AVGO,Weyland-Yutani,WLND,Service Provider,11.7,IT Services,2023-04-28,4159075.37,"757 Harris Track, Jonesfurt, AK 10990",kevin.peterson@accentureplc.com
PepsiCo Inc,PEP,Workday Inc,WDAY,Service Provider,16.64,Finance,2025-05-05,1241024.41,"3942 Antonio Turnpike, West Kim, WY 71257",erica.jefferson@workdayinc.com
Caterpillar Inc,CAT,Cummins Inc,CMI,Direct Supplier,12.29,Power Generation,2023-08-13,9555371.49,"13223 Martinez Curve Apt. 611, Port Toddchester, AZ 26237",alexandra.cordova@cumminsinc.com
Texas Instruments,TXN,Amkor Technology,AMKR,Contract Manufacturer,10.57,IC Packaging,2023-11-26,8785072.68,"52169 Jared Walks, East Anthony, HI 98395",keith.hood@amkortechnol.com
Oracle Corp,ORCL,DHL Express,DHL.DE,Logistics Partner,3.96,International Shipping,2023-04-20,7311628.45,"4160 James Falls Apt. 700, Christianton, HI 69585",glenn.roth@dhlexpress.com
Eli Lilly,LLY,Iron Mountain,IRM,Service Provider,16.34,Records Management,2025-06-11,547466.36,"453 Houston Underpass, East Collinchester, IA 71678",jeremy.carey@ironmountain.com
Meta Platforms Inc,META,ServiceNow Inc,NOW,Service Provider,7.31,IT Service Management,2023-07-29,6124715.55,,
Johnson & Johnson,JNJ,Avantor Inc,AVTR,Direct Supplier,3.83,Lab Chemicals,2023-01-17,5015487.4,"20701 Brown Meadow Suite 299, Jensenport, MA 26472",george.collins@avantorinc.com
AMD Inc,AMD,Applied Materials,AMAT,Direct Supplier,1.54,Deposition Equipment,2025-09-20,3600570.37,"7894 Gonzalez Center Suite 791, Kimmouth, DE 18815",tonya.smith@appliedmater.com
Cisco Systems,CSCO,ServiceNow Inc,NOW,Service Provider,14.12,IT Service Management,2022-01-28,8013641.73,,
Caterpillar Inc,CAT,Cummins Inc,CMI,Direct Supplier,3.62,Diesel Engines,2023-01-20,490266.8,"71909 Chase Streets, Port Albert, ND 87062",olivia.williams@cumminsinc.com
Salesforce Inc,CRM,SAP SE,SAP,Service Provider,18.08,Business Software,2024-06-22,7207639.79,"3433 Elliott Motorway Apt. 972, West Brentshire, TX 28774",robert.lopez@sapse.com
Merck & Co,MRK,SAP SE,SAP,Service Provider,-52.5,Business Software,2023-12-05,7520964.39,"05994 Watts Road, Garzaside, VI 71214",kristen.brown@sapse.com
JPMorgan Chase,JPM,Accenture plc,ACN,Service Provider,14.35,Consulting,2024-09-09,679674.25,"1268 Johnson Common, Kristinmouth, NM 71347",sandra.day@accentureplc.com
Broadcom Inc,AVGO,IBM Corp,IBM,Service Provider,10.94,IT Infrastructure,2023-08-17,6256761.58,"PSC 5237, Box 7487, APO AA 01121",lisa.lambert@ibmcorp.com
Tesla Inc,TSLA,IBM Corp,IBM,Service Provider,12.85,IT Infrastructure,2022-06-16,5315893.83,"04041 Steve Cove, East Brookeview, IA 90740",levi.robinson@ibmcorp.com
Alphabet Inc,GOOGL,Accenture plc,ACN,Service Provider,13.46,Consulting,2022-06-13,4707188.48,"25144 Charles Drives Apt. 031, Tammyville, WV 59652",kelly.scott@accentureplc.com
Qualcomm Inc,QCOM,TSMC,TSM,Contract Manufacturer,3.83,Advanced Packaging,2023-04-14,9621015.47,"Unit 8078 Box 3613, DPO AA 04725",joseph.daniels@tsmc.com
Eli Lilly,LLY,Avantor Inc,AVTR,Direct Supplier,3.18,Lab Chemicals,2023-03-31,8034633.49,,
Walt Disney Co,DIS,Workday Inc,WDAY,Service Provider,,HR Software,2023-09-27,172985.34,"Unit 8798 Box 9763, DPO AE 88815",jesse.delgado@workdayinc.com
Adobe Inc,ADBE,Cloudflare Inc,NET,Service Provider,16.74,Security,2023-03-28,2666653.74,"5031 Christopher Square, West Christianview, NV 20034",deanna.george@cloudflarein.com
General Motors,GM,Robert Bosch,BOSCH.DE,Direct Supplier,14.11,Fuel Injection,2024-11-09,7220213.59,,eric.martinez@robertbosch.com
Procter & Gamble,PG,IBM Corp,IBM,Service Provider,3.09,IT Infrastructure,2023-11-10,2963405.73,,
Johnson & Johnson,JNJ,Danaher Corp,DHR,Direct Supplier,14.19,Diagnostics,2024-09-05,754741.64,"Unit 5381 Box 4474, DPO AA 28427",tyler.jackson@danahercorp.com
Lockheed Martin,LMT,IBM Corp,IBM,Service Provider,15.83,IT Infrastructure,2023-07-22,7782204.21,"01788 Eugene Greens Suite 312, Jonesside, WY 49409",wesley.calhoun@ibmcorp.com
Alphabet Inc,GOOGL,Workday Inc,WDAY,Service Provider,N/A,HR Software,2024-12-31,4154900.34,,
Broadcom Inc,AVGO,FedEx Corp,FDX,Logistics Partner,11.26,Freight,2022-11-23,8518423.69,"27643 Collier Rue Suite 652, Nunezstad, AR 42428",dylan.johnson@fedexcorp.com
Boeing Co,BA,Honeywell Intl,HON,Direct Supplier,2.98,Flight Controls,2025-02-06,1817479.14,"71142 Lee Canyon Apt. 375, New Karen, OK 91843",zachary.mitchell@honeywellint.com
Home Depot,HD,DHL Express,DHL.DE,Logistics Partner,1.43,International Shipping,2023-03-31,7572286.96,,
Procter & Gamble,PG,Iron Mountain,IRM,Service Provider,18.46,Data Storage,2024-12-08,5712229.37,"1455 Hardin Roads, Maryborough, NH 84540",donald.smith@ironmountain.com
Qualcomm Inc,QCOM,UPS Inc,UPS,Logistics Partner,17.22,Supply Chain,2023-04-02,3912818.84,"641 Cruz Route, Port Anthony, ID 54694",derek.taylor@upsinc.com
Lockheed Martin,LMT,Leidos Holdings,LDOS,Service Provider,11.46,IT Services,2025-08-05,6042152.64,,
FactSet Research,FDS,Workday Inc,WDAY,Service Provider,17.24,Finance,2024-05-17,5668468.86,"121 Adam Turnpike, East Brendan, CO 51212",daniel.martinez@workdayinc.com
Procter & Gamble,PG,IBM Corp,IBM,Service Provider,1.54,Cloud,2025-09-17,5332309.82,"31919 William Cliff Apt. 356, North Scott, FL 31106",beth.byrd@ibmcorp.com
Salesforce Inc,CRM,Globex Industries,GLBX,Service Provider,pending,IT Service Management,2024-09-23,3214599.2,,kim.wu@servicenowin.com
Merck & Co,MRK,FedEx Corp,FDX,Logistics Partner,6.6,Freight,2024-05-27,1915846.85,,
Johnson & Johnson,JNJ,IQVIA Holdings,IQV,Service Provider,,Data Analytics,2024-06-25,3269894.18,,
Coca-Cola Co,KO,IBM Corp,IBM,Service Provider,10.1,IT Infrastructure,2023-04-09,7080793.63,,
Boeing Co,BA,Accenture plc,ACN,Service Provider,5.98,IT Services,2022-08-06,5555655.51,,audrey.snyder@accentureplc.com
JPMorgan Chase,JPM,Umbrella Corp,UMBR,Service Provider,11.15,ERP,2023-12-22,8241982.43,"4729 Henderson Hollow, Port Samuelfurt, NM 03331",joanna.tanner@sapse.com
Meta Platforms Inc,META,FedEx Corp,FDX,Logistics Partner,6.65,Freight,2023-07-11,714891.23,,
PepsiCo Inc,PEP,Iron Mountain,IRM,Service Provider,,Records Management,2023-07-19,4059590.89,"48375 Scott Hollow, Kimberlyport, VI 86175",catherine.mendoza@ironmountain.com
Nike Inc,NKE,Deloitte,DLT,Service Provider,5.66,Audit,2025-07-16,9226993.35,"Unit 7931 Box 3475, DPO AA 08833",james.harris@deloitte.com
Procter & Gamble,PG,DHL Express,DHL.DE,Logistics Partner,4.92,International Shipping,2025-04-05,5387526.39,,michelle.flores@dhlexpress.com
Procter & Gamble,PG,UPS Inc,UPS,Logistics Partner,4.17,Shipping,2023-01-05,5522156.39,"Unit 5174 Box 4600, DPO AA 43460",melissa.zavala@upsinc.com
Lockheed Martin,LMT,Iron Mountain,IRM,Service Provider,4.1,Records Management,2022-05-15,7616356.23,"26974 Riley Plaza, Aliciashire, WV 67015",nathaniel.lawson@ironmountain.com
Goldman Sachs,GS,Refinitiv,LSEG.L,Service Provider,,Financial Data,2022-09-30,6851079.61,"944 Karen Parks, Samanthamouth, NE 26187",stephanie.harper@refinitiv.com
NVIDIA Corp,NVDA,ASE Technology,ASX,Contract Manufacturer,4.3,Semiconductor Packaging,2025-08-11,9824852.35,,
Cisco Systems,CSCO,ServiceNow Inc,NOW,Service Provider,7.95,IT Service Management,2024-01-18,320372.74,,
Apple Inc,AAPL,,,Service Provider,15.4,Data Storage,2024-06-16,7509561.43,,
Starbucks Corp,SBUX,SAP SE,SAP,Service Provider,8.12,ERP,2022-08-01,8363679.71,,richard.pugh@sapse.com
Procter & Gamble,PG,Iron Mountain,IRM,Service Provider,8.6,Records Management,2025-08-26,8592069.09,,
General Electric,GE,UPS Inc,UPS,Logistics Partner,5.11,Supply Chain,2022-09-27,7465750.53,,
Alphabet Inc,GOOGL,SAP SE,SAP,Service Provider,16.14,ERP,2025-09-22,1720434.73,"79322 Bethany Trace Suite 390, Smithport, NJ 88550",sierra.downs@sapse.com
NVIDIA Corp,NVDA,,,Direct Supplier,16.58,Specialty Chemicals,2023-07-20,9125235.52,,robert.davis@entegrisinc.com
General Motors,GM,UPS Inc,UPS,Logistics Partner,4.77,Supply Chain,2024-02-19,5922661.08,"6303 William Meadows, Leeport, VI 80765",christopher.cannon@upsinc.com
Adobe Inc,ADBE,Google Cloud,GOOGL,Service Provider,8.4,Cloud Infrastructure,2022-04-18,4196070.14,,
Alphabet Inc,GOOGL,Iron Mountain,IRM,Service Provider,7.44,Records Management,2023-04-30,8652826.68,"PSC 1159, Box 2124, APO AP 83479",gina.henry@ironmountain.com
Oracle Corp,ORCL,,,Logistics Partner,7.15,International Shipping,2023-01-29,7675653.95,"3567 Danielle Knoll, Gibsonfurt, RI 96368",adam.french@dhlexpress.com
General Motors,GM,Workday Inc,WDAY,Service Provider,18.99,HR Software,2024-11-09,1705536.85,,
Boeing Co,BA,SAP SE,SAP,Service Provider,11.83,ERP,2024-11-06,9465364.48,"USCGC Fox, FPO AA 97169",deborah.evans@sapse.com
Texas Instruments,TXN,Entegris Inc,ENTG,Direct Supplier,8.03,Filtration,2025-01-01,6992526.52,"01173 Billy Canyon Apt. 046, North Loriburgh, SD 06637",brian.cain@entegrisinc.com
FactSet Research,FDS,SAP SE,SAP,Service Provider,7.48,ERP,2025-06-26,4369056.3,"4646 Reese Gateway Apt. 273, Bakermouth, PA 19720",ryan.harris@sapse.com
FactSet Research,FDS,ServiceNow Inc,NOW,Service Provider,15.19,IT Service Management,2023-09-10,8337000.48,,
Home Depot,HD,SAP SE,SAP,Service Provider,5.42,ERP,2025-06-16,7601463.26,"376 Davis Trail Suite 628, New Kristinaland, DC 18471",brent.singh@sapse.com
Oracle Corp,ORCL,Equinix Inc,EQIX,Service Provider,8.37,Data Center Colocation,2025-07-21,6288946.47,"75989 Thompson Drive Suite 947, Bakerville, RI 35953",brian.miller@equinixinc.com
Intel Corp,INTC,FedEx Corp,FDX,Logistics Partner,8.27,Freight,2023-09-06,3767552.99,"4712 Vanessa Flats, Andersonside, NV 40814",jane.jones@fedexcorp.com
Coca-Cola Co,KO,SAP SE,SAP,Service Provider,6.22,Business Software,2025-11-11,7794174.29,"927 Jessica Groves Suite 233, Danachester, MT 52635",tony.chen@sapse.com
General Electric,GE,,,Logistics Partner,2.2,Supply Chain,2024-06-15,5762238.36,,john.collier@upsinc.com
Ford Motor Co,F,,,Service Provider,1.11,Records Management,2024-07-03,5305322.58,"41776 Love Wells Apt. 248, West Robertside, WA 43331",ruth.welch@ironmountain.com
General Motors,GM,BorgWarner Inc,BWA,Direct Supplier,6.68,Turbochargers,2023-01-01,6613680.61,"84268 Laura Dale Apt. 616, Davidtown, AL 45275",douglas.mendez@borgwarnerin.com
Starbucks Corp,SBUX,Deloitte,DLT,Service Provider,12.17,Consulting,2025-02-04,632932.8,,
Procter & Gamble,PG,Workday Inc,WDAY,Service Provider,19.65,HR Software,2024-01-03,5031351.88,"601 Zachary Island Apt. 029, Kristenfort, ID 68482",jason.watson@workdayinc.com
Boeing Co,BA,General Electric,GE,Direct Supplier,19.91,Jet Engines,2022-10-10,1722807.51,"492 Wilson Extensions Apt. 056, Lake Brett, OH 06670",michelle.kelley@generalelect.com
Goldman Sachs,GS,Bloomberg LP,BBG,Service Provider,4.66,Trading Systems,2022-03-24,337734.15,,
Costco Wholesale,COST,Accenture plc,ACN,Service Provider,-35.22,IT Services,2022-10-08,3229315.52,"1666 Curtis Trace Suite 294, North Robert, VI 61946",margaret.mills@accentureplc.com
Salesforce Inc,CRM,DHL Express,DHL.DE,Logistics Partner,11.11,International Shipping,2025-08-31,6670748.61,"PSC 3851, Box 5764, APO AP 55611",leonard.reynolds@dhlexpress.com
Eli Lilly,LLY,West Pharmaceutical,WST,Direct Supplier,1.17,Drug Packaging,2025-10-14,4283681.62,"1422 Fuentes Road Apt. 621, Josephborough, PW 62734",william.taylor@westpharmace.com
Broadcom Inc,AVGO,Tokyo Electron,8035.T,Direct Supplier,12.72,Coater/Developer,2023-07-19,3974274.09,"72566 Anderson Gateway, South Daniellechester, MI 59056",marcus.guerra@tokyoelectro.com
NVIDIA Corp,NVDA,ASE Technology,ASX,Contract Manufacturer,16.62,Testing,2024-04-07,9460859.32,"8557 Singleton Prairie, South Grantfort, OK 50154",mark.wright@asetechnolog.com
General Motors,GM,Iron Mountain,IRM,Service Provider,19.81,Data Storage,2022-07-29,7373087.54,"0983 Whitney Island, Laurenberg, NC 87499",david.edwards@ironmountain.com
Eli Lilly,LLY,Lonza Group,LONN.SW,Contract Manufacturer,34.46,Biologics,2022-09-23,6138886.21,"3269 Becky Vista Apt. 846, Arthurton, OK 63843",shawn.coleman@lonzagroup.com
FactSet Research,FDS,ServiceNow Inc,NOW,Service Provider,2.89,IT Service Management,2022-10-27,1882848.37,,
General Electric,GE,ServiceNow Inc,NOW,Service Provider,13.06,IT Service Management,2022-06-07,7313032.65,"801 Eric Landing, North Samuel, NY 67903",elizabeth.salas@servicenowin.com
Nike Inc,NKE,ServiceNow Inc,NOW,Service Provider,6.49,IT Service Management,2025-02-05,4071275.73,,seth.ruiz@servicenowin.com
Tesla Inc,TSLA,Panasonic Holdings,6752.T,Direct Supplier,19.46,Battery Packs,2025-11-23,7494719.83,,
Microsoft Corp,MSFT,Akamai Technologies,AKAM,Service Provider,10.91,CDN,2022-02-23,2249164.32,"481 Smith Harbors, New Brian, IA 45196",larry.garrett@akamaitechno.com
Coca-Cola Co,KO,DHL Express,DHL.DE,Logistics Partner,1.5,International Shipping,2024-03-24,5263628.77,"9835 Solomon Port Apt. 543, Zacharychester, KY 35092",crystal.king@dhlexpress.com
Coca-Cola Co,KO,UPS Inc,UPS,Logistics Partner,1.76,Supply Chain,2023-04-25,7643571.26,"4368 Miller Stream Suite 387, Lopezland, PW 47396",jessica.miller@upsinc.com
Nike Inc,NKE,UPS Inc,UPS,Logistics Partner,3.53,Shipping,2024-08-07,3520727.94,,
Alphabet Inc,GOOGL,FedEx Corp,FDX,Logistics Partner,11.76,Express Delivery,2023-05-21,6288062.37,"85942 Hunter Freeway Suite 543, Jonathanburgh, CO 32094",tonya.ramos@fedexcorp.com
Microsoft Corp,MSFT,Datadog Inc,DDOG,Service Provider,1.84,Observability,2024-10-02,3312641.14,,
Ford Motor Co,F,Workday Inc,WDAY,Service Provider,15.01,HR Software,2023-02-09,4523271.36,"00857 Frost Locks, Patrickport, SD 77611",charles.taylor@workdayinc.com
NVIDIA Corp,NVDA,Iron Mountain,IRM,Service Provider,10.92,Records Management,2024-01-29,8754501.79,"9551 Jones Dale, Ericaberg, DE 88175",sarah.richards@ironmountain.com
FactSet Research,FDS,Workday Inc,WDAY,Service Provider,15.1,Finance,2024-07-02,7988471.21,,phillip.brown@workdayinc.com
Caterpillar Inc,CAT,ServiceNow Inc,NOW,Service Provider,13.59,IT Service Management,2025-06-11,6857408.49,"USCGC Bowers, FPO AE 88149",wendy.mora@servicenowin.com
Broadcom Inc,AVGO,Wayne Enterprises,WAYN,Direct Supplier,4.91,DRAM Modules,2023-02-10,7875682.07,,carl.perez@microntechno.com
Amazon.com Inc,AMZN,ServiceNow Inc,NOW,Service Provider,8.7,IT Service Management,2023-03-10,8080681.87,"5032 Poole Cliffs, Lewisfurt, MD 33937",andrew.long@servicenowin.com
Microsoft Corp,MSFT,Google Cloud,GOOGL,Service Provider,5.72,Data Analytics,2025-02-12,6635619.55,"PSC 7174, Box 6488, APO AA 57878",brooke.holloway@googlecloud.com
Tesla Inc,TSLA,,,Service Provider,6.22,Business Software,2023-12-10,4033426.21,"2778 Taylor Plains Suite 272, Rodgerstown, VA 32377",jared.reynolds@sapse.com
Goldman Sachs,GS,,,Logistics Partner,5.19,International Shipping,2022-01-21,3049206.35,,adam.zamora@dhlexpress.com
Broadcom Inc,AVGO,SK Hynix,000660.KS,Direct Supplier,30.58,DRAM,2022-08-22,8230050.67,"47735 Reynolds Springs Suite 194, Lake Charles, KY 20715",kayla.friedman@skhynix.com
Adobe Inc,ADBE,FedEx Corp,FDX,Logistics Partner,,Express Delivery,2024-02-26,707296.35,"899 Aguilar Crescent, Romanland, VT 35118",mariah.gill@fedexcorp.com
General Motors,GM,DHL Express,DHL.DE,Logistics Partner,9.96,International Shipping,2024-08-16,6007505.8,,richard.smith@dhlexpress.com
General Electric,GE,Deloitte,DLT,Service Provider,17.63,Consulting,2023-11-17,1524269.36,"1638 Matthew Cove Suite 230, Port Lisa, NY 21977",jose.reed@deloitte.com
Tesla Inc,TSLA,Aptiv PLC,APTV,Direct Supplier,13.69,Wiring Harnesses,2024-09-01,3776790.44,,
Apple Inc,AAPL,FedEx Corp,FDX,Logistics Partner,12.1,Freight,2023-03-18,2611136.26,,
Netflix Inc,NFLX,Iron Mountain,IRM,Service Provider,1.65,Records Management,2025-06-24,8893003.46,,
Tesla Inc,TSLA,CATL,300750.SZ,Direct Supplier,6.24,Battery Systems,2024-01-27,4409337.51,"783 Sophia Port Suite 936, North Bethport, CO 20716",melissa.terry@catl.com
Ford Motor Co,F,Iron Mountain,IRM,Service Provider,,Records Management,2022-02-26,6803418.78,,
PepsiCo Inc,PEP,Accenture plc,ACN,Service Provider,3.29,Consulting,2022-01-12,3370938.93,"200 Emily Harbor, New Jillmouth, WA 99499",brenda.winters@accentureplc.com
Ford Motor Co,F,BorgWarner Inc,BWA,Direct Supplier,9.62,Drivetrain,2022-06-08,5715029.46,"836 Ricky Mall Apt. 636, Powersfort, FM 09213",zachary.lee@borgwarnerin.com
Broadcom Inc,AVGO,Iron Mountain,IRM,Service Provider,8.16,Data Storage,2025-09-20,5291650.95,"5158 Moreno Lodge Suite 913, Hernandezview, NY 30365",brandon.stanley@ironmountain.com
AMD Inc,AMD,Sumco Corp,3436.T,Direct Supplier,19.45,Silicon Wafers,2022-09-06,8398065.16,,
Broadcom Inc,AVGO,Tokyo Electron,8035.T,Direct Supplier,22.51,Etch Systems,2022-07-23,9478522.49,"6465 Sarah Flats, Lake Katrina, AK 95818",kelly.neal@tokyoelectro.com
Broadcom Inc,AVGO,Micron Technology,MU,Direct Supplier,6.85,DRAM Modules,2022-07-15,743952.86,"13215 Coleman Circle Apt. 918, Wilsonville, AL 35597",william.gray@microntechno.com
Tesla Inc,TSLA,BorgWarner Inc,BWA,Direct Supplier,5.09,Electric Drive Modules,2023-06-05,4791567.27,"718 Steven Square, Solisside, SD 95440",gabriela.watkins@borgwarnerin.com
Merck & Co,MRK,Workday Inc,WDAY,Service Provider,3.96,HR Software,2025-05-11,2499422.97,"315 Davis Manors, West Geraldland, KS 33593",christina.hayes@workdayinc.com
AMD Inc,AMD,Workday Inc,WDAY,Service Provider,15.47,Finance,2025-09-28,4518293.65,"22622 Cole Mountain, East Sheila, MT 95656",adam.collier@workdayinc.com
Home Depot,HD,Deloitte,DLT,Service Provider,15.95,Consulting,2023-09-10,6085330.12,"92372 Hodges Branch Apt. 848, Port Courtneyfort, IN 87063",chad.richmond@deloitte.com
FactSet Research,FDS,ServiceNow Inc,NOW,Service Provider,9.6,IT Service Management,2022-01-02,5081371.67,,michael.murphy@servicenowin.com
Broadcom Inc,AVGO,Stark Industries,STRK,Direct Supplier,,DUV Systems,2025-05-25,8600065.44,"469 Powell Road Suite 818, South Jacob, AS 79125",kevin.williams@asmlholding.com
Starbucks Corp,SBUX,IBM Corp,IBM,Service Provider,11.09,IT Infrastructure,2024-07-09,2991942.98,"21455 Jennifer Mews Suite 189, Sharonborough, MH 62527",brian.golden@ibmcorp.com
Texas Instruments,TXN,Workday Inc,WDAY,Service Provider,19.15,Finance,2022-08-28,7976240.36,,
AMD Inc,AMD,Amkor Technology,AMKR,Contract Manufacturer,18.55,Test Services,2022-05-20,9165792.23,"293 Karen Vista Suite 071, Millershire, IN 27703",travis.webb@amkortechnol.com
JPMorgan Chase,JPM,FedEx Corp,FDX,Logistics Partner,10.56,Express Delivery,2025-02-20,6129714.1,"774 Everett Tunnel Apt. 971, East Carlosside, NV 23970",victoria.jones@fedexcorp.com
Amazon.com Inc,AMZN,,,Service Provider,5.91,Finance,2025-07-22,1203786.27,"392 White Station, Port Dominicland, MI 08217",richard.rodriguez@workdayinc.com
Costco Wholesale,COST,Iron Mountain,IRM,Service Provider,4.3,Data Storage,2023-02-16,8377917.94,"2322 Jesse Shoal Apt. 287, Bobbybury, AR 94158",scott.scott@ironmountain.com
Microsoft Corp,MSFT,Workday Inc,WDAY,Service Provider,8.44,Finance,2023-02-07,6864335.21,"91277 Garcia Lake, New Anthonyhaven, VI 35377",gerald.rogers@workdayinc.com
Tesla Inc,TSLA,Panasonic Holdings,6752.T,Direct Supplier,8.2,Battery Cells,2022-08-16,3416913.63,"7028 Keith Crest, Port Amanda, PR 83338",kyle.abbott@panasonichol.com
Alphabet Inc,GOOGL,FedEx Corp,FDX,Logistics Partner,15.3,Freight,2023-06-17,3457306.88,"72386 Jennifer Knoll Suite 285, Stephenmouth, TN 62175",mary.taylor@fedexcorp.com
Texas Instruments,TXN,ServiceNow Inc,NOW,Service Provider,5.24,IT Service Management,2025-04-21,8153819.65,"78754 Sara Corner Suite 632, Shawhaven, MA 07468",daniel.smith@servicenowin.com
AMD Inc,AMD,Applied Materials,AMAT,Direct Supplier,3.78,Deposition Equipment,2023-10-22,8293393.94,"0688 Brown Villages, Port Karenville, HI 79026",david.nguyen@appliedmater.com
NVIDIA Corp,NVDA,Lam Research,LRCX,Direct Supplier,17.61,Deposition Systems,2025-01-02,3728745.09,,eric.zavala@lamresearch.com
JPMorgan Chase,JPM,Broadridge Financial,BR,Service Provider,15.99,Trade Processing,2022-01-19,9689907.55,"330 Webb Isle Suite 760, Laurieview, CT 19895",mark.ortega@broadridgefi.com
Texas Instruments,TXN,Tokyo Electron,8035.T,Direct Supplier,11.65,Etch Systems,2025-12-30,263810.16,"55402 Kramer Stravenue Suite 582, Jamestown, TN 11590",morgan.short@tokyoelectro.com
Apple Inc,AAPL,FedEx Corp,FDX,Logistics Partner,2.97,Freight,2025-07-01,9275927.65,"7612 Adrian Park, Peterville, WA 15814",brooke.bennett@fedexcorp.com
Caterpillar Inc,CAT,,,Service Provider,6.61,IT Service Management,2023-03-25,1168055.84,"8747 Lawson Landing Suite 843, West Paul, OR 77866",david.anderson@servicenowin.com
Ford Motor Co,F,Workday Inc,WDAY,Service Provider,13.17,HR Software,2025-01-06,6179668.2,"0242 Marks Center, Port Jason, DE 00684",joseph.wilson@workdayinc.com
General Electric,GE,Accenture plc,ACN,Service Provider,1.82,Consulting,2025-03-20,5943859.22,"9130 Andrew View, Pinedafurt, LA 90365",gabrielle.smith@accentureplc.com
Texas Instruments,TXN,SK Hynix,000660.KS,Direct Supplier,4.48,DRAM,2023-09-18,6917261.24,"72322 Evans Streets, Stoneton, CO 82405",rebecca.williams@skhynix.com
Boeing Co,BA,Oscorp Industries,OSCP,Service Provider,4.61,Audit,2025-05-27,7251105.58,"8294 Heather Cape Apt. 796, South Michaelfort, NM 61716",kristin.lopez@deloitte.com
FactSet Research,FDS,SAP SE,SAP,Service Provider,14.39,ERP,2022-07-22,795052.03,"0128 Jaime Ports, Michaelshire, VT 63702",janice.martinez@sapse.com
Tesla Inc,TSLA,Iron Mountain,IRM,Service Provider,3.51,Data Storage,2022-05-26,6853680.61,"73366 Torres Crest Suite 313, Valenzuelatown, WV 98080",claire.hardy@ironmountain.com
Nike Inc,NKE,,,Service Provider,14.32,IT Services,2024-06-17,7267349.84,,
Tesla Inc,TSLA,Livent Corp,LTHM,Direct Supplier,14.64,Lithium Hydroxide,2022-03-26,8990185.92,"671 Collins Shoals Apt. 959, Lindaland, WY 76722",joseph.perez@liventcorp.com
Nike Inc,NKE,ServiceNow Inc,NOW,Service Provider,5.06,IT Service Management,2024-07-10,1916423.38,,
Intel Corp,INTC,Lam Research,LRCX,Direct Supplier,15.46,Etch Equipment,2025-04-11,9463317.23,"82422 Donovan Fork, Staceyhaven, MH 37731",hunter.burch@lamresearch.com
General Electric,GE,Iron Mountain,IRM,Service Provider,17.52,Records Management,2025-09-07,2999296.11,"4967 Brooks Crossroad Suite 331, West Robertmouth, PR 37843",jennifer.newman@ironmountain.com
Walt Disney Co,DIS,IBM Corp,IBM,Service Provider,14.42,Cloud,2022-12-30,5097920.84,"97978 Spears Branch Apt. 445, South Janetfurt, GA 80428",jenny.dillon@ibmcorp.com
Tesla Inc,TSLA,SAP SE,SAP,Service Provider,1.76,ERP,2025-09-14,5687345.03,"0741 Matthew Roads, Perrybury, IA 74355",randy.harris@sapse.com
FactSet Research,FDS,Accenture plc,ACN,Service Provider,12.57,Consulting,2023-10-04,5132421.62,"55935 Sarah Trail, Jordanview, RI 96738",matthew.fisher@accentureplc.com
Costco Wholesale,COST,Stark Industries,STRK,Service Provider,18.97,HR Software,2022-12-25,6420898.58,"38736 Smith Inlet Apt. 549, Carrberg, NC 37449",carl.morris@workdayinc.com
Chevron Corp,CVX,Baker Hughes,BKR,Direct Supplier,1.31,Oilfield Equipment,2024-02-05,4887310.03,,
JPMorgan Chase,JPM,SS&C Technologies,SSNC,Service Provider,18.13,Fund Administration,2023-12-02,6240234.49,,brandi.bolton@ss&ctechnolo.com
Netflix Inc,NFLX,Accenture plc,ACN,Service Provider,7.99,IT Services,2024-11-08,5397079.38,,
FactSet Research,FDS,DHL Express,DHL.DE,Logistics Partner,7.55,International Shipping,2022-02-20,4853572.29,"1956 Martin Roads, Tiffanyfort, CA 44423",amanda.mooney@dhlexpress.com
Procter & Gamble,PG,IBM Corp,IBM,Service Provider,7.13,Cloud,2025-05-20,8367661.34,,
Goldman Sachs,GS,IBM Corp,IBM,Service Provider,1.73,Cloud,2023-07-16,3648863.93,"337 Mcconnell Mission, West Sabrinahaven, WI 02035",deanna.meyer@ibmcorp.com
Walt Disney Co,DIS,ServiceNow Inc,NOW,Service Provider,1.87,IT Service Management,2024-03-05,753083.71,"6184 Hoffman Courts Suite 833, Raymondmouth, ME 64383",keith.newman@servicenowin.com
Home Depot,HD,,,Service Provider,18.15,Business Software,2024-12-11,3936712.04,"45718 Rhonda Points, South Julieland, PA 39193",alexander.frey@sapse.com
Merck & Co,MRK,Deloitte,DLT,Service Provider,9.26,Audit,2023-11-16,6187352.54,"Unit 9196 Box 2341, DPO AP 79247",amanda.vasquez@deloitte.com
Johnson & Johnson,JNJ,Iron Mountain,IRM,Service Provider,7.76,Data Storage,2023-09-18,3225316.31,,
FactSet Research,FDS,DHL Express,DHL.DE,Logistics Partner,16.32,International Shipping,2023-05-18,2300679.01,"78280 Lee Pike, Lake Rebeccaside, SD 85269",john.martinez@dhlexpress.com
Walt Disney Co,DIS,DHL Express,DHL.DE,Logistics Partner,8.38,International Shipping,2023-01-04,309326.53,"9196 Gonzalez Knoll Suite 172, New Johnnychester, LA 79653",ryan.griffin@dhlexpress.com
Netflix Inc,NFLX,UPS Inc,UPS,Logistics Partner,15.2,Supply Chain,2023-05-16,2364660.05,,
AMD Inc,AMD,Cyberdyne Systems,CYBD,Direct Supplier,19.74,NAND Storage,2022-01-11,6933690.79,,julie.farmer@microntechno.com
Coca-Cola Co,KO,UPS Inc,UPS,Logistics Partner,7.74,Supply Chain,2023-09-24,5987889.52,,
Alphabet Inc,GOOGL,Accenture plc,ACN,Service Provider,13.14,Consulting,2024-10-03,8947949.0,"41862 Cameron Throughway, Lake Nicholasmouth, OH 83444",donald.wheeler@accentureplc.com
Qualcomm Inc,QCOM,ASML Holding,ASML,Direct Supplier,10.66,EUV Lithography Equipment,2023-11-25,8018494.65,"70159 Wolfe Rest Apt. 945, Howardfort, MN 65997",bryan.cooper@asmlholding.com
Home Depot,HD,Accenture plc,ACN,Service Provider,18.36,Consulting,2024-11-22,4024364.89,,
Eli Lilly,LLY,Lonza Group,LONN.SW,Contract Manufacturer,11.13,Drug Substance,2023-12-24,7306894.23,,tristan.hall@lonzagroup.com
Qualcomm Inc,QCOM,ASML Holding,ASML,Direct Supplier,24.44,DUV Systems,2022-11-26,3331546.45,"24241 Wright Landing Apt. 064, South Diana, VT 12976",sarah.moore@asmlholding.com
Coca-Cola Co,KO,Iron Mountain,IRM,Service Provider,11.88,Data Storage,2025-09-06,9904130.05,"917 Santana Locks Apt. 342, Jacksonborough, VI 73257",justin.medina@ironmountain.com
Alphabet Inc,GOOGL,FedEx Corp,FDX,Logistics Partner,17.4,Express Delivery,2024-09-19,2948913.05,"5869 Jensen Rest, Weavermouth, PR 91435",james.gray@fedexcorp.com
Tesla Inc,TSLA,UPS Inc,UPS,Logistics Partner,14.59,Shipping,2024-03-22,4433388.83,"526 Harris Loop, Garyberg, VA 10218",debra.duncan@upsinc.com
Boeing Co,BA,Honeywell Intl,HON,Direct Supplier,5.56,Flight Controls,2024-05-18,5439950.16,,
Eli Lilly,LLY,SAP SE,SAP,Service Provider,14.85,ERP,2022-07-15,3243561.41,,
Amazon.com Inc,AMZN,Deloitte,DLT,Service Provider,10.19,Audit,2025-11-11,6067541.31,"7500 Cisneros Drive, West Stephanieland, AZ 46882",thomas.singleton@deloitte.com
Home Depot,HD,ServiceNow Inc,NOW,Service Provider,11.14,IT Service Management,2025-05-13,4457971.09,"1145 Beasley Falls, New Lauren, IN 06933",jack.davis@servicenowin.com
Lockheed Martin,LMT,FedEx Corp,FDX,Logistics Partner,7.8,Express Delivery,2022-05-29,2191082.44,"93717 Fleming Underpass Apt. 146, South Isaacmouth, ND 06716",amber.griffin@fedexcorp.com
Chevron Corp,CVX,TechnipFMC,FTI,Service Provider,4.33,Engineering,2025-11-09,3213771.4,"56369 Lisa Corners, North Jennifershire, AR 69487",james.brown@technipfmc.com
Procter & Gamble,PG,Oscorp Industries,OSCP,Service Provider,14.11,Finance,2024-09-06,8008996.01,"157 Jeffrey Rest Apt. 355, Waltertown, RI 79035",lori.cross@workdayinc.com
Starbucks Corp,SBUX,Deloitte,DLT,Service Provider,17.93,Consulting,2024-13-45,2317869.48,,
Chevron Corp,CVX,ServiceNow Inc,NOW,Service Provider,4.53,IT Service Management,2025-05-23,123928.42,"942 Kelly Lane Suite 489, Reynoldschester, AR 43345",diana.armstrong@servicenowin.com
Boeing Co,BA,UPS Inc,UPS,Logistics Partner,1.74,Supply Chain,2022-08-07,596384.41,"8774 Hughes Center, West Scott, TN 70833",lisa.kennedy@upsinc.com
Procter & Gamble,PG,Accenture plc,ACN,Service Provider,4.0,Consulting,2022-03-04,513933.31,,
Eli Lilly,LLY,UPS Inc,UPS,Logistics Partner,16.46,Shipping,2025-12-16,8016103.16,"622 Lopez Dale Apt. 728, South Ashleyborough, HI 26838",kim.butler@upsinc.com
Netflix Inc,NFLX,FedEx Corp,FDX,Logistics Partner,4.78,Freight,2022-04-17,8643393.77,"01204 Buchanan Forges Suite 271, Lake Stevemouth, RI 95911",lauren.ware@fedexcorp.com
Lockheed Martin,LMT,Northrop Grumman,NOC,Tier 2 Supplier,-12.88,Autonomous Systems,2024-02-13,7530331.11,,
Intel Corp,INTC,Micron Technology,MU,Direct Supplier,13.04,DRAM Modules,2025-07-18,3855745.27,"507 Jacob Street Suite 644, Lake Richard, MP 79350",edward.smith@microntechno.com
Texas Instruments,TXN,,,Direct Supplier,10.49,Specialty Chemicals,2024-03-06,7213694.29,"33883 Doris Lights, Port Dustintown, RI 95696",katherine.anderson@entegrisinc.com
AMD Inc,AMD,ASE Technology,ASX,Contract Manufacturer,N/A,Semiconductor Packaging,2022-04-30,4421498.77,"USCGC Lee, FPO AE 31429",rachel.smith@asetechnolog.com
Chevron Corp,CVX,TechnipFMC,FTI,Service Provider,,Subsea Systems,2023-02-14,2706433.78,"4696 Smith Lodge Apt. 652, Wangtown, GU 92820",nathan.torres@technipfmc.com
Netflix Inc,NFLX,DHL Express,DHL.DE,Logistics Partner,19.03,International Shipping,2023-02-22,977881.53,"305 Phillips Manor, Johntown, KS 49125",richard.escobar@dhlexpress.com
Goldman Sachs,GS,ServiceNow Inc,NOW,Service Provider,1.46,IT Service Management,2024-01-29,9176407.49,,
General Motors,GM,Accenture plc,ACN,Service Provider,12.31,IT Services,2025-08-15,5882669.47,,
Merck & Co,MRK,Iron Mountain,IRM,Service Provider,14.27,Records Management,2024-04-07,7143505.6,,kevin.randall@ironmountain.com
Alphabet Inc,GOOGL,IBM Corp,IBM,Service Provider,10.87,IT Infrastructure,2024-06-30,142405.13,"728 Gregory Lakes, New Michael, AR 55908",jacqueline.brady@ibmcorp.com
Broadcom Inc,AVGO,Deloitte,DLT,Service Provider,2.56,Consulting,2022-05-08,4277622.99,"7454 Jarvis Ramp Apt. 054, Heathermouth, IN 67845",amanda.williams@deloitte.com
Adobe Inc,ADBE,CrowdStrike,CRWD,Service Provider,7.9,Endpoint Security,2024-01-24,8222585.39,"111 Schroeder Plains Apt. 827, North Mercedes, NE 31106",andre.ross@crowdstrike.com
Microsoft Corp,MSFT,,,Service Provider,,Data Analytics,2022-12-25,2714606.19,"842 Brittany Lights, Murphyport, KS 90455",sheri.underwood@googlecloud.com
Intel Corp,INTC,FedEx Corp,FDX,Logistics Partner,11.98,Express Delivery,2023-08-14,5441201.63,,paige.tran@fedexcorp.com
NVIDIA Corp,NVDA,Entegris Inc,ENTG,Direct Supplier,high,Specialty Chemicals,2023-10-09,4041589.63,"19136 Shelly Port, New Brooke, RI 11246",wesley.farrell@entegrisinc.com
Caterpillar Inc,CAT,Illinois Tool Works,ITW,Direct Supplier,5.43,Welding Equipment,2025-05-12,7885374.34,"6701 Jones Island, North Cody, VI 53165",joyce.davis@illinoistool.com
Boeing Co,BA,DHL Express,DHL.DE,Logistics Partner,15.65,International Shipping,2025-12-02,598399.62,"1155 Costa Corners, Lake Justin, VT 36610",daryl.gray@dhlexpress.com
PepsiCo Inc,PEP,Deloitte,DLT,Service Provider,,Consulting,2025-02-28,1788477.31,,
Oracle Corp,ORCL,FedEx Corp,FDX,Logistics Partner,3.42,Freight,2025-07-22,8812926.36,,
General Electric,GE,,,Service Provider,8.44,Consulting,2025-06-02,7931221.23,"803 Johnson Mission, Harrisland, FL 07283",maria.nguyen@accentureplc.com
Starbucks Corp,SBUX,UPS Inc,UPS,Logistics Partner,4.15,Supply Chain,2024-05-10,8394504.26,,
Ford Motor Co,F,Lear Corp,LEA,Direct Supplier,high,Seating,2024-01-26,8170668.79,"5546 Tina Underpass, Staffordmouth, SD 05570",frank.scott@learcorp.com
General Motors,GM,Robert Bosch,BOSCH.DE,Direct Supplier,34.56,Fuel Injection,2024-08-24,365761.97,"092 Jackson Park, Natalieberg, CO 42092",parker.madden@robertbosch.com
Merck & Co,MRK,Cyberdyne Systems,CYBD,Logistics Partner,9.97,International Shipping,2023-03-08,9365214.86,"6010 Rodriguez Crossing, West Michael, WA 60166",robert.jones@dhlexpress.com
Coca-Cola Co,KO,Iron Mountain,IRM,Service Provider,7.54,Records Management,2023-06-14,7502163.29,"3537 Goodman Crescent, South Jessica, FM 54230",logan.lee@ironmountain.com
Home Depot,HD,UPS Inc,UPS,Logistics Partner,13.07,Shipping,2022-01-07,3146087.0,"0772 Jonathan Road, Stephaniehaven, MS 75113",mallory.cooper@upsinc.com
Amazon.com Inc,AMZN,,,Service Provider,2.52,Records Management,2024-07-02,169389.49,"Unit 1448 Box 9400, DPO AP 87080",stephen.love@ironmountain.com
Merck & Co,MRK,UPS Inc,UPS,Logistics Partner,,Shipping,2023-11-26,5600426.79,"2625 Padilla Alley Apt. 658, West Ronaldview, UT 80782",stephen.hudson@upsinc.com
Meta Platforms Inc,META,Accenture plc,ACN,Service Provider,13.71,IT Services,2022-11-28,7047879.65,"Unit 9222 Box 5606, DPO AE 81494",wendy.reed@accentureplc.com
Procter & Gamble,PG,Accenture plc,ACN,Service Provider,5.29,IT Services,2022-10-03,363334.46,"15792 Anna Skyway, Port Ryan, CO 93624",laura.schultz@accentureplc.com
Adobe Inc,ADBE,SAP SE,SAP,Service Provider,16.15,ERP,2025-11-22,1457579.76,"651 Duane Motorway Apt. 004, Port Geraldview, WV 31371",sharon.george@sapse.com
Alphabet Inc,GOOGL,,,Service Provider,14.57,HR Software,2025-02-28,6590314.63,"557 Figueroa Station Suite 345, Davidside, WA 24587",christina.barron@workdayinc.com
Microsoft Corp,MSFT,Accenture plc,ACN,Service Provider,5.96,IT Services,2023-11-17,8885878.91,"20753 Gabriella View Apt. 685, North Nathan, WV 93476",amy.simpson@accentureplc.com
Texas Instruments,TXN,IBM Corp,IBM,Service Provider,19.74,Cloud,2023-06-09,7643306.38,"4646 Lori Place, Smithport, TN 82865",phillip.cain@ibmcorp.com
AMD Inc,AMD,Accenture plc,ACN,Service Provider,13.19,Consulting,2025-10-18,1471388.02,"1702 Perez Locks, Kevinchester, MH 24379",alan.jordan@accentureplc.com
Procter & Gamble,PG,,,Logistics Partner,10.74,Freight,2024-03-30,9227363.58,"3740 Davis Field, South Sharon, RI 30617",gabriel.campbell@fedexcorp.com
Alphabet Inc,GOOGL,SAP SE,SAP,Service Provider,13.86,Business Software,2023-11-05,308323.58,"659 Stephanie Crest Apt. 376, North Timothy, ME 77571",christopher.hobbs@sapse.com
Meta Platforms Inc,META,Workday Inc,WDAY,Service Provider,18.86,Finance,2022-10-21,5382247.98,"3015 Benjamin Circle Suite 407, Patelville, MH 06720",richard.gonzalez@workdayinc.com
Chevron Corp,CVX,NOV Inc,NOV,Direct Supplier,3.71,Tubulars,2023-10-26,2616446.19,"0233 Barr Meadow Apt. 835, Camacholand, NV 03106",michelle.green@novinc.com
Intel Corp,INTC,Iron Mountain,IRM,Service Provider,7.11,Data Storage,2023-03-13,7654067.43,"959 Vaughn Mountains, Lake Hannah, MS 73378",wesley.lewis@ironmountain.com
Eli Lilly,LLY,Danaher Corp,DHR,Direct Supplier,9.97,Diagnostics,2023-02-06,8908057.84,"1524 Laura Cape, West Emmachester, ND 32935",heather.bullock@danahercorp.com
Starbucks Corp,SBUX,,,Logistics Partner,4.79,Express Delivery,2024-02-21,2930158.51,"566 Bautista Locks Suite 196, East Kenneth, HI 15153",scott.warren@fedexcorp.com
Meta Platforms Inc,META,,,Service Provider,1.03,Data Storage,2023-08-26,6444869.01,,
Coca-Cola Co,KO,FedEx Corp,FDX,Logistics Partner,16.67,Freight,2024-04-27,1103414.93,"PSC 3948, Box 0720, APO AA 70228",christopher.rich@fedexcorp.com
Salesforce Inc,CRM,Microsoft Azure,MSFT,Service Provider,18.45,AI Services,2024-12-26,4516171.9,"6144 Christina Forest Apt. 517, Melissastad, NE 40762",michelle.mendez@microsoftazu.com
Broadcom Inc,AVGO,Accenture plc,ACN,Service Provider,11.35,IT Services,2022-10-28,4369748.47,"460 Richard Station Apt. 616, Markport, DC 61722",john.lopez@accentureplc.com
Nike Inc,NKE,IBM Corp,IBM,Service Provider,14.97,Cloud,2023-12-12,4099666.37,"0961 Jacobs Camp Apt. 009, South Philipshire, VI 42847",jessica.hernandez@ibmcorp.com
Chevron Corp,CVX,Accenture plc,ACN,Service Provider,10.02,Consulting,2022-11-02,5484245.67,,robert.taylor@accentureplc.com
Nike Inc,NKE,SAP SE,SAP,Service Provider,17.27,ERP,2024-06-29,1583944.65,,
FactSet Research,FDS,Iron Mountain,IRM,Service Provider,12.07,Records Management,2022-08-22,9956922.16,"874 Holly Avenue Apt. 922, Tranfurt, NY 62210",christopher.farmer@ironmountain.com
Coca-Cola Co,KO,FedEx Corp,FDX,Logistics Partner,10.63,Express Delivery,2024-03-12,2670740.29,"98818 Harris Mountains Suite 583, East Richard, WV 62746",kimberly.cannon@fedexcorp.com
Salesforce Inc,CRM,IBM Corp,IBM,Service Provider,8.94,IT Infrastructure,2025-03-08,462551.26,,lisa.graves@ibmcorp.com
Boeing Co,BA,FedEx Corp,FDX,Logistics Partner,,Freight,2024-06-12,4249090.33,"81822 William Ranch, Tammyberg, MH 51760",cody.pierce@fedexcorp.com
Qualcomm Inc,QCOM,Samsung Electronics,005930.KS,Contract Manufacturer,5.68,Foundry Services,2025-05-05,4711684.58,"9774 Aaron Spurs, Brownhaven, IL 17837",kyle.house@samsungelect.com
Meta Platforms Inc,META,Workday Inc,WDAY,Service Provider,5.07,HR Software,2022-08-20,5885654.5,"6237 Lee Roads, Port Jeffreybury, AL 80726",craig.li@workdayinc.com
Apple Inc,AAPL,Jabil Inc,JBL,Contract Manufacturer,11.79,Enclosures,2022-01-03,4836141.56,"270 Mason Curve, Leahview, MH 82539",blake.little@jabilinc.com
Tesla Inc,TSLA,,,Direct Supplier,,EV Batteries,2024-04-27,9708520.09,"961 Anthony Street Apt. 311, Villafort, MD 30848",alicia.anderson@lgenergysolu.com
AMD Inc,AMD,Entegris Inc,ENTG,Direct Supplier,8.63,Specialty Chemicals,2022-01-08,1448927.05,,
Procter & Gamble,PG,SAP SE,SAP,Service Provider,2.01,Business Software,2022-08-19,7976299.07,"0496 Shawn Curve Apt. 626, North Kennethberg, KS 28870",kevin.carrillo@sapse.com
Lockheed Martin,LMT,Workday Inc,WDAY,Service Provider,17.03,HR Software,2025-07-28,3061698.96,,kristin.williams@workdayinc.com
Cisco Systems,CSCO,UPS Inc,UPS,Logistics Partner,2.4,Shipping,2025-04-13,4869856.77,"664 White Walk Apt. 074, East Micheal, VT 77637",kathleen.carlson@upsinc.com
General Electric,GE,Accenture plc,ACN,Service Provider,19.05,IT Services,2023-04-01,7436548.28,"176 Dawn Extensions Apt. 483, West Elizabeth, PA 47923",holly.branch@accentureplc.com
Home Depot,HD,Deloitte,DLT,Service Provider,9.09,Consulting,2023-07-06,9542120.31,"545 Patterson Pine, West Kathleen, VA 65967",patricia.zimmerman@deloitte.com
Coca-Cola Co,KO,IBM Corp,IBM,Service Provider,13.96,IT Infrastructure,2022-05-14,9549605.78,"57712 Alicia Extensions Suite 195, Mullinsfort, NE 87851",caleb.hamilton@ibmcorp.com
Broadcom Inc,AVGO,Lam Research,LRCX,Direct Supplier,17.42,Deposition Systems,2024-06-25,3008663.67,"9657 Jordan View Apt. 459, South Leon, MO 42331",james.rodriguez@lamresearch.com
Boeing Co,BA,IBM Corp,IBM,Service Provider,9.55,IT Infrastructure,2024-12-27,925111.43,,
Broadcom Inc,AVGO,Entegris Inc,ENTG,Direct Supplier,32.57,Specialty Chemicals,2025-07-04,5918406.41,"282 Castro Mountain, Port Richard, HI 24931",deborah.byrd@entegrisinc.com
Boeing Co,BA,UPS Inc,UPS,Logistics Partner,8.06,Supply Chain,2025-04-14,2975808.66,"8108 Michael Flat Apt. 863, Lauriestad, MA 54685",andrew.gray@upsinc.com
Boeing Co,BA,Honeywell Intl,HON,Direct Supplier,11.81,APUs,2023-03-22,7355946.24,"7460 Smith Mountain, North Kimberly, MP 08311",michael.berg@honeywellint.com
NVIDIA Corp,NVDA,ServiceNow Inc,NOW,Service Provider,372.48,IT Service Management,2022-02-22,2632031.76,"32940 Allen Lakes Suite 247, Allisonside, MI 62865",daniel.herrera@servicenowin.com
Tesla Inc,TSLA,Workday Inc,WDAY,Service Provider,13.69,HR Software,2024-05-11,2158117.71,"927 Cynthia Isle Suite 033, Goodmanhaven, TX 46738",julie.cross@workdayinc.com
Texas Instruments,TXN,Iron Mountain,IRM,Service Provider,3.85,Records Management,2025-09-28,6887249.14,"4042 David River Suite 920, Ramosstad, AS 35581",shannon.burns@ironmountain.com
Qualcomm Inc,QCOM,Samsung Electronics,005930.KS,Contract Manufacturer,3.96,Foundry Services,2025-03-10,2146094.83,"9394 Ronald Wells, Coleton, NV 73365",dustin.tucker@samsungelect.com
Adobe Inc,ADBE,Deloitte,DLT,Service Provider,1.77,Audit,2024-02-06,9063388.59,,dylan.pennington@deloitte.com
Salesforce Inc,CRM,UPS Inc,UPS,Logistics Partner,17.69,Supply Chain,2024-01-12,7979313.3,"5396 Melanie Crossroad, Anthonyland, NH 37617",luke.adams@upsinc.com
Adobe Inc,ADBE,Palo Alto Networks,PANW,Service Provider,1.68,Network Security,2025-06-19,545136.8,"03856 Hardin Cape Apt. 518, Maryview, OR 71850",jeffery.freeman@paloaltonetw.com
Nike Inc,NKE,ServiceNow Inc,NOW,Service Provider,15.92,IT Service Management,2024-05-18,5340530.71,"99037 Haley Creek, South Michael, IA 74865",thomas.lewis@servicenowin.com
FactSet Research,FDS,Workday Inc,WDAY,Service Provider,5.41,HR Software,2024-10-07,3444116.25,"4965 Matthew Curve Suite 025, Davisville, AS 38502",edward.morrison@workdayinc.com
Meta Platforms Inc,META,FedEx Corp,FDX,Logistics Partner,16.18,Express Delivery,2024-10-21,1583073.88,"04436 Lisa Walk, Danielland, MI 21866",dana.foster@fedexcorp.com
Home Depot,HD,UPS Inc,UPS,Logistics Partner,14.04,Shipping,2024-02-27,4939378.12,,
NVIDIA Corp,NVDA,ServiceNow Inc,NOW,Service Provider,6.7,IT Service Management,2022-06-18,9430887.35,,lauren.harmon@servicenowin.com
Caterpillar Inc,CAT,IBM Corp,IBM,Service Provider,3.11,Cloud,2025-11-04,7496204.87,,tiffany.diaz@ibmcorp.com
Johnson & Johnson,JNJ,,,Service Provider,8.74,Business Software,2023-12-02,1366784.32,"45540 Chase Bridge Apt. 535, Debrahaven, NC 17562",sean.lambert@sapse.com
Netflix Inc,NFLX,Iron Mountain,IRM,Service Provider,4.11,Records Management,2023-06-10,5769578.9,,dana.ford@ironmountain.com
Chevron Corp,CVX,ChampionX Corp,CHX,Direct Supplier,2.83,Production Chemicals,2025-10-10,7982484.8,"PSC 2109, Box 5496, APO AP 55366",diana.campbell@championxcor.com
General Electric,GE,ServiceNow Inc,NOW,Service Provider,2.79,IT Service Management,2022-09-25,4729731.34,,cathy.murphy@servicenowin.com
General Electric,GE,Workday Inc,WDAY,Service Provider,13.13,HR Software,2024-05-20,807589.91,"9473 Gross Spur, Kaitlynland, AK 45054",emily.sullivan@workdayinc.com
Microsoft Corp,MSFT,FedEx Corp,FDX,Logistics Partner,3.27,Express Delivery,2022-11-20,4409936.5,"821 Landry Radial Suite 647, Jamesfurt, PR 63836",jonathan.smith@fedexcorp.com
Home Depot,HD,UPS Inc,UPS,Logistics Partner,17.21,Supply Chain,2025-10-22,8325956.31,,
PepsiCo Inc,PEP,Workday Inc,WDAY,Service Provider,2.09,Finance,2023-01-25,9622671.68,"926 Schneider Plains Suite 563, Christopherside, MA 51618",jennifer.edwards@workdayinc.com
Oracle Corp,ORCL,Akamai Technologies,AKAM,Service Provider,12.71,Edge Computing,2024-06-25,8606627.12,"23741 Burns Park Apt. 568, Andersonville, WY 03273",justin.anderson@akamaitechno.com
Lockheed Martin,LMT,Accenture plc,ACN,Service Provider,8.82,IT Services,2022-04-29,7380616.56,,stephanie.stevens@accentureplc.com
AMD Inc,AMD,,,Direct Supplier,19.23,Etch Systems,2025-03-22,78035.77,"7501 Aguirre Bridge Suite 665, Zacharyton, SD 52631",paul.lane@tokyoelectro.com
Amazon.com Inc,AMZN,ServiceNow Inc,NOW,Service Provider,N/A,IT Service Management,2024-12-25,2727942.27,,
Apple Inc,AAPL,,,Logistics Partner,-62.63,International Shipping,2025-09-18,7999466.15,"821 Willis Manor Apt. 664, West Melanieville, AZ 24322",kristopher.rogers@dhlexpress.com
Caterpillar Inc,CAT,Iron Mountain,IRM,Service Provider,4.14,Data Storage,2024-11-09,3872296.68,"69348 Adams Springs, Port Jamestown, PA 67016",steven.hunt@ironmountain.com
JPMorgan Chase,JPM,Weyland-Yutani,WLND,Service Provider,3.78,Payments,2022-08-05,2470998.92,"372 Jason Locks, Laurenton, GA 51501",kim.sanders@fisglobal.com
Nike Inc,NKE,ServiceNow Inc,NOW,Service Provider,11.34,IT Service Management,2023-01-22,8736033.34,"844 Jesse Springs, West Andrea, AR 23439",mark.martinez@servicenowin.com
Cisco Systems,CSCO,UPS Inc,UPS,Logistics Partner,4.98,Supply Chain,2024-07-10,8536794.04,"Unit 0632 Box 5031, DPO AE 77357",cassandra.wells@upsinc.com
Salesforce Inc,CRM,Workday Inc,WDAY,Service Provider,18.57,HR Software,2024-10-07,1186658.33,"996 April Neck Suite 391, Davidbury, MD 77058",paul.tucker@workdayinc.com
AMD Inc,AMD,Accenture plc,ACN,Service Provider,13.57,Consulting,2023-09-27,5407037.22,"335 Amy Mill, Garciaborough, MI 78964",kristen.hernandez@accentureplc.com
Salesforce Inc,CRM,Google Cloud,GOOGL,Service Provider,1.28,Cloud Infrastructure,2023-03-21,3452032.9,"6450 Freeman Terrace Apt. 362, Grimesberg, SD 40081",virginia.wilkinson@googlecloud.com
General Motors,GM,UPS Inc,UPS,Logistics Partner,4.77,Supply Chain,2024-02-19,5922661.08,"6303 William Meadows, Leeport, VI 80765",christopher.cannon@upsinc.com
NVIDIA Corp,NVDA,Amkor Technology,AMKR,Contract Manufacturer,6.46,IC Packaging,2024-03-28,6753294.27,"103 Jason Prairie Suite 051, Williamburgh, MO 28390",kathy.vasquez@amkortechnol.com
Meta Platforms Inc,META,Iron Mountain,IRM,Service Provider,12.59,Data Storage,2024-10-03,8351206.94,,zachary.gates@ironmountain.com
Oracle Corp,ORCL,Amazon Web Services,AMZN,Service Provider,6.13,Compute,2025-07-25,1802250.91,"999 Mcdonald Forks Suite 939, Tiffanyshire, MD 45885",amanda.smith@amazonwebser.com
Boeing Co,BA,Workday Inc,WDAY,Service Provider,6.82,HR Software,2023-12-26,8300851.34,"Unit 8069 Box 5862, DPO AP 09296",hannah.hernandez@workdayinc.com
Salesforce Inc,CRM,Iron Mountain,IRM,Service Provider,1.38,Data Storage,2024-09-05,56800.79,"13580 Jordan Tunnel, North Brandonport, CA 35068",victoria.callahan@ironmountain.com
Tesla Inc,TSLA,Stark Industries,STRK,Direct Supplier,19.23,Power Electronics,2025-09-27,4113509.44,"0054 Deanna Walk Apt. 998, Fordside, WY 97352",brittany.bell@borgwarnerin.com
NVIDIA Corp,NVDA,Sumco Corp,3436.T,Direct Supplier,14.88,Silicon Wafers,2023-07-27,1808515.63,"39221 Pam Orchard, North Christymouth, OH 53098",susan.stephens@sumcocorp.com
Salesforce Inc,CRM,Datadog Inc,DDOG,Service Provider,9.1,Observability,2022-05-06,5123143.74,"418 Atkins Common Suite 622, North Josehaven, IA 26496",amber.vaughn@datadoginc.com
Ford Motor Co,F,Robert Bosch,BOSCH.DE,Direct Supplier,10.71,ABS Systems,2025-10-01,50596.27,,
Intel Corp,INTC,Deloitte,DLT,Service Provider,10.17,Audit,2024-12-08,9316756.65,"675 Kemp Greens Suite 104, Pennyton, OR 40277",kathleen.williams@deloitte.com
JPMorgan Chase,JPM,FIS Global,FIS,Service Provider,19.3,Payments,2023-01-21,2386444.08,"299 Virginia Estates, Lake Robert, RI 36061",matthew.kramer@fisglobal.com
Caterpillar Inc,CAT,ServiceNow Inc,NOW,Service Provider,1.49,IT Service Management,2025-08-15,4921839.51,"5893 Walker Roads Apt. 584, South Brittanybury, MI 85059",leslie.davis@servicenowin.com
Home Depot,HD,Workday Inc,WDAY,Service Provider,4.07,HR Software,2024-12-29,5652661.7,"65487 Emily Plaza, Lisamouth, OR 42832",tina.henson@workdayinc.com
Apple Inc,AAPL,IBM Corp,IBM,Service Provider,8.13,Cloud,2025-03-23,6091735.12,,brandy.gutierrez@ibmcorp.com
Alphabet Inc,GOOGL,SAP SE,SAP,Service Provider,11.24,Business Software,2022-09-06,8483571.04,"USCGC Gay, FPO AP 28640",sandra.solis@sapse.com
Boeing Co,BA,Spirit AeroSystems,SPR,Direct Supplier,11.82,Wing Components,2025-05-20,5911428.22,"6314 Fleming Locks Apt. 265, New Amandafort, MN 44411",nicole.johnson@spiritaerosy.com
Qualcomm Inc,QCOM,Oscorp Industries,OSCP,Service Provider,3.46,ERP,2024-06-07,6353201.03,"3878 Edwards Run, West Steven, NJ 67928",benjamin.barker@sapse.com
Coca-Cola Co,KO,ServiceNow Inc,NOW,Service Provider,17.06,IT Service Management,2025-09-08,8771123.1,"612 Huber Shore, West Heidiberg, WI 63905",kathryn.barnes@servicenowin.com
NVIDIA Corp,NVDA,Accenture plc,ACN,Service Provider,19.71,IT Services,2023-03-14,6750674.58,,
Lockheed Martin,LMT,Accenture plc,ACN,Service Provider,10.44,IT Services,2025-07-01,7034808.51,"015 Jennifer Point Suite 405, Chrisland, OR 77284",carrie.mcmahon@accentureplc.com
General Electric,GE,IBM Corp,IBM,Service Provider,,Cloud,2025-12-05,5143915.52,,
Texas Instruments,TXN,ASE Technology,ASX,Contract Manufacturer,2.95,Semiconductor Packaging,2025-05-30,8769200.52,,
Microsoft Corp,MSFT,CrowdStrike,CRWD,Service Provider,16.08,Endpoint Security,2023-02-07,9104393.9,,
FactSet Research,FDS,Iron Mountain,IRM,Service Provider,18.57,Data Storage,2025-02-26,7806469.73,"71955 Matthew Centers, East Christopher, AL 30270",heather.jordan@ironmountain.com
Boeing Co,BA,Raytheon Technologies,RTX,Direct Supplier,6.77,Avionics,2024-08-08,6706618.71,,
Caterpillar Inc,CAT,UPS Inc,UPS,Logistics Partner,12.1,Supply Chain,2025-07-27,4263050.84,"521 Jensen Center, Hollyfurt, AL 31268",kathleen.sanders@upsinc.com
Starbucks Corp,SBUX,SAP SE,SAP,Service Provider,9.71,ERP,2024/31/12,942824.17,,steve.hernandez@sapse.com
Texas Instruments,TXN,FedEx Corp,FDX,Logistics Partner,14.46,Express Delivery,2023-02-01,65730.13,"Unit 4859 Box 6559, DPO AA 23802",janice.dixon@fedexcorp.com
Tesla Inc,TSLA,Mobileye Global,MBLY,Direct Supplier,-2.35,ADAS Chips,2022-10-13,1048656.76,,brian.horne@mobileyeglob.com
FactSet Research,FDS,SAP SE,SAP,Service Provider,2.9,ERP,2025-09-07,2449470.31,"05053 Bradley Islands Apt. 816, Carolynhaven, IL 13990",charles.sandoval@sapse.com
AMD Inc,AMD,Lam Research,LRCX,Direct Supplier,7.87,Etch Equipment,2022-04-22,458294.42,"0980 Fitzgerald Ford Suite 333, Anthonyfurt, VT 25076",tyler.kline@lamresearch.com
Caterpillar Inc,CAT,FedEx Corp,FDX,Logistics Partner,16.02,Express Delivery,2024-01-07,7031261.16,"042 Howard Forge, Lake Amandamouth, UT 06760",kelly.nichols@fedexcorp.com
Johnson & Johnson,JNJ,Iron Mountain,IRM,Service Provider,18.8,Records Management,2025-11-07,2685840.64,"703 King Mountain Suite 630, Clarkemouth, OK 80148",stacy.wood@ironmountain.com
AMD Inc,AMD,Tokyo Electron,8035.T,Direct Supplier,17.69,Coater/Developer,2025-08-14,120488.63,"2449 Thompson Camp, Reyesshire, SC 10605",dwayne.york@tokyoelectro.com
Cisco Systems,CSCO,SAP SE,SAP,Service Provider,10.52,Business Software,2024-01-01,6203864.69,"3131 Watson Loop, West Cheyennebury, LA 87517",matthew.hernandez@sapse.com
Johnson & Johnson,JNJ,IBM Corp,IBM,Service Provider,13.83,IT Infrastructure,2022-10-10,1723586.77,,
Chevron Corp,CVX,SAP SE,SAP,Service Provider,8.87,Business Software,2024-10-16,883691.05,,
Alphabet Inc,GOOGL,FedEx Corp,FDX,Logistics Partner,5.16,Express Delivery,2023-12-09,4312586.38,,jeremy.wilson@fedexcorp.com
Oracle Corp,ORCL,Google Cloud,GOOGL,Service Provider,14.41,Data Analytics,2025-02-05,3018529.13,"4970 Moody Road Suite 459, West Lawrenceland, AL 18434",barbara.young@googlecloud.com
Amazon.com Inc,AMZN,Deloitte,DLT,Service Provider,11.91,Audit,2022-01-03,6123663.18,"2264 Joann Greens Suite 552, Jenniferside, NV 26146",christina.ford@deloitte.com
AMD Inc,AMD,UPS Inc,UPS,Logistics Partner,16.65,Supply Chain,2022-07-19,2327189.23,"377 Daniel Viaduct Suite 245, Romanville, IN 12949",michelle.white@upsinc.com
JPMorgan Chase,JPM,SAP SE,SAP,Service Provider,4.05,Business Software,2024-10-22,7818981.25,"17327 Moore Trail, Amandaside, VA 32794",brian.figueroa@sapse.com
Microsoft Corp,MSFT,Akamai Technologies,AKAM,Service Provider,15.49,Edge Computing,2025-08-22,830527.47,"4558 Kristy Knoll, Cindymouth, FM 48149",tyler.hickman@akamaitechno.com
Broadcom Inc,AVGO,Applied Materials,AMAT,Direct Supplier,17.51,Deposition Equipment,2023-10-28,9773637.55,"36359 Kathleen Union Apt. 420, New Raymond, DC 19429",michelle.serrano@appliedmater.com
General Electric,GE,Accenture plc,ACN,Service Provider,15.11,Consulting,2025-01-14,6068475.02,"699 Beverly Haven Apt. 652, North Mariatown, CT 59512",adam.miller@accentureplc.com
Netflix Inc,NFLX,UPS Inc,UPS,Logistics Partner,1.3,Supply Chain,2023-10-19,7572079.62,"512 Ashley Cape Apt. 817, Karenmouth, IA 08793",deborah.joseph@upsinc.com
Oracle Corp,ORCL,FedEx Corp,FDX,Logistics Partner,13.28,Freight,2022-05-28,7481563.72,"48552 Peterson Well Suite 871, Kathrynview, CA 48397",shannon.lewis@fedexcorp.com
Cisco Systems,CSCO,Deloitte,DLT,Service Provider,low,Consulting,2023-09-09,2305756.19,"Unit 1416 Box 3707, DPO AP 21717",gregg.lewis@deloitte.com
Microsoft Corp,MSFT,SAP SE,SAP,Service Provider,11.89,Business Software,2025-03-04,4551125.56,"69332 Carter Forest, Troyland, PA 77963",gina.smith@sapse.com
FactSet Research,FDS,Workday Inc,WDAY,Service Provider,16.8,HR Software,2023-08-06,1429229.24,"84975 Hogan Street Suite 833, New Beverly, LA 27701",kayla.richardson@workdayinc.com
Ford Motor Co,F,Accenture plc,ACN,Service Provider,9.57,IT Services,2022-11-08,6521914.79,"7677 Brittany Squares Apt. 030, New Tara, NV 42390",chris.harrison@accentureplc.com
Ford Motor Co,F,Robert Bosch,BOSCH.DE,Direct Supplier,3.93,Fuel Injection,2025-02-11,8464400.54,"850 Zamora Extension, Bowersbury, SD 69469",joy.thomas@robertbosch.com
Alphabet Inc,GOOGL,ServiceNow Inc,NOW,Service Provider,4.4,IT Service Management,2023-02-06,171761.94,,
Goldman Sachs,GS,Fiserv Inc,FI,Service Provider,10.12,Digital Banking,2023-06-30,2520005.97,"6707 Aaron Extension, Raychester, WI 21580",melissa.rios@fiservinc.com
Goldman Sachs,GS,ServiceNow Inc,NOW,Service Provider,10.9,IT Service Management,2024-07-18,2984668.73,"8551 Douglas Bypass Suite 115, Amyton, WI 41927",jeremy.hernandez@servicenowin.com
Oracle Corp,ORCL,Microsoft Azure,MSFT,Service Provider,18.8,AI Services,2025-11-26,1535213.59,"0099 Levy Highway Suite 117, West Victoriaton, IA 53684",christopher.lopez@microsoftazu.com
General Motors,GM,BorgWarner Inc,BWA,Direct Supplier,15.8,Drivetrain,2025-06-06,336721.48,"USCGC Henderson, FPO AE 40209",shawn.tucker@borgwarnerin.com
Adobe Inc,ADBE,Accenture plc,ACN,Service Provider,17.06,IT Services,2023-03-21,3844824.74,,
Eli Lilly,LLY,IQVIA Holdings,IQV,Service Provider,5.31,Clinical Trials,2022-11-02,9696837.2,,
General Electric,GE,Initech Solutions,INIT,Logistics Partner,19.13,Supply Chain,2022-03-25,3862488.89,"1059 Maria Burg Suite 537, Bethstad, UT 47342",seth.brown@upsinc.com
Coca-Cola Co,KO,Iron Mountain,IRM,Service Provider,17.11,Data Storage,2022-07-06,6651950.37,"583 Ricky Green, Port Ronald, WV 68119",monica.simmons@ironmountain.com
Texas Instruments,TXN,Lam Research,LRCX,Direct Supplier,18.2,Etch Equipment,2024-03-05,7496961.02,"Unit 9114 Box 0654, DPO AA 52502",adam.kelly@lamresearch.com
Ford Motor Co,F,Iron Mountain,IRM,Service Provider,6.56,Data Storage,2022-10-03,1264131.14,"9720 Adrienne Squares, Brandiview, WY 05441",patricia.holloway@ironmountain.com
NVIDIA Corp,NVDA,Applied Materials,AMAT,Direct Supplier,16.62,Etch Systems,2025-09-06,2019329.84,,
General Electric,GE,Deloitte,DLT,Service Provider,10.51,Consulting,2024-09-16,9934546.12,,ashley.woods@deloitte.com
General Motors,GM,ZF Friedrichshafen,ZF.DE,Direct Supplier,27.51,Transmissions,2025-08-15,9639636.54,"27456 Orr Greens Suite 856, West Jillian, NM 20327",jennifer.hamilton@zffriedrichs.com
Johnson & Johnson,JNJ,UPS Inc,UPS,Logistics Partner,5.84,Supply Chain,2025-12-05,6395115.22,"5190 Abbott Walk Suite 058, North Jacquelinestad, DE 37490",jamie.rich@upsinc.com
PepsiCo Inc,PEP,FedEx Corp,FDX,Logistics Partner,12.18,Freight,2024-04-10,4329551.05,"641 Jason Place, Bryanfort, FM 32708",maureen.sloan@fedexcorp.com
Apple Inc,AAPL,Soylent Corp,SOYL,Service Provider,5.61,Audit,2024-01-27,2617981.0,"2151 Gonzalez Heights, Fishertown, WY 57196",cindy.lee@deloitte.com
Netflix Inc,NFLX,IBM Corp,IBM,Service Provider,2.37,Cloud,2025-12-10,5393740.96,,
Amazon.com Inc,AMZN,,,Service Provider,16.62,IT Service Management,2025-12-21,630085.24,"179 Floyd Knolls Apt. 526, New Sierra, VA 02890",matthew.mason@servicenowin.com
Microsoft Corp,MSFT,Iron Mountain,IRM,Service Provider,14.81,Records Management,2025-02-28,2641409.21,"06445 Pearson Junction Apt. 311, East Eric, VT 59149",jesse.nguyen@ironmountain.com
NVIDIA Corp,NVDA,FedEx Corp,FDX,Logistics Partner,7.24,Freight,2023-12-26,1116282.35,"1991 Stephen Landing Suite 129, Kerryport, PA 22155",ann.frank@fedexcorp.com
Apple Inc,AAPL,Jabil Inc,JBL,Contract Manufacturer,11.84,Enclosures,2023-10-23,5746759.52,"087 Diana Park Apt. 210, Leslieview, WA 53914",george.davis@jabilinc.com
Oracle Corp,ORCL,Snowflake Inc,SNOW,Service Provider,6.83,Data Warehousing,2025-12-02,9633642.54,"347 Vazquez Shores, South Victor, NY 53498",diana.wright@snowflakeinc.com
Lockheed Martin,LMT,Leidos Holdings,LDOS,Service Provider,19.41,Engineering,2023-08-20,7361999.94,"48170 Stone Extension, Michelechester, MO 21083",james.pruitt@leidosholdin.com
Meta Platforms Inc,META,Accenture plc,ACN,Service Provider,4.38,Consulting,2024-12-22,3381698.44,"0032 Autumn Squares Apt. 647, Jonesport, ME 19591",judy.marshall@accentureplc.com
Caterpillar Inc,CAT,Emerson Electric,EMR,Direct Supplier,6.03,Process Control,2022-12-08,9700389.92,,gary.saunders@emersonelect.com
Broadcom Inc,AVGO,Deloitte,DLT,Service Provider,2.41,Consulting,2025-05-09,4818385.26,"7118 Jennifer Mill Apt. 742, Port Andrew, CT 23731",jenna.taylor@deloitte.com
Lockheed Martin,LMT,UPS Inc,UPS,Logistics Partner,6.37,Shipping,2022-10-05,4506650.47,"5606 Castillo Keys Suite 735, Craigtown, MD 98156",sarah.henderson@upsinc.com
Walt Disney Co,DIS,DHL Express,DHL.DE,Logistics Partner,6.42,International Shipping,2024-02-26,3219854.1,"40775 Jeffrey Meadow, North Caitlinberg, MH 18842",jason.berger@dhlexpress.com
NVIDIA Corp,NVDA,Micron Technology,MU,Direct Supplier,4.47,DRAM Modules,2023-04-12,7742029.99,"3039 Christopher Oval Apt. 822, Arroyoburgh, KS 69664",carol.burns@microntechno.com
FactSet Research,FDS,DHL Express,DHL.DE,Logistics Partner,16.05,International Shipping,2024-07-10,5412203.25,"685 Powell Common Apt. 670, South Frankhaven, DC 14364",natalie.gates@dhlexpress.com
Boeing Co,BA,Hexcel Corp,HXL,Direct Supplier,423.82,Carbon Fiber Composites,2022-01-11,9063282.02,"911 Henderson Keys Apt. 559, Port Kevinstad, RI 58462",john.jones@hexcelcorp.com
Procter & Gamble,PG,Iron Mountain,IRM,Service Provider,7.95,Data Storage,2022-12-25,6499317.95,"712 Edward Cliffs, New John, VT 56861",gary.bray@ironmountain.com
Qualcomm Inc,QCOM,Tokyo Electron,8035.T,Direct Supplier,10.52,Coater/Developer,2022-09-22,8399035.66,,
Costco Wholesale,COST,SAP SE,SAP,Service Provider,11.54,Business Software,2022-03-12,8876190.84,,
Meta Platforms Inc,META,,,Service Provider,N/A,HR Software,2025-11-12,2806960.94,"06165 Crystal Square Suite 255, North Melissa, AZ 65614",jonathan.walton@workdayinc.com
Home Depot,HD,Workday Inc,WDAY,Service Provider,8.81,HR Software,2023-05-12,2925303.84,,melissa.hartman@workdayinc.com
Alphabet Inc,GOOGL,ServiceNow Inc,NOW,Service Provider,13.96,IT Service Management,2025-08-08,5305137.31,"35256 Aaron Islands Suite 961, Whitestad, PR 07915",christopher.pace@servicenowin.com
Salesforce Inc,CRM,Datadog Inc,DDOG,Service Provider,14.47,Monitoring,00-00-0000,684038.46,"6912 Troy Park Apt. 980, Port Emilyburgh, GA 04145",anthony.foster@datadoginc.com
JPMorgan Chase,JPM,Bloomberg LP,BBG,Service Provider,-92.93,Trading Systems,2022-05-20,4715764.78,"5539 White Summit, South Jillian, IA 96895",kaitlyn.peterson@bloomberglp.com
Chevron Corp,CVX,DHL Express,DHL.DE,Logistics Partner,13.04,International Shipping,2022-07-10,4058365.19,"487 Barbara Square, Alexandrastad, PA 71045",tiffany.barrett@dhlexpress.com
Qualcomm Inc,QCOM,ServiceNow Inc,NOW,Service Provider,19.94,IT Service Management,2025-08-24,3813192.65,,sara.martin@servicenowin.com
Adobe Inc,ADBE,Deloitte,DLT,Service Provider,7.46,Consulting,2022-01-04,6125136.91,"842 Fox Lake Apt. 797, South Timothy, VA 79957",robert.rush@deloitte.com
Oracle Corp,ORCL,Snowflake Inc,SNOW,Service Provider,12.82,Data Warehousing,2022-04-30,7898225.23,,
Eli Lilly,LLY,Avantor Inc,AVTR,Direct Supplier,4.92,Lab Chemicals,2022-01-14,9576174.66,,diana.thompson@avantorinc.com
Caterpillar Inc,CAT,Roper Technologies,ROP,Direct Supplier,6.21,Instrumentation,2023-11-08,7187712.66,"4794 Perez Lodge, Tracichester, ID 09624",angela.williams@ropertechnol.com
Coca-Cola Co,KO,Workday Inc,WDAY,Service Provider,1.41,HR Software,2022-04-24,312220.5,"8070 Hayes Spur Apt. 483, Petersport, NH 62314",ethan.lopez@workdayinc.com
Amazon.com Inc,AMZN,IBM Corp,IBM,Service Provider,5.67,IT Infrastructure,2025-10-14,1183078.02,,
Microsoft Corp,MSFT,DHL Express,DHL.DE,Logistics Partner,16.85,International Shipping,2022-09-09,4362923.25,"708 Jones Stravenue, South Jessicaville, DE 55095",matthew.castro@dhlexpress.com
Merck & Co,MRK,Accenture plc,ACN,Service Provider,4.0,IT Services,2023-03-25,8543787.11,"69143 Lindsey Mountains Apt. 843, Port Heathermouth, WA 49346",teresa.malone@accentureplc.com
Netflix Inc,NFLX,Accenture plc,ACN,Service Provider,10.05,Consulting,2024-08-11,4227921.12,,
Costco Wholesale,COST,ServiceNow Inc,NOW,Service Provider,9.44,IT Service Management,2025-07-07,9258593.22,,
Chevron Corp,CVX,FedEx Corp,FDX,Logistics Partner,16.12,Freight,2022-11-28,6237331.67,"27662 Angela Pines Apt. 039, South Brianburgh, MT 26010",rodney.vargas@fedexcorp.com
NVIDIA Corp,NVDA,TSMC,TSM,Contract Manufacturer,11.31,Wafer Fabrication,2023-11-25,8534566.13,"626 Michael Common, Lake Chad, ME 86108",robin.evans@tsmc.com
Broadcom Inc,AVGO,Micron Technology,MU,Direct Supplier,8.63,DRAM Modules,2022-06-04,2715516.44,,
Texas Instruments,TXN,Iron Mountain,IRM,Service Provider,7.8,Data Storage,2025-05-26,7464462.93,"24629 Williams Isle Apt. 074, Andrewport, ME 37246",joseph.pena@ironmountain.com
Adobe Inc,ADBE,,,Service Provider,2.55,IT Service Management,2024-11-15,1182484.21,"84322 Michael Stravenue, Lake Jerrymouth, VA 15356",adam.macias@servicenowin.com
Netflix Inc,NFLX,DHL Express,DHL.DE,Logistics Partner,14.87,International Shipping,2025-02-21,1726460.0,,
Lockheed Martin,LMT,Accenture plc,ACN,Service Provider,3.17,IT Services,2025-10-05,8633233.65,"16691 Nancy Expressway, Kingport, NY 70388",carrie.lynn@accentureplc.com
Salesforce Inc,CRM,CrowdStrike,CRWD,Service Provider,14.87,Endpoint Security,2023-09-09,3319826.3,"3678 Steve Drive, Maryside, CA 33071",keith.hansen@crowdstrike.com
Tesla Inc,TSLA,BorgWarner Inc,BWA,Direct Supplier,19.31,Electric Drive Modules,TBD,175155.88,"65854 Marcus Port Apt. 934, Saraport, MT 16974",alexander.mitchell@borgwarnerin.com
Texas Instruments,TXN,Samsung Electronics,005930.KS,Contract Manufacturer,14.07,Foundry Services,2025-06-10,3833887.79,"7701 Lambert Mountain Apt. 682, North Annachester, SD 86489",sarah.pham@samsungelect.com
Caterpillar Inc,CAT,Workday Inc,WDAY,Service Provider,17.31,Finance,2025-04-27,9021335.04,,
Cisco Systems,CSCO,IBM Corp,IBM,Service Provider,1.34,Cloud,2023-02-13,954807.53,"7446 Graves Falls Suite 544, North Abigailside, TN 91764",megan.patrick@ibmcorp.com
Alphabet Inc,GOOGL,ServiceNow Inc,NOW,Service Provider,11.37,IT Service Management,2023-11-15,2006630.91,"65276 Sara Manor, West Brianaside, AR 18852",shaun.hill@servicenowin.com
General Motors,GM,Robert Bosch,BOSCH.DE,Direct Supplier,,ABS Systems,2023-04-27,8957200.74,"080 Sara Freeway, South Wendy, TX 63370",victoria.wade@robertbosch.com
Meta Platforms Inc,META,DHL Express,DHL.DE,Logistics Partner,18.99,International Shipping,2023-07-09,7247131.26,"188 Mary Mountains Suite 021, Ashleyberg, NM 80062",jennifer.haynes@dhlexpress.com
Broadcom Inc,AVGO,UPS Inc,UPS,Logistics Partner,10.94,Supply Chain,2024-02-14,8660816.45,"03854 Samuel Circle, Katherinemouth, OK 94151",ray.scott@upsinc.com
Adobe Inc,ADBE,Cloudflare Inc,NET,Service Provider,9.24,CDN,2023-09-24,9022784.78,,
AMD Inc,AMD,,,Service Provider,10.72,Audit,2025-06-19,1221458.96,"066 Calvin Views Apt. 412, Williamsborough, UT 66753",gary.andersen@deloitte.com
Costco Wholesale,COST,Accenture plc,ACN,Service Provider,13.52,IT Services,2024-12-01,4438123.27,"PSC 7668, Box 0895, APO AE 40022",james.bauer@accentureplc.com
Salesforce Inc,CRM,Amazon Web Services,AMZN,Service Provider,4.58,Compute,2025-02-22,4399208.35,"0767 Davis Glens Suite 345, Timothyburgh, IN 77242",jennifer.johnson@amazonwebser.com
Qualcomm Inc,QCOM,Samsung Electronics,005930.KS,Contract Manufacturer,3.96,Foundry Services,2022-09-28,2457159.39,"29380 Morgan Run Apt. 083, Ashleyland, MO 38017",james.davis@samsungelect.com
Tesla Inc,TSLA,Albemarle Corp,ALB,Direct Supplier,11.76,Battery Materials,2024-11-09,4752509.27,,debra.munoz@albemarlecor.com
AMD Inc,AMD,IBM Corp,IBM,Service Provider,1.37,Cloud,2025-12-13,2062020.3,"37535 Elizabeth Coves Apt. 245, Port Hannah, UT 43757",cheryl.love@ibmcorp.com
Alphabet Inc,GOOGL,DHL Express,DHL.DE,Logistics Partner,15.02,International Shipping,2025-11-07,5250674.28,,
Costco Wholesale,COST,Workday Inc,WDAY,Service Provider,6.36,HR Software,2023-03-10,7043021.94,,robert.green@workdayinc.com
Alphabet Inc,GOOGL,FedEx Corp,FDX,Logistics Partner,12.6,Freight,2024-10-05,3875520.29,"5090 Diana Road, Katieberg, NC 49824",brian.jones@fedexcorp.com
Amazon.com Inc,AMZN,FedEx Corp,FDX,Logistics Partner,16.29,Express Delivery,2025-07-11,4397681.46,,
Boeing Co,BA,SAP SE,SAP,Service Provider,6.16,ERP,2022-06-27,4995691.62,"79970 Ashley Mill, East Brianbury, TN 78606",lisa.hampton@sapse.com
General Motors,GM,ServiceNow Inc,NOW,Service Provider,9.31,IT Service Management,2023-12-15,2324140.52,"6921 Jessica Isle Apt. 719, Johnsonstad, NM 38936",keith.garcia@servicenowin.com
Lockheed Martin,LMT,Raytheon Technologies,RTX,Direct Supplier,12.35,Radar Systems,2025-09-17,2114994.6,,
Amazon.com Inc,AMZN,DHL Express,DHL.DE,Logistics Partner,3.14,International Shipping,2025-09-25,2695580.81,"78911 Ryan Ville Apt. 098, Bernardton, SC 55911",calvin.garcia@dhlexpress.com
Chevron Corp,CVX,TechnipFMC,FTI,Service Provider,1.22,Subsea Systems,2022-11-18,5080397.34,"161 Ashley Hollow Apt. 059, Lewischester, KY 98394",kara.henderson@technipfmc.com
AMD Inc,AMD,Sumco Corp,3436.T,Direct Supplier,2.0,Silicon Wafers,2024-01-10,4224164.35,"2791 Nguyen Track, South Stephaniefort, NM 51047",chelsea.garcia@sumcocorp.com
AMD Inc,AMD,Applied Materials,AMAT,Direct Supplier,6.74,Deposition Equipment,2024-04-14,4666906.73,,
Chevron Corp,CVX,Schlumberger,SLB,Service Provider,0.79,Drilling Services,2023-11-14,8049460.26,"508 Barron Creek, Diazton, MN 48530",amy.norton@schlumberger.com
Broadcom Inc,AVGO,,,Service Provider,7.8,HR Software,2025-05-26,5930999.95,,
Salesforce Inc,CRM,DHL Express,DHL.DE,Logistics Partner,16.64,International Shipping,2022-10-17,8977526.62,"77446 Amber Hill, Bakerville, NM 97935",lori.williams@dhlexpress.com
Walt Disney Co,DIS,UPS Inc,UPS,Logistics Partner,12.87,Shipping,2022-07-08,7191183.09,"5598 Rodriguez Camp, North Daniel, TN 14976",carrie.evans@upsinc.com
Qualcomm Inc,QCOM,Entegris Inc,ENTG,Direct Supplier,337.42,Specialty Chemicals,2025-04-06,3139749.47,"USCGC Reese, FPO AA 85022",janet.wells@entegrisinc.com
Texas Instruments,TXN,FedEx Corp,FDX,Logistics Partner,12.33,Express Delivery,2024-10-20,6139895.69,"831 Joseph Ville, Carlfurt, MO 21761",nicholas.franklin@fedexcorp.com
Qualcomm Inc,QCOM,Micron Technology,MU,Direct Supplier,25.71,DRAM Modules,2023-09-29,5530848.12,"9146 Brian Corners Suite 179, West Elizabethburgh, DE 02161",samantha.mccann@microntechno.com
Procter & Gamble,PG,UPS Inc,UPS,Logistics Partner,2.51,Supply Chain,2025-05-14,115401.58,"8299 Wagner Stravenue Apt. 258, South Virginia, AZ 84820",jennifer.alvarado@upsinc.com
Amazon.com Inc,AMZN,FedEx Corp,FDX,Logistics Partner,9.19,Express Delivery,2025-04-24,272684.9,"80603 Wright Fort, Jodiside, MD 23008",tamara.jackson@fedexcorp.com
Apple Inc,AAPL,Qualcomm Inc,QCOM,Direct Supplier,17.87,Modem Chips,2022-11-16,305173.2,"61209 Sarah Manor, Grantberg, TN 91549",jason.coleman@qualcomminc.com
Lockheed Martin,LMT,General Dynamics,GD,Tier 2 Supplier,3.18,IT Services,00-00-0000,3480784.81,"2925 Angela Stravenue, East Lonnieberg, VA 04365",lauren.huffman@generaldynam.com
Broadcom Inc,AVGO,Micron Technology,MU,Direct Supplier,3.51,DRAM Modules,2022-03-20,2774923.31,"21425 Linda Corner, New Tracyside, OK 19735",sheila.garcia@microntechno.com
Coca-Cola Co,KO,UPS Inc,UPS,Logistics Partner,11.51,Supply Chain,2025-03-08,6302873.73,,
Chevron Corp,CVX,Baker Hughes,BKR,Direct Supplier,14.88,Oilfield Equipment,2024-09-02,498077.64,"70117 Little Isle, Gibsonport, NJ 32980",jennifer.hurst@bakerhughes.com
Cisco Systems,CSCO,UPS Inc,UPS,Logistics Partner,9.64,Shipping,2025-04-25,5493875.65,"2525 Wallace Light Suite 739, Christopherfurt, AZ 29933",ronald.hudson@upsinc.com
JPMorgan Chase,JPM,Kyndryl Holdings,KD,Service Provider,18.07,Managed Services,2024-02-17,6024334.58,"0143 Michael Bridge Apt. 861, East Abigailmouth, WV 14534",patrick.rivera@kyndrylholdi.com
Salesforce Inc,CRM,Workday Inc,WDAY,Service Provider,2.76,Finance,2022-04-23,6101104.54,"58690 Shawn Causeway, Carterton, AS 82981",tiffany.wilson@workdayinc.com
Coca-Cola Co,KO,Weyland-Yutani,WLND,Logistics Partner,4.65,Shipping,2022-08-16,1261060.51,,
Microsoft Corp,MSFT,Accenture plc,ACN,Service Provider,19.08,Consulting,2025-11-17,7309886.06,"3333 Wilkerson Way, Coopershire, PW 06011",lawrence.hebert@accentureplc.com
JPMorgan Chase,JPM,Accenture plc,ACN,Service Provider,18.42,IT Services,2024-01-07,2653444.98,"674 Mendoza Walks Apt. 698, Fletchertown, MH 12165",paul.barnes@accentureplc.com
Lockheed Martin,LMT,UPS Inc,UPS,Logistics Partner,6.28,Shipping,2022-03-07,1387551.41,,
Broadcom Inc,AVGO,SK Hynix,000660.KS,Direct Supplier,1.29,NAND Flash,2023-12-03,1851782.99,,katelyn.hall@skhynix.com
Netflix Inc,NFLX,DHL Express,DHL.DE,Logistics Partner,3.24,International Shipping,2023-07-27,6571832.02,"41104 Gonzales Point Suite 712, Murphyfort, UT 21448",paul.hunter@dhlexpress.com
Ford Motor Co,F,Denso Corp,6902.T,Tier 2 Supplier,3.31,HVAC Systems,2023-06-06,5275659.08,,austin.reid@densocorp.com
Microsoft Corp,MSFT,Initech Solutions,INIT,Service Provider,5.52,Observability,2023-10-06,2424925.23,"0289 Kane Well, Garciamouth, AL 95193",paul.alvarado@datadoginc.com
Boeing Co,BA,Safran SA,SAF.PA,Direct Supplier,13.42,Engine Components,2022-11-01,2975858.3,,
AMD Inc,AMD,SAP SE,SAP,Service Provider,1.16,ERP,2022-10-20,4891733.68,,christopher.young@sapse.com
Oracle Corp,ORCL,CrowdStrike,CRWD,Service Provider,1.92,Endpoint Security,2022-09-08,9492657.34,"20455 Rodgers Court, North Melissaburgh, MA 47362",stephen.madden@crowdstrike.com
Texas Instruments,TXN,Amkor Technology,AMKR,Contract Manufacturer,32.21,IC Packaging,2022-10-21,2360275.02,"9327 Lauren Bypass, Andrewview, CT 10226",trevor.gray@amkortechnol.com
Chevron Corp,CVX,ServiceNow Inc,NOW,Service Provider,2.69,IT Service Management,2024-11-22,2787039.17,"95661 Romero Trafficway, Lake Joseph, IA 55102",kathy.davis@servicenowin.com
Walt Disney Co,DIS,Deloitte,DLT,Service Provider,11.05,Consulting,2025-10-28,6621097.8,"40565 Earl Knoll, Kelleyton, TX 97406",melvin.parker@deloitte.com
Microsoft Corp,MSFT,IBM Corp,IBM,Service Provider,15.28,Cloud,2025-03-18,4176364.89,,jeffrey.johns@ibmcorp.com
PepsiCo Inc,PEP,IBM Corp,IBM,Service Provider,14.09,IT Infrastructure,2023-03-19,4009069.53,,
Oracle Corp,ORCL,Deloitte,DLT,Service Provider,12.58,Consulting,2024-12-14,181166.03,,
Intel Corp,INTC,Samsung Electronics,005930.KS,Contract Manufacturer,11.5,Foundry Services,2024-01-26,1460440.77,"8143 Ward Mountains, Lake Sarah, PA 98574",donna.miller@samsungelect.com
Procter & Gamble,PG,Accenture plc,ACN,Service Provider,3.58,IT Services,2023-01-17,5460971.86,,
Walt Disney Co,DIS,Workday Inc,WDAY,Service Provider,3.19,HR Software,2022-07-07,6318154.47,"637 Jones Plains, Sheltonton, IL 24542",teresa.wilson@workdayinc.com
Coca-Cola Co,KO,UPS Inc,UPS,Logistics Partner,2.45,Supply Chain,2025-05-30,759359.81,,samantha.turner@upsinc.com
Costco Wholesale,COST,DHL Express,DHL.DE,Logistics Partner,6.43,International Shipping,2025-07-30,727970.32,,
Johnson & Johnson,JNJ,Accenture plc,ACN,Service Provider,17.37,IT Services,2023-06-19,6578390.07,"274 Jennifer Vista Apt. 767, Christopherberg, KY 96397",james.mcmahon@accentureplc.com
Amazon.com Inc,AMZN,Workday Inc,WDAY,Service Provider,15.8,Finance,2023-06-06,3040005.79,"320 Carmen Canyon Apt. 078, South Joannaberg, IA 94657",willie.martinez@workdayinc.com
Meta Platforms Inc,META,Oscorp Industries,OSCP,Logistics Partner,1.3,Supply Chain,2023-07-17,7309809.66,"600 Michelle Avenue Suite 690, South Josemouth, ID 67493",william.rose@upsinc.com
NVIDIA Corp,NVDA,TSMC,TSM,Contract Manufacturer,7.53,Wafer Fabrication,TBD,5374233.94,"626 Jeffery Knoll, Hillport, MH 30764",mary.obrien@tsmc.com
Nike Inc,NKE,SAP SE,SAP,Service Provider,11.56,Business Software,2025-12-29,6767312.32,,christine.garrison@sapse.com
Home Depot,HD,Accenture plc,ACN,Service Provider,12.38,Consulting,2025-11-27,9676495.07,"81560 Bruce Estates, Williamsshire, MH 47671",jaclyn.lucero@accentureplc.com
Texas Instruments,TXN,ASML Holding,ASML,Direct Supplier,14.58,EUV Lithography Equipment,2024-06-12,8096200.01,"31978 Reeves Pike, Lake Debra, AZ 08922",carrie.stanley@asmlholding.com
General Electric,GE,DHL Express,DHL.DE,Logistics Partner,2.95,International Shipping,2025-01-28,4440747.69,"314 Yvette Haven, North Jennifer, MT 38402",diane.maxwell@dhlexpress.com
Caterpillar Inc,CAT,Acme Widget Corp,ACME,Service Provider,low,IT Services,2025-05-08,2599444.66,"USNS Wells, FPO AP 55304",kristina.mcdaniel@accentureplc.com
Chevron Corp,CVX,Iron Mountain,IRM,Service Provider,3.61,Records Management,2023-01-31,2301416.95,"932 Daniel Villages Apt. 426, Elliottton, MT 82056",mark.garcia@ironmountain.com
Home Depot,HD,Deloitte,DLT,Service Provider,4.18,Audit,2025-01-06,5355397.93,"988 Wolf Curve Suite 652, Lake Rebeccafurt, SC 06794",john.blair@deloitte.com
Coca-Cola Co,KO,Iron Mountain,IRM,Service Provider,6.37,Records Management,2025-06-15,3898333.02,"9804 Jason Creek, Emilyshire, MT 35188",kristine.davis@ironmountain.com
Boeing Co,BA,Safran SA,SAF.PA,Direct Supplier,13.64,Engine Components,2024-01-23,5150899.6,"4355 Kristi Lock, New Erik, HI 46423",william.sanders@safransa.com
Meta Platforms Inc,META,IBM Corp,IBM,Service Provider,5.25,IT Infrastructure,2023-12-17,3312511.49,"PSC 5440, Box 9676, APO AE 41301",janet.baker@ibmcorp.com
Cisco Systems,CSCO,DHL Express,DHL.DE,Logistics Partner,11.09,International Shipping,2024-08-07,2528322.45,,victoria.johnson@dhlexpress.com
FactSet Research,FDS,Deloitte,DLT,Service Provider,5.98,Consulting,2025-01-05,631952.04,"299 Christine Burg, East Jasontown, WA 37962",jeanette.reed@deloitte.com
Netflix Inc,NFLX,ServiceNow Inc,NOW,Service Provider,8.37,IT Service Management,2022-06-23,771165.87,"71360 Dunlap Cliff Apt. 100, Richardfort, PA 62305",benjamin.juarez@servicenowin.com
Costco Wholesale,COST,FedEx Corp,FDX,Logistics Partner,2.61,Express Delivery,2023-07-08,8307448.18,"19859 Maynard Union, Kimberlytown, DC 43967",erica.miller@fedexcorp.com
Intel Corp,INTC,Workday Inc,WDAY,Service Provider,10.43,Finance,2022-07-04,2418864.71,"472 Young Point, Millerchester, ND 22662",victor.paul@workdayinc.com
Alphabet Inc,GOOGL,UPS Inc,UPS,Logistics Partner,19.21,Shipping,2024-10-18,1515453.5,,
NVIDIA Corp,NVDA,ServiceNow Inc,NOW,Service Provider,17.11,IT Service Management,2024-01-31,6225641.37,"365 Joshua Shoal, West Kayleeville, ME 19092",ashley.moore@servicenowin.com
Ford Motor Co,F,Continental AG,CON.DE,Direct Supplier,17.37,Tires,2022-03-17,2639272.57,,
Walt Disney Co,DIS,SAP SE,SAP,Service Provider,8.45,ERP,2022-12-08,6992108.94,,
Costco Wholesale,COST,Workday Inc,WDAY,Service Provider,15.86,HR Software,2024-05-23,6440812.3,"437 Harris Pines, Miguelfurt, NM 03358",nancy.lee@workdayinc.com
Microsoft Corp,MSFT,,,Service Provider,7.26,Data Center Colocation,2023-12-27,4342581.01,,
Cisco Systems,CSCO,Accenture plc,ACN,Service Provider,low,Consulting,2023-01-08,3521888.99,"USCGC Combs, FPO AA 55788",jenny.mccann@accentureplc.com
Meta Platforms Inc,META,SAP SE,SAP,Service Provider,10.13,ERP,2025-02-26,8929283.4,"736 Castillo Terrace Suite 434, Lake Nicole, VI 40386",barbara.davila@sapse.com
Nike Inc,NKE,DHL Express,DHL.DE,Logistics Partner,0.63,International Shipping,2023-07-17,5380594.12,"700 Woodward River Suite 200, Nelsonview, MP 89629",nathaniel.galloway@dhlexpress.com
Tesla Inc,TSLA,LG Energy Solution,373220.KS,Direct Supplier,,EV Batteries,2023-10-05,4392119.14,"388 Jones Wall Apt. 607, Port Lawrencechester, OK 53509",adrian.burgess@lgenergysolu.com
Apple Inc,AAPL,Sony Semiconductor,6758.T,Direct Supplier,23.8,Camera Modules,2024-06-16,9001160.14,"8893 Robinson Mews Suite 065, Ramseymouth, PW 17229",thomas.bender@sonysemicond.com
Caterpillar Inc,CAT,Roper Technologies,ROP,Direct Supplier,9.5,Software,2025-02-05,4141332.09,,willie.camacho@ropertechnol.com
Nike Inc,NKE,Workday Inc,WDAY,Service Provider,-45.36,HR Software,2024-03-13,1663913.48,"06956 Carrie Squares, East Sarah, MH 25492",joshua.warren@workdayinc.com
Boeing Co,BA,Honeywell Intl,HON,Direct Supplier,14.27,APUs,2022-10-14,7264484.12,"5539 Vanessa Wells Apt. 737, West Brandymouth, NM 79475",jacqueline.jones@honeywellint.com
General Electric,GE,Deloitte,DLT,Service Provider,18.45,Consulting,2025-11-23,1151156.52,,rebecca.hickman@deloitte.com
Meta Platforms Inc,META,FedEx Corp,FDX,Logistics Partner,17.15,Freight,2024-12-30,4007272.89,"PSC 6714, Box 6283, APO AE 83019",jonathan.james@fedexcorp.com
Eli Lilly,LLY,UPS Inc,UPS,Logistics Partner,18.25,Supply Chain,2025-08-13,7053157.82,"5744 Rodriguez Cape Suite 692, Taylormouth, LA 86247",justin.aguilar@upsinc.com
Amazon.com Inc,AMZN,Deloitte,DLT,Service Provider,11.46,Audit,2023-07-01,8818284.03,,douglas.miles@deloitte.com
Nike Inc,NKE,ServiceNow Inc,NOW,Service Provider,13.1,IT Service Management,2025-03-10,2519598.08,"1272 Matthews Coves, New Connie, MI 50557",anthony.smith@servicenowin.com
Tesla Inc,TSLA,ServiceNow Inc,NOW,Service Provider,9.06,IT Service Management,2025-02-23,6459301.8,"769 Salazar Street Suite 256, Wongport, CA 08842",andrew.guerrero@servicenowin.com
Ford Motor Co,F,FedEx Corp,FDX,Logistics Partner,10.61,Express Delivery,2025-05-24,5605972.07,,
Merck & Co,MRK,Danaher Corp,DHR,Direct Supplier,2.95,Bioprocessing,2024-01-29,4542762.2,"586 Hunter Hollow Apt. 362, Matthewhaven, ND 95044",brandi.mcintyre@danahercorp.com
Intel Corp,INTC,Amkor Technology,AMKR,Contract Manufacturer,16.01,IC Packaging,2024-05-17,1169305.31,"5859 Michelle Shore, Port Douglas, KS 34073",matthew.smith@amkortechnol.com
General Electric,GE,FedEx Corp,FDX,Logistics Partner,5.68,Express Delivery,2024-08-04,7140581.45,"98212 Whitehead Pass Suite 740, Brianland, MA 09189",kevin.king@fedexcorp.com
Eli Lilly,LLY,West Pharmaceutical,WST,Direct Supplier,24.08,Delivery Systems,2025-05-24,3409314.89,"PSC 3911, Box 1926, APO AP 85423",brian.wheeler@westpharmace.com
PepsiCo Inc,PEP,Acme Widget Corp,ACME,Service Provider,7.99,Data Storage,2023-06-07,7744623.08,"252 Griffin Underpass, Briggsville, OK 56528",lauren.mccormick@ironmountain.com
Eli Lilly,LLY,Workday Inc,WDAY,Service Provider,5.07,Finance,2023-04-12,4105400.8,"04862 Sutton Island Apt. 174, Murphyborough, MD 96044",carlos.bauer@workdayinc.com
JPMorgan Chase,JPM,SAP SE,SAP,Service Provider,7.85,Business Software,2025-09-23,2492240.24,"9661 Armstrong Neck, Port Kathy, PW 96516",christopher.hopkins@sapse.com
Microsoft Corp,MSFT,Deloitte,DLT,Service Provider,9.77,Consulting,2022-01-15,2721882.93,,karen.myers@deloitte.com
Merck & Co,MRK,DHL Express,DHL.DE,Logistics Partner,-84.79,International Shipping,2025-10-29,4161282.64,"97384 Faulkner Summit Apt. 213, North Emilyside, NY 18842",brian.meyers@dhlexpress.com
Caterpillar Inc,CAT,Eaton Corp,ETN,Direct Supplier,7.36,Electrical Components,2024-07-06,5281911.81,,
General Motors,GM,Denso Corp,6902.T,Tier 2 Supplier,18.63,HVAC Systems,2024-11-06,353831.07,"8496 Elizabeth Fords, Gregorystad, AR 71434",jessica.ward@densocorp.com
Netflix Inc,NFLX,UPS Inc,UPS,Logistics Partner,13.04,Supply Chain,2022-07-16,2582129.99,,
Merck & Co,MRK,Lonza Group,LONN.SW,Contract Manufacturer,7.55,Biologics,2023-09-23,9776360.1,"95634 Shaun Parks, Floresburgh, GA 47515",claire.mckee@lonzagroup.com
NVIDIA Corp,NVDA,,,Direct Supplier,3.74,DRAM,2024-09-23,6596370.63,"Unit 0119 Box 2920, DPO AP 63121",mark.chapman@skhynix.com
Costco Wholesale,COST,Iron Mountain,IRM,Service Provider,17.69,Records Management,2022-05-14,1229008.53,"PSC 7491, Box 6194, APO AE 33203",kristina.miller@ironmountain.com
Netflix Inc,NFLX,DHL Express,DHL.DE,Logistics Partner,19.0,International Shipping,2024-09-21,2528582.55,"3502 Seth Mission, Debrashire, AL 25727",debra.bentley@dhlexpress.com
Cisco Systems,CSCO,SAP SE,SAP,Service Provider,9.53,Business Software,2025-10-30,790966.49,"182 Audrey Mountain, Port Charles, TX 56986",matthew.jones@sapse.com
Microsoft Corp,MSFT,Snowflake Inc,SNOW,Service Provider,6.18,Data Warehousing,2022-03-01,2621048.63,"4527 Kristine Knolls, South Larry, IN 45647",donald.schmidt@snowflakeinc.com
Coca-Cola Co,KO,Accenture plc,ACN,Service Provider,,Consulting,2023-06-09,3231597.1,,
Tesla Inc,TSLA,Mobileye Global,MBLY,Direct Supplier,2.24,ADAS Chips,2025-06-17,1929543.76,,
Merck & Co,MRK,Danaher Corp,DHR,Direct Supplier,3.1,Diagnostics,2024-01-27,5739059.31,"57905 Martinez Street, Port Dawnhaven, SC 75943",nicholas.baker@danahercorp.com
PepsiCo Inc,PEP,SAP SE,SAP,Service Provider,1.79,Business Software,2022-05-01,9170274.49,"Unit 9241 Box 3717, DPO AE 00831",kelli.rodriguez@sapse.com
Qualcomm Inc,QCOM,Workday Inc,WDAY,Service Provider,10.1,HR Software,2025-07-17,3546256.71,"15415 Theresa Points Apt. 702, Grossburgh, MP 91535",morgan.garza@workdayinc.com
Boeing Co,BA,SAP SE,SAP,Service Provider,13.3,ERP,2023-08-04,3500454.75,"1773 Justin Spur, Port Jeanne, AZ 99867",jose.perkins@sapse.com
Costco Wholesale,COST,Workday Inc,WDAY,Service Provider,8.64,Finance,2025-10-26,7022864.43,"5811 Woodard Mission, Josephfurt, TN 48439",cassidy.jones@workdayinc.com
NVIDIA Corp,NVDA,Sumco Corp,3436.T,Direct Supplier,2.4,Silicon Wafers,2022-06-30,411541.91,,
Johnson & Johnson,JNJ,Workday Inc,WDAY,Service Provider,14.3,Finance,2022-05-12,5165521.39,,
Cisco Systems,CSCO,Workday Inc,WDAY,Service Provider,9.28,HR Software,2025-06-13,3756495.95,,
AMD Inc,AMD,ASML Holding,ASML,Direct Supplier,8.17,EUV Lithography Equipment,2022-02-23,6976419.22,"37356 Smith Path Apt. 083, Port Richardmouth, FM 68714",daniel.barnett@asmlholding.com
Apple Inc,AAPL,Foxconn,2317.TW,Contract Manufacturer,7.36,Device Assembly,2024-04-29,1164545.52,"1693 Jennifer Bypass Suite 741, Lake Arielstad, ID 74793",robert.arnold@foxconn.com
Caterpillar Inc,CAT,Eaton Corp,ETN,Direct Supplier,11.16,Electrical Components,2023-12-01,2958928.76,,
Broadcom Inc,AVGO,SK Hynix,000660.KS,Direct Supplier,13.9,NAND Flash,2022-04-16,2562159.99,"Unit 1850 Box 1631, DPO AA 79821",karla.taylor@skhynix.com
Adobe Inc,ADBE,Cloudflare Inc,NET,Service Provider,10.05,CDN,2023-08-17,2930017.88,"1988 Tiffany Harbor Apt. 450, Romeroborough, NY 05819",scott.lindsey@cloudflarein.com
Cisco Systems,CSCO,Accenture plc,ACN,Service Provider,7.75,Consulting,2024-02-05,1996174.01,,
Boeing Co,BA,Safran SA,SAF.PA,Direct Supplier,2.61,Engine Components,2022-03-18,6421116.16,,
General Motors,GM,IBM Corp,IBM,Service Provider,14.18,Cloud,2022-11-09,5677242.48,"25389 Colin Tunnel Suite 851, Lake Michael, UT 85037",michael.schaefer@ibmcorp.com
Microsoft Corp,MSFT,Accenture plc,ACN,Service Provider,17.51,Consulting,2025-04-17,1348392.47,,
Qualcomm Inc,QCOM,Oscorp Industries,OSCP,Service Provider,5.27,Business Software,2022-07-31,931300.92,"Unit 0814 Box 0334, DPO AP 03799",mark.pena@sapse.com
Netflix Inc,NFLX,Cyberdyne Systems,CYBD,Service Provider,2.86,IT Service Management,2023-03-02,7247112.49,,
General Electric,GE,Deloitte,DLT,Service Provider,14.39,Audit,00-00-0000,7740534.82,"262 Sharon Shores, South Victoriastad, PR 03133",oscar.mills@deloitte.com
JPMorgan Chase,JPM,FIS Global,FIS,Service Provider,11.15,Payments,2022-01-26,1557940.05,,
Ford Motor Co,F,Lear Corp,LEA,Direct Supplier,7.22,Seating,2025-04-01,2262945.77,"739 Patricia Rapids, North Justin, PR 62587",felicia.browning@learcorp.com
Netflix Inc,NFLX,Wayne Enterprises,WAYN,Service Provider,3.92,IT Service Management,2023-06-10,8622669.79,,
Tesla Inc,TSLA,Aptiv PLC,APTV,Direct Supplier,32.46,Connectors,2025-06-30,3173460.67,"9979 Lin Road Suite 271, Ramosport, WY 36503",kathleen.rios@aptivplc.com
Qualcomm Inc,QCOM,SK Hynix,000660.KS,Direct Supplier,18.74,DRAM,2022-07-06,4726603.43,"63745 Morgan Ports Apt. 975, North Corymouth, AK 16785",cynthia.terry@skhynix.com
Qualcomm Inc,QCOM,Tokyo Electron,8035.T,Direct Supplier,2.03,Etch Systems,2023-06-26,7567065.12,"18706 Sherry Port, East Zachary, NY 06972",shannon.boyd@tokyoelectro.com
General Electric,GE,Deloitte,DLT,Service Provider,high,Audit,2022-03-16,6969399.96,"67965 Garrett Loaf, Bullockburgh, IN 72374",caleb.mckinney@deloitte.com
AMD Inc,AMD,Deloitte,DLT,Service Provider,7.17,Consulting,2022-04-28,6278255.28,"Unit 2550 Box 7868, DPO AP 84064",terri.ortiz@deloitte.com
Merck & Co,MRK,IBM Corp,IBM,Service Provider,4.2,Cloud,2023-10-04,2499442.63,"079 Crawford Mews Apt. 208, Hansenton, MH 46062",tiffany.nicholson@ibmcorp.com
Nike Inc,NKE,Workday Inc,WDAY,Service Provider,10.33,HR Software,2025-02-08,2056969.12,,
Texas Instruments,TXN,ASML Holding,ASML,Direct Supplier,14.01,DUV Systems,2025-04-24,1802124.72,,
Goldman Sachs,GS,Broadridge Financial,BR,Service Provider,3.55,Trade Processing,2022-06-01,3279227.9,"360 Nichols Mill Apt. 020, Lake Jennifer, OH 72476",dana.johnson@broadridgefi.com
AMD Inc,AMD,DHL Express,DHL.DE,Logistics Partner,6.74,International Shipping,2023-08-30,2313457.48,"016 Bennett Mountains, Lake Albertburgh, CO 66018",veronica.perez@dhlexpress.com
Starbucks Corp,SBUX,FedEx Corp,FDX,Logistics Partner,7.47,Freight,2022-06-25,3165094.59,"04167 Rebecca Knolls, New Gregory, MO 50629",cory.phillips@fedexcorp.com
Microsoft Corp,MSFT,Accenture plc,ACN,Service Provider,9.91,IT Services,2024-11-04,4375164.71,"39500 Romero Mission, Camachomouth, AL 05031",leah.parker@accentureplc.com
General Electric,GE,SAP SE,SAP,Service Provider,18.01,Business Software,2023-01-08,456846.83,"7618 Kimberly Lane, Lake Cassandra, AL 63832",taylor.webb@sapse.com
AMD Inc,AMD,ASE Technology,ASX,Contract Manufacturer,14.84,Testing,2023-03-23,1061192.44,,taylor.vargas@asetechnolog.com
Apple Inc,AAPL,FedEx Corp,FDX,Logistics Partner,19.66,Express Delivery,2022-05-02,6842965.34,"91898 Rivera Park Apt. 229, Lake Kimberlyton, MD 77727",william.robertson@fedexcorp.com
Oracle Corp,ORCL,CrowdStrike,CRWD,Service Provider,1.89,Endpoint Security,2025-01-11,2995250.85,"463 Krystal Pine, Gillmouth, VI 02619",scott.rowe@crowdstrike.com
Walt Disney Co,DIS,Workday Inc,WDAY,Service Provider,16.78,Finance,2023-04-01,8669606.73,"PSC 2564, Box 8586, APO AA 65736",karina.hodges@workdayinc.com
AMD Inc,AMD,Tokyo Electron,8035.T,Direct Supplier,33.75,Etch Systems,2025-07-25,8921171.4,"301 Parker Lodge Suite 145, East Susan, NJ 20579",kevin.sharp@tokyoelectro.com
NVIDIA Corp,NVDA,ASML Holding,ASML,Direct Supplier,18.29,EUV Lithography Equipment,2022-11-06,6608598.62,"4454 Simmons Views, Port Amanda, MN 90735",rebecca.kirby@asmlholding.com
Intel Corp,INTC,Iron Mountain,IRM,Service Provider,8.88,Data Storage,2023-11-08,7216543.81,"2481 Jack Fields Suite 707, Port Johnhaven, LA 73488",michael.gonzalez@ironmountain.com
Broadcom Inc,AVGO,IBM Corp,IBM,Service Provider,5.25,Cloud,2023-08-11,6389077.48,"Unit 4266 Box 3316, DPO AE 38883",glenda.clark@ibmcorp.com
Tesla Inc,TSLA,SAP SE,SAP,Service Provider,2.18,ERP,2023-02-12,1516171.92,"181 Miller Estates Suite 782, Davisbury, GU 59631",monique.williams@sapse.com
General Motors,GM,Accenture plc,ACN,Service Provider,2.86,IT Services,2025-08-21,3856099.16,"257 Jeremy Views Suite 316, Port Jamesfort, SD 66538",michael.mckenzie@accentureplc.com
Johnson & Johnson,JNJ,Charles River Labs,CRL,Service Provider,8.12,Safety Testing,2024-03-13,4869216.01,"756 Thompson Point Apt. 801, Ramirezburgh, PA 12493",holly.williams@charlesriver.com
Meta Platforms Inc,META,Iron Mountain,IRM,Service Provider,16.14,Data Storage,2022-09-17,9013267.85,"39036 Carter Meadow Suite 567, Melissamouth, CA 41851",christine.williams@ironmountain.com
Costco Wholesale,COST,UPS Inc,UPS,Logistics Partner,6.21,Supply Chain,2023-01-19,1522940.34,,marissa.vargas@upsinc.com
Intel Corp,INTC,ASML Holding,ASML,Direct Supplier,18.14,EUV Lithography Equipment,2024-09-27,711678.13,"2138 Mcmillan Wall, Melvintown, OK 87927",michael.cruz@asmlholding.com
Salesforce Inc,CRM,Akamai Technologies,AKAM,Service Provider,4.28,Edge Computing,2025-06-13,481482.12,"80869 Glass Tunnel Apt. 922, South Dianemouth, NY 50919",stephen.lawrence@akamaitechno.com
Intel Corp,INTC,Micron Technology,MU,Direct Supplier,11.65,NAND Storage,2023-11-04,1813505.34,"6340 Salinas Road Suite 447, Petersonburgh, PR 17416",matthew.davis@microntechno.com
Johnson & Johnson,JNJ,,,Contract Manufacturer,11.24,Drug Delivery,2025-12-16,9989969.95,,
PepsiCo Inc,PEP,IBM Corp,IBM,Service Provider,4.33,Cloud,2024-02-17,191614.33,"5385 Jasmine Flats Suite 635, New Justin, CA 41433",christopher.anderson@ibmcorp.com
AMD Inc,AMD,SK Hynix,000660.KS,Direct Supplier,10.89,NAND Flash,2025-10-20,6143861.51,"1786 Alex Ferry Apt. 009, West Kimberlyville, OH 17266",cheryl.wagner@skhynix.com
Procter & Gamble,PG,FedEx Corp,FDX,Logistics Partner,13.99,Express Delivery,2024-06-27,9897647.61,"5263 Jackson Ways, Whiteborough, ID 48268",hayley.anderson@fedexcorp.com
Adobe Inc,ADBE,Microsoft Azure,MSFT,Service Provider,5.58,Cloud Platform,2024-09-27,3061761.62,"35761 Klein Summit, South Nicoleville, FM 59024",jennifer.hall@microsoftazu.com
Lockheed Martin,LMT,Iron Mountain,IRM,Service Provider,5.77,Records Management,2025-03-08,524707.58,"Unit 0548 Box 7396, DPO AE 01850",kaitlyn.allen@ironmountain.com
Meta Platforms Inc,META,FedEx Corp,FDX,Logistics Partner,2.88,Express Delivery,2023-08-29,9515220.87,,
General Motors,GM,,,Direct Supplier,12.23,Drivetrain,2023-04-30,5785317.49,"6541 Frederick Walk, West Donald, GA 87371",michelle.rivera@borgwarnerin.com
Merck & Co,MRK,Deloitte,DLT,Service Provider,7.43,Consulting,2022-10-26,8705209.77,"6614 Kimberly Plain, New Lindatown, GA 01550",corey.holland@deloitte.com
Coca-Cola Co,KO,FedEx Corp,FDX,Logistics Partner,5.95,Freight,2024-01-14,5642310.96,"310 Oscar Fort, Johnsonton, MS 60054",clarence.larson@fedexcorp.com
Procter & Gamble,PG,Iron Mountain,IRM,Service Provider,3.99,Records Management,2025-12-04,5173169.97,"8782 Erika Port Suite 728, New Sean, ID 02089",charles.lane@ironmountain.com
Ford Motor Co,F,ZF Friedrichshafen,ZF.DE,Direct Supplier,7.5,Transmissions,2023-10-25,9361462.6,"USS Boyd, FPO AA 61120",melissa.meadows@zffriedrichs.com
PepsiCo Inc,PEP,ServiceNow Inc,NOW,Service Provider,,IT Service Management,2024-10-22,8590865.66,"601 Gonzalez Flats, West Jeffreystad, NE 98152",patricia.vasquez@servicenowin.com
Texas Instruments,TXN,Sumco Corp,3436.T,Direct Supplier,10.71,Silicon Wafers,2024-05-06,5984436.88,"USS Davis, FPO AP 01452",albert.adams@sumcocorp.com
JPMorgan Chase,JPM,Bloomberg LP,BBG,Service Provider,3.49,Market Data,2022-08-14,3046559.68,,
Adobe Inc,ADBE,Accenture plc,ACN,Service Provider,8.99,Consulting,2022-05-04,4086034.13,"4547 Valdez Mill, North Jerryville, MN 99425",stephen.decker@accentureplc.com
Microsoft Corp,MSFT,Deloitte,DLT,Service Provider,19.05,Audit,2025-05-10,7405929.46,"701 Karen Summit Apt. 434, Carolfort, MN 97349",kristen.cantu@deloitte.com
Costco Wholesale,COST,SAP SE,SAP,Service Provider,5.12,ERP,2023-01-27,5705446.6,"1114 Jennifer Crescent, West Jacqueline, NY 41363",angela.wright@sapse.com
General Electric,GE,UPS Inc,UPS,Logistics Partner,8.3,Supply Chain,2023-09-23,6428434.78,"5028 Larry Junctions, North Donald, NH 78701",daniel.johnson@upsinc.com
Microsoft Corp,MSFT,Google Cloud,GOOGL,Service Provider,8.08,Data Analytics,2022-10-28,6113067.23,"42643 Jackson Vista Suite 081, Port Tommy, HI 77877",david.washington@googlecloud.com
Boeing Co,BA,General Electric,GE,Direct Supplier,18.06,Jet Engines,2023-07-08,234101.15,,
AMD Inc,AMD,ServiceNow Inc,NOW,Service Provider,12.18,IT Service Management,2022-07-10,9575262.04,,
Salesforce Inc,CRM,Palo Alto Networks,PANW,Service Provider,16.35,Network Security,2025-01-14,3273113.54,"USCGC Vincent, FPO AP 36973",marie.stewart@paloaltonetw.com
JPMorgan Chase,JPM,Broadridge Financial,BR,Service Provider,13.45,Trade Processing,2022-09-26,8192044.07,"156 Arnold Mill Apt. 578, New Brian, MA 23789",michael.lara@broadridgefi.com
Qualcomm Inc,QCOM,SK Hynix,000660.KS,Direct Supplier,7.42,DRAM,2025-06-10,8937600.42,"PSC 4942, Box 9659, APO AE 90065",raymond.strong@skhynix.com
PepsiCo Inc,PEP,ServiceNow Inc,NOW,Service Provider,4.17,IT Service Management,2022-09-17,7510275.02,"01841 Thomas Fork, East Ronaldberg, MI 86400",eric.brown@servicenowin.com
Alphabet Inc,GOOGL,Iron Mountain,IRM,Service Provider,7.74,Records Management,2024-11-15,5538486.92,"269 William Lane, Luisville, AL 69183",summer.torres@ironmountain.com
Caterpillar Inc,CAT,Accenture plc,ACN,Service Provider,3.73,Consulting,2024-05-23,2490275.65,"060 Michelle Isle Suite 923, South Todd, KY 97694",donald.young@accentureplc.com
Tesla Inc,TSLA,LG Energy Solution,373220.KS,Direct Supplier,14.41,EV Batteries,2025-05-29,2928752.46,"16915 Austin Pines Apt. 798, East Brian, TN 06540",thomas.thompson@lgenergysolu.com
Ford Motor Co,F,,,Logistics Partner,3.69,Supply Chain,2024-01-04,693345.66,,valerie.nunez@upsinc.com
Procter & Gamble,PG,IBM Corp,IBM,Service Provider,3.34,Cloud,2023-06-29,8888246.54,,rachel.melton@ibmcorp.com
Apple Inc,AAPL,Corning Inc,GLW,Direct Supplier,29.11,Optical Components,2024-12-26,7670052.57,"774 Mary Harbor, Simsview, NV 10656",ronald.meadows@corninginc.com
Microsoft Corp,MSFT,FedEx Corp,FDX,Logistics Partner,19.03,Freight,2025-05-01,9506191.55,"227 Kathryn Manor, Jacksonbury, MI 24121",laura.fisher@fedexcorp.com
Microsoft Corp,MSFT,Datadog Inc,DDOG,Service Provider,,Monitoring,2023-08-23,1871960.37,"070 King Path Suite 235, New Cynthia, OK 87915",caroline.thomas@datadoginc.com
AMD Inc,AMD,UPS Inc,UPS,Logistics Partner,11.18,Shipping,2023-08-15,6661157.28,,
Cisco Systems,CSCO,,,Service Provider,6.11,Consulting,2025-03-13,5669728.29,"9044 Johnson Lake, Smithview, WY 06761",heidi.hall@accentureplc.com
Coca-Cola Co,KO,IBM Corp,IBM,Service Provider,12.73,IT Infrastructure,2023-12-19,782458.84,,
NVIDIA Corp,NVDA,UPS Inc,UPS,Logistics Partner,3.29,Supply Chain,2023-07-29,6448041.3,"5141 Boyd Key Apt. 560, Davidberg, NH 62646",andrea.williams@upsinc.com
Cisco Systems,CSCO,Iron Mountain,IRM,Service Provider,1.83,Records Management,2022-03-02,2031272.56,"04202 Castaneda Crest, Moonton, WA 09984",alex.campbell@ironmountain.com
Ford Motor Co,F,Aptiv PLC,APTV,Direct Supplier,5.68,Connectors,2022-11-06,2024303.92,,
Nike Inc,NKE,Iron Mountain,IRM,Service Provider,19.19,Data Storage,2024-12-04,1934488.94,"6149 Adams Ranch Suite 931, New Holly, OK 89550",eileen.kelly@ironmountain.com
Johnson & Johnson,JNJ,DHL Express,DHL.DE,Logistics Partner,4.42,International Shipping,2023-10-11,6008032.16,"63443 Garcia Springs, Garymouth, FM 95782",cameron.flowers@dhlexpress.com
JPMorgan Chase,JPM,SAP SE,SAP,Service Provider,-64.02,Business Software,2023-06-24,6148669.13,"2947 Werner Point, New Jeffreyshire, AZ 97682",sabrina.bennett@sapse.com
Caterpillar Inc,CAT,Illinois Tool Works,ITW,Direct Supplier,2.16,Fasteners,2025-05-17,1770285.76,,kristen.bryant@illinoistool.com
JPMorgan Chase,JPM,DHL Express,DHL.DE,Logistics Partner,,International Shipping,2022-04-15,9816697.5,"1362 James Run, North Jasonmouth, AZ 23651",andrew.nolan@dhlexpress.com
Ford Motor Co,F,Lear Corp,LEA,Direct Supplier,12.47,Seating,2024-06-02,2442964.43,,
Microsoft Corp,MSFT,Cloudflare Inc,NET,Service Provider,16.72,CDN,2023-02-09,1369650.27,"677 Alexander Alley, West Susan, NY 80412",ronald.ruiz@cloudflarein.com
Starbucks Corp,SBUX,Iron Mountain,IRM,Service Provider,8.93,Data Storage,2022-06-06,1209828.23,"62706 Roberts Rapids, North Maryburgh, KY 70577",nancy.murphy@ironmountain.com
Qualcomm Inc,QCOM,Entegris Inc,ENTG,Direct Supplier,1.15,Filtration,2022-11-26,6347186.89,"29557 Montgomery Forge, New Alexandraborough, NM 90112",erin.silva@entegrisinc.com
Eli Lilly,LLY,IBM Corp,IBM,Service Provider,high,IT Infrastructure,2022-02-10,6752097.3,,
Chevron Corp,CVX,DHL Express,DHL.DE,Logistics Partner,11.92,International Shipping,2024-09-28,5452810.5,,
Merck & Co,MRK,UPS Inc,UPS,Logistics Partner,1.46,Supply Chain,2022-07-18,3969341.94,"632 Phillips Rue, North Timothyport, GA 92684",lori.chavez@upsinc.com
Adobe Inc,ADBE,Google Cloud,GOOGL,Service Provider,292.19,Cloud Infrastructure,2025-06-24,7010147.17,"4888 Cindy Run Apt. 375, Port Beckyburgh, FL 69261",lauren.sullivan@googlecloud.com
General Electric,GE,Accenture plc,ACN,Service Provider,14.12,IT Services,2025-02-25,7957223.12,"PSC 5194, Box 8454, APO AP 22955",sarah.cain@accentureplc.com
Oracle Corp,ORCL,Amazon Web Services,AMZN,Service Provider,19.7,Cloud Infrastructure,2025-07-31,3991057.49,"233 Kevin Lane Suite 185, Amandashire, NE 51496",mark.richardson@amazonwebser.com
Starbucks Corp,SBUX,IBM Corp,IBM,Service Provider,2.75,Cloud,2025-12-30,5942595.19,"79099 Heather Stravenue, Randychester, CA 61498",cristian.stevens@ibmcorp.com
Ford Motor Co,F,BorgWarner Inc,BWA,Direct Supplier,10.68,Drivetrain,2025-02-04,8209710.68,"65362 Xavier Green Suite 590, Washingtonton, AK 78373",christian.vega@borgwarnerin.com
General Motors,GM,Denso Corp,6902.T,Tier 2 Supplier,11.66,Engine Components,2022-07-29,3890055.35,"0938 Gomez Inlet Suite 192, Mayton, TX 49359",mark.austin@densocorp.com
Merck & Co,MRK,UPS Inc,UPS,Logistics Partner,14.84,Supply Chain,2023-03-14,6188893.23,"2618 Rosales Isle Suite 375, South Alyssa, VA 84538",elizabeth.howell@upsinc.com
Procter & Gamble,PG,Accenture plc,ACN,Service Provider,176.52,IT Services,2025-10-10,3975909.98,,douglas.torres@accentureplc.com
Costco Wholesale,COST,Deloitte,DLT,Service Provider,6.91,Audit,2022-04-01,6886170.69,"19111 Powell Curve, North David, VA 04684",sandra.choi@deloitte.com
General Motors,GM,ZF Friedrichshafen,ZF.DE,Direct Supplier,17.82,Transmissions,2024-10-11,1748684.76,"752 Chad Estates Suite 596, Port Melissa, MH 29003",desiree.hudson@zffriedrichs.com
Ford Motor Co,F,DHL Express,DHL.DE,Logistics Partner,6.8,International Shipping,2022-06-28,9477173.75,"0848 Briggs Pines Suite 562, West Kim, TN 70597",mark.walker@dhlexpress.com
Tesla Inc,TSLA,Accenture plc,ACN,Service Provider,9.81,Consulting,2023-02-05,5108212.6,"Unit 6875 Box 7446, DPO AP 41828",alexander.kennedy@accentureplc.com
Ford Motor Co,F,Workday Inc,WDAY,Service Provider,7.71,HR Software,2023-08-11,2297549.7,"52731 Karen Ferry, South Lance, CA 34399",susan.leblanc@workdayinc.com
Apple Inc,AAPL,Foxconn,2317.TW,Contract Manufacturer,10.42,Device Assembly,2024-12-23,8228418.8,"0506 Michael Spur Apt. 462, Costamouth, MO 83679",cindy.turner@foxconn.com
Tesla Inc,TSLA,Denso Corp,6902.T,Tier 2 Supplier,12.31,Thermal Management,2022-05-19,5949220.66,"39456 Cook Forge, Jacobfurt, ME 39553",zachary.moses@densocorp.com
Lockheed Martin,LMT,IBM Corp,IBM,Service Provider,17.15,Cloud,2023-01-29,9092277.7,"58223 Brittney Hills Suite 605, Weststad, TN 57221",jeffrey.estrada@ibmcorp.com
FactSet Research,FDS,Accenture plc,ACN,Service Provider,2.9,Consulting,2025-07-18,6143792.98,"PSC 8116, Box 5993, APO AP 01838",diana.simon@accentureplc.com
Merck & Co,MRK,Iron Mountain,IRM,Service Provider,4.88,Records Management,2024-08-05,5838402.81,"60368 William Isle, Joseview, IL 64460",nicole.smith@ironmountain.com
AMD Inc,AMD,Lam Research,LRCX,Direct Supplier,18.98,Etch Equipment,2023-06-19,6635664.69,,
Starbucks Corp,SBUX,Iron Mountain,IRM,Service Provider,13.55,Data Storage,2022-08-02,3328965.81,,
Home Depot,HD,SAP SE,SAP,Service Provider,8.09,ERP,2022-12-11,7831135.44,"86482 Adam Pike Apt. 958, Hortonview, CT 75284",chelsea.sosa@sapse.com
Home Depot,HD,Accenture plc,ACN,Service Provider,8.71,IT Services,2024-01-25,9689948.08,"5059 Diana Meadows, Andrewville, AR 49719",andre.sexton@accentureplc.com
Procter & Gamble,PG,Deloitte,DLT,Service Provider,6.98,Audit,2024-05-25,854664.74,"22711 Denise Parkway, North Douglasview, PA 68506",samantha.wilson@deloitte.com
General Motors,GM,Workday Inc,WDAY,Service Provider,5.52,HR Software,2022-04-08,2758396.11,,
Nike Inc,NKE,,,Service Provider,15.44,IT Service Management,2023-05-14,9097560.52,"0113 Daniel Shore, New Edwardfort, FL 35440",danielle.griffith@servicenowin.com
Meta Platforms Inc,META,SAP SE,SAP,Service Provider,14.0,Business Software,2025-06-13,5737046.53,"83387 Spencer Fords, Boydhaven, FL 45786",kimberly.bowman@sapse.com
Ford Motor Co,F,FedEx Corp,FDX,Logistics Partner,10.61,Express Delivery,2025-05-24,5605972.07,,
Chevron Corp,CVX,Schlumberger,SLB,Service Provider,2.63,Reservoir Characterization,2022-02-19,5616809.49,,
Oracle Corp,ORCL,DHL Express,DHL.DE,Logistics Partner,8.48,International Shipping,2022-11-25,7683442.73,,
General Electric,GE,FedEx Corp,FDX,Logistics Partner,18.34,Freight,2024-10-20,8966562.99,,
Merck & Co,MRK,SAP SE,SAP,Service Provider,4.65,Business Software,2022-05-31,3894170.81,"060 Vickie Street, South Amandafort, AS 91812",john.hamilton@sapse.com
Lockheed Martin,LMT,Leidos Holdings,LDOS,Service Provider,2.01,Engineering,2023-02-13,8863614.34,"2649 Hannah Divide Suite 718, East Kimberlyside, DC 52021",scott.wilkerson@leidosholdin.com
Ford Motor Co,F,Magna International,MGA,Contract Manufacturer,1.38,Seating,2024-02-21,4302603.01,"6688 Gomez Well, Lake Julie, KY 66912",jon.watson@magnainterna.com
JPMorgan Chase,JPM,Workday Inc,WDAY,Service Provider,8.85,HR Software,2025-02-15,4850554.18,"792 Roberts Springs, South Jacksontown, CO 23550",luke.moreno@workdayinc.com
AMD Inc,AMD,Entegris Inc,ENTG,Direct Supplier,5.74,Specialty Chemicals,2024-04-12,4911349.58,"42836 Hill Point Apt. 687, West Shellyfurt, WY 69243",barbara.ray@entegrisinc.com
Johnson & Johnson,JNJ,Accenture plc,ACN,Service Provider,9.64,IT Services,2023-04-14,7676672.54,,
Nike Inc,NKE,ServiceNow Inc,NOW,Service Provider,7.01,IT Service Management,2024-05-17,4774798.54,"668 Stacey Drive Apt. 564, Frankview, OK 23054",michelle.cain@servicenowin.com
Starbucks Corp,SBUX,SAP SE,SAP,Service Provider,7.05,ERP,2024-11-05,5028917.18,,
General Electric,GE,Workday Inc,WDAY,Service Provider,15.87,Finance,2024-01-10,2554412.39,"987 Peterson Corner, Meganchester, WI 91981",jeremy.cummings@workdayinc.com
Costco Wholesale,COST,Workday Inc,WDAY,Service Provider,9.99,Finance,2023-11-22,6063496.93,"23708 Miller Creek Apt. 944, Jordanstad, MT 79866",michael.bauer@workdayinc.com
Boeing Co,BA,Deloitte,DLT,Service Provider,7.48,Audit,2025-10-20,5634579.96,"6616 Castro Prairie Suite 093, Villabury, MS 33384",chad.howard@deloitte.com
Chevron Corp,CVX,UPS Inc,UPS,Logistics Partner,,Shipping,2022-01-28,7646285.27,"33297 Marie Ports Apt. 795, New Regina, MA 70693",david.hart@upsinc.com
Boeing Co,BA,Safran SA,SAF.PA,Direct Supplier,4.23,Landing Gear,2024-08-25,6975916.29,"1686 Kathleen Orchard Apt. 769, New Christina, WA 69215",matthew.alvarez@safransa.com
Goldman Sachs,GS,Broadridge Financial,BR,Service Provider,N/A,Trade Processing,2022-02-07,3657846.81,"44270 Christopher Bridge, Robinsonchester, ME 65826",andrew.williams@broadridgefi.com
Alphabet Inc,GOOGL,UPS Inc,UPS,Logistics Partner,13.44,Supply Chain,2024-06-01,1747810.85,"19836 Kristin Mills, Lake Steven, WI 63945",jessica.burns@upsinc.com
Johnson & Johnson,JNJ,Lonza Group,LONN.SW,Contract Manufacturer,18.96,Drug Substance,2024-02-08,5301733.15,"7092 Jimmy Forges, Solisview, FL 89920",alexander.harris@lonzagroup.com
Broadcom Inc,AVGO,Tokyo Electron,8035.T,Direct Supplier,5.39,Coater/Developer,2022-03-20,3842536.9,,paul.williams@tokyoelectro.com
Eli Lilly,LLY,Danaher Corp,DHR,Direct Supplier,14.75,Bioprocessing,2022-03-28,5760979.31,,jennifer.rowe@danahercorp.com
Caterpillar Inc,CAT,IBM Corp,IBM,Service Provider,16.23,Cloud,2023-03-25,4822318.51,,
Eli Lilly,LLY,Workday Inc,WDAY,Service Provider,4.62,HR Software,2024-07-05,789643.56,"Unit 1719 Box 1633, DPO AA 34735",traci.fletcher@workdayinc.com
Goldman Sachs,GS,SAP SE,SAP,Service Provider,18.69,ERP,2022-06-19,3255477.2,,
Meta Platforms Inc,META,FedEx Corp,FDX,Logistics Partner,7.23,Express Delivery,2025-01-24,7639732.25,"6574 Brianna Overpass, Johnsonview, MO 59560",steve.garcia@fedexcorp.com
Netflix Inc,NFLX,Initech Solutions,INIT,Logistics Partner,3.38,International Shipping,2025-03-10,9404642.47,,anne.lane@dhlexpress.com
Oracle Corp,ORCL,IBM Corp,IBM,Service Provider,10.33,IT Infrastructure,2022-02-14,4166764.03,"8952 Henry Bridge Suite 064, Mooreview, PW 45411",angela.valenzuela@ibmcorp.com
Qualcomm Inc,QCOM,Samsung Electronics,005930.KS,Contract Manufacturer,10.74,Foundry Services,2023-11-01,3260661.78,"911 Johnson Squares Apt. 016, South Alan, NY 04786",john.williams@samsungelect.com
Johnson & Johnson,JNJ,Danaher Corp,DHR,Direct Supplier,15.25,Diagnostics,2025-03-07,372233.97,"230 Hughes Way, North Larryton, TX 78395",morgan.collins@danahercorp.com
JPMorgan Chase,JPM,ServiceNow Inc,NOW,Service Provider,1.33,IT Service Management,2025-10-16,8375876.65,"545 Mitchell Neck Suite 060, Joanside, VA 67022",james.white@servicenowin.com
Walt Disney Co,DIS,FedEx Corp,FDX,Logistics Partner,4.91,Express Delivery,2023-10-11,3032366.58,"40964 Reyes Gateway Suite 960, Shawnport, FL 08989",kimberly.stevens@fedexcorp.com
General Electric,GE,IBM Corp,IBM,Service Provider,468.84,Cloud,2024-06-17,2474263.86,"00283 Herrera Road Apt. 220, Christopherview, NM 37038",diane.cowan@ibmcorp.com
Broadcom Inc,AVGO,Accenture plc,ACN,Service Provider,4.03,IT Services,2025-05-27,4618177.69,"086 William Spring Apt. 043, Stephanieburgh, OR 79526",monica.lawson@accentureplc.com
Qualcomm Inc,QCOM,ASML Holding,ASML,Direct Supplier,18.99,DUV Systems,2023-12-31,5243365.61,"9746 Jeff Lake, Lake Todd, AZ 88140",timothy.patel@asmlholding.com
Costco Wholesale,COST,Workday Inc,WDAY,Service Provider,4.43,HR Software,2022-06-02,9454621.71,"018 Suzanne Harbor Apt. 397, Port Amandamouth, MO 77688",brian.hudson@workdayinc.com
General Motors,GM,ZF Friedrichshafen,ZF.DE,Direct Supplier,14.98,Steering Systems,2024-02-23,4512944.47,"32032 Thomas Estates Suite 617, South Michaelside, NM 60500",angela.livingston@zffriedrichs.com
Apple Inc,AAPL,ServiceNow Inc,NOW,Service Provider,15.8,IT Service Management,2024-08-20,9760682.2,,alex.smith@servicenowin.com
NVIDIA Corp,NVDA,Accenture plc,ACN,Service Provider,1.18,Consulting,2022-04-07,8617973.95,"232 Nicole Burg Apt. 563, Erikville, MS 05576",jason.wright@accentureplc.com
FactSet Research,FDS,Deloitte,DLT,Service Provider,6.19,Consulting,2025-03-06,8021797.43,"68649 Scott Point, Moodyhaven, TX 55721",luis.conrad@deloitte.com
Walt Disney Co,DIS,IBM Corp,IBM,Service Provider,9.03,Cloud,2023-08-09,8560885.76,,
Johnson & Johnson,JNJ,ServiceNow Inc,NOW,Service Provider,9.88,IT Service Management,2024-04-17,3706743.82,"447 Marsh Heights, New Benjamin, CO 84591",monica.martinez@servicenowin.com
Johnson & Johnson,JNJ,West Pharmaceutical,WST,Direct Supplier,1.62,Drug Packaging,2024-03-08,1118989.93,,
Home Depot,HD,DHL Express,DHL.DE,Logistics Partner,9.47,International Shipping,2024-03-12,4657478.93,"495 Carlos Forge, Turnerfort, CT 93893",leslie.price@dhlexpress.com
Broadcom Inc,AVGO,Workday Inc,WDAY,Service Provider,4.96,Finance,2025-03-11,9215865.66,"2866 Bailey Manors, South Cynthia, UT 85076",dennis.wilson@workdayinc.com
NVIDIA Corp,NVDA,Deloitte,DLT,Service Provider,5.64,Consulting,2025-09-16,9511140.48,"8963 Robin Causeway Apt. 582, Port Danielborough, MP 05434",kimberly.graham@deloitte.com
Netflix Inc,NFLX,Workday Inc,WDAY,Service Provider,13.89,HR Software,2023-12-25,5427391.48,"4295 William Ferry, Michaelmouth, TX 55394",dustin.gregory@workdayinc.com
Adobe Inc,ADBE,UPS Inc,UPS,Logistics Partner,9.12,Shipping,2022-03-18,5154149.54,,hannah.black@upsinc.com
General Motors,GM,Denso Corp,6902.T,Tier 2 Supplier,18.77,Engine Components,2022-09-04,8081688.1,"Unit 0107 Box 9322, DPO AA 47122",patricia.daniel@densocorp.com
Goldman Sachs,GS,DHL Express,DHL.DE,Logistics Partner,14.76,International Shipping,2024-12-17,5192331.06,,jose.todd@dhlexpress.com
Intel Corp,INTC,IBM Corp,IBM,Service Provider,11.7,IT Infrastructure,2024-06-27,4360650.86,,frederick.green@ibmcorp.com
General Motors,GM,Deloitte,DLT,Service Provider,9.61,Audit,2023-04-29,8063606.24,"9605 Theresa Dam, Jonesside, ME 02656",whitney.anderson@deloitte.com
Microsoft Corp,MSFT,Snowflake Inc,SNOW,Service Provider,16.68,Data Warehousing,2022-09-10,579273.16,"0286 Lozano Ville Apt. 839, Stephenchester, ME 53258",ashley.richards@snowflakeinc.com
General Motors,GM,IBM Corp,IBM,Service Provider,6.05,IT Infrastructure,2024-04-03,4417679.97,"Unit 4168 Box 0061, DPO AE 23010",jason.miller@ibmcorp.com
Cisco Systems,CSCO,ServiceNow Inc,NOW,Service Provider,12.28,IT Service Management,2022-02-19,7708328.86,"91203 Ann Locks Apt. 082, Port David, PW 07153",james.phillips@servicenowin.com
Amazon.com Inc,AMZN,UPS Inc,UPS,Logistics Partner,8.2,Supply Chain,2024-02-04,9698797.62,"7155 Nelson Brook Suite 392, Williamschester, NM 35539",samuel.allen@upsinc.com
Procter & Gamble,PG,Accenture plc,ACN,Service Provider,6.6,Consulting,2022-11-23,6216561.66,,joshua.perez@accentureplc.com
JPMorgan Chase,JPM,SAP SE,SAP,Service Provider,19.05,Business Software,2023-11-02,5840457.67,"03243 Carrie Forge, Joshuachester, CA 72570",william.watts@sapse.com
Merck & Co,MRK,West Pharmaceutical,WST,Direct Supplier,,Drug Packaging,2025-05-08,8829277.79,"79956 Julie Islands, Port Daniel, IN 13354",eric.johnson@westpharmace.com
Meta Platforms Inc,META,FedEx Corp,FDX,Logistics Partner,18.12,Freight,2024-03-26,7653364.88,"71720 Marcus Garden Apt. 003, West Stephanie, OK 54989",samantha.pierce@fedexcorp.com
Goldman Sachs,GS,Fiserv Inc,FI,Service Provider,14.63,Payment Processing,2025-06-12,794968.19,,david.smith@fiservinc.com
Adobe Inc,ADBE,UPS Inc,UPS,Logistics Partner,7.34,Supply Chain,2024-03-16,7456687.66,"988 Kelsey Street Apt. 538, Port Toni, MA 95593",terry.parker@upsinc.com
Walt Disney Co,DIS,,,Service Provider,2.67,ERP,2023-06-10,8521928.56,"21405 Javier Corners Suite 604, Parkerbury, IL 72821",leslie.massey@sapse.com
Ford Motor Co,F,Continental AG,CON.DE,Direct Supplier,28.3,Brake Systems,2025-03-08,6760291.34,"94563 Reid Turnpike Apt. 834, Brandonshire, MO 30108",craig.leonard@continentala.com
Meta Platforms Inc,META,ServiceNow Inc,NOW,Service Provider,2.53,IT Service Management,2024-07-30,7616508.15,"26015 Matthew Wall, West Tammy, SD 90466",kristen.mccullough@servicenowin.com
Nike Inc,NKE,Accenture plc,ACN,Service Provider,,IT Services,2022-09-27,8799500.17,,michael.fernandez@accentureplc.com
Amazon.com Inc,AMZN,Iron Mountain,IRM,Service Provider,6.25,Data Storage,2025-06-03,5536906.31,"930 Wendy Road Apt. 756, Port Jennifermouth, FL 55987",stacy.mcknight@ironmountain.com
Salesforce Inc,CRM,FedEx Corp,FDX,Logistics Partner,6.28,Freight,2022-12-07,6010714.72,"441 Mitchell Ports Apt. 311, West Patrickside, MD 41418",lee.wyatt@fedexcorp.com
General Motors,GM,ServiceNow Inc,NOW,Service Provider,13.72,IT Service Management,2023-06-16,1881578.98,"25842 Jared Underpass, New Bradleyfurt, IA 04704",phillip.delgado@servicenowin.com
Lockheed Martin,LMT,,,Service Provider,12.34,Business Software,2024-12-29,762985.12,"5669 Mcpherson Gateway, Port Mary, VT 75889",walter.marquez@sapse.com
Merck & Co,MRK,IQVIA Holdings,IQV,Service Provider,14.68,Data Analytics,2025-07-18,3617972.35,"008 Tyler Pines, Samanthaberg, DE 10908",robert.barrett@iqviaholding.com
Coca-Cola Co,KO,DHL Express,DHL.DE,Logistics Partner,2.28,International Shipping,2024-02-08,6106132.05,"5199 Flores Avenue, Webbview, NM 18364",david.evans@dhlexpress.com
Merck & Co,MRK,DHL Express,DHL.DE,Logistics Partner,13.42,International Shipping,2024-04-04,490897.52,,
Procter & Gamble,PG,IBM Corp,IBM,Service Provider,4.59,IT Infrastructure,2024-10-01,9436382.84,"6275 Kimberly Knolls Apt. 697, Joshuaton, IN 95044",donna.horton@ibmcorp.com
Amazon.com Inc,AMZN,FedEx Corp,FDX,Logistics Partner,9.68,Express Delivery,2024-06-07,2452369.66,,
Procter & Gamble,PG,Deloitte,DLT,Service Provider,14.04,Consulting,2022-07-27,6575892.61,"5093 Shelly Passage Apt. 999, Johnsonview, KY 01013",kenneth.mullins@deloitte.com
Walt Disney Co,DIS,Workday Inc,WDAY,Service Provider,10.55,HR Software,2025-11-03,4616616.55,"062 Liu Station, Whitebury, WA 42388",patrick.mcfarland@workdayinc.com
Texas Instruments,TXN,SK Hynix,000660.KS,Direct Supplier,10.39,DRAM,2024-01-11,9131555.34,"206 Edward Square, North Tinaburgh, MT 76119",jill.nichols@skhynix.com
AMD Inc,AMD,SK Hynix,000660.KS,Direct Supplier,13.2,DRAM,2024-05-01,8608519.98,"USS Bell, FPO AE 62692",virginia.sanchez@skhynix.com
Amazon.com Inc,AMZN,SAP SE,SAP,Service Provider,11.16,ERP,2022-01-03,6504022.73,"537 Antonio Light, Jonside, MA 38153",marcus.taylor@sapse.com
Walt Disney Co,DIS,SAP SE,SAP,Service Provider,482.35,ERP,2023-04-28,5575633.47,"41321 Jon Crest, Duffyfurt, AL 91965",danielle.lynn@sapse.com
Oracle Corp,ORCL,Equinix Inc,EQIX,Service Provider,15.58,Data Center Colocation,2023-06-05,8980061.58,"14562 Perez Forge, East Juanland, IN 02553",colleen.randall@equinixinc.com
Costco Wholesale,COST,Accenture plc,ACN,Service Provider,,IT Services,2023-02-14,6994183.31,,
AMD Inc,AMD,SAP SE,SAP,Service Provider,497.26,ERP,2023-10-09,1239569.68,"38750 Hopkins Brook, New Andreatown, AK 69892",robert.kirby@sapse.com
Johnson & Johnson,JNJ,Avantor Inc,AVTR,Direct Supplier,11.88,Biopharma Materials,2024-07-07,5724212.45,,bianca.armstrong@avantorinc.com
Lockheed Martin,LMT,Workday Inc,WDAY,Service Provider,17.88,Finance,2023-12-23,1043767.25,,
Walt Disney Co,DIS,DHL Express,DHL.DE,Logistics Partner,,International Shipping,2025-03-31,3633877.04,"Unit 8186 Box 5507, DPO AP 34953",mitchell.walker@dhlexpress.com
Texas Instruments,TXN,Sumco Corp,3436.T,Direct Supplier,18.26,Silicon Wafers,2023-07-18,2834552.82,"112 Green Falls Apt. 175, South Craig, WY 03378",danielle.riley@sumcocorp.com
Walt Disney Co,DIS,IBM Corp,IBM,Service Provider,13.42,Cloud,2024-01-19,5897404.31,"394 Becker Station, Jamieview, MT 90977",nathan.monroe@ibmcorp.com
FactSet Research,FDS,Iron Mountain,IRM,Service Provider,9.48,Records Management,2023-04-21,1048647.81,"29069 Torres Flat, Rogerview, DC 59362",micheal.smith@ironmountain.com
General Electric,GE,ServiceNow Inc,NOW,Service Provider,7.64,IT Service Management,2025-06-27,9359866.68,,
Salesforce Inc,CRM,,,Service Provider,2.86,Endpoint Security,2023-04-01,3817391.9,"07485 Moss Glens, New Steven, DE 19473",courtney.williams@crowdstrike.com
Texas Instruments,TXN,FedEx Corp,FDX,Logistics Partner,4.19,Freight,2025-11-05,3459579.18,"USCGC White, FPO AA 03625",pamela.keller@fedexcorp.com
Lockheed Martin,LMT,Iron Mountain,IRM,Service Provider,12.68,Records Management,2024-07-07,712273.12,,lauren.yang@ironmountain.com
Meta Platforms Inc,META,IBM Corp,IBM,Service Provider,5.25,IT Infrastructure,2023-12-17,3312511.49,"PSC 5440, Box 9676, APO AE 41301",janet.baker@ibmcorp.com
Walt Disney Co,DIS,ServiceNow Inc,NOW,Service Provider,4.59,IT Service Management,2022-10-31,2101134.5,"098 William Fords Apt. 934, Morriston, HI 64053",troy.johnson@servicenowin.com
Texas Instruments,TXN,,,Service Provider,5.51,IT Service Management,2024-08-23,9587341.83,"808 Barbara Glens, Lake Jeremy, VT 44396",makayla.sanders@servicenowin.com
Lockheed Martin,LMT,Raytheon Technologies,RTX,Direct Supplier,10.89,Missiles,2024-12-09,1070991.5,"Unit 7344 Box 5801, DPO AP 65055",matthew.jones@raytheontech.com
Tesla Inc,TSLA,LG Energy Solution,373220.KS,Direct Supplier,4.05,EV Batteries,2024-09-09,9417866.87,"165 Gutierrez Key Apt. 822, Rodriguezshire, SD 43465",tyler.adams@lgenergysolu.com
FactSet Research,FDS,ServiceNow Inc,NOW,Service Provider,9.58,IT Service Management,2025-09-20,9174294.62,,
Adobe Inc,ADBE,FedEx Corp,FDX,Logistics Partner,3.94,Express Delivery,2022-08-04,2942072.97,"Unit 5561 Box 9221, DPO AP 72190",stacy.sanchez@fedexcorp.com
Microsoft Corp,MSFT,Iron Mountain,IRM,Service Provider,14.68,Records Management,2024-03-18,6134473.5,"595 Johnathan Fields, Raymondberg, IA 77520",corey.rivas@ironmountain.com
Oracle Corp,ORCL,UPS Inc,UPS,Logistics Partner,13.79,Supply Chain,2023-02-22,2184177.08,"20805 Amy Hills, Mckayshire, FM 91726",matthew.parsons@upsinc.com
Starbucks Corp,SBUX,Iron Mountain,IRM,Service Provider,12.62,Records Management,2023-12-16,9229902.28,"356 Jenna Dale, West Raven, CO 87424",chad.fowler@ironmountain.com
Cisco Systems,CSCO,ServiceNow Inc,NOW,Service Provider,19.76,IT Service Management,2024-07-26,1475080.32,"976 Jordan Forges Suite 847, Rebeccaside, NY 32563",andrew.hill@servicenowin.com
Procter & Gamble,PG,Accenture plc,ACN,Service Provider,13.42,IT Services,2025-10-04,4046948.74,"7617 Scott Mountains Apt. 554, West Taylorville, HI 51571",crystal.walker@accentureplc.com
Walt Disney Co,DIS,SAP SE,SAP,Service Provider,19.01,ERP,2025-02-17,6488711.56,"14764 Tracy Viaduct Suite 157, New Matthew, WA 15071",jesse.pierce@sapse.com
Tesla Inc,TSLA,Nvidia Corp,NVDA,Direct Supplier,3.38,AI Compute,2024-06-16,7284715.35,"785 Walton Pine Suite 287, Port Benjamin, CA 79117",erica.foster@nvidiacorp.com
Caterpillar Inc,CAT,Emerson Electric,EMR,Direct Supplier,12.41,Automation,2024-04-29,5525164.48,,austin.morrow@emersonelect.com
Home Depot,HD,UPS Inc,UPS,Logistics Partner,7.21,Shipping,2022-12-17,1226762.34,,mallory.bennett@upsinc.com
Ford Motor Co,F,Umbrella Corp,UMBR,Service Provider,18.65,Consulting,2022-10-31,7249168.27,"PSC 6242, Box 9338, APO AE 14840",michelle.mcgee@deloitte.com
Alphabet Inc,GOOGL,,,Service Provider,7.95,IT Service Management,2023-05-06,9605851.29,"702 Grimes Pike, Jeffreyshire, FM 73474",kimberly.nichols@servicenowin.com
Walt Disney Co,DIS,Deloitte,DLT,Service Provider,7.24,Audit,2025-02-28,6598186.94,"971 Riley Corner, North Nicholasland, WY 17217",lorraine.stone@deloitte.com
Coca-Cola Co,KO,Iron Mountain,IRM,Service Provider,9.56,Data Storage,2025-02-05,1116173.67,"6160 Amy Prairie Suite 260, Robertsonburgh, MP 21169",mercedes.bell@ironmountain.com
Microsoft Corp,MSFT,Equinix Inc,EQIX,Service Provider,TBD,Data Center Colocation,2022-09-28,2233488.36,,
Boeing Co,BA,Safran SA,SAF.PA,Direct Supplier,7.33,Engine Components,2022-03-03,4822729.17,,
Nike Inc,NKE,Iron Mountain,IRM,Service Provider,1.22,Records Management,2022-11-01,2447639.88,"3553 Haley Isle Apt. 209, Smithtown, TX 23246",nicole.dougherty@ironmountain.com
Meta Platforms Inc,META,SAP SE,SAP,Service Provider,4.43,Business Software,2022-12-11,7511869.68,"0193 Campbell Underpass Apt. 369, Heatherborough, RI 25881",carlos.moore@sapse.com
NVIDIA Corp,NVDA,Iron Mountain,IRM,Service Provider,4.47,Records Management,2025-02-07,8614758.04,"19655 Obrien Pass Apt. 693, Bradleychester, AL 68647",darrell.waller@ironmountain.com
Caterpillar Inc,CAT,Accenture plc,ACN,Service Provider,12.06,IT Services,2025-07-10,6791531.11,"97327 Johnson Valleys, Heatherchester, IL 47666",jillian.neal@accentureplc.com
Costco Wholesale,COST,ServiceNow Inc,NOW,Service Provider,9.09,IT Service Management,2024-05-29,5981794.86,"0393 Tiffany Mill Suite 744, North Michelleside, KS 27105",kathy.avery@servicenowin.com
Merck & Co,MRK,Avantor Inc,AVTR,Direct Supplier,13.92,Lab Chemicals,2023-10-18,6959246.24,,
Chevron Corp,CVX,FedEx Corp,FDX,Logistics Partner,19.27,Freight,2022-07-24,3579076.94,"031 Jennifer Spurs, South Robertfurt, NE 23952",ryan.lutz@fedexcorp.com
Broadcom Inc,AVGO,Tokyo Electron,8035.T,Direct Supplier,2.74,Coater/Developer,2025-04-28,5511028.65,"500 Jose Ranch, New Stacie, OH 64893",mckenzie.parker@tokyoelectro.com
Chevron Corp,CVX,Accenture plc,ACN,Service Provider,8.59,Consulting,2023-05-12,1590866.29,"73671 Judy Stravenue, Gonzalezport, AK 92080",pamela.martinez@accentureplc.com
Cisco Systems,CSCO,,,Service Provider,13.82,Business Software,2025-01-08,6064853.85,,
Caterpillar Inc,CAT,Iron Mountain,IRM,Service Provider,16.92,Records Management,2025-04-16,1435971.86,"94525 Henson Squares, Thomasstad, NE 10766",derek.lee@ironmountain.com
Procter & Gamble,PG,Globex Industries,GLBX,Logistics Partner,3.09,Express Delivery,2025-07-24,5676054.87,"2879 Martin Way Suite 750, East Matthew, IA 94593",johnny.boyle@fedexcorp.com
Intel Corp,INTC,SAP SE,SAP,Service Provider,9.52,Business Software,2024-06-12,257028.9,"64928 Mark Flats, Hamptonville, NJ 07631",allison.shields@sapse.com
Qualcomm Inc,QCOM,Micron Technology,MU,Direct Supplier,3.26,DRAM Modules,2023-08-05,8775936.61,,
Caterpillar Inc,CAT,Workday Inc,WDAY,Service Provider,9.6,Finance,2023-04-24,793139.99,"USNS Bowman, FPO AA 74976",shawn.gardner@workdayinc.com
Cisco Systems,CSCO,Accenture plc,ACN,Service Provider,7.09,Consulting,2022-03-21,1938602.61,,
Costco Wholesale,COST,Accenture plc,ACN,Service Provider,4.17,IT Services,2023-12-18,9632701.14,,
Microsoft Corp,MSFT,Snowflake Inc,SNOW,Service Provider,6.84,Data Warehousing,2025-04-18,7491121.29,"5840 David Neck, South Morganshire, RI 89862",scott.pena@snowflakeinc.com
Boeing Co,BA,Spirit AeroSystems,SPR,Direct Supplier,18.12,Fuselages,2022-11-08,1674404.61,"40937 Christopher Summit Apt. 859, Hawkinsmouth, KY 84945",charles.stokes@spiritaerosy.com
Chevron Corp,CVX,Baker Hughes,BKR,Direct Supplier,3.08,Oilfield Equipment,2022-05-17,3501530.31,"39203 Kimberly Mall Suite 674, Aprilburgh, HI 67384",suzanne.hernandez@bakerhughes.com
Chevron Corp,CVX,TechnipFMC,FTI,Service Provider,7.95,Engineering,2024-06-08,7924182.31,"845 Oconnor Station Suite 663, Port Matthew, KY 24584",pedro.soto@technipfmc.com
JPMorgan Chase,JPM,FactSet Research,FDS,Service Provider,12.47,Financial Analytics,2023-09-27,1691436.52,,
Cisco Systems,CSCO,Deloitte,DLT,Service Provider,12.95,Audit,2025-10-01,1007250.85,"16628 Graham Trafficway Apt. 498, West Lindsey, MO 72379",paul.franklin@deloitte.com
Boeing Co,BA,IBM Corp,IBM,Service Provider,15.57,Cloud,2022-08-22,6874066.1,"Unit 2543 Box 1832, DPO AP 71720",david.singleton@ibmcorp.com
Intel Corp,INTC,ASML Holding,ASML,Direct Supplier,1.18,EUV Lithography Equipment,2022-10-11,6650382.52,"028 Sandra Ranch Apt. 922, Kristinaton, CO 41038",daniel.simmons@asmlholding.com
Microsoft Corp,MSFT,DHL Express,DHL.DE,Logistics Partner,19.78,International Shipping,2025-06-12,52120.5,"054 Bruce Expressway, North Bailey, AR 62389",kimberly.nelson@dhlexpress.com
Caterpillar Inc,CAT,Workday Inc,WDAY,Service Provider,12.38,HR Software,2022-07-05,1408574.63,,
Alphabet Inc,GOOGL,DHL Express,DHL.DE,Logistics Partner,8.15,International Shipping,2023-04-02,5187899.23,"4906 Heather Mission, Lake Hannah, CA 84072",alejandro.colon@dhlexpress.com
Texas Instruments,TXN,Sumco Corp,3436.T,Direct Supplier,15.94,Silicon Wafers,2022-03-03,5000676.15,"220 William Skyway Apt. 520, Dillonmouth, VI 51943",samantha.cline@sumcocorp.com
Costco Wholesale,COST,ServiceNow Inc,NOW,Service Provider,6.54,IT Service Management,2023-10-08,4542416.88,"41832 Lopez Mission, Martinberg, SD 06128",elizabeth.smith@servicenowin.com
Boeing Co,BA,Honeywell Intl,HON,Direct Supplier,17.24,APUs,2024-02-03,736277.06,,
NVIDIA Corp,NVDA,Accenture plc,ACN,Service Provider,19.4,Consulting,2023-12-26,6475637.5,"2813 Robert Vista Suite 984, Alejandroborough, TX 64901",phillip.long@accentureplc.com
JPMorgan Chase,JPM,DHL Express,DHL.DE,Logistics Partner,15.54,International Shipping,2023-10-18,7556268.06,,victoria.ferguson@dhlexpress.com
Starbucks Corp,SBUX,Deloitte,DLT,Service Provider,14.83,Audit,2024-06-28,7428200.38,"8129 Anthony Land Apt. 294, North Marcuschester, IL 06011",ashley.smith@deloitte.com
Qualcomm Inc,QCOM,Samsung Electronics,005930.KS,Contract Manufacturer,13.14,Memory Chips,2022-10-21,3680122.73,,
Microsoft Corp,MSFT,Amazon Web Services,AMZN,Service Provider,3.6,Cloud Infrastructure,2024-02-10,8727542.48,"7089 Sharp Cape Suite 545, Lake Matthew, ID 48815",debra.freeman@amazonwebser.com
Costco Wholesale,COST,Workday Inc,WDAY,Service Provider,17.2,Finance,2023-08-30,7097134.31,"73512 Jackson Shore, South Amberburgh, LA 26940",lindsey.livingston@workdayinc.com
Amazon.com Inc,AMZN,DHL Express,DHL.DE,Logistics Partner,18.01,International Shipping,2023-05-21,1001674.18,,caitlin.williams@dhlexpress.com
Microsoft Corp,MSFT,,,Service Provider,13.27,Finance,2022-12-06,7086725.83,"36059 Jackson Parkway Suite 241, Lake Thomasport, VA 07532",anthony.lang@workdayinc.com
Amazon.com Inc,AMZN,Workday Inc,WDAY,Service Provider,6.12,HR Software,2023-07-29,9432837.53,"27283 Smith Alley, Johnsfurt, PW 38653",john.adams@workdayinc.com
General Electric,GE,Workday Inc,WDAY,Service Provider,8.29,Finance,2023-05-25,7217531.57,"45287 Taylor Ports, North Kimberly, HI 72917",nicholas.norton@workdayinc.com
Lockheed Martin,LMT,DHL Express,DHL.DE,Logistics Partner,4.18,International Shipping,2025-11-15,987253.93,"1452 Pugh Plains Suite 759, West Jonathanport, UT 12333",jason.hunt@dhlexpress.com
AMD Inc,AMD,ASE Technology,ASX,Contract Manufacturer,3.92,Testing,2023-10-28,1859306.58,"633 Reed Harbor Apt. 106, East Jamieville, PA 04901",katelyn.good@asetechnolog.com
Boeing Co,BA,SAP SE,SAP,Service Provider,3.27,Business Software,2025-02-17,7432725.62,,
Boeing Co,BA,Hexcel Corp,HXL,Direct Supplier,9.18,Carbon Fiber Composites,2023-10-02,7171445.74,"228 Mays Pass, Hubbardmouth, WV 46455",robert.morales@hexcelcorp.com
Tesla Inc,TSLA,UPS Inc,UPS,Logistics Partner,9.98,Shipping,2025-10-27,9614078.27,"898 Yolanda Drives, Riveramouth, VA 95206",nicole.blake@upsinc.com
Salesforce Inc,CRM,Cloudflare Inc,NET,Service Provider,15.94,CDN,2022-11-23,4188515.88,"3369 Christopher Extensions Apt. 231, Yangstad, WA 42035",melissa.clark@cloudflarein.com
Procter & Gamble,PG,FedEx Corp,FDX,Logistics Partner,19.0,Express Delivery,2022-10-22,8617907.96,"8857 Warner Ranch, Tylerborough, DE 74066",jane.johnson@fedexcorp.com
Chevron Corp,CVX,Accenture plc,ACN,Service Provider,8.77,IT Services,2022-08-07,1590046.88,"10059 Eric Road, Welchmouth, WY 87655",gregory.brown@accentureplc.com
Adobe Inc,ADBE,Google Cloud,GOOGL,Service Provider,11.81,Cloud Infrastructure,2024-05-02,1539686.39,"3431 Sabrina Shoal Suite 392, Lake Antoniostad, NC 45865",kevin.jordan@googlecloud.com
Adobe Inc,ADBE,Iron Mountain,IRM,Service Provider,3.91,Data Storage,2023-07-25,9991945.7,,
Texas Instruments,TXN,IBM Corp,IBM,Service Provider,2.14,IT Infrastructure,2023-01-25,6227867.07,"47546 Jacob Forest, Figueroahaven, VI 49510",megan.garrison@ibmcorp.com
Texas Instruments,TXN,Applied Materials,AMAT,Direct Supplier,6.66,Deposition Equipment,2024-08-07,981779.16,,jamie.thomas@appliedmater.com
Johnson & Johnson,JNJ,West Pharmaceutical,WST,Direct Supplier,12.47,Delivery Systems,2025-07-30,9529963.41,"78105 Banks Shoals Apt. 002, Gatesburgh, VA 17281",debbie.williams@westpharmace.com
JPMorgan Chase,JPM,FactSet Research,FDS,Service Provider,3.97,Data Feeds,2025-02-09,9544603.19,"84347 Diaz Parks Suite 365, Melissaview, NV 24079",jason.carpenter@factsetresea.com
Nike Inc,NKE,UPS Inc,UPS,Logistics Partner,6.51,Shipping,2022-11-27,9111005.11,"39407 Karen Gateway, Jeremyfurt, MS 08635",john.price@upsinc.com
Netflix Inc,NFLX,UPS Inc,UPS,Logistics Partner,4.89,Supply Chain,2025-08-31,7379504.01,"1526 Campbell Key Apt. 969, Jessicastad, KS 11813",seth.mosley@upsinc.com
Intel Corp,INTC,Entegris Inc,ENTG,Direct Supplier,207.82,Specialty Chemicals,2023-11-02,2156019.83,"39868 Brandon Dam Suite 787, New Patricia, DC 43488",phillip.norton@entegrisinc.com
JPMorgan Chase,JPM,FIS Global,FIS,Service Provider,,Core Banking Platform,2024-12-01,6536899.03,"USS Golden, FPO AP 71196",tyler.russo@fisglobal.com
Apple Inc,AAPL,Jabil Inc,JBL,Contract Manufacturer,10.78,Enclosures,2024-08-26,8084595.13,"65726 Jessica Run Suite 987, Grahamshire, KY 42746",deborah.smith@jabilinc.com
Starbucks Corp,SBUX,FedEx Corp,FDX,Logistics Partner,19.96,Express Delivery,2024-10-09,6216239.44,,daniel.andrade@fedexcorp.com
Tesla Inc,TSLA,IBM Corp,IBM,Service Provider,7.42,IT Infrastructure,2025-07-28,7505206.64,"2439 Gabriel Route, Antonioport, OK 52159",anita.martinez@ibmcorp.com
Microsoft Corp,MSFT,Iron Mountain,IRM,Service Provider,14.81,Records Management,2025-02-28,2641409.21,"06445 Pearson Junction Apt. 311, East Eric, VT 59149",jesse.nguyen@ironmountain.com
NVIDIA Corp,NVDA,TSMC,TSM,Contract Manufacturer,17.39,Wafer Fabrication,2022-03-04,882156.29,"6089 Williams Brooks Suite 658, Shawburgh, VT 41190",kristine.merritt@tsmc.com
Costco Wholesale,COST,Workday Inc,WDAY,Service Provider,-33.47,Finance,2024-03-31,1791057.23,"834 Anthony Land, Wilcoxberg, RI 96227",christian.parker@workdayinc.com
PepsiCo Inc,PEP,Accenture plc,ACN,Service Provider,1.91,Consulting,2025-04-18,7256837.14,"86326 Hardin Mount, Sherrymouth, FL 01804",jennifer.perry@accentureplc.com
Eli Lilly,LLY,Danaher Corp,DHR,Direct Supplier,7.15,Bioprocessing,2023-02-23,3115076.56,,crystal.garcia@danahercorp.com
AMD Inc,AMD,Lam Research,LRCX,Direct Supplier,3.4,Deposition Systems,2024-05-10,8232192.63,"Unit 7530 Box 4637, DPO AA 43705",richard.davis@lamresearch.com
NVIDIA Corp,NVDA,Accenture plc,ACN,Service Provider,19.12,IT Services,2023-07-10,6650070.61,,tiffany.reese@accentureplc.com
Tesla Inc,TSLA,Accenture plc,ACN,Service Provider,,Consulting,2025-03-04,4840605.61,"067 Veronica Park Suite 714, Wrightside, OR 47473",alexander.graham@accentureplc.com
Coca-Cola Co,KO,ServiceNow Inc,NOW,Service Provider,4.04,IT Service Management,2024-01-05,5694025.33,"924 Johnson Trace Apt. 285, Elizabethshire, OK 95672",angela.pollard@servicenowin.com
Nike Inc,NKE,Deloitte,DLT,Service Provider,9.45,Audit,2024-05-28,5154260.88,,
Starbucks Corp,SBUX,DHL Express,DHL.DE,Logistics Partner,4.92,International Shipping,2023-12-19,5516188.29,"USNS Johnson, FPO AA 07554",jason.johnson@dhlexpress.com
JPMorgan Chase,JPM,Fiserv Inc,FI,Service Provider,13.84,Payment Processing,2024-05-29,2581923.57,"685 Shannon Via, Gordonburgh, AK 75001",jean.hill@fiservinc.com
Alphabet Inc,GOOGL,Workday Inc,WDAY,Service Provider,N/A,Finance,2023-05-04,626164.14,"72722 Ashley Stream Apt. 404, East Lisa, TX 80169",jesse.barber@workdayinc.com
Costco Wholesale,COST,UPS Inc,UPS,Logistics Partner,12.28,Supply Chain,2023-02-06,1446523.88,"USNV Sanders, FPO AE 76529",danielle.arroyo@upsinc.com
Adobe Inc,ADBE,Deloitte,DLT,Service Provider,16.76,Consulting,2023-09-12,2200591.8,"75298 David Burgs, East Laurafurt, VA 95673",taylor.rose@deloitte.com
Goldman Sachs,GS,Fiserv Inc,FI,Service Provider,10.95,Payment Processing,2024-10-29,2860439.77,"1180 Summer Junction Apt. 153, Lake Danielmouth, RI 82701",john.daniels@fiservinc.com
Costco Wholesale,COST,Iron Mountain,IRM,Service Provider,8.75,Records Management,2022-11-21,256058.28,"18224 Hudson Roads Apt. 247, Pearsonside, NE 58167",barbara.oconnor@ironmountain.com
Eli Lilly,LLY,IQVIA Holdings,IQV,Service Provider,1.28,Data Analytics,2022-05-17,7292482.89,,
Starbucks Corp,SBUX,IBM Corp,IBM,Service Provider,3.04,Cloud,2022-08-26,6881855.44,,jeffrey.haley@ibmcorp.com
PepsiCo Inc,PEP,DHL Express,DHL.DE,Logistics Partner,-22.08,International Shipping,2023-04-11,4673358.55,,
General Electric,GE,DHL Express,DHL.DE,Logistics Partner,5.15,International Shipping,2023-05-29,8253462.28,"323 Brandy Locks, Brownstad, ME 49751",lori.whitaker@dhlexpress.com
Cisco Systems,CSCO,Deloitte,DLT,Service Provider,6.41,Audit,2022-10-01,3975732.75,"9475 Desiree Lodge Apt. 284, Port Jamesburgh, IA 28472",tammy.bailey@deloitte.com
Lockheed Martin,LMT,Iron Mountain,IRM,Service Provider,9.7,Records Management,2025-03-07,1362944.81,"21375 Lin Pines Suite 359, Courtneyfort, AL 73295",jeffrey.brown@ironmountain.com
PepsiCo Inc,PEP,Globex Industries,GLBX,Logistics Partner,10.97,Shipping,2025-08-07,7907800.53,"2083 Davis Bridge Apt. 257, Port Chadfurt, VI 85557",anthony.thompson@upsinc.com
Eli Lilly,LLY,Accenture plc,ACN,Service Provider,10.29,Consulting,2023-07-01,878895.95,"180 Annette Summit, New Victoria, AR 18363",melissa.stark@accentureplc.com
JPMorgan Chase,JPM,DHL Express,DHL.DE,Logistics Partner,4.72,International Shipping,2025-09-29,159488.67,,
Microsoft Corp,MSFT,Palo Alto Networks,PANW,Service Provider,4.53,Network Security,2024-11-02,2688744.13,"2386 George Common Suite 937, East Steven, KS 60737",brandon.flynn@paloaltonetw.com
Nike Inc,NKE,Deloitte,DLT,Service Provider,6.57,Consulting,2025-04-11,5360356.71,,cristian.hendrix@deloitte.com
Johnson & Johnson,JNJ,Catalent Inc,CTLT,Contract Manufacturer,15.07,Drug Delivery,2025-10-13,5132667.67,"524 Melissa Light, East Dakota, MI 74685",jennifer.davis@catalentinc.com
PepsiCo Inc,PEP,Accenture plc,ACN,Service Provider,13.86,IT Services,2022-10-07,4822576.68,"5592 Hill Station Suite 411, Tarafurt, TX 21012",christopher.howard@accentureplc.com
FactSet Research,FDS,ServiceNow Inc,NOW,Service Provider,2.48,IT Service Management,2025-05-13,6909877.02,,
Merck & Co,MRK,Thermo Fisher,TMO,Direct Supplier,10.27,Lab Equipment,2023-07-27,3193430.64,,
Procter & Gamble,PG,Deloitte,DLT,Service Provider,7.0,Consulting,2022-01-18,167608.79,"5629 Watson Key, Dylanfort, TX 71577",nathaniel.winters@deloitte.com
Starbucks Corp,SBUX,FedEx Corp,FDX,Logistics Partner,8.45,Express Delivery,2022-11-18,9439829.53,"4950 Campbell Vista, South Colin, MP 77911",john.lee@fedexcorp.com
Caterpillar Inc,CAT,SAP SE,SAP,Service Provider,19.75,ERP,2024-10-04,65706.85,"5173 William Ville, Thomasland, WA 07523",danny.nunez@sapse.com
Goldman Sachs,GS,Kyndryl Holdings,KD,Service Provider,12.71,IT Infrastructure,2022-01-01,8534179.92,"3680 Harris Oval Apt. 808, East James, PR 06158",joanna.marshall@kyndrylholdi.com
Eli Lilly,LLY,Thermo Fisher,TMO,Direct Supplier,9.58,Reagents,2022-07-12,5262479.37,"63952 Mendoza Neck Suite 743, Bowmanland, FL 29633",joseph.sparks@thermofisher.com
PepsiCo Inc,PEP,Accenture plc,ACN,Service Provider,1.47,Consulting,2025-09-05,6530707.17,"97345 James Shoals Suite 996, Dustinton, SC 50288",rhonda.green@accentureplc.com
Netflix Inc,NFLX,,,Service Provider,16.55,ERP,2025-09-12,2661028.7,,
AMD Inc,AMD,ASE Technology,ASX,Contract Manufacturer,9.79,Semiconductor Packaging,2023-06-14,3436371.49,"067 Amber Throughway, East Williamport, IN 96382",sean.powers@asetechnolog.com
PepsiCo Inc,PEP,Deloitte,DLT,Service Provider,-15.5,Audit,2024-02-08,8902649.53,"477 Smith Alley Suite 657, Elliston, NE 11827",gregory.murray@deloitte.com
Tesla Inc,TSLA,Livent Corp,LTHM,Direct Supplier,-8.77,Lithium Hydroxide,2024-04-14,8949702.57,"PSC 8668, Box 0580, APO AE 07004",robert.powell@liventcorp.com
AMD Inc,AMD,Accenture plc,ACN,Service Provider,19.99,IT Services,2022-03-22,8829708.62,"Unit 4836 Box 0901, DPO AA 68637",regina.serrano@accentureplc.com
Tesla Inc,TSLA,Mobileye Global,MBLY,Direct Supplier,13.94,Computer Vision,2023-06-04,3799579.54,"PSC 3879, Box 2787, APO AA 57859",tyler.figueroa@mobileyeglob.com
Texas Instruments,TXN,Samsung Electronics,005930.KS,Contract Manufacturer,5.94,Foundry Services,2025-12-16,4697971.76,"3974 Johnson Stream Apt. 886, Lisachester, WA 65402",mark.jackson@samsungelect.com
Salesforce Inc,CRM,Google Cloud,GOOGL,Service Provider,2.49,Cloud Infrastructure,2022-09-17,7430094.67,"571 Katherine Forges Apt. 554, Jacquelineton, MH 22017",megan.rivera@googlecloud.com
Ford Motor Co,F,Continental AG,CON.DE,Direct Supplier,16.57,Tires,2024-01-11,6899918.57,"70267 Carrie Lights, West Melissaport, RI 12824",hannah.harris@continentala.com
Tesla Inc,TSLA,Nvidia Corp,NVDA,Direct Supplier,12.91,AI Compute,2022-02-21,7563205.68,"52411 Fischer Canyon, Cuevasstad, PR 12977",sheri.crosby@nvidiacorp.com
Tesla Inc,TSLA,Mobileye Global,MBLY,Direct Supplier,15.18,Computer Vision,2022-02-11,676529.35,"87895 Jessica Valley, West Johnton, OR 84257",angela.burnett@mobileyeglob.com
Boeing Co,BA,Deloitte,DLT,Service Provider,9.1,Consulting,2023-08-21,2670875.66,,
AMD Inc,AMD,Entegris Inc,ENTG,Direct Supplier,19.21,Specialty Chemicals,2025-03-30,1339657.99,,
Lockheed Martin,LMT,IBM Corp,IBM,Service Provider,2.55,IT Infrastructure,2024-01-24,4397666.26,"2123 Cindy Glen Apt. 777, New Nicolebury, IL 77684",brett.parker@ibmcorp.com
Nike Inc,NKE,ServiceNow Inc,NOW,Service Provider,4.1,IT Service Management,2025-02-19,6114544.4,"4942 Kathryn Extensions Apt. 660, Gregghaven, WY 13911",carrie.thomas@servicenowin.com
Cisco Systems,CSCO,Deloitte,DLT,Service Provider,2.96,Audit,2023-03-20,2835856.06,"3784 Brian Key, Faithstad, VA 44616",alan.rowland@deloitte.com
Caterpillar Inc,CAT,Roper Technologies,ROP,Direct Supplier,9.5,Software,2025-02-05,4141332.09,,willie.camacho@ropertechnol.com
Lockheed Martin,LMT,FedEx Corp,FDX,Logistics Partner,-60.99,Express Delivery,2024-07-28,2066533.6,"164 Benson Ports Apt. 532, New Diamondville, CT 25494",david.bates@fedexcorp.com
Merck & Co,MRK,IBM Corp,IBM,Service Provider,15.24,Cloud,2022-01-16,9697358.11,"749 Williams Cape Apt. 628, Reedside, MP 03400",evan.ramirez@ibmcorp.com
Apple Inc,AAPL,Sony Semiconductor,6758.T,Direct Supplier,16.7,Camera Modules,2025-05-25,1008170.84,"00515 Harris Drive, West Mary, MN 82189",nancy.lowe@sonysemicond.com
General Electric,GE,SAP SE,SAP,Service Provider,1.36,ERP,2023-04-21,6649692.62,"204 Webb Canyon Suite 830, Myersmouth, FM 33093",olivia.mcclure@sapse.com
Broadcom Inc,AVGO,ServiceNow Inc,NOW,Service Provider,19.37,IT Service Management,2023-12-17,5549242.51,,
Oracle Corp,ORCL,Accenture plc,ACN,Service Provider,14.81,Consulting,2024-04-01,4785085.55,,erin.frazier@accentureplc.com
Lockheed Martin,LMT,UPS Inc,UPS,Logistics Partner,6.55,Shipping,2024-03-05,7802732.6,"90789 Simmons Mountain Suite 657, Joshuatown, HI 58393",dennis.miller@upsinc.com
Home Depot,HD,FedEx Corp,FDX,Logistics Partner,17.9,Freight,2024-02-20,6155954.54,"PSC 2102, Box 1923, APO AA 86990",william.sanchez@fedexcorp.com
Tesla Inc,TSLA,SAP SE,SAP,Service Provider,19.15,Business Software,2022-11-01,2202021.68,"8577 Erica Mountain, East Cameronshire, OK 26056",ryan.romero@sapse.com
Home Depot,HD,Iron Mountain,IRM,Service Provider,5.63,Records Management,2025-08-25,4114706.28,,
Chevron Corp,CVX,FedEx Corp,FDX,Logistics Partner,5.6,Express Delivery,2022-03-12,9218612.04,"3374 Davis Ville Apt. 157, Sylviaburgh, WV 56259",derek.lopez@fedexcorp.com
Chevron Corp,CVX,Weyland-Yutani,WLND,Service Provider,4.58,Finance,,6737529.24,"92274 Russo Greens, Jessicaport, WI 37620",jacob.brown@workdayinc.com
Lockheed Martin,LMT,BAE Systems,BA.L,Direct Supplier,14.27,Electronic Systems,2023-11-25,8144413.21,"526 Wells Estates Apt. 306, West Stephaniebury, WA 88494",michael.watts@baesystems.com
Home Depot,HD,SAP SE,SAP,Service Provider,1.96,ERP,2024-03-15,9711850.44,"37681 Erin Plaza Suite 233, West Collin, KS 02034",charles.cunningham@sapse.com
Lockheed Martin,LMT,DHL Express,DHL.DE,Logistics Partner,7.79,International Shipping,2025-08-11,981460.79,,
Amazon.com Inc,AMZN,ServiceNow Inc,NOW,Service Provider,17.13,IT Service Management,2025-11-17,6639040.56,,
Microsoft Corp,MSFT,Google Cloud,GOOGL,Service Provider,12.17,Cloud Infrastructure,2022-08-30,1519415.71,"426 Tiffany Trail Suite 664, Jonestown, NM 91514",cheryl.waller@googlecloud.com
Tesla Inc,TSLA,Livent Corp,LTHM,Direct Supplier,2.57,Lithium Hydroxide,2022-07-16,5257744.16,,shawn.miller@liventcorp.com
Costco Wholesale,COST,ServiceNow Inc,NOW,Service Provider,12.1,IT Service Management,2024-08-10,5147007.78,"USNS Turner, FPO AP 44137",keith.delacruz@servicenowin.com
Meta Platforms Inc,META,Workday Inc,WDAY,Service Provider,4.79,Finance,2022-02-22,2109182.18,"29181 James Mountains, Port Williamfurt, AR 16467",linda.hanson@workdayinc.com
JPMorgan Chase,JPM,SS&C Technologies,SSNC,Service Provider,12.97,Risk Analytics,2022-05-30,8585476.34,"9392 Gina Stream, Morganmouth, KS 21184",daniel.ballard@ss&ctechnolo.com
Home Depot,HD,IBM Corp,IBM,Service Provider,14.8,Cloud,2024-03-14,5807030.16,"769 Melissa Square Apt. 514, Johnside, MS 85577",judy.chase@ibmcorp.com
Apple Inc,AAPL,Iron Mountain,IRM,Service Provider,13.93,Records Management,2024-07-18,69451.9,"02650 Mann Ferry, New Pamelachester, MS 59800",michele.herrera@ironmountain.com
NVIDIA Corp,NVDA,FedEx Corp,FDX,Logistics Partner,19.42,Freight,2025-04-09,60014.4,"5465 Thompson Locks Apt. 684, South Shannon, KY 04079",garrett.goodman@fedexcorp.com
Microsoft Corp,MSFT,Amazon Web Services,AMZN,Service Provider,10.53,Cloud Infrastructure,2024-09-20,470737.42,"3521 Chen Street, Lake Gregoryburgh, GA 38651",brett.lane@amazonwebser.com
Nike Inc,NKE,IBM Corp,IBM,Service Provider,17.2,Cloud,2023-07-04,2549497.08,"27462 Melissa Forest, Michaelstad, OH 23711",ruben.houston@ibmcorp.com
PepsiCo Inc,PEP,UPS Inc,UPS,Logistics Partner,19.87,Supply Chain,2025-02-27,6418834.56,"87879 Carol Fall, East Staceyburgh, MH 53695",david.davila@upsinc.com
Adobe Inc,ADBE,Microsoft Azure,MSFT,Service Provider,5.53,AI Services,2024-04-21,3568300.89,"28801 Ellen Trail, Port Gina, MP 14122",bradley.villanueva@microsoftazu.com
NVIDIA Corp,NVDA,ASML Holding,ASML,Direct Supplier,8.04,DUV Systems,2023-01-31,4473547.68,"0123 Rosales Flat Suite 871, Courtneyfurt, GU 70469",jason.bonilla@asmlholding.com
Texas Instruments,TXN,DHL Express,DHL.DE,Logistics Partner,15.74,International Shipping,2025-10-05,6602262.57,"62636 Medina Square Apt. 898, Cervantesview, WY 65485",kevin.delacruz@dhlexpress.com
Home Depot,HD,Workday Inc,WDAY,Service Provider,16.27,Finance,2025-03-09,5813833.25,"9030 Justin Summit, Doyleland, CO 24619",brandon.payne@workdayinc.com
Salesforce Inc,CRM,Workday Inc,WDAY,Service Provider,18.89,Finance,2025-02-03,2962199.97,"4792 Jose Prairie, North Aaronhaven, MO 13247",alicia.smith@workdayinc.com
Caterpillar Inc,CAT,Globex Industries,GLBX,Direct Supplier,7.06,Hydraulics,2025-03-22,5094355.79,"7182 Erica Squares, East Katherine, NM 62722",kevin.french@parkerhannif.com
Qualcomm Inc,QCOM,,,Direct Supplier,17.58,Silicon Wafers,2022-11-22,5279094.54,,
Lockheed Martin,LMT,SAP SE,SAP,Service Provider,TBD,ERP,2025-08-17,1951479.14,"8602 Cunningham Shoals, East Misty, HI 93830",patrick.moody@sapse.com
Texas Instruments,TXN,IBM Corp,IBM,Service Provider,13.55,Cloud,2023-12-13,6984837.38,"53031 Kathy Neck, North Manuel, MO 70017",christopher.fisher@ibmcorp.com
AMD Inc,AMD,TSMC,TSM,Contract Manufacturer,17.88,Wafer Fabrication,2023-06-09,7680636.08,"733 Grant Fork Suite 437, Timothyside, WY 95090",michael.ingram@tsmc.com
Broadcom Inc,AVGO,SAP SE,SAP,Service Provider,13.16,ERP,2023-10-18,5703655.38,"USS Jackson, FPO AA 76146",kimberly.schmidt@sapse.com
Oracle Corp,ORCL,Deloitte,DLT,Service Provider,17.99,Consulting,2025-05-14,1909565.95,,
JPMorgan Chase,JPM,DHL Express,DHL.DE,Logistics Partner,10.3,International Shipping,2022-12-08,567510.15,"5350 Miranda Lodge, Stephanieport, VT 96406",charles.rios@dhlexpress.com
Netflix Inc,NFLX,IBM Corp,IBM,Service Provider,2.32,Cloud,2023-02-15,6122503.76,"0923 Antonio Cliffs, Wheelertown, AL 63922",christopher.beard@ibmcorp.com
Nike Inc,NKE,ServiceNow Inc,NOW,Service Provider,11.45,IT Service Management,2022-06-17,7316783.74,"732 Jeff Dam Apt. 426, South Traci, OH 95533",adam.mills@servicenowin.com
Ford Motor Co,F,UPS Inc,UPS,Logistics Partner,12.58,Supply Chain,2022-08-21,6580244.93,,
FactSet Research,FDS,FedEx Corp,FDX,Logistics Partner,6.94,Freight,2023-02-10,7143341.91,"6010 Kayla Union Apt. 030, Spencerville, NV 52751",timothy.rodriguez@fedexcorp.com
Nike Inc,NKE,Accenture plc,ACN,Service Provider,unknown,Consulting,2024-11-23,9820686.31,"948 Nelson Crest, East Sylvia, CO 78963",alicia.rodriguez@accentureplc.com
Intel Corp,INTC,TSMC,TSM,Contract Manufacturer,28.65,Advanced Packaging,2025-09-29,5334762.26,"34505 Martinez Land Suite 676, Terrifort, UT 65712",zachary.hays@tsmc.com
Oracle Corp,ORCL,SAP SE,SAP,Service Provider,high,Business Software,2024-02-05,8219123.05,"9609 Ward Shoals Suite 901, Ashleymouth, MP 35171",stephanie.miller@sapse.com
Caterpillar Inc,CAT,SAP SE,SAP,Service Provider,5.85,Business Software,2025-02-12,4308200.81,,brandon.powell@sapse.com
Oracle Corp,ORCL,IBM Corp,IBM,Service Provider,7.18,IT Infrastructure,2025-06-08,8625328.13,"55778 Pamela Junctions Apt. 958, Port Lauren, DC 27477",ricky.ali@ibmcorp.com
Lockheed Martin,LMT,Wayne Enterprises,WAYN,Service Provider,10.54,ERP,2023-09-16,9582150.94,"949 Taylor Hill Suite 204, Kingport, DC 89484",shelby.arias@sapse.com
Salesforce Inc,CRM,ServiceNow Inc,NOW,Service Provider,5.98,IT Service Management,2024-05-25,546613.95,,patrick.duke@servicenowin.com
Boeing Co,BA,DHL Express,DHL.DE,Logistics Partner,4.28,International Shipping,2025-07-28,1658073.27,,
AMD Inc,AMD,Amkor Technology,AMKR,Contract Manufacturer,13.31,Test Services,2023-05-18,8315773.64,"65180 Valerie Mountains, West Robertberg, WI 84586",randy.velasquez@amkortechnol.com
JPMorgan Chase,JPM,,,Service Provider,17.89,Trading Platforms,2024-11-01,7985229.26,"84554 Marsh Corners, Lake Douglas, CA 81381",debra.jones@refinitiv.com
Apple Inc,AAPL,LG Display,034220.KS,Direct Supplier,4.41,Display Panels,2023-01-09,8436952.74,"24837 Adams Grove, Port Tylerbury, KY 45766",christine.cunningham@lgdisplay.com
Broadcom Inc,AVGO,Micron Technology,MU,Direct Supplier,10.68,DRAM Modules,2025-02-04,796895.45,"058 Daniel Gateway Suite 290, Rasmussenmouth, WY 56921",amanda.mclean@microntechno.com
PepsiCo Inc,PEP,Deloitte,DLT,Service Provider,1.04,Audit,2025-08-16,265704.94,,
Netflix Inc,NFLX,IBM Corp,IBM,Service Provider,9.79,Cloud,2024-06-19,138263.48,"3654 Miranda Wells Suite 927, New Brian, AL 25292",linda.perez@ibmcorp.com
AMD Inc,AMD,Entegris Inc,ENTG,Direct Supplier,8.41,Specialty Chemicals,2022-08-01,836697.53,"931 Nancy Walk Suite 719, Wrightborough, VT 72353",cheryl.williams@entegrisinc.com
Johnson & Johnson,JNJ,Deloitte,DLT,Service Provider,10.19,Audit,2024-07-20,5963797.34,,
Netflix Inc,NFLX,Deloitte,DLT,Service Provider,13.39,Consulting,2022-12-31,301690.77,"2673 Velasquez Points Suite 256, North Marissaville, TX 41483",michael.anderson@deloitte.com
FactSet Research,FDS,Deloitte,DLT,Service Provider,-70.5,Audit,2023-12-10,584279.5,"392 Kelly Orchard, Lopezberg, AS 06277",james.garcia@deloitte.com
PepsiCo Inc,PEP,Iron Mountain,IRM,Service Provider,,Data Storage,2022-01-23,3485363.67,,
Merck & Co,MRK,Danaher Corp,DHR,Direct Supplier,4.59,Bioprocessing,2025-02-21,5491286.23,,mark.maldonado@danahercorp.com
Ford Motor Co,F,Continental AG,CON.DE,Direct Supplier,8.37,Tires,2023-04-05,3136131.87,,
Texas Instruments,TXN,ASML Holding,ASML,Direct Supplier,11.14,EUV Lithography Equipment,2022-03-22,7805659.02,"563 Melissa Tunnel Apt. 349, Devonmouth, NV 07526",luke.benton@asmlholding.com
Starbucks Corp,SBUX,DHL Express,DHL.DE,Logistics Partner,1.2,International Shipping,2023-01-14,2126600.36,"Unit 8888 Box 0497, DPO AE 35199",gerald.parker@dhlexpress.com
PepsiCo Inc,PEP,Deloitte,DLT,Service Provider,18.69,Consulting,2025-07-04,647520.74,"PSC 1506, Box 6626, APO AA 04511",francisco.olson@deloitte.com
PepsiCo Inc,PEP,IBM Corp,IBM,Service Provider,1.05,Cloud,2022-03-12,6907600.7,,
Tesla Inc,TSLA,UPS Inc,UPS,Logistics Partner,2.0,Supply Chain,2022-04-30,2066225.8,,rebecca.park@upsinc.com
Microsoft Corp,MSFT,Google Cloud,GOOGL,Service Provider,4.15,Cloud Infrastructure,2023-01-24,3002242.86,"401 Suzanne Villages Apt. 490, South April, NV 36959",christopher.williams@googlecloud.com
Alphabet Inc,GOOGL,,,Logistics Partner,8.87,Express Delivery,2024-10-25,8607322.32,,natalie.higgins@fedexcorp.com
Merck & Co,MRK,FedEx Corp,FDX,Logistics Partner,9.53,Express Delivery,2024-05-07,2336144.87,"03887 Sherry Circles, New Kenneth, NV 68623",shelby.hamilton@fedexcorp.com
AMD Inc,AMD,DHL Express,DHL.DE,Logistics Partner,2.52,International Shipping,2022-05-11,2928290.78,,
Broadcom Inc,AVGO,FedEx Corp,FDX,Logistics Partner,19.69,Express Delivery,2023-06-25,2939488.19,"9967 Jackie Squares Suite 339, Hunterton, NV 15336",jason.smith@fedexcorp.com
Microsoft Corp,MSFT,FedEx Corp,FDX,Logistics Partner,5.47,Freight,2025-06-30,6109164.6,"11474 Thompson Ports Apt. 555, East Timothy, ID 91494",jason.johnson@fedexcorp.com
Tesla Inc,TSLA,,,Logistics Partner,12.31,International Shipping,2022-12-06,1902399.16,,christina.robinson@dhlexpress.com
Oracle Corp,ORCL,DHL Express,DHL.DE,Logistics Partner,6.72,International Shipping,2025-02-09,2111215.83,"508 Tiffany Skyway Suite 889, South Dorothybury, NJ 45819",daniel.jenkins@dhlexpress.com
Procter & Gamble,PG,Accenture plc,ACN,Service Provider,12.1,IT Services,2022-06-24,8470479.36,,
Meta Platforms Inc,META,IBM Corp,IBM,Service Provider,2.61,IT Infrastructure,2023-08-09,5563889.76,"6780 Ramirez Unions Apt. 744, Mariahfort, MA 19710",matthew.nichols@ibmcorp.com
Adobe Inc,ADBE,ServiceNow Inc,NOW,Service Provider,4.58,IT Service Management,2024-08-30,4808840.6,"240 Dean Neck Suite 957, West Yolanda, AZ 30709",brendan.costa@servicenowin.com
Chevron Corp,CVX,Weyland-Yutani,WLND,Logistics Partner,12.25,Shipping,2025-05-06,3591115.09,,benjamin.williams@upsinc.com
Amazon.com Inc,AMZN,Deloitte,DLT,Service Provider,7.5,Consulting,2023-09-01,1687106.15,"482 Walker Villages, Port Daniel, FM 62328",julia.romero@deloitte.com
Starbucks Corp,SBUX,Iron Mountain,IRM,Service Provider,N/A,Records Management,2024-04-20,547523.35,"9938 Bradshaw Hills Suite 892, West Caleb, NJ 37034",isaac.lopez@ironmountain.com
Salesforce Inc,CRM,CrowdStrike,CRWD,Service Provider,2.32,Endpoint Security,2024-01-30,8119510.96,,
Eli Lilly,LLY,Iron Mountain,IRM,Service Provider,2.93,Records Management,2024-09-08,7897863.45,"72728 Hanson Shores, West Tommy, CA 39131",ashley.sparks@ironmountain.com
PepsiCo Inc,PEP,UPS Inc,UPS,Logistics Partner,9.05,Supply Chain,2023-07-11,8168127.39,"99986 Ian Landing Apt. 527, North Rachelland, UT 07939",brandon.kelly@upsinc.com
Caterpillar Inc,CAT,Eaton Corp,ETN,Direct Supplier,20.94,Electrical Components,2023-07-15,2913504.29,"02845 Jenkins Estates Apt. 328, Port Jacob, MH 73725",helen.cox@eatoncorp.com
AMD Inc,AMD,ASML Holding,ASML,Direct Supplier,15.19,EUV Lithography Equipment,2022-10-14,6689296.47,,
Costco Wholesale,COST,FedEx Corp,FDX,Logistics Partner,7.51,Express Delivery,2023-05-02,4795024.48,"PSC 3814, Box 3316, APO AE 57042",jeffrey.banks@fedexcorp.com
Adobe Inc,ADBE,Deloitte,DLT,Service Provider,14.66,Audit,2025-06-14,3554876.46,"9141 Pena Valleys Apt. 842, Suarezfurt, NM 60364",melanie.norris@deloitte.com
Lockheed Martin,LMT,BAE Systems,BA.L,Direct Supplier,10.71,Electronic Systems,2025-10-03,7431918.35,"4763 Ryan Course Suite 559, East Paulbury, MI 98526",erik.campbell@baesystems.com
Salesforce Inc,CRM,Microsoft Azure,MSFT,Service Provider,,Cloud Platform,2023-10-24,8620818.27,"3228 Cabrera Valleys, Livingstontown, ME 93455",michael.silva@microsoftazu.com
Intel Corp,INTC,Tokyo Electron,8035.T,Direct Supplier,4.43,Coater/Developer,2025-05-11,6967398.1,"704 Quinn Loop Suite 682, Lake Nathanberg, MN 53469",sandra.dixon@tokyoelectro.com
Walt Disney Co,DIS,Workday Inc,WDAY,Service Provider,5.84,Finance,2022-06-17,7698035.39,"429 Lori Meadow Apt. 755, New Andreatown, CO 65304",anthony.trevino@workdayinc.com
Lockheed Martin,LMT,General Dynamics,GD,Tier 2 Supplier,16.86,IT Services,2023-06-24,5807382.78,"63140 Donna Village, Traceyfurt, GU 30434",james.clark@generaldynam.com
Oracle Corp,ORCL,Equinix Inc,EQIX,Service Provider,13.03,Data Center Colocation,2023-10-27,199923.67,"USNV Ray, FPO AP 97771",tiffany.jefferson@equinixinc.com
Salesforce Inc,CRM,Workday Inc,WDAY,Service Provider,14.08,HR Software,2023-07-19,8402706.29,"82438 Caleb Meadows Apt. 922, East Sophia, PR 29741",amy.ruiz@workdayinc.com
Nike Inc,NKE,IBM Corp,IBM,Service Provider,6.84,Cloud,2025-08-16,8668088.65,,jason.barr@ibmcorp.com
Merck & Co,MRK,Workday Inc,WDAY,Service Provider,4.55,Finance,2022-04-02,2669794.87,"52774 Tina Knolls Apt. 586, East Dianastad, SD 94769",pedro.carpenter@workdayinc.com
Texas Instruments,TXN,SAP SE,SAP,Service Provider,9.88,ERP,2023-10-24,3754213.34,"756 Valerie Square, Port Brendan, WI 29412",timothy.lawrence@sapse.com
Texas Instruments,TXN,Workday Inc,WDAY,Service Provider,11.66,Finance,2024-10-03,3528328.66,,
Intel Corp,INTC,ServiceNow Inc,NOW,Service Provider,4.01,IT Service Management,2025-02-05,6305390.78,"5095 Dorsey Drives, New Josephberg, MS 52696",andrew.oliver@servicenowin.com
General Motors,GM,UPS Inc,UPS,Logistics Partner,6.12,Supply Chain,2023-04-17,7658623.39,,lisa.dillon@upsinc.com
Coca-Cola Co,KO,Accenture plc,ACN,Service Provider,13.49,IT Services,2023-08-18,720555.76,,
General Motors,GM,Iron Mountain,IRM,Service Provider,1.51,Data Storage,2022-07-19,9808013.76,"254 Kenneth Isle Apt. 266, Deannafort, IA 70302",jessica.rogers@ironmountain.com
Coca-Cola Co,KO,IBM Corp,IBM,Service Provider,6.85,Cloud,2022-07-09,5379573.59,"Unit 0375 Box 4821, DPO AA 49316",david.harris@ibmcorp.com
Apple Inc,AAPL,DHL Express,DHL.DE,Logistics Partner,14.84,International Shipping,2023-11-11,936601.97,"628 Christina Club, Aaronborough, NM 38534",stephanie.ray@dhlexpress.com
Johnson & Johnson,JNJ,Accenture plc,ACN,Service Provider,16.65,Consulting,2024-10-11,8780245.76,,
Qualcomm Inc,QCOM,ASE Technology,ASX,Contract Manufacturer,9.46,Semiconductor Packaging,2023-07-01,7726381.49,,michelle.thompson@asetechnolog.com
Cisco Systems,CSCO,Iron Mountain,IRM,Service Provider,19.08,Records Management,2024-01-02,1325740.71,"3703 Elizabeth Harbor, South Jeffreybury, IA 30101",lisa.clay@ironmountain.com
Amazon.com Inc,AMZN,FedEx Corp,FDX,Logistics Partner,18.04,Freight,2022-02-11,3411767.51,"771 Victor Bypass, Joshuafurt, ME 11575",nathan.velasquez@fedexcorp.com
General Electric,GE,Iron Mountain,IRM,Service Provider,19.35,Records Management,2023-01-15,3915933.79,,
Walt Disney Co,DIS,FedEx Corp,FDX,Logistics Partner,8.47,Freight,2025-05-02,7780361.43,"9230 Savannah Ferry Suite 223, Davisfurt, ME 30384",david.petty@fedexcorp.com
Coca-Cola Co,KO,UPS Inc,UPS,Logistics Partner,7.6,Shipping,2022-06-07,6532791.29,"Unit 0884 Box 4740, DPO AP 98700",david.ford@upsinc.com
Apple Inc,AAPL,ServiceNow Inc,NOW,Service Provider,14.73,IT Service Management,2025-11-10,3850710.73,"USNS Fernandez, FPO AA 74669",tamara.nielsen@servicenowin.com
Salesforce Inc,CRM,Akamai Technologies,AKAM,Service Provider,10.38,Edge Computing,2025-02-13,2595682.68,,
Intel Corp,INTC,IBM Corp,IBM,Service Provider,,IT Infrastructure,2022-05-01,7511661.57,"789 Paige Summit, Danaton, GA 78416",kimberly.bennett@ibmcorp.com
Ford Motor Co,F,DHL Express,DHL.DE,Logistics Partner,10.67,International Shipping,2025-10-26,7006871.99,"3900 Jordan Forest Apt. 488, Simpsonburgh, MP 41943",deborah.wiggins@dhlexpress.com
Home Depot,HD,UPS Inc,UPS,Logistics Partner,12.64,Supply Chain,2022-09-17,9710442.94,,
Walt Disney Co,DIS,IBM Corp,IBM,Service Provider,11.79,Cloud,2024-07-24,7561882.0,"0829 Donald Radial, Port Louis, WV 92250",michael.williams@ibmcorp.com
Lockheed Martin,LMT,UPS Inc,UPS,Logistics Partner,17.32,Shipping,2024-10-10,7580440.44,"40651 Emily Route, Melissafort, AS 10677",charles.williamson@upsinc.com
Lockheed Martin,LMT,SAP SE,SAP,Service Provider,1.97,Business Software,2024-11-24,5876930.58,"0533 Lisa Inlet, Chapmanfurt, VA 07078",kristen.cruz@sapse.com
Salesforce Inc,CRM,CrowdStrike,CRWD,Service Provider,13.57,Endpoint Security,2025-05-29,9026095.46,,
Eli Lilly,LLY,Avantor Inc,AVTR,Direct Supplier,9.59,Biopharma Materials,TBD,4559276.27,"2188 Stanley Unions, Lake Jennifershire, OR 13721",ruben.fowler@avantorinc.com
Oracle Corp,ORCL,Microsoft Azure,MSFT,Service Provider,5.56,AI Services,2024-08-23,298995.26,"135 Julie Inlet Suite 554, Stevenville, NJ 07536",kathryn.white@microsoftazu.com
Walt Disney Co,DIS,UPS Inc,UPS,Logistics Partner,8.28,Supply Chain,2023-11-15,8594545.32,,
Ford Motor Co,F,BorgWarner Inc,BWA,Direct Supplier,17.91,Drivetrain,2024-03-05,2487779.77,,
Eli Lilly,LLY,ServiceNow Inc,NOW,Service Provider,5.29,IT Service Management,2025-08-11,4563858.19,"7100 Hansen Highway, New William, OR 75201",jason.ayala@servicenowin.com
Caterpillar Inc,CAT,Workday Inc,WDAY,Service Provider,14.7,HR Software,2025-09-04,4998859.64,"032 Wiggins Forges, West Theodore, NM 25025",sarah.bauer@workdayinc.com
Broadcom Inc,AVGO,ASML Holding,ASML,Direct Supplier,21.46,DUV Systems,2025-11-06,583410.29,"5110 Wallace Trace Suite 121, South Shane, OH 67667",norman.bowers@asmlholding.com
Adobe Inc,ADBE,Deloitte,DLT,Service Provider,5.3,Audit,2023-07-20,1447381.35,"4123 Hebert Radial Suite 258, Carlsonfurt, IA 41610",cindy.brooks@deloitte.com
PepsiCo Inc,PEP,Accenture plc,ACN,Service Provider,17.33,Consulting,,3173352.5,"00792 Brian Meadow Suite 001, New John, FL 60568",terri.reed@accentureplc.com
Procter & Gamble,PG,Workday Inc,WDAY,Service Provider,5.84,Finance,2023-12-22,6871560.12,,gregory.richardson@workdayinc.com
Apple Inc,AAPL,Iron Mountain,IRM,Service Provider,432.4,Data Storage,2023-04-08,7841755.94,,
Qualcomm Inc,QCOM,ASML Holding,ASML,Direct Supplier,3.94,EUV Lithography Equipment,2023-03-29,8324156.87,"536 Wendy Highway Apt. 445, Port Cassidyhaven, AS 52208",daniel.murray@asmlholding.com
Chevron Corp,CVX,ChampionX Corp,CHX,Direct Supplier,3.61,Artificial Lift,2023-10-05,4216863.97,"4929 Morgan Creek Suite 028, West Angelbury, NV 47345",tara.payne@championxcor.com
Starbucks Corp,SBUX,Iron Mountain,IRM,Service Provider,11.86,Data Storage,2022-10-12,5922801.43,,
NVIDIA Corp,NVDA,Deloitte,DLT,Service Provider,16.12,Audit,2023-06-16,3388951.19,,
Eli Lilly,LLY,IQVIA Holdings,IQV,Service Provider,1.73,Data Analytics,2023-10-23,9350641.47,"6637 Jason Street, Brianview, WV 15704",matthew.miller@iqviaholding.com
Coca-Cola Co,KO,Deloitte,DLT,Service Provider,6.92,Audit,2023-01-20,2032713.0,"877 Alvarez Mill Suite 138, Marshallland, DC 28430",laura.jones@deloitte.com
Walt Disney Co,DIS,Workday Inc,WDAY,Service Provider,19.0,HR Software,2025-10-31,9306039.87,"21061 James Port Suite 394, Stevenbury, OK 33574",sean.faulkner@workdayinc.com
Oracle Corp,ORCL,CrowdStrike,CRWD,Service Provider,8.57,Endpoint Security,2024-12-30,1127412.05,"0543 Shawn Brooks, Goodwinbury, MS 62055",heather.allison@crowdstrike.com
Chevron Corp,CVX,Deloitte,DLT,Service Provider,6.46,Audit,2023-06-29,209973.83,,
Intel Corp,INTC,Tokyo Electron,8035.T,Direct Supplier,10.49,Coater/Developer,TBD,9911526.12,,
PepsiCo Inc,PEP,Workday Inc,WDAY,Service Provider,2.63,HR Software,2023-09-08,483940.33,,randy.henry@workdayinc.com
Ford Motor Co,F,SAP SE,SAP,Service Provider,1.2,Business Software,2025-05-08,3037144.0,"4788 Katrina Roads Suite 070, Melissamouth, AK 81990",edwin.stanton@sapse.com
Texas Instruments,TXN,SK Hynix,000660.KS,Direct Supplier,7.32,NAND Flash,2022-12-29,3168470.01,"173 Ray Fort Suite 579, Lake Lanceberg, AS 83065",patrick.kaiser@skhynix.com
Adobe Inc,ADBE,FedEx Corp,FDX,Logistics Partner,18.64,Freight,2025-08-23,2477487.83,"8718 Melissa Flat Apt. 477, West Theresatown, SD 97761",hector.rice@fedexcorp.com
Intel Corp,INTC,Amkor Technology,AMKR,Contract Manufacturer,32.02,Test Services,2025-04-27,5665700.23,"95004 Harper Ville, Mitchelltown, PR 14590",christopher.long@amkortechnol.com
Meta Platforms Inc,META,ServiceNow Inc,NOW,Service Provider,,IT Service Management,2023-03-06,2532931.59,"88221 Kevin Street Suite 775, Elizabethview, MN 60630",thomas.williams@servicenowin.com
Oracle Corp,ORCL,Akamai Technologies,AKAM,Service Provider,unknown,Edge Computing,2025-05-12,6604120.61,,
Chevron Corp,CVX,Deloitte,DLT,Service Provider,14.66,Consulting,2024-10-27,8305947.95,"5833 Thompson Skyway Suite 064, South Keithberg, ID 91212",jonathan.allison@deloitte.com
Chevron Corp,CVX,FedEx Corp,FDX,Logistics Partner,13.91,Express Delivery,2025-09-15,3831723.5,"0150 Douglas Mill, Lake Brenda, WV 47675",lindsay.bennett@fedexcorp.com
Starbucks Corp,SBUX,IBM Corp,IBM,Service Provider,pending,Cloud,2023-07-23,4736872.44,,
Broadcom Inc,AVGO,Applied Materials,AMAT,Direct Supplier,18.47,Deposition Equipment,2024-11-07,218028.9,"232 Thomas Inlet, Devonland, MH 51873",lori.fuentes@appliedmater.com
Oracle Corp,ORCL,Initech Solutions,INIT,Service Provider,14.01,Endpoint Security,2024-07-29,6810228.9,,
Home Depot,HD,DHL Express,DHL.DE,Logistics Partner,3.26,International Shipping,2025-03-13,4545105.94,,stephanie.acevedo@dhlexpress.com
Goldman Sachs,GS,Accenture plc,ACN,Service Provider,17.91,Consulting,2024-04-17,654992.45,"5173 Lauren Dam, North Scott, NH 67437",jacob.moore@accentureplc.com
Apple Inc,AAPL,Accenture plc,ACN,Service Provider,11.16,Consulting,2025-08-06,7216842.53,"Unit 7752 Box 4014, DPO AP 73345",kenneth.santana@accentureplc.com
Merck & Co,MRK,IQVIA Holdings,IQV,Service Provider,7.5,Data Analytics,2023-10-03,1938849.31,"962 Nichole Common, North Harryland, VT 85927",samuel.frost@iqviaholding.com
Meta Platforms Inc,META,FedEx Corp,FDX,Logistics Partner,6.6,Express Delivery,2022-10-28,8869222.17,,
Alphabet Inc,GOOGL,IBM Corp,IBM,Service Provider,,Cloud,2025-11-19,7407613.19,"03606 Burns Orchard, New Monicaburgh, KY 78763",linda.nelson@ibmcorp.com
Goldman Sachs,GS,Workday Inc,WDAY,Service Provider,17.28,Finance,2025-10-25,1333393.17,"0926 Adrian Shores, Port Susanville, TN 98784",marco.munoz@workdayinc.com
Amazon.com Inc,AMZN,,,Service Provider,11.68,ERP,2024-10-11,1407207.36,"96399 Gilbert Ranch Suite 038, Lukeport, MT 47987",katherine.allen@sapse.com
Intel Corp,INTC,ASML Holding,ASML,Direct Supplier,1.04,EUV Lithography Equipment,2023-12-29,8307344.66,"2410 Becky Mount, Lake Carrie, IA 23684",jennifer.allen@asmlholding.com
AMD Inc,AMD,Samsung Electronics,005930.KS,Contract Manufacturer,6.91,Memory Chips,2022-05-26,8094710.44,"530 King Mount Apt. 340, Heatherville, KY 02369",micheal.arnold@samsungelect.com
FactSet Research,FDS,Deloitte,DLT,Service Provider,5.15,Audit,2023-01-20,4230752.28,"08445 Cory Stream Apt. 764, New Sierra, MP 91372",perry.graham@deloitte.com
Intel Corp,INTC,,,Direct Supplier,3.64,EUV Lithography Equipment,2025-05-24,5649569.01,"05342 Stephanie Station Apt. 629, North Sarah, AS 85611",stephanie.cook@asmlholding.com
Texas Instruments,TXN,ServiceNow Inc,NOW,Service Provider,10.47,IT Service Management,2023-05-25,5180850.33,"272 Gonzales Mountain Apt. 157, Leeside, CO 45246",brandon.joseph@servicenowin.com
Chevron Corp,CVX,DHL Express,DHL.DE,Logistics Partner,12.0,International Shipping,2025-12-30,5237096.8,,
Ford Motor Co,F,,,Service Provider,10.26,IT Service Management,2025-09-25,644616.15,"4919 Perry Springs, Perkinstown, PR 90494",erin.scott@servicenowin.com
Procter & Gamble,PG,Iron Mountain,IRM,Service Provider,6.17,Records Management,2025-06-29,4945360.34,"2480 Phillip Expressway, South Ericberg, IA 80319",eric.frederick@ironmountain.com
Alphabet Inc,GOOGL,DHL Express,DHL.DE,Logistics Partner,,International Shipping,2022-08-28,8039275.31,"05875 Leslie Stravenue, Piercechester, SD 42953",shawn.martin@dhlexpress.com
Goldman Sachs,GS,Bloomberg LP,BBG,Service Provider,3.06,Market Data,2024-09-22,1960452.07,"20461 White Ville Suite 601, South Kelsey, NV 32897",whitney.ford@bloomberglp.com
Starbucks Corp,SBUX,IBM Corp,IBM,Service Provider,9.32,IT Infrastructure,2025-06-14,9826218.84,"3933 Rebecca Stravenue Suite 969, Lake Kathleen, MH 53230",angela.green@ibmcorp.com
Procter & Gamble,PG,UPS Inc,UPS,Logistics Partner,15.17,Supply Chain,2023-02-03,3996909.56,"1698 Timothy Cove, Davisstad, NC 51522",barry.hayden@upsinc.com
Salesforce Inc,CRM,ServiceNow Inc,NOW,Service Provider,14.94,IT Service Management,2023-12-31,6494006.26,,
Chevron Corp,CVX,Iron Mountain,IRM,Service Provider,6.66,Data Storage,2023-11-25,4774469.64,,
JPMorgan Chase,JPM,,,Service Provider,18.57,Financial Analytics,2024-12-10,7490337.86,"26032 Kevin Plaza Apt. 770, East Timothyside, CT 64820",rachel.wright@factsetresea.com
Merck & Co,MRK,FedEx Corp,FDX,Logistics Partner,6.6,Freight,2024-05-27,1915846.85,,
Lockheed Martin,LMT,FedEx Corp,FDX,Logistics Partner,6.76,Freight,2025-07-28,9335837.8,"826 Todd Vista Suite 682, New Marie, LA 98760",jonathan.peterson@fedexcorp.com
Netflix Inc,NFLX,Iron Mountain,IRM,Service Provider,12.61,Records Management,2022-08-27,1845581.65,"89401 Stephen Village, North Karen, VT 64010",alyssa.smith@ironmountain.com
Ford Motor Co,F,DHL Express,DHL.DE,Logistics Partner,11.34,International Shipping,2024-11-24,1019411.86,"5118 Luke Terrace Suite 516, New Daniel, GA 61947",krista.cooper@dhlexpress.com
Cisco Systems,CSCO,IBM Corp,IBM,Service Provider,2.25,Cloud,2022-03-27,7208200.71,,
Broadcom Inc,AVGO,Workday Inc,WDAY,Service Provider,18.09,Finance,2024-11-08,2797304.17,"66250 Janice Extensions Apt. 043, Wallaceville, KS 80799",jennifer.mueller@workdayinc.com
Boeing Co,BA,General Electric,GE,Direct Supplier,6.19,Jet Engines,2022-03-21,7276584.39,,
Walt Disney Co,DIS,ServiceNow Inc,NOW,Service Provider,7.26,IT Service Management,2025-11-18,8881165.35,"46875 Philip Isle, New Lindseybury, UT 56051",michael.blake@servicenowin.com
Costco Wholesale,COST,IBM Corp,IBM,Service Provider,14.09,IT Infrastructure,2024-07-15,2441686.23,"205 Elizabeth Ville Suite 784, Thompsonland, MO 27926",william.boyd@ibmcorp.com
Merck & Co,MRK,Danaher Corp,DHR,Direct Supplier,30.65,Diagnostics,00-00-0000,2520289.29,"251 Joshua Throughway, Jacksonstad, OH 22128",marc.oconnell@danahercorp.com
Merck & Co,MRK,,,Service Provider,15.36,Data Storage,2023-09-03,1961635.13,,
Nike Inc,NKE,FedEx Corp,FDX,Logistics Partner,17.28,Express Delivery,2025-07-28,57180.2,"7210 Timothy Heights, Thomasbury, OK 14554",mary.wilson@fedexcorp.com
Merck & Co,MRK,Thermo Fisher,TMO,Direct Supplier,27.34,Reagents,2024-11-20,5638429.6,"8700 Brown Turnpike Apt. 613, Bentleyside, FL 97632",wendy.allen@thermofisher.com
Procter & Gamble,PG,Deloitte,DLT,Service Provider,18.65,Consulting,2022-06-16,8577351.98,,
Amazon.com Inc,AMZN,ServiceNow Inc,NOW,Service Provider,6.42,IT Service Management,2023-07-28,9089395.65,"17204 Hoffman Shoals Suite 186, North Jeremy, GU 88487",robert.webb@servicenowin.com
Boeing Co,BA,Iron Mountain,IRM,Service Provider,9.23,Records Management,2025-01-10,3167862.01,"190 Carter Vista, North Samuel, AZ 07100",jerry.nicholson@ironmountain.com
Caterpillar Inc,CAT,ServiceNow Inc,NOW,Service Provider,4.62,IT Service Management,2024-06-15,5399973.07,,
Coca-Cola Co,KO,FedEx Corp,FDX,Logistics Partner,2.73,Freight,2025-01-19,3905894.81,"1975 Myers Square Apt. 766, North Justin, DE 74453",judith.payne@fedexcorp.com
Home Depot,HD,Deloitte,DLT,Service Provider,15.8,Audit,2025-11-26,5486750.69,"PSC 2119, Box 2061, APO AE 98849",alex.atkinson@deloitte.com
General Electric,GE,Accenture plc,ACN,Service Provider,13.0,Consulting,2025-12-27,3462481.79,"Unit 7721 Box 1271, DPO AP 53541",nichole.brown@accentureplc.com
Costco Wholesale,COST,Workday Inc,WDAY,Service Provider,17.99,Finance,2025-04-06,6162289.16,,
JPMorgan Chase,JPM,SS&C Technologies,SSNC,Service Provider,2.5,Risk Analytics,2023-02-21,9744418.17,"Unit 5184 Box 2694, DPO AA 08006",deborah.chen@ss&ctechnolo.com
Amazon.com Inc,AMZN,Workday Inc,WDAY,Service Provider,8.76,Finance,2022-04-21,898267.81,,craig.graham@workdayinc.com
Broadcom Inc,AVGO,Iron Mountain,IRM,Service Provider,9.61,Data Storage,2023-08-20,3930327.47,"8327 Craig Valley, West Jennifer, MI 14526",kristy.henderson@ironmountain.com
Broadcom Inc,AVGO,ServiceNow Inc,NOW,Service Provider,16.47,IT Service Management,2024-07-07,1632651.54,"0355 Dyer Road, West Davidmouth, MH 50149",gary.williams@servicenowin.com
NVIDIA Corp,NVDA,Amkor Technology,AMKR,Contract Manufacturer,2.63,Test Services,2023-05-27,7724825.08,"92361 Ashley Crossroad, South Steven, MN 78911",ryan.ruiz@amkortechnol.com
NVIDIA Corp,NVDA,ASE Technology,ASX,Contract Manufacturer,17.2,Testing,2025-11-16,6950252.75,"883 Kristen Ports, West Chaseland, CO 97694",christopher.martinez@asetechnolog.com
Lockheed Martin,LMT,ServiceNow Inc,NOW,Service Provider,8.09,IT Service Management,2025-01-10,9755883.5,"6771 Ellen Meadow, Diaztown, NV 56451",james.smith@servicenowin.com
Intel Corp,INTC,IBM Corp,IBM,Service Provider,4.03,Cloud,2025-01-09,568251.8,"Unit 9930 Box 9728, DPO AP 95027",joseph.rios@ibmcorp.com
Ford Motor Co,F,ServiceNow Inc,NOW,Service Provider,16.47,IT Service Management,2022-05-16,4348463.73,,
Adobe Inc,ADBE,,,Service Provider,2.55,IT Service Management,2024-11-15,1182484.21,"84322 Michael Stravenue, Lake Jerrymouth, VA 15356",adam.macias@servicenowin.com
Alphabet Inc,GOOGL,ServiceNow Inc,NOW,Service Provider,17.34,IT Service Management,2023-12-28,148834.29,,rodney.huber@servicenowin.com
NVIDIA Corp,NVDA,Applied Materials,AMAT,Direct Supplier,17.33,Etch Systems,2023-05-29,9222305.76,"59106 Smith Manor Apt. 365, West Randyberg, MT 86093",amy.davis@appliedmater.com
Intel Corp,INTC,,,Service Provider,12.22,IT Services,2022-08-06,8377923.23,"PSC 6294, Box 1937, APO AA 82045",nathan.moore@accentureplc.com
Broadcom Inc,AVGO,ServiceNow Inc,NOW,Service Provider,17.39,IT Service Management,2025-06-02,577060.67,"72831 Sandra Crossing Suite 088, New Timothyfurt, WA 41198",victor.gutierrez@servicenowin.com
Netflix Inc,NFLX,IBM Corp,IBM,Service Provider,9.88,Cloud,2023-05-03,1362133.49,"0526 Jacob Mountain, Lake Richardhaven, NJ 44294",joseph.potts@ibmcorp.com
Chevron Corp,CVX,Accenture plc,ACN,Service Provider,4.5,IT Services,2022-01-14,3660030.6,"4376 Douglas Ford, Amandaville, LA 06476",austin.webster@accentureplc.com
Alphabet Inc,GOOGL,FedEx Corp,FDX,Logistics Partner,10.51,Express Delivery,2025-10-26,3847608.74,"0330 Brady Via Suite 624, North Charleschester, AK 02433",walter.moody@fedexcorp.com
Lockheed Martin,LMT,FedEx Corp,FDX,Logistics Partner,3.56,Freight,2022-12-19,228995.15,,henry.hood@fedexcorp.com
Adobe Inc,ADBE,,,Service Provider,11.99,Endpoint Security,2023-08-07,2302828.78,"816 Robertson Cape Suite 511, Mitchellport, VT 62730",william.flores@crowdstrike.com
Johnson & Johnson,JNJ,Iron Mountain,IRM,Service Provider,4.61,Records Management,2024-01-24,2621712.29,,ronald.montes@ironmountain.com
Caterpillar Inc,CAT,,,Service Provider,12.15,Business Software,2025-03-08,7864310.22,"04532 Christopher Lights, Owensside, WI 10392",shannon.bright@sapse.com
Apple Inc,AAPL,FedEx Corp,FDX,Logistics Partner,7.44,Freight,2025-11-11,2040308.33,,
Merck & Co,MRK,Avantor Inc,AVTR,Direct Supplier,15.49,Biopharma Materials,2023-07-23,4158085.79,,christopher.reynolds@avantorinc.com
Amazon.com Inc,AMZN,Iron Mountain,IRM,Service Provider,17.46,Data Storage,2025-09-15,2966191.57,"71107 Christina Landing Apt. 230, Danielletown, MP 56291",kim.armstrong@ironmountain.com
General Motors,GM,Robert Bosch,BOSCH.DE,Direct Supplier,,ABS Systems,2023-09-16,2796977.87,,
Merck & Co,MRK,FedEx Corp,FDX,Logistics Partner,6.85,Freight,2024-06-01,1382652.69,"79706 Javier Ridge, Thompsonstad, DC 60497",joel.gutierrez@fedexcorp.com
Cisco Systems,CSCO,DHL Express,DHL.DE,Logistics Partner,7.46,International Shipping,2022-12-03,2644247.62,"PSC 5770, Box 5186, APO AA 07350",samuel.silva@dhlexpress.com
Merck & Co,MRK,SAP SE,SAP,Service Provider,2.48,ERP,2024-08-04,9833868.47,"981 Deborah Lake, New Codyfurt, PR 28192",tammy.baker@sapse.com
Goldman Sachs,GS,Iron Mountain,IRM,Service Provider,14.34,Records Management,2022-04-04,8973927.33,"37100 Camacho Mountains Suite 164, Lake Kimberlyside, VT 03610",teresa.porter@ironmountain.com
Coca-Cola Co,KO,DHL Express,DHL.DE,Logistics Partner,1.46,International Shipping,2025-07-12,8267761.04,,
AMD Inc,AMD,,,Service Provider,8.71,HR Software,2022-08-08,3292403.8,"497 Logan Pines, Fowlerland, ID 61219",kristen.williams@workdayinc.com
Oracle Corp,ORCL,Datadog Inc,DDOG,Service Provider,2.72,Observability,2022-01-13,5362239.94,,emily.forbes@datadoginc.com
Tesla Inc,TSLA,IBM Corp,IBM,Service Provider,2.33,Cloud,2025-09-05,6891843.01,"808 Jennifer Highway Suite 095, New Robert, TN 88085",laura.bryant@ibmcorp.com
FactSet Research,FDS,DHL Express,DHL.DE,Logistics Partner,19.8,International Shipping,2023-05-30,8915407.72,"58587 Nicholas Springs, Lake Leah, MI 05018",jeanne.aguirre@dhlexpress.com
NVIDIA Corp,NVDA,SK Hynix,000660.KS,Direct Supplier,5.04,NAND Flash,2024-02-17,3165380.85,"906 Jacob Shore, West Joycebury, WI 40682",anthony.george@skhynix.com
FactSet Research,FDS,UPS Inc,UPS,Logistics Partner,15.85,Supply Chain,2025-01-11,8320391.33,"4383 Heather Locks, Port David, AR 56288",natalie.cox@upsinc.com
Home Depot,HD,IBM Corp,IBM,Service Provider,19.85,IT Infrastructure,2022-10-26,7456160.24,"5748 Lewis Drive Apt. 070, Phillipmouth, MD 63264",cameron.shepard@ibmcorp.com
NVIDIA Corp,NVDA,Applied Materials,AMAT,Direct Supplier,8.09,Etch Systems,2024-09-20,4149345.32,"748 Jennings Vista Suite 641, Port Charlene, NY 40119",anna.tran@appliedmater.com
JPMorgan Chase,JPM,Bloomberg LP,BBG,Service Provider,3.03,Market Data,2023-01-14,310672.3,"735 Young Wall, South Brandon, IN 85060",sylvia.wilson@bloomberglp.com
Adobe Inc,ADBE,FedEx Corp,FDX,Logistics Partner,4.66,Freight,2025-08-12,3963511.54,"26532 Young Square, Lisaport, RI 59547",mason.cannon@fedexcorp.com
Apple Inc,AAPL,Stark Industries,STRK,Service Provider,14.58,Finance,2022-09-07,161480.62,"14602 Katie Land, West Cynthia, OR 52564",mary.pierce@workdayinc.com
General Motors,GM,Denso Corp,6902.T,Tier 2 Supplier,17.16,Engine Components,2024-11-27,2895764.79,"9710 Wood Gateway, West Haley, PW 41465",matthew.brooks@densocorp.com
Procter & Gamble,PG,ServiceNow Inc,NOW,Service Provider,1.17,IT Service Management,2025-02-03,9099253.2,,shannon.ross@servicenowin.com
Alphabet Inc,GOOGL,Workday Inc,WDAY,Service Provider,1.23,Finance,2025-10-20,5271938.22,"0740 Miranda Mount Suite 095, Ronaldport, WI 03585",jonathan.robertson@workdayinc.com
Qualcomm Inc,QCOM,SAP SE,SAP,Service Provider,-86.08,ERP,2025-09-29,8529467.15,"76572 Elizabeth Wall Suite 883, Reynoldsfort, OR 73852",andrea.rivera@sapse.com
Alphabet Inc,GOOGL,Accenture plc,ACN,Service Provider,14.6,Consulting,2025-03-11,5982217.35,"2692 Joel Junction Apt. 002, Joannaborough, PA 44367",anthony.reed@accentureplc.com
Walt Disney Co,DIS,FedEx Corp,FDX,Logistics Partner,8.1,Express Delivery,2024-11-30,2948501.83,,
General Electric,GE,IBM Corp,IBM,Service Provider,3.73,IT Infrastructure,2023-09-14,4772400.64,"13800 Berry Walk, Lake Melissa, CA 84697",anthony.barnett@ibmcorp.com
Intel Corp,INTC,ASML Holding,ASML,Direct Supplier,15.96,EUV Lithography Equipment,2022-06-13,153830.57,,lisa.montoya@asmlholding.com
Apple Inc,AAPL,Texas Instruments,TXN,Direct Supplier,4.69,Analog Chips,2022-06-24,5237305.98,,
Coca-Cola Co,KO,Accenture plc,ACN,Service Provider,3.34,IT Services,TBD,1661440.93,"720 Callahan Summit Suite 066, Lake Sarahberg, VA 72134",thomas.rivera@accentureplc.com
Chevron Corp,CVX,NOV Inc,NOV,Direct Supplier,10.01,Tubulars,2022-11-10,2094674.41,"079 Henry Mountains, North Mikeberg, VT 96995",wendy.padilla@novinc.com
JPMorgan Chase,JPM,Globex Industries,GLBX,Service Provider,1.74,Records Management,2024-05-29,4505656.3,"10242 Brock Island Suite 394, Ricestad, NY 28514",heather.perry@ironmountain.com
Chevron Corp,CVX,TechnipFMC,FTI,Service Provider,1.78,Engineering,2025-07-12,7225769.21,"31059 Scott Land, East Anna, AZ 87736",teresa.franco@technipfmc.com
General Electric,GE,Accenture plc,ACN,Service Provider,TBD,Consulting,2025-10-17,6692265.9,,
Qualcomm Inc,QCOM,ASML Holding,ASML,Direct Supplier,18.31,DUV Systems,2024-09-15,8032534.6,"26817 Michael Street Apt. 602, Davidhaven, MS 90455",emma.castillo@asmlholding.com
Eli Lilly,LLY,IQVIA Holdings,IQV,Service Provider,10.87,Data Analytics,2025-07-18,5002524.09,"2258 Butler Islands Suite 787, Kennethburgh, DC 65081",david.kirk@iqviaholding.com
Lockheed Martin,LMT,Iron Mountain,IRM,Service Provider,9.39,Records Management,2022-05-09,9509405.82,,
Eli Lilly,LLY,Danaher Corp,DHR,Direct Supplier,10.95,Bioprocessing,2024-10-12,2273272.29,,
Chevron Corp,CVX,Accenture plc,ACN,Service Provider,3.06,IT Services,2025-03-12,9621284.55,"67635 Derek Flat Suite 185, North Misty, MS 83831",john.leonard@accentureplc.com
JPMorgan Chase,JPM,FedEx Corp,FDX,Logistics Partner,8.2,Express Delivery,2025-03-15,9424270.37,"USNV Moore, FPO AE 75966",emily.hawkins@fedexcorp.com
Walt Disney Co,DIS,ServiceNow Inc,NOW,Service Provider,9.14,IT Service Management,2022-02-04,5717275.66,"035 Harris Views, South Jill, CT 20293",christina.lee@servicenowin.com
Adobe Inc,ADBE,Equinix Inc,EQIX,Service Provider,12.77,Data Center Colocation,2023-02-01,3211970.08,"09776 Robert Vista Suite 964, Lindaview, NE 49027",scott.cain@equinixinc.com
Salesforce Inc,CRM,Palo Alto Networks,PANW,Service Provider,,Network Security,2022-08-23,8535287.74,"347 Tonya Club, East Jill, DE 49941",rhonda.bush@paloaltonetw.com
Apple Inc,AAPL,ServiceNow Inc,NOW,Service Provider,1.71,IT Service Management,2025-09-09,8640516.79,"2020 Brooke Tunnel Apt. 662, New Michaelchester, ND 76967",jason.wells@servicenowin.com
Costco Wholesale,COST,UPS Inc,UPS,Logistics Partner,9.71,Supply Chain,2022-06-23,5828667.74,"4721 Williams Walks Suite 669, South Michael, PR 82372",christopher.white@upsinc.com
Ford Motor Co,F,Denso Corp,6902.T,Tier 2 Supplier,11.92,HVAC Systems,2022-01-14,6255712.98,"1364 Woods Green Suite 145, South Michael, HI 47089",thomas.mcfarland@densocorp.com
JPMorgan Chase,JPM,IBM Corp,IBM,Service Provider,9.31,Cloud,2022-06-02,3347504.06,"8209 Martinez Inlet Apt. 818, Andrewsberg, IN 37304",jennifer.hawkins@ibmcorp.com
Costco Wholesale,COST,FedEx Corp,FDX,Logistics Partner,5.07,Express Delivery,2025-12-20,8959058.1,"180 Davis Pine Suite 370, South Bryantown, CT 01309",mitchell.lowe@fedexcorp.com
Procter & Gamble,PG,Workday Inc,WDAY,Service Provider,18.52,HR Software,2024-11-24,6600405.2,"PSC 4378, Box 0470, APO AA 05649",carla.murillo@workdayinc.com
Intel Corp,INTC,Amkor Technology,AMKR,Contract Manufacturer,32.43,IC Packaging,2025-06-28,5364530.11,"632 Peck Stravenue Suite 327, Jimenezport, NM 03538",john.davis@amkortechnol.com
Adobe Inc,ADBE,Accenture plc,ACN,Service Provider,13.95,IT Services,2025-04-16,8627131.63,"USNS Davis, FPO AA 47304",edward.mills@accentureplc.com
AMD Inc,AMD,FedEx Corp,FDX,Logistics Partner,10.12,Freight,2024-10-18,5085017.61,,
Microsoft Corp,MSFT,Amazon Web Services,AMZN,Service Provider,2.08,Cloud Infrastructure,2025-05-01,6583224.91,"4692 Colin Spring, West Christopher, VT 78124",steven.bryant@amazonwebser.com
Coca-Cola Co,KO,ServiceNow Inc,NOW,Service Provider,11.28,IT Service Management,2022-04-10,2206534.5,,
Chevron Corp,CVX,Halliburton Co,HAL,Service Provider,4.47,Production,2023-11-28,8662377.6,"6573 Brianna Neck Suite 410, Aaronhaven, MD 81019",matthew.gray@halliburtonc.com
Chevron Corp,CVX,Halliburton Co,HAL,Service Provider,11.53,Production,2025-07-25,1729596.09,"99915 Lauren Hollow Apt. 405, New Michaelland, VT 32238",paula.rodriguez@halliburtonc.com
Intel Corp,INTC,SK Hynix,000660.KS,Direct Supplier,15.07,NAND Flash,2023-01-21,7458946.64,"177 Mark Trace, South Richardland, CA 27527",antonio.galloway@skhynix.com
Texas Instruments,TXN,Oscorp Industries,OSCP,Direct Supplier,13.13,DUV Systems,2023-02-26,6001405.89,"776 Michelle Tunnel Apt. 191, Port Kevinhaven, MH 39434",dennis.rodriguez@asmlholding.com
Meta Platforms Inc,META,Iron Mountain,IRM,Service Provider,5.32,Data Storage,2025-01-03,5702083.69,"Unit 6512 Box 4210, DPO AA 98721",tammy.barrett@ironmountain.com
Alphabet Inc,GOOGL,Accenture plc,ACN,Service Provider,1.26,Consulting,2023-03-18,446277.28,"0903 Simpson Place, East Samuelhaven, MS 74228",krystal.jackson@accentureplc.com
Meta Platforms Inc,META,DHL Express,DHL.DE,Logistics Partner,18.22,International Shipping,2025-09-09,3010583.29,"9422 Elizabeth Gateway Apt. 419, Boonemouth, VA 11920",deanna.foley@dhlexpress.com
General Electric,GE,IBM Corp,IBM,Service Provider,18.88,Cloud,2025-02-10,6969492.08,"6667 Miles Vista, Dawnburgh, AL 32038",laura.cherry@ibmcorp.com
Walt Disney Co,DIS,ServiceNow Inc,NOW,Service Provider,1.2,IT Service Management,2024-05-05,7607488.21,"13813 Espinoza Springs Suite 184, New Jeremiah, MO 97475",juan.scott@servicenowin.com
Qualcomm Inc,QCOM,Tokyo Electron,8035.T,Direct Supplier,9.51,Etch Systems,2025-01-29,1353581.63,"5269 Diaz Springs, Port Thomas, WI 10068",daniel.porter@tokyoelectro.com
Tesla Inc,TSLA,Globex Industries,GLBX,Tier 2 Supplier,13.84,Thermal Management,2025-09-20,4952015.39,"USS Turner, FPO AA 96019",christine.vincent@densocorp.com
General Electric,GE,Accenture plc,ACN,Service Provider,19.64,Consulting,2023-11-03,1888522.67,"USNV Johnson, FPO AA 50900",william.grant@accentureplc.com
Adobe Inc,ADBE,Snowflake Inc,SNOW,Service Provider,487.9,Data Warehousing,2025-07-20,9719512.67,"2834 Jessica Brook, Port Bonniefurt, WI 77838",kim.tucker@snowflakeinc.com
Tesla Inc,TSLA,Denso Corp,6902.T,Tier 2 Supplier,5.54,Thermal Management,2023-12-24,5782239.33,,
Johnson & Johnson,JNJ,Deloitte,DLT,Service Provider,18.02,Consulting,2025-03-20,6685532.93,"8717 Morris Green Suite 199, West Brendan, MN 84363",brett.brooks@deloitte.com
Johnson & Johnson,JNJ,IQVIA Holdings,IQV,Service Provider,17.12,Data Analytics,2024-07-02,7511550.54,,
Qualcomm Inc,QCOM,SK Hynix,000660.KS,Direct Supplier,13.9,NAND Flash,2025-09-12,3692102.96,"USCGC Green, FPO AA 03461",renee.pierce@skhynix.com
Broadcom Inc,AVGO,Accenture plc,ACN,Service Provider,14.21,IT Services,2022-07-28,7427249.99,"038 Walton Vista, Port Christopherbury, RI 64947",tina.garcia@accentureplc.com
Oracle Corp,ORCL,Deloitte,DLT,Service Provider,1.49,Audit,2022-11-30,7357326.16,,
Oracle Corp,ORCL,Datadog Inc,DDOG,Service Provider,9.1,Monitoring,2024-08-14,3149056.55,"029 Andrew Cove, West Cynthia, CA 84878",michael.ford@datadoginc.com
Merck & Co,MRK,,,Contract Manufacturer,11.51,Drug Delivery,2023-05-02,1115316.34,,
Goldman Sachs,GS,ServiceNow Inc,NOW,Service Provider,7.4,IT Service Management,2025-04-14,1362521.28,"9916 Stephanie Square Suite 650, Port Jessica, WV 39167",alexander.robbins@servicenowin.com
Qualcomm Inc,QCOM,Entegris Inc,ENTG,Direct Supplier,3.36,Filtration,2022-03-10,8452620.35,,
Chevron Corp,CVX,IBM Corp,IBM,Service Provider,7.05,Cloud,2022-05-08,7072463.56,"65650 Cooper Inlet Suite 813, Figueroachester, AS 58500",william.brown@ibmcorp.com
Broadcom Inc,AVGO,Stark Industries,STRK,Contract Manufacturer,14.62,Advanced Packaging,2022-03-19,920832.93,"71184 Morgan Inlet, Grahamland, VI 66656",ronald.johnson@tsmc.com
Amazon.com Inc,AMZN,UPS Inc,UPS,Logistics Partner,5.48,Supply Chain,2024-04-09,5206859.88,"553 Schaefer Valley Apt. 698, Wayneberg, PA 35060",tammy.kim@upsinc.com
Qualcomm Inc,QCOM,UPS Inc,UPS,Logistics Partner,3.51,Supply Chain,2025-01-05,315190.33,,justin.gonzalez@upsinc.com
Goldman Sachs,GS,UPS Inc,UPS,Logistics Partner,9.47,Shipping,2025-08-27,6734871.39,"76926 West Pass, Hoodborough, AZ 74864",ronald.munoz@upsinc.com
Goldman Sachs,GS,FIS Global,FIS,Service Provider,6.42,Payments,2025-08-18,3379761.01,"9876 Ivan Brooks Apt. 341, East Randy, CT 08862",joseph.newman@fisglobal.com
NVIDIA Corp,NVDA,ASE Technology,ASX,Contract Manufacturer,17.96,Testing,2022-08-29,5418783.61,,
Caterpillar Inc,CAT,FedEx Corp,FDX,Logistics Partner,,Freight,2024-09-01,4800612.78,"26691 Calvin Flat, Jamesfurt, DE 31023",emily.sanders@fedexcorp.com
Boeing Co,BA,Spirit AeroSystems,SPR,Direct Supplier,12.48,Wing Components,2022-12-05,3423579.49,,
Lockheed Martin,LMT,UPS Inc,UPS,Logistics Partner,2.91,Shipping,2022-06-18,7972133.27,"0198 Janice Pass Apt. 435, West Nancy, SC 34861",tiffany.gibson@upsinc.com
Starbucks Corp,SBUX,SAP SE,SAP,Service Provider,6.27,Business Software,2025-06-28,4249049.37,"81463 Martinez Rest, West Robin, CT 90827",christopher.snow@sapse.com
General Motors,GM,BorgWarner Inc,BWA,Direct Supplier,1.92,Turbochargers,2023-10-05,1046280.46,,
AMD Inc,AMD,ASML Holding,ASML,Direct Supplier,7.23,DUV Systems,2025-05-12,605323.06,"9047 Michael Islands, East Robert, GU 86602",mariah.thomas@asmlholding.com
Microsoft Corp,MSFT,SAP SE,SAP,Service Provider,19.48,Business Software,2025-09-30,3929843.81,"47721 Kimberly Lodge Apt. 620, South Adrianview, OR 89240",jonathan.scott@sapse.com
Starbucks Corp,SBUX,IBM Corp,IBM,Service Provider,13.43,Cloud,2023-04-01,3585069.79,"350 West Forges Apt. 831, Davidside, AK 95164",ronald.green@ibmcorp.com
Nike Inc,NKE,IBM Corp,IBM,Service Provider,5.3,Cloud,2023-07-27,251545.24,,
Starbucks Corp,SBUX,Iron Mountain,IRM,Service Provider,19.97,Data Storage,2022-11-11,9332828.44,"63487 Cook Dam, Martinezshire, FM 32106",angela.roberts@ironmountain.com
Qualcomm Inc,QCOM,UPS Inc,UPS,Logistics Partner,14.0,Supply Chain,2024-01-29,276059.18,"702 Johnson Via Apt. 986, Gonzalezhaven, ME 50848",cathy.herring@upsinc.com
Meta Platforms Inc,META,Iron Mountain,IRM,Service Provider,15.94,Data Storage,2023-07-20,4240344.62,"Unit 8028 Box 2131, DPO AP 10806",jennifer.wells@ironmountain.com
Oracle Corp,ORCL,,,Service Provider,8.85,Data Center Colocation,2023-12-01,2103017.8,"223 Keith Canyon Suite 300, Allenland, OK 14268",marcus.mahoney@equinixinc.com
Meta Platforms Inc,META,FedEx Corp,FDX,Logistics Partner,14.68,Freight,2022-02-19,9706587.83,,jamie.smith@fedexcorp.com
Johnson & Johnson,JNJ,UPS Inc,UPS,Logistics Partner,19.28,Shipping,2025-09-26,4772276.87,"8408 Daniel Trail Suite 415, Thompsonville, VT 41343",bailey.castillo@upsinc.com
Adobe Inc,ADBE,IBM Corp,IBM,Service Provider,5.5,Cloud,2022-04-04,2244158.43,"PSC 8699, Box 0413, APO AA 79999",dylan.jackson@ibmcorp.com
Home Depot,HD,Accenture plc,ACN,Service Provider,1.8,Consulting,2025-08-02,169621.39,,
Eli Lilly,LLY,Workday Inc,WDAY,Service Provider,13.87,HR Software,2023-06-17,8209891.68,"8296 Michael Field, West Lisatown, ME 40735",danielle.lane@workdayinc.com
NVIDIA Corp,NVDA,,,Contract Manufacturer,14.47,IC Packaging,2022-10-07,3304748.11,"Unit 1199 Box 7675, DPO AP 96949",roger.lindsey@amkortechnol.com
JPMorgan Chase,JPM,,,Logistics Partner,10.58,Shipping,2022-08-29,2278814.34,,kenneth.jackson@upsinc.com
General Electric,GE,,,Service Provider,16.56,IT Infrastructure,2023-01-09,7081350.73,,
Meta Platforms Inc,META,Deloitte,DLT,Service Provider,12.82,Audit,2025-08-09,3074125.32,,
NVIDIA Corp,NVDA,Micron Technology,MU,Direct Supplier,1.62,NAND Storage,2022-05-01,1290712.09,"630 Bryant Knoll, Wattsfurt, MO 07811",gregory.richardson@microntechno.com
Walt Disney Co,DIS,IBM Corp,IBM,Service Provider,15.98,Cloud,2025-10-29,7634427.52,"861 Bowman Lake, Kimberlyberg, VI 30092",tamara.wright@ibmcorp.com
Walt Disney Co,DIS,FedEx Corp,FDX,Logistics Partner,16.64,Freight,2025-12-13,635047.76,,haley.howard@fedexcorp.com
Starbucks Corp,SBUX,Workday Inc,WDAY,Service Provider,12.5,Finance,2022-08-26,2320321.63,,
Meta Platforms Inc,META,Workday Inc,WDAY,Service Provider,8.34,HR Software,2022-11-30,8545522.2,"793 Hartman Forks Apt. 836, New Jorge, LA 45271",michael.bell@workdayinc.com
Salesforce Inc,CRM,Amazon Web Services,AMZN,Service Provider,13.93,Compute,2025-12-23,3610319.14,"9780 Jesse Hollow Suite 568, Josefort, OK 38963",carolyn.manning@amazonwebser.com
Starbucks Corp,SBUX,Oscorp Industries,OSCP,Logistics Partner,2.24,Shipping,2023-06-23,8783921.21,"788 Joseph Mission, West Kimberly, NH 46142",edward.roy@upsinc.com
Apple Inc,AAPL,Qualcomm Inc,QCOM,Direct Supplier,2.79,Modem Chips,2024-07-31,3588774.75,"03301 Anderson Forge, Susanshire, AL 85940",barbara.olsen@qualcomminc.com
Caterpillar Inc,CAT,SAP SE,SAP,Service Provider,18.12,Business Software,2024-05-12,8942757.72,"8203 Oliver Lock Apt. 550, South Renee, IA 34234",david.barnes@sapse.com
Lockheed Martin,LMT,IBM Corp,IBM,Service Provider,17.15,Cloud,2023-01-29,9092277.7,"58223 Brittney Hills Suite 605, Weststad, TN 57221",jeffrey.estrada@ibmcorp.com
Microsoft Corp,MSFT,Accenture plc,ACN,Service Provider,11.27,Consulting,2024-12-31,2272221.41,,
Meta Platforms Inc,META,Accenture plc,ACN,Service Provider,13.14,IT Services,2023-07-14,4174414.44,"806 Zhang Terrace Apt. 006, New Sarah, PW 65752",dalton.aguilar@accentureplc.com
Alphabet Inc,GOOGL,Iron Mountain,IRM,Service Provider,2.73,Data Storage,2022-11-30,9578237.79,"0544 Harvey Coves, East Teresaberg, MI 38813",denise.knight@ironmountain.com
Tesla Inc,TSLA,CATL,300750.SZ,Direct Supplier,6.24,Battery Systems,2024-01-27,4409337.51,"783 Sophia Port Suite 936, North Bethport, CO 20716",melissa.terry@catl.com
Salesforce Inc,CRM,Accenture plc,ACN,Service Provider,17.48,IT Services,2022-05-11,4553721.19,,
Chevron Corp,CVX,UPS Inc,UPS,Logistics Partner,12.08,Supply Chain,2024-05-17,6019486.36,,
Apple Inc,AAPL,Luxshare Precision,002475.SZ,Direct Supplier,2.54,Connectors,2025-12-02,7186850.24,,
Walt Disney Co,DIS,DHL Express,DHL.DE,Logistics Partner,6.07,International Shipping,2025-11-26,4723514.02,"01732 Moses Port Apt. 073, Daviston, SD 59676",anthony.morgan@dhlexpress.com
Nike Inc,NKE,ServiceNow Inc,NOW,Service Provider,7.01,IT Service Management,2024-05-17,4774798.54,"668 Stacey Drive Apt. 564, Frankview, OK 23054",michelle.cain@servicenowin.com
General Electric,GE,Workday Inc,WDAY,Service Provider,8.57,Finance,2022-08-23,1840047.15,"298 Morse Plaza Apt. 921, Thomasview, PA 96032",sarah.smith@workdayinc.com
Home Depot,HD,Iron Mountain,IRM,Service Provider,17.38,Records Management,2023-04-07,9965610.02,,
Intel Corp,INTC,Accenture plc,ACN,Service Provider,1.06,IT Services,2023-01-22,8129312.29,"2327 Fox Plaza, Port Christophermouth, RI 22358",tracy.wilson@accentureplc.com
Broadcom Inc,AVGO,TSMC,TSM,Contract Manufacturer,15.53,Advanced Packaging,2024-02-10,5429175.45,"285 Neal Harbor Apt. 793, Ritaland, ME 74684",amanda.young@tsmc.com
Tesla Inc,TSLA,ServiceNow Inc,NOW,Service Provider,12.53,IT Service Management,2025-09-29,3856742.88,"5781 Andrew Ports Suite 043, Robertsville, MO 35978",michael.baldwin@servicenowin.com
Meta Platforms Inc,META,Deloitte,DLT,Service Provider,15.3,Audit,2025-04-22,7313591.03,"56906 Roberts Oval, Port Royberg, VA 67510",david.cooper@deloitte.com
Procter & Gamble,PG,ServiceNow Inc,NOW,Service Provider,16.51,IT Service Management,2023-08-31,8380305.71,"10356 Jensen Falls Apt. 023, Reyesfurt, NE 76927",cindy.romero@servicenowin.com
Johnson & Johnson,JNJ,Iron Mountain,IRM,Service Provider,5.78,Data Storage,2023-07-04,9344900.64,"2220 Kristen Trail Suite 442, Martinezhaven, AR 59164",joseph.roberts@ironmountain.com
Meta Platforms Inc,META,ServiceNow Inc,NOW,Service Provider,high,IT Service Management,2025-12-08,8843408.72,,
Boeing Co,BA,SAP SE,SAP,Service Provider,1.93,ERP,2024-05-03,9937665.05,"32894 Greer Forges Apt. 891, Richardview, CO 90215",steven.long@sapse.com
Merck & Co,MRK,ServiceNow Inc,NOW,Service Provider,,IT Service Management,2023-11-10,3025891.07,"PSC 2800, Box 9205, APO AE 51005",christina.mosley@servicenowin.com
Cisco Systems,CSCO,ServiceNow Inc,NOW,Service Provider,6.29,IT Service Management,2023-07-05,5123122.02,,ricardo.meyer@servicenowin.com
Ford Motor Co,F,ServiceNow Inc,NOW,Service Provider,15.0,IT Service Management,2025-05-05,7324231.54,"9426 Moore Ford Apt. 135, Gloriatown, DE 37499",stephen.rocha@servicenowin.com
Texas Instruments,TXN,Deloitte,DLT,Service Provider,,Consulting,2023-03-28,8721470.22,,
PepsiCo Inc,PEP,UPS Inc,UPS,Logistics Partner,6.58,Shipping,2024-07-22,5076628.86,,david.cole@upsinc.com
Intel Corp,INTC,,,Direct Supplier,3.93,DRAM Modules,2023-11-20,6705292.53,"255 Hester Curve Suite 881, Johnville, KY 59430",eric.perry@microntechno.com
Apple Inc,AAPL,FedEx Corp,FDX,Logistics Partner,4.37,Express Delivery,2022-09-12,5369805.64,"77580 Erin Plains, Sarahchester, OH 64054",frank.moore@fedexcorp.com
PepsiCo Inc,PEP,Deloitte,DLT,Service Provider,5.79,Audit,2022-07-14,6018678.09,"1908 Ramirez View, South Natalie, MO 85920",christopher.estrada@deloitte.com
Johnson & Johnson,JNJ,Charles River Labs,CRL,Service Provider,1.53,Preclinical Services,2025-01-10,5945410.84,"2632 Daniel Shoal, Johnsonmouth, AS 90120",matthew.hill@charlesriver.com
Procter & Gamble,PG,UPS Inc,UPS,Logistics Partner,18.5,Shipping,2024-09-10,5630257.18,"43866 Robertson Mountain, Port Victorberg, MS 06114",jennifer.hernandez@upsinc.com
JPMorgan Chase,JPM,ServiceNow Inc,NOW,Service Provider,12.6,IT Service Management,2023-10-14,8845119.54,"68384 Jenkins Pine Apt. 207, Millerbury, OR 52818",brian.carpenter@servicenowin.com
Goldman Sachs,GS,,,Service Provider,17.29,IT Infrastructure,2024-09-16,8387410.66,"PSC 1280, Box 6199, APO AE 63595",christopher.smith@kyndrylholdi.com
Home Depot,HD,UPS Inc,UPS,Logistics Partner,,Shipping,2025-10-06,1660261.02,,
AMD Inc,AMD,FedEx Corp,FDX,Logistics Partner,19.06,Express Delivery,2022-02-13,8034008.13,"210 Melissa Union Apt. 889, Carrville, IL 20898",brittany.green@fedexcorp.com
Salesforce Inc,CRM,Workday Inc,WDAY,Service Provider,5.54,HR Software,2023-11-10,8082349.51,"16125 Daniel Trail, New Carolyn, VA 77191",pamela.walker@workdayinc.com
Caterpillar Inc,CAT,Illinois Tool Works,ITW,Direct Supplier,16.92,Fasteners,2024-10-19,2821257.41,"77905 Hernandez Wall, Middletonshire, IL 29469",laura.douglas@illinoistool.com
NVIDIA Corp,NVDA,TSMC,TSM,Contract Manufacturer,2.49,Advanced Packaging,2022-03-26,1829034.55,,
Intel Corp,INTC,Accenture plc,ACN,Service Provider,15.19,Consulting,2025-11-16,1325500.81,"13900 Diaz Pines Apt. 752, West Brett, NM 05188",leah.mosley@accentureplc.com
Caterpillar Inc,CAT,SAP SE,SAP,Service Provider,6.41,Business Software,2025-03-13,2651916.94,"8132 Harrison Mission, East Eric, MT 16934",kurt.schwartz@sapse.com
Qualcomm Inc,QCOM,DHL Express,DHL.DE,Logistics Partner,13.71,International Shipping,2023-08-24,1981838.83,,debbie.smith@dhlexpress.com
Apple Inc,AAPL,FedEx Corp,FDX,Logistics Partner,10.64,Express Delivery,2025-03-02,5829394.07,"1478 Reed Burg, West Debbiemouth, SC 09083",tina.dawson@fedexcorp.com
Home Depot,HD,FedEx Corp,FDX,Logistics Partner,2.06,Freight,2022-09-07,3034241.39,"785 Mccoy Harbors, South Victoriaton, WY 81288",kevin.campos@fedexcorp.com
Caterpillar Inc,CAT,Roper Technologies,ROP,Direct Supplier,13.76,Instrumentation,2022-01-23,6789962.26,"28532 White Throughway, Jordanside, AS 85350",cassandra.clark@ropertechnol.com
Procter & Gamble,PG,UPS Inc,UPS,Logistics Partner,5.59,Supply Chain,2024-08-19,391704.39,"5021 Laurie Turnpike Apt. 278, Parkershire, MI 68894",christina.henderson@upsinc.com
Intel Corp,INTC,,,Service Provider,15.92,Business Software,2023-12-31,7900550.27,"93764 Martinez Mall, Angelaberg, NC 02369",kathryn.nguyen@sapse.com
Ford Motor Co,F,SAP SE,SAP,Service Provider,,Business Software,2025-02-22,7841570.12,"87416 Tracy Square Suite 365, East Colleenmouth, MI 44019",adam.williamson@sapse.com
Netflix Inc,NFLX,SAP SE,SAP,Service Provider,2.07,ERP,2025-10-31,5598961.55,"8636 David Lake Apt. 687, East Lisa, RI 19922",karen.graham@sapse.com
Nike Inc,NKE,Workday Inc,WDAY,Service Provider,14.26,HR Software,2023-03-21,9091927.89,"9519 Neil Views, North Danielmouth, LA 51816",jennifer.williams@workdayinc.com
Microsoft Corp,MSFT,Equinix Inc,EQIX,Service Provider,10.92,Data Center Colocation,2022-01-15,3787874.74,"52141 Tammy Branch, Wilsonbury, KY 73983",deborah.patterson@equinixinc.com
JPMorgan Chase,JPM,Bloomberg LP,BBG,Service Provider,-92.93,Trading Systems,2022-05-20,4715764.78,"5539 White Summit, South Jillian, IA 96895",kaitlyn.peterson@bloomberglp.com
Apple Inc,AAPL,Deloitte,DLT,Service Provider,5.48,Audit,2024-07-31,7263080.53,,
Goldman Sachs,GS,UPS Inc,UPS,Logistics Partner,7.75,Shipping,2023-02-13,8022529.28,"38113 Lopez Pine Apt. 928, Reeseshire, MI 88908",joseph.williams@upsinc.com
Goldman Sachs,GS,Fiserv Inc,FI,Service Provider,3.39,Digital Banking,2025-10-04,109230.82,"903 Austin Rest, Mcintyrehaven, VI 29034",jose.nixon@fiservinc.com
Adobe Inc,ADBE,Palo Alto Networks,PANW,Service Provider,10.3,Network Security,2022-03-04,1956700.16,"PSC 1331, Box 1519, APO AA 66450",joseph.gallagher@paloaltonetw.com
Qualcomm Inc,QCOM,SAP SE,SAP,Service Provider,11.68,ERP,2024-05-07,7039157.86,,margaret.mendez@sapse.com
Amazon.com Inc,AMZN,Accenture plc,ACN,Service Provider,6.2,IT Services,2022-12-12,5783975.21,"312 Jensen Mountains Apt. 074, Collinsmouth, MP 20242",theresa.davis@accentureplc.com
Salesforce Inc,CRM,Snowflake Inc,SNOW,Service Provider,9.93,Data Warehousing,2024-09-19,8147995.08,"0946 Molly Mountains Suite 622, Rodriguezburgh, MT 03917",stuart.beck@snowflakeinc.com
Goldman Sachs,GS,Deloitte,DLT,Service Provider,5.28,Consulting,2022-07-05,1287339.44,,
Broadcom Inc,AVGO,Entegris Inc,ENTG,Direct Supplier,11.09,Filtration,2024-12-18,9936629.14,"68686 Barnes Street Suite 147, West Nancy, MP 41246",maria.hayes@entegrisinc.com
General Motors,GM,Aptiv PLC,APTV,Direct Supplier,3.75,Connectors,2022-06-08,6029487.8,"281 Lopez Ford Apt. 969, North Kathleenside, GA 77183",tiffany.cole@aptivplc.com
Tesla Inc,TSLA,Aptiv PLC,APTV,Direct Supplier,18.46,Connectors,2023-07-22,8677123.52,"99974 Laura Falls, Washingtonchester, ME 75398",david.miller@aptivplc.com
Procter & Gamble,PG,IBM Corp,IBM,Service Provider,1.97,IT Infrastructure,2023-02-08,2839622.55,,
Cisco Systems,CSCO,UPS Inc,UPS,Logistics Partner,6.53,Shipping,2022-03-07,4758118.79,"179 Jimenez Ports, Adamton, ID 40783",michael.hill@upsinc.com
Tesla Inc,TSLA,Panasonic Holdings,6752.T,Direct Supplier,3.96,Battery Cells,2024-10-21,185807.11,"01759 Donna Canyon Apt. 706, Armstrongview, OK 04884",david.johnson@panasonichol.com
Goldman Sachs,GS,SS&C Technologies,SSNC,Service Provider,3.45,Risk Analytics,2023-02-13,1605325.24,"9624 Murillo Springs, Yoderland, HI 01936",emily.khan@ss&ctechnolo.com
Cisco Systems,CSCO,Accenture plc,ACN,Service Provider,11.98,Consulting,2022-08-30,5221630.36,"54837 Adams Mission Apt. 581, Port Davidville, IA 10254",melissa.mueller@accentureplc.com
Amazon.com Inc,AMZN,ServiceNow Inc,NOW,Service Provider,5.27,IT Service Management,2023-06-18,9494890.19,"6287 Lee Coves, Amybury, IA 50137",daniel.jones@servicenowin.com
Texas Instruments,TXN,Cyberdyne Systems,CYBD,Direct Supplier,4.52,Coater/Developer,2024-10-25,4345785.27,,
General Electric,GE,DHL Express,DHL.DE,Logistics Partner,10.0,International Shipping,2024-05-10,4466407.52,"30958 Anderson Stream, Cummingsborough, OK 88189",katherine.copeland@dhlexpress.com
Qualcomm Inc,QCOM,ASE Technology,ASX,Contract Manufacturer,6.48,Testing,2023-08-27,205144.38,"3251 Christopher Run, New Tanyaburgh, MO 63818",brian.castro@asetechnolog.com
Intel Corp,INTC,Accenture plc,ACN,Service Provider,7.56,IT Services,2025-06-25,1819254.5,,
Nike Inc,NKE,FedEx Corp,FDX,Logistics Partner,,Freight,2024-09-19,9342171.9,,
Starbucks Corp,SBUX,SAP SE,SAP,Service Provider,14.42,ERP,2024-10-06,6678895.38,"414 Greene Greens Suite 751, Jimmyfort, SC 79877",james.schwartz@sapse.com
General Electric,GE,DHL Express,DHL.DE,Logistics Partner,19.91,International Shipping,2022-06-06,7566198.82,"PSC 0803, Box 8890, APO AA 33961",daniel.cooper@dhlexpress.com
Texas Instruments,TXN,Deloitte,DLT,Service Provider,11.58,Consulting,2024-11-15,4110039.54,"86857 White Station, Aliciafort, VT 65354",jason.miller@deloitte.com
Boeing Co,BA,UPS Inc,UPS,Logistics Partner,19.4,Shipping,2022-01-10,8047728.44,,
Meta Platforms Inc,META,IBM Corp,IBM,Service Provider,1.69,IT Infrastructure,2025-12-07,1125551.48,"2711 Christopher Court Suite 280, Elizabethchester, MI 87708",jessica.edwards@ibmcorp.com
PepsiCo Inc,PEP,Acme Widget Corp,ACME,Service Provider,19.19,Business Software,2024-13-45,6912806.5,"6442 Burton Ways Apt. 070, Warrenton, VA 09569",sean.kim@sapse.com
General Electric,GE,Workday Inc,WDAY,Service Provider,18.72,HR Software,2024-08-24,9346583.28,"Unit 3523 Box 5611, DPO AP 67983",sean.hancock@workdayinc.com
Qualcomm Inc,QCOM,TSMC,TSM,Contract Manufacturer,29.75,Wafer Fabrication,2025-03-24,5891873.17,"33959 Martin Dam Apt. 309, Amandaside, GA 42922",shannon.bailey@tsmc.com
Lockheed Martin,LMT,,,Service Provider,,IT Services,2024-07-26,417988.71,"7038 Terrell Canyon, Blackton, ID 38666",alicia.liu@leidosholdin.com
JPMorgan Chase,JPM,SS&C Technologies,SSNC,Service Provider,pending,Fund Administration,not_a_date,3960224.4,"19017 Holly Loaf, Hintonhaven, PW 49770",sandra.crane@ss&ctechnolo.com
AMD Inc,AMD,Lam Research,LRCX,Direct Supplier,3.55,Deposition Systems,2022-09-10,4074753.54,,
FactSet Research,FDS,Workday Inc,WDAY,Service Provider,11.74,HR Software,2022-11-23,2743689.8,,rachel.wilson@workdayinc.com
Walt Disney Co,DIS,Accenture plc,ACN,Service Provider,16.17,Consulting,2023-03-19,6172592.58,,shaun.brooks@accentureplc.com
Adobe Inc,ADBE,UPS Inc,UPS,Logistics Partner,6.61,Supply Chain,2022-04-08,5532393.58,"61094 Marquez Mews, Derrickborough, VT 13495",donna.mathews@upsinc.com
Oracle Corp,ORCL,Palo Alto Networks,PANW,Service Provider,5.47,Network Security,2025-08-07,6412954.54,"5216 Rivers Groves, Vaughnfort, AS 55779",patricia.friedman@paloaltonetw.com
AMD Inc,AMD,ASML Holding,ASML,Direct Supplier,4.08,EUV Lithography Equipment,2025-03-14,1908567.64,"7211 Reyes Track, West Andrewburgh, PW 70586",darrell.gamble@asmlholding.com
Intel Corp,INTC,Weyland-Yutani,WLND,Direct Supplier,3.29,Etch Equipment,2024-09-28,7419387.91,"6088 Jason Ports Apt. 587, New Carly, SD 84370",lee.carter@lamresearch.com
Walt Disney Co,DIS,FedEx Corp,FDX,Logistics Partner,1.91,Express Delivery,2022-07-10,9437915.96,"878 Chad Flat Apt. 456, Leroyberg, WV 20485",lindsay.orr@fedexcorp.com
Oracle Corp,ORCL,CrowdStrike,CRWD,Service Provider,13.92,Endpoint Security,2023-03-09,6307236.85,,
JPMorgan Chase,JPM,Bloomberg LP,BBG,Service Provider,6.2,Market Data,2022-02-01,9585065.64,"37124 Rodney Knolls, Amberfurt, ME 17584",david.neal@bloomberglp.com
NVIDIA Corp,NVDA,Samsung Electronics,005930.KS,Contract Manufacturer,12.32,Foundry Services,2024-11-26,1394102.81,"306 Christina Loaf Apt. 845, South Terri, MT 76304",barbara.blair@samsungelect.com
Alphabet Inc,GOOGL,Workday Inc,WDAY,Service Provider,17.21,HR Software,2023-08-06,7324337.43,,aaron.wise@workdayinc.com
Texas Instruments,TXN,TSMC,TSM,Contract Manufacturer,17.24,Advanced Packaging,2025-02-12,7493380.55,"6558 Mills Track Suite 127, Brooksside, PA 21820",wayne.parrish@tsmc.com
Alphabet Inc,GOOGL,ServiceNow Inc,NOW,Service Provider,14.58,IT Service Management,2023-02-05,1589508.33,"0509 Amanda Locks Suite 200, Gonzalezburgh, PW 99874",matthew.nichols@servicenowin.com
Nike Inc,NKE,DHL Express,DHL.DE,Logistics Partner,4.94,International Shipping,2023-10-06,2523101.05,"Unit 2237 Box 3695, DPO AE 34805",jennifer.taylor@dhlexpress.com
Meta Platforms Inc,META,Deloitte,DLT,Service Provider,5.5,Consulting,2025-08-03,1474704.56,,robert.buchanan@deloitte.com
Chevron Corp,CVX,NOV Inc,NOV,Direct Supplier,22.1,Tubulars,2023-06-28,9672353.43,"579 Ellis Port Apt. 424, South Nathan, LA 06703",mary.stone@novinc.com
Chevron Corp,CVX,ServiceNow Inc,NOW,Service Provider,4.44,IT Service Management,2025-11-06,8198771.93,,
Coca-Cola Co,KO,SAP SE,SAP,Service Provider,1.05,ERP,2023-04-20,9891417.89,"041 Stephanie Inlet Suite 671, Scottview, FL 57308",kenneth.garcia@sapse.com
Meta Platforms Inc,META,Iron Mountain,IRM,Service Provider,5.67,Data Storage,2023-02-16,5410495.98,,joseph.anderson@ironmountain.com
Starbucks Corp,SBUX,UPS Inc,UPS,Logistics Partner,2.11,Supply Chain,2023-10-27,8647142.48,"3335 Jesse Parkway, Port Francis, CO 82836",joanne.kennedy@upsinc.com
JPMorgan Chase,JPM,IBM Corp,IBM,Service Provider,10.97,Cloud,2025-11-26,2130057.25,"4715 Harris Forge, West Christine, IL 55483",christopher.diaz@ibmcorp.com
Apple Inc,AAPL,,,Direct Supplier,11.53,LCD Displays,2025-05-07,6000535.79,"33736 Kevin Lane, Port Neil, OH 11610",thomas.perkins@samsungdispl.com
Apple Inc,AAPL,Jabil Inc,JBL,Contract Manufacturer,,EMS Assembly,2024-03-20,4315261.75,"905 William Wall Apt. 595, New Kathrynview, GA 69275",gregory.wagner@jabilinc.com
Procter & Gamble,PG,Iron Mountain,IRM,Service Provider,4.36,Records Management,2023-12-08,3800705.66,,amy.wu@ironmountain.com
Cisco Systems,CSCO,IBM Corp,IBM,Service Provider,5.93,Cloud,2024-06-19,2682224.18,"95914 Williams River Suite 236, Howellfurt, DC 58869",kimberly.nguyen@ibmcorp.com
Johnson & Johnson,JNJ,UPS Inc,UPS,Logistics Partner,15.9,Supply Chain,2022-08-27,6703615.55,"68395 Kayla Streets Apt. 513, South Catherinemouth, HI 08997",michael.harmon@upsinc.com
Chevron Corp,CVX,ChampionX Corp,CHX,Direct Supplier,4.56,Artificial Lift,2022-08-28,8652707.22,"USNV Green, FPO AA 76209",lindsey.roberts@championxcor.com
Cisco Systems,CSCO,Workday Inc,WDAY,Service Provider,19.81,HR Software,2023-08-29,7251104.32,,
Intel Corp,INTC,Iron Mountain,IRM,Service Provider,3.32,Records Management,2025-03-28,9987620.65,,
Amazon.com Inc,AMZN,ServiceNow Inc,NOW,Service Provider,17.72,IT Service Management,2024-06-08,4194391.04,"601 John Haven Suite 389, Lake Tyler, NC 00942",jonathan.garcia@servicenowin.com
Texas Instruments,TXN,Sumco Corp,3436.T,Direct Supplier,17.62,Silicon Wafers,2023-09-11,2032209.14,"3490 Karen Shores Apt. 158, Arellanoshire, IN 73062",mike.griffin@sumcocorp.com
Intel Corp,INTC,Iron Mountain,IRM,Service Provider,18.6,Data Storage,,9143109.95,"740 Melanie Lake, Richardsonhaven, IL 34805",marco.walton@ironmountain.com
Starbucks Corp,SBUX,SAP SE,SAP,Service Provider,1.54,ERP,2025-01-13,2237898.77,,
Oracle Corp,ORCL,Microsoft Azure,MSFT,Service Provider,11.11,AI Services,2025-05-07,5410747.03,"33305 Erika Walks Apt. 662, North Michaelfort, HI 07378",frank.taylor@microsoftazu.com
Eli Lilly,LLY,SAP SE,SAP,Service Provider,5.14,ERP,2022-03-04,5005478.7,"0665 Jonathan Via, Gregoryland, NM 26803",kayla.morris@sapse.com
Adobe Inc,ADBE,Akamai Technologies,AKAM,Service Provider,5.32,Edge Computing,2022-02-23,6109499.41,"USCGC Newman, FPO AE 38597",melissa.york@akamaitechno.com
Johnson & Johnson,JNJ,SAP SE,SAP,Service Provider,low,ERP,2023-03-08,4219974.79,"686 Barbara Summit Suite 137, Port Heather, WV 25185",tracy.nguyen@sapse.com
Adobe Inc,ADBE,,,Service Provider,2.64,ERP,2024-08-07,1524248.19,"90878 Murphy Parkway Suite 906, Waltonshire, MT 27285",robert.barron@sapse.com
Walt Disney Co,DIS,SAP SE,SAP,Service Provider,17.41,ERP,2022-01-20,7244915.79,"13403 Vasquez Club Suite 037, North Robert, AS 71077",matthew.robinson@sapse.com
Procter & Gamble,PG,Iron Mountain,IRM,Service Provider,15.44,Records Management,2022-09-27,3313042.94,"839 Alexander Road, Johnstad, DC 97559",matthew.freeman@ironmountain.com
Chevron Corp,CVX,Halliburton Co,HAL,Service Provider,12.67,Production,2022-12-14,6257854.08,,
Intel Corp,INTC,Stark Industries,STRK,Direct Supplier,high,Etch Systems,2023-04-19,3861201.16,"715 Mckinney Plaza, Patriciaburgh, VT 93504",james.taylor@appliedmater.com
Netflix Inc,NFLX,Iron Mountain,IRM,Service Provider,16.52,Data Storage,2023-03-28,3276417.16,"PSC 8731, Box 4249, APO AA 54069",alice.webb@ironmountain.com
JPMorgan Chase,JPM,IBM Corp,IBM,Service Provider,7.6,IT Infrastructure,2022-12-06,1229583.22,"36165 Dixon Manor, West Shawn, MA 44852",ronald.bell@ibmcorp.com
AMD Inc,AMD,,,Service Provider,5.48,IT Infrastructure,2024-01-26,4758941.86,"0331 Rocha Square Apt. 638, Kimberlyfurt, NH 70447",angelica.mendoza@ibmcorp.com
Qualcomm Inc,QCOM,UPS Inc,UPS,Logistics Partner,2.64,Shipping,2024-12-04,4917673.32,"60943 Kayla Forge, Riceland, NM 22059",cameron.lopez@upsinc.com
Texas Instruments,TXN,Workday Inc,WDAY,Service Provider,1.21,HR Software,2024-05-17,6815040.26,"300 Betty Highway, West Eric, ME 81563",alexander.yates@workdayinc.com
Adobe Inc,ADBE,,,Service Provider,1.96,AI Services,2024-01-09,7061107.75,"093 Rodriguez Parkways Suite 181, East Mark, MN 89763",victoria.hester@microsoftazu.com
Apple Inc,AAPL,LG Display,034220.KS,Direct Supplier,7.82,Display Panels,2025-03-04,6124433.12,,rebecca.williams@lgdisplay.com
Coca-Cola Co,KO,Iron Mountain,IRM,Service Provider,10.81,Data Storage,2025-12-26,8230571.62,,
Cisco Systems,CSCO,FedEx Corp,FDX,Logistics Partner,16.09,Express Delivery,2022-07-24,1343407.74,"0587 Chandler Dam, East Kristina, PR 89996",jerry.scott@fedexcorp.com
Goldman Sachs,GS,Workday Inc,WDAY,Service Provider,6.74,HR Software,2024-03-11,8863176.23,,
General Motors,GM,UPS Inc,UPS,Logistics Partner,17.6,Shipping,2022-10-19,2359601.61,,
General Electric,GE,Workday Inc,WDAY,Service Provider,14.86,Finance,2022-07-28,8325385.61,"0764 Rodriguez Point Suite 294, South Amy, DE 25333",michael.bradford@workdayinc.com
Microsoft Corp,MSFT,UPS Inc,UPS,Logistics Partner,15.6,Shipping,2023-10-14,485391.08,"388 Friedman Cliffs, West Joshuabury, OK 63943",eric.henderson@upsinc.com
Merck & Co,MRK,UPS Inc,UPS,Logistics Partner,1.2,Shipping,2022-09-30,8720862.58,"Unit 9320 Box 5534, DPO AE 45963",zachary.mayer@upsinc.com
AMD Inc,AMD,Sumco Corp,3436.T,Direct Supplier,17.34,Silicon Wafers,2022-11-11,9708940.9,,sarah.lopez@sumcocorp.com
Costco Wholesale,COST,Deloitte,DLT,Service Provider,7.68,Consulting,2023-08-04,2556366.27,"Unit 9521 Box 7558, DPO AA 15938",melissa.juarez@deloitte.com
General Motors,GM,,,Tier 2 Supplier,17.6,Engine Components,2024-06-10,5611496.74,"38273 Lambert Pine Apt. 392, Port Amanda, WV 79907",bradley.wade@densocorp.com
Alphabet Inc,GOOGL,IBM Corp,IBM,Service Provider,8.18,Cloud,2022-12-17,3776629.65,"84039 Julia Falls, Myersfort, IL 99776",stephanie.henderson@ibmcorp.com
Boeing Co,BA,Workday Inc,WDAY,Service Provider,6.94,Finance,2025-11-02,2238199.33,,
Procter & Gamble,PG,Workday Inc,WDAY,Service Provider,12.11,Finance,2022-01-16,5139561.49,"7732 Crosby Green Apt. 342, East Andreahaven, WV 22632",leonard.reed@workdayinc.com
Meta Platforms Inc,META,SAP SE,SAP,Service Provider,13.43,ERP,2022-12-18,1644464.68,,michael.wu@sapse.com
Cisco Systems,CSCO,Workday Inc,WDAY,Service Provider,2.98,HR Software,2024-01-13,6051742.16,"914 Cassandra Gateway Suite 061, West Shawnland, VI 66215",robin.johnson@workdayinc.com
Home Depot,HD,Deloitte,DLT,Service Provider,11.23,Consulting,2024-06-10,5457226.69,"48793 Sharp Throughway, East Jessemouth, WI 59136",kara.ponce@deloitte.com
Apple Inc,AAPL,IBM Corp,IBM,Service Provider,12.92,Cloud,2022-10-20,7660080.2,,melissa.alexander@ibmcorp.com
Apple Inc,AAPL,IBM Corp,IBM,Service Provider,7.45,IT Infrastructure,2023-04-30,1704795.55,"123 Andrea Estate Apt. 679, Carterbury, LA 93163",cory.farmer@ibmcorp.com
AMD Inc,AMD,Applied Materials,AMAT,Direct Supplier,14.11,Deposition Equipment,2024-05-27,6632137.34,"549 Gregory Walks, Wilcoxhaven, MD 11869",jessica.wong@appliedmater.com
Apple Inc,AAPL,Deloitte,DLT,Service Provider,12.95,Audit,2025-04-30,1572833.69,"26356 Vincent Oval Suite 332, Ortizborough, OK 95288",mike.shepherd@deloitte.com
Costco Wholesale,COST,FedEx Corp,FDX,Logistics Partner,11.34,Express Delivery,2025-05-27,9757123.09,"11154 Harvey Streets, New Christopher, TX 62626",robert.sexton@fedexcorp.com
Amazon.com Inc,AMZN,Deloitte,DLT,Service Provider,18.0,Consulting,2022-10-25,3914532.15,,david.black@deloitte.com
Alphabet Inc,GOOGL,IBM Corp,IBM,Service Provider,,IT Infrastructure,2025-02-27,3425946.21,"505 Martinez Court Apt. 968, Millerchester, WY 87043",cathy.townsend@ibmcorp.com
Home Depot,HD,DHL Express,DHL.DE,Logistics Partner,10.06,International Shipping,2022-12-15,9725412.96,"75227 Christine Port, Murphyburgh, IL 82312",andrea.roberts@dhlexpress.com
Amazon.com Inc,AMZN,,,Service Provider,TBD,ERP,2023-02-05,9766282.18,"981 Davis Wall, Lake Stacey, CO 13805",dylan.cunningham@sapse.com
Qualcomm Inc,QCOM,Deloitte,DLT,Service Provider,8.47,Audit,2022-03-17,6618752.91,"904 Reynolds Mills Suite 235, North Heatherfort, MT 42621",melissa.collins@deloitte.com
Adobe Inc,ADBE,,,Service Provider,14.08,Data Warehousing,2023-10-03,6357020.71,"48503 Lisa Street Apt. 772, South Barbaraland, MO 21260",alyssa.evans@snowflakeinc.com
Netflix Inc,NFLX,DHL Express,DHL.DE,Logistics Partner,14.1,International Shipping,2022-10-15,7732402.12,"546 Francis Garden, Port Michaelhaven, NE 70467",james.sanchez@dhlexpress.com
Walt Disney Co,DIS,FedEx Corp,FDX,Logistics Partner,14.09,Freight,2024-09-07,9006735.97,"PSC 2725, Box 8122, APO AA 78986",amber.herrera@fedexcorp.com
Goldman Sachs,GS,Accenture plc,ACN,Service Provider,8.69,IT Services,2022-03-14,5851085.84,"306 Travis Ridge, Lake Gregory, MT 90676",jessica.campbell@accentureplc.com
Adobe Inc,ADBE,DHL Express,DHL.DE,Logistics Partner,12.99,International Shipping,2023-02-10,4951181.51,"136 Jones Row, Stewartshire, DC 02869",caitlin.novak@dhlexpress.com
Apple Inc,AAPL,UPS Inc,UPS,Logistics Partner,18.84,Shipping,2022-11-16,9570402.94,,mark.white@upsinc.com
Goldman Sachs,GS,Workday Inc,WDAY,Service Provider,TBD,HR Software,2023-02-02,3710017.53,"18102 Morgan Flats Apt. 731, New Darlenefurt, TN 64714",eric.campbell@workdayinc.com
Home Depot,HD,Accenture plc,ACN,Service Provider,2.84,IT Services,2023-02-24,7252321.04,"36199 David Street, East Kristenfurt, DE 83388",shannon.rogers@accentureplc.com
General Motors,GM,Initech Solutions,INIT,Logistics Partner,16.09,Freight,2024-05-30,254349.17,"66169 Jeffrey Vista, Brownshire, AR 35784",nicholas.bell@fedexcorp.com
AMD Inc,AMD,Deloitte,DLT,Service Provider,17.02,Consulting,2025-01-26,8614040.08,"1731 Carmen Hills, New Russellville, VA 58518",luis.walters@deloitte.com
Goldman Sachs,GS,Iron Mountain,IRM,Service Provider,19.11,Data Storage,2022-09-17,8927156.78,"USCGC Cooper, FPO AP 38899",christine.king@ironmountain.com
Caterpillar Inc,CAT,Cummins Inc,CMI,Direct Supplier,4.99,Power Generation,2023-12-06,2156782.58,"5553 Griffin Causeway Suite 742, New Kelli, OH 85473",corey.knapp@cumminsinc.com
Chevron Corp,CVX,Umbrella Corp,UMBR,Service Provider,16.2,Consulting,2022-11-03,4756220.89,"9979 Erin Bypass Suite 550, Jackiefurt, WV 71151",carla.cooper@accentureplc.com
Qualcomm Inc,QCOM,Sumco Corp,3436.T,Direct Supplier,12.84,Silicon Wafers,2024-06-21,496531.63,"815 Jordan Isle, Port Gregory, NE 64792",william.lawson@sumcocorp.com
Microsoft Corp,MSFT,DHL Express,DHL.DE,Logistics Partner,15.03,International Shipping,2024-04-17,3757376.52,,
Coca-Cola Co,KO,DHL Express,DHL.DE,Logistics Partner,2.12,International Shipping,2024-10-07,2557637.3,"353 Mann Stravenue, West Adamfort, PR 86411",jessica.maldonado@dhlexpress.com
Eli Lilly,LLY,ServiceNow Inc,NOW,Service Provider,10.03,IT Service Management,2025-11-11,7849381.05,"736 Farmer Highway, Edwardtown, NJ 18029",felicia.boyd@servicenowin.com
Chevron Corp,CVX,IBM Corp,IBM,Service Provider,10.13,IT Infrastructure,2024-06-16,9052825.08,"23590 Thomas Springs Apt. 940, West Kevinburgh, ME 44854",james.le@ibmcorp.com
Qualcomm Inc,QCOM,UPS Inc,UPS,Logistics Partner,8.63,Shipping,2025-08-10,6027231.07,,
Adobe Inc,ADBE,,,Service Provider,3.45,Data Warehousing,2022-10-07,2814859.72,,
Oracle Corp,ORCL,Snowflake Inc,SNOW,Service Provider,2.16,Data Warehousing,2022-02-07,5508010.22,,gina.harris@snowflakeinc.com
Caterpillar Inc,CAT,Emerson Electric,EMR,Direct Supplier,14.84,Process Control,2023-01-05,643381.19,,ruben.fernandez@emersonelect.com
Apple Inc,AAPL,Broadcom Inc,AVGO,Direct Supplier,8.31,Bluetooth Modules,2025-02-03,5121492.22,"Unit 4567 Box 0893, DPO AP 93068",sandra.lopez@broadcominc.com
Caterpillar Inc,CAT,Parker Hannifin,PH,Direct Supplier,10.73,Hydraulics,2023-09-08,8871622.7,"14198 Thompson Fords Suite 921, East Jamie, IN 76030",kyle.hill@parkerhannif.com
Oracle Corp,ORCL,Datadog Inc,DDOG,Service Provider,7.7,Observability,2023-07-02,5060481.42,"31202 Brenda Knoll Apt. 576, Victoriashire, SC 60282",anthony.hunt@datadoginc.com
Chevron Corp,CVX,DHL Express,DHL.DE,Logistics Partner,3.51,International Shipping,2023-08-25,2460716.34,,tammie.williams@dhlexpress.com
Chevron Corp,CVX,ChampionX Corp,CHX,Direct Supplier,7.35,Artificial Lift,2024-12-04,6820644.73,,gail.stone@championxcor.com
Apple Inc,AAPL,Murata Manufacturing,6981.T,Direct Supplier,12.49,RF Modules,2023-11-01,1569729.68,"566 Brenda Port, West Michael, FM 15664",cynthia.carter@muratamanufa.com
Apple Inc,AAPL,Deloitte,DLT,Service Provider,3.97,Audit,2022-06-04,4459150.91,"09477 Peterson Center Suite 711, Vasquezshire, SC 90475",heidi.martinez@deloitte.com
Apple Inc,AAPL,Workday Inc,WDAY,Service Provider,pending,Finance,2025-10-03,7161684.63,"04603 Copeland Station, Smithside, PA 91768",victoria.ponce@workdayinc.com
Cisco Systems,CSCO,Workday Inc,WDAY,Service Provider,9.37,Finance,2025-07-02,1136494.7,"04093 Russell Spurs, Sheltonport, SC 09519",leslie.ross@workdayinc.com
Johnson & Johnson,JNJ,Accenture plc,ACN,Service Provider,6.19,IT Services,2025-09-18,9831068.37,"USS Chen, FPO AA 97261",erin.white@accentureplc.com
General Electric,GE,DHL Express,DHL.DE,Logistics Partner,18.19,International Shipping,2022-12-15,6522983.42,,william.stevenson@dhlexpress.com
Johnson & Johnson,JNJ,IBM Corp,IBM,Service Provider,9.46,IT Infrastructure,2024-06-28,9273769.24,"433 Gutierrez Field Suite 021, Port Davidhaven, NJ 01204",aaron.gross@ibmcorp.com
FactSet Research,FDS,ServiceNow Inc,NOW,Service Provider,8.49,IT Service Management,2024-12-29,2853386.84,"3534 Martinez Inlet, Meyerhaven, MP 85789",wendy.bright@servicenowin.com
Procter & Gamble,PG,UPS Inc,UPS,Logistics Partner,13.01,Supply Chain,2024-06-30,3704864.41,"348 Taylor Knoll Apt. 774, Port Kristenfort, MS 61545",tammy.trevino@upsinc.com
Caterpillar Inc,CAT,FedEx Corp,FDX,Logistics Partner,15.27,Freight,2024-05-06,9009566.12,"PSC 1727, Box 2797, APO AE 95539",jesse.murphy@fedexcorp.com
Ford Motor Co,F,Magna International,MGA,Contract Manufacturer,7.03,Body Assemblies,2025-02-15,5352967.39,"0030 Michael Locks, Port Monicatown, MS 20685",brandon.steele@magnainterna.com
General Electric,GE,Deloitte,DLT,Service Provider,,Audit,2023-09-12,7876989.17,"98517 Duncan Lights Apt. 645, Kyleberg, CT 48689",connie.smith@deloitte.com
General Motors,GM,FedEx Corp,FDX,Logistics Partner,15.51,Freight,2022-03-16,6679884.17,"USS Palmer, FPO AA 68334",amy.harrington@fedexcorp.com
Walt Disney Co,DIS,FedEx Corp,FDX,Logistics Partner,unknown,Express Delivery,2025-05-20,2071586.59,,cindy.peters@fedexcorp.com
Costco Wholesale,COST,Iron Mountain,IRM,Service Provider,12.54,Data Storage,2022-12-12,6761495.58,"42284 Kevin Shore, South Patrick, OH 06899",christopher.doyle@ironmountain.com
Salesforce Inc,CRM,DHL Express,DHL.DE,Logistics Partner,2.38,International Shipping,2023-04-30,1354722.59,"4839 Tony Orchard Apt. 715, Maryburgh, KS 15651",jeffrey.kim@dhlexpress.com
Intel Corp,INTC,Samsung Electronics,005930.KS,Contract Manufacturer,6.16,Memory Chips,2023-08-29,3065010.15,,jose.taylor@samsungelect.com
Intel Corp,INTC,Deloitte,DLT,Service Provider,19.23,Audit,2024-11-20,9260669.88,"523 Smith Trafficway Suite 775, New Brianton, IL 23557",antonio.roberts@deloitte.com
Costco Wholesale,COST,Iron Mountain,IRM,Service Provider,17.07,Data Storage,2024-02-21,3677489.81,"296 Jillian Forks Apt. 732, Staciefort, WV 06122",robert.coleman@ironmountain.com
Coca-Cola Co,KO,UPS Inc,UPS,Logistics Partner,9.44,Supply Chain,2025-08-13,6967707.89,"40254 Morris Shoals, West Kennethton, NY 98067",justin.castillo@upsinc.com
Goldman Sachs,GS,Iron Mountain,IRM,Service Provider,3.72,Data Storage,2023-10-13,614295.62,"90390 Anthony Center Suite 626, South Adrianburgh, SD 37796",alicia.beltran@ironmountain.com
Broadcom Inc,AVGO,FedEx Corp,FDX,Logistics Partner,-72.19,Freight,2025-10-29,1375951.14,,
Cisco Systems,CSCO,Iron Mountain,IRM,Service Provider,19.97,Data Storage,2025-01-17,9128206.17,"232 Thompson Hollow Apt. 041, Fletcherport, DE 94892",marcus.walter@ironmountain.com
Goldman Sachs,GS,FactSet Research,FDS,Service Provider,7.07,Data Feeds,2025-06-19,1353937.96,"313 Nguyen Expressway, Brendafurt, WY 32363",timothy.evans@factsetresea.com
General Motors,GM,Accenture plc,ACN,Service Provider,12.25,IT Services,2023-05-19,2152176.58,,sarah.bartlett@accentureplc.com
Amazon.com Inc,AMZN,Accenture plc,ACN,Service Provider,8.56,IT Services,2025-11-29,4350345.68,"181 Bates Keys Apt. 506, New Edwin, MP 70674",lisa.robinson@accentureplc.com
FactSet Research,FDS,FedEx Corp,FDX,Logistics Partner,2.87,Freight,2022-04-15,3222640.47,"284 Brittany Views Suite 951, Sheltonmouth, RI 76834",jamie.murray@fedexcorp.com
Home Depot,HD,SAP SE,SAP,Service Provider,16.96,ERP,2023-03-31,7770318.04,"7587 Stephanie Orchard Apt. 053, West Deborah, OR 07728",lisa.russell@sapse.com
Cisco Systems,CSCO,,,Service Provider,6.01,IT Service Management,2025-10-05,5617683.35,,
Nike Inc,NKE,Iron Mountain,IRM,Service Provider,10.48,Records Management,2025-07-30,903650.0,,
Goldman Sachs,GS,Broadridge Financial,BR,Service Provider,3.69,Trade Processing,2023-04-05,288808.66,"4920 Robert Rapid, North Caitlin, CO 94588",heather.novak@broadridgefi.com
General Motors,GM,Magna International,MGA,Contract Manufacturer,7.26,Body Assemblies,2023-12-14,1230400.01,"1371 Johnson Springs, South Nathanielville, MP 42907",whitney.smith@magnainterna.com
General Motors,GM,BorgWarner Inc,BWA,Direct Supplier,17.82,Drivetrain,2025-01-20,4270073.9,"4236 Andrew Fords, South Kimberly, LA 85326",julia.payne@borgwarnerin.com
Nike Inc,NKE,Accenture plc,ACN,Service Provider,-48.15,Consulting,2024-10-29,8520403.26,"71594 Gonzalez Highway Apt. 053, Dixontown, IN 26090",kenneth.russo@accentureplc.com
Qualcomm Inc,QCOM,,,Direct Supplier,34.9,NAND Flash,2024-06-11,6366107.96,"1168 Neal Wells Suite 775, Port Kimland, VA 60590",douglas.chen@skhynix.com
PepsiCo Inc,PEP,ServiceNow Inc,NOW,Service Provider,7.63,IT Service Management,2025-08-07,5254275.21,"2043 Cannon Islands, Lake Stephanieview, PW 53108",gregory.patterson@servicenowin.com
Starbucks Corp,SBUX,IBM Corp,IBM,Service Provider,14.55,IT Infrastructure,2022-10-20,9959346.85,"2965 Melissa Union Suite 456, Scottchester, NJ 52296",heather.vasquez@ibmcorp.com
Netflix Inc,NFLX,DHL Express,DHL.DE,Logistics Partner,14.19,International Shipping,2024-07-10,2913625.34,,
Broadcom Inc,AVGO,Applied Materials,AMAT,Direct Supplier,13.86,Deposition Equipment,2025-04-19,6355745.47,,angelica.wilson@appliedmater.com
NVIDIA Corp,NVDA,IBM Corp,IBM,Service Provider,6.82,Cloud,2024-04-13,585246.11,,lauren.perry@ibmcorp.com
Netflix Inc,NFLX,SAP SE,SAP,Service Provider,8.93,Business Software,2022-07-01,2462292.96,,
General Electric,GE,DHL Express,DHL.DE,Logistics Partner,5.62,International Shipping,2022-11-07,8869664.57,"USNV Diaz, FPO AE 54899",susan.villarreal@dhlexpress.com
Oracle Corp,ORCL,Equinix Inc,EQIX,Service Provider,19.05,Data Center Colocation,2023-03-30,7138485.26,"709 Clark Parks, New Walterville, FM 52667",dan.smith@equinixinc.com
Starbucks Corp,SBUX,ServiceNow Inc,NOW,Service Provider,7.52,IT Service Management,2024-03-28,2447639.81,,
Eli Lilly,LLY,IBM Corp,IBM,Service Provider,17.05,Cloud,2024-04-24,7653634.46,"898 Escobar Shoals, Craigfurt, WV 05840",joshua.skinner@ibmcorp.com
JPMorgan Chase,JPM,DHL Express,DHL.DE,Logistics Partner,19.82,International Shipping,2024-01-27,6630172.86,"0009 Mark Springs Apt. 596, South Abigail, SC 73489",travis.scott@dhlexpress.com
Goldman Sachs,GS,FIS Global,FIS,Service Provider,19.24,Payments,2025-09-21,1222162.53,"787 Rebecca Track Apt. 111, North Denise, HI 90552",amber.sanders@fisglobal.com
Amazon.com Inc,AMZN,Deloitte,DLT,Service Provider,3.11,Consulting,2023-03-16,8635095.45,"3370 Brandon Lake Apt. 605, Kristyshire, NM 11369",joshua.morris@deloitte.com
Walt Disney Co,DIS,Workday Inc,WDAY,Service Provider,16.78,Finance,2022-02-14,3102929.06,,
JPMorgan Chase,JPM,Bloomberg LP,BBG,Service Provider,17.11,Trading Systems,2022-05-01,4763782.0,"10158 Wood Mills, North Lisa, NJ 08042",louis.miller@bloomberglp.com
Netflix Inc,NFLX,UPS Inc,UPS,Logistics Partner,13.82,Supply Chain,2022-02-18,5450347.55,"571 Carolyn Forge Apt. 853, North Bradleyton, MH 08364",steven.williams@upsinc.com
Costco Wholesale,COST,Workday Inc,WDAY,Service Provider,17.2,Finance,2023-08-30,7097134.31,"73512 Jackson Shore, South Amberburgh, LA 26940",lindsey.livingston@workdayinc.com
Meta Platforms Inc,META,Acme Widget Corp,ACME,Service Provider,13.14,IT Infrastructure,2024-01-11,199695.1,,patrick.ponce@ibmcorp.com
AMD Inc,AMD,TSMC,TSM,Contract Manufacturer,7.62,Advanced Packaging,2025-11-16,3657557.23,"88983 Mark Inlet, New Brooke, NJ 34830",martha.howard@tsmc.com
Lockheed Martin,LMT,Workday Inc,WDAY,Service Provider,16.37,HR Software,2024-12-06,3070706.17,,
Goldman Sachs,GS,Refinitiv,LSEG.L,Service Provider,2.14,Financial Data,2024-09-14,2769364.25,"2931 Davis Valleys Apt. 788, West Kimberly, FM 50502",melinda.ramos@refinitiv.com
Broadcom Inc,AVGO,Accenture plc,ACN,Service Provider,13.23,IT Services,2025-01-19,6262378.82,"39822 Linda Burg Apt. 966, Port Shelby, VA 05731",jennifer.flores@accentureplc.com
Apple Inc,AAPL,Deloitte,DLT,Service Provider,12.54,Audit,2024-06-08,1613182.58,"4149 Gardner Lane, Davishaven, NV 91482",katrina.wright@deloitte.com
Coca-Cola Co,KO,IBM Corp,IBM,Service Provider,,IT Infrastructure,2025-01-11,4376048.46,,natasha.rivera@ibmcorp.com
JPMorgan Chase,JPM,FedEx Corp,FDX,Logistics Partner,8.2,Express Delivery,2025-03-15,9424270.37,"USNV Moore, FPO AE 75966",emily.hawkins@fedexcorp.com
NVIDIA Corp,NVDA,,,Service Provider,4.45,IT Services,2025-04-24,2175682.51,,
Qualcomm Inc,QCOM,ASE Technology,ASX,Contract Manufacturer,20.64,Semiconductor Packaging,2024-02-25,1946573.19,"061 Cline Trail, Markside, NH 01545",david.nunez@asetechnolog.com
Texas Instruments,TXN,SAP SE,SAP,Service Provider,4.58,ERP,2024-02-27,8441110.32,"59266 Gardner Ridges, Lake Theresa, MO 91789",joseph.ramos@sapse.com
Texas Instruments,TXN,Lam Research,LRCX,Direct Supplier,8.72,Etch Equipment,2025-06-25,3740942.92,"9393 Susan Pass Apt. 402, Wallerfurt, PW 30030",alyssa.james@lamresearch.com
Walt Disney Co,DIS,SAP SE,SAP,Service Provider,14.8,Business Software,2023-04-01,6878865.2,"8243 Contreras Overpass Suite 958, Phillipsbury, DE 99455",jose.james@sapse.com
Nike Inc,NKE,SAP SE,SAP,Service Provider,17.11,ERP,2022-12-29,5457941.95,"038 Lucas Estates Apt. 313, New Christine, NE 64227",karen.jensen@sapse.com
JPMorgan Chase,JPM,Deloitte,DLT,Service Provider,N/A,Consulting,2024-06-02,8570560.39,"8572 Williams Port, West Jordan, WV 52199",allen.lopez@deloitte.com
Intel Corp,INTC,TSMC,TSM,Contract Manufacturer,32.36,Wafer Fabrication,2022-09-06,4591795.16,"277 Lisa Circles Suite 043, Port Jameston, MD 41143",jill.cook@tsmc.com
Qualcomm Inc,QCOM,Sumco Corp,3436.T,Direct Supplier,4.73,Silicon Wafers,2023-07-26,868504.24,,raymond.vang@sumcocorp.com
Merck & Co,MRK,Workday Inc,WDAY,Service Provider,15.34,Finance,2024-09-11,5339008.47,,becky.wilson@workdayinc.com
JPMorgan Chase,JPM,IBM Corp,IBM,Service Provider,5.29,Cloud,2023-06-25,7673709.73,"56596 Ford Prairie Suite 575, Cherylstad, MN 03832",cynthia.cole@ibmcorp.com
NVIDIA Corp,NVDA,UPS Inc,UPS,Logistics Partner,18.58,Supply Chain,2025-06-20,9174797.06,"651 James Ville Suite 372, South Kendra, WI 69877",larry.peterson@upsinc.com
JPMorgan Chase,JPM,Deloitte,DLT,Service Provider,13.67,Consulting,2024-11-23,9630571.23,,
Home Depot,HD,Iron Mountain,IRM,Service Provider,16.84,Records Management,2022-06-14,913298.21,,
FactSet Research,FDS,Deloitte,DLT,Service Provider,1.06,Audit,2024-12-03,5738786.01,,nancy.myers@deloitte.com
Boeing Co,BA,Honeywell Intl,HON,Direct Supplier,18.97,APUs,2025-08-28,3041909.65,"4140 Chavez Walk Suite 229, Charlesville, SC 00741",traci.maddox@honeywellint.com
Broadcom Inc,AVGO,SK Hynix,000660.KS,Direct Supplier,14.75,DRAM,2022-07-27,9052554.87,"3740 Zachary Roads, South Donald, OR 42836",maria.bauer@skhynix.com
Chevron Corp,CVX,Iron Mountain,IRM,Service Provider,14.01,Records Management,2024-05-01,7115916.61,"50505 Hall Oval, Stevensonland, MI 56588",donna.alvarez@ironmountain.com
Apple Inc,AAPL,IBM Corp,IBM,Service Provider,14.21,Cloud,2024-12-22,5370913.33,"0968 Jordan Rue Suite 987, South Heatherfurt, WY 21248",stephanie.sellers@ibmcorp.com
NVIDIA Corp,NVDA,ASE Technology,ASX,Contract Manufacturer,1.44,Testing,2023-01-14,9596243.38,,
Broadcom Inc,AVGO,Lam Research,LRCX,Direct Supplier,12.28,Etch Equipment,2023-05-20,4000848.6,,
Texas Instruments,TXN,Samsung Electronics,005930.KS,Contract Manufacturer,12.6,Foundry Services,2024-10-24,427083.2,"2414 Martinez Passage, Pittsfurt, GA 10312",lauren.sharp@samsungelect.com
Johnson & Johnson,JNJ,Danaher Corp,DHR,Direct Supplier,13.97,Diagnostics,2022-09-10,5545498.19,,
Cisco Systems,CSCO,,,Service Provider,1.0,Audit,2025-05-21,8804995.68,"6732 Stacey Ford, Samanthamouth, KY 74462",emily.walker@deloitte.com
Starbucks Corp,SBUX,SAP SE,SAP,Service Provider,8.97,Business Software,2023-02-19,2977300.9,"2552 Stevens Common, Anthonybury, ID 46011",james.richardson@sapse.com
Walt Disney Co,DIS,UPS Inc,UPS,Logistics Partner,4.53,Supply Chain,2025-07-25,5396923.74,"USNV Frederick, FPO AA 99710",nicholas.meyer@upsinc.com
Qualcomm Inc,QCOM,Entegris Inc,ENTG,Direct Supplier,14.61,Filtration,2025-09-24,2933869.43,,jennifer.hunter@entegrisinc.com
Adobe Inc,ADBE,Workday Inc,WDAY,Service Provider,3.82,Finance,2024-05-18,4882333.96,"463 Gomez Ways, Tommyfort, FM 79696",ashley.bennett@workdayinc.com
Eli Lilly,LLY,IQVIA Holdings,IQV,Service Provider,18.07,Data Analytics,2024-09-20,7080928.49,"24510 Vanessa Ridges, Port Sandraburgh, MH 51732",erika.hull@iqviaholding.com
Salesforce Inc,CRM,Palo Alto Networks,PANW,Service Provider,8.42,Network Security,2024-01-03,726130.54,"558 Hayes Haven, Michellechester, IL 92549",kelsey.fischer@paloaltonetw.com
Qualcomm Inc,QCOM,ASE Technology,ASX,Contract Manufacturer,16.15,Testing,2022-12-22,5783958.68,,
Qualcomm Inc,QCOM,Tokyo Electron,8035.T,Direct Supplier,18.4,Etch Systems,2024-04-01,1131697.21,"143 Estrada Street Suite 342, Catherinechester, FL 56839",tonya.armstrong@tokyoelectro.com
Alphabet Inc,GOOGL,IBM Corp,IBM,Service Provider,15.27,Cloud,2025-08-14,7523805.88,"4130 Hicks Manor, West Billy, UT 67603",morgan.alvarez@ibmcorp.com
Lockheed Martin,LMT,General Dynamics,GD,Tier 2 Supplier,5.12,Combat Systems,2022-01-14,5314408.93,,
Netflix Inc,NFLX,Deloitte,DLT,Service Provider,6.83,Audit,2024-04-14,6802155.25,"7864 Porter Pike Suite 555, Bellburgh, KS 62138",richard.smith@deloitte.com
Merck & Co,MRK,ServiceNow Inc,NOW,Service Provider,17.92,IT Service Management,2025-10-30,3906961.0,"55967 Perez Fort Suite 965, Shelbybury, OK 14774",andrew.weeks@servicenowin.com
Oracle Corp,ORCL,CrowdStrike,CRWD,Service Provider,6.35,Endpoint Security,2025-02-27,5477678.16,,
General Electric,GE,DHL Express,DHL.DE,Logistics Partner,18.19,International Shipping,2022-12-15,6522983.42,,william.stevenson@dhlexpress.com
Costco Wholesale,COST,Iron Mountain,IRM,Service Provider,7.35,Data Storage,2025-09-12,4904151.12,"304 John Point Apt. 496, Millerhaven, IL 19161",steven.russell@ironmountain.com
Boeing Co,BA,TransDigm Group,TDG,Direct Supplier,9.9,Valves,2022-11-03,5510602.24,"PSC 3352, Box 1103, APO AP 19857",cindy.alexander@transdigmgro.com
Adobe Inc,ADBE,Snowflake Inc,SNOW,Service Provider,11.3,Data Warehousing,2024-11-03,115960.93,,
Boeing Co,BA,Hexcel Corp,HXL,Direct Supplier,19.59,Carbon Fiber Composites,2024-05-08,9876378.7,,alyssa.fry@hexcelcorp.com
Apple Inc,AAPL,Texas Instruments,TXN,Direct Supplier,2.57,Analog Chips,2024-11-01,814779.48,"0801 Rivers Views Apt. 453, South Chelseabury, MD 94766",amber.cohen@texasinstrum.com
Intel Corp,INTC,UPS Inc,UPS,Logistics Partner,3.42,Supply Chain,2023-10-04,9542982.76,"0721 Sandoval Squares Suite 024, Lake George, GA 96835",jason.howell@upsinc.com
Ford Motor Co,F,Continental AG,CON.DE,Direct Supplier,9.22,Brake Systems,2024-04-13,2776654.18,"6102 Francis Garden Suite 202, East Erin, IN 35715",steve.greene@continentala.com
Caterpillar Inc,CAT,SAP SE,SAP,Service Provider,12.32,ERP,2022-09-22,2216229.68,"PSC 5818, Box 1106, APO AP 80395",pamela.fisher@sapse.com
Merck & Co,MRK,Deloitte,DLT,Service Provider,334.58,Audit,2024-02-08,7309516.86,"34714 Wilson Fields, Nelsontown, WI 17240",thomas.mendoza@deloitte.com
Texas Instruments,TXN,Micron Technology,MU,Direct Supplier,18.12,DRAM Modules,2022-12-23,2165289.0,,
Intel Corp,INTC,Entegris Inc,ENTG,Direct Supplier,2.96,Specialty Chemicals,2025-08-25,8516595.07,,dennis.larsen@entegrisinc.com
FactSet Research,FDS,SAP SE,SAP,Service Provider,19.9,Business Software,2023-12-18,7229663.34,"10014 Wilson Trace Suite 785, Nathanshire, WA 85554",michael.phillips@sapse.com
Microsoft Corp,MSFT,UPS Inc,UPS,Logistics Partner,3.21,Shipping,2022-09-21,4293834.07,"7721 Isabel Overpass, South Justin, DE 07108",danielle.graham@upsinc.com
Caterpillar Inc,CAT,,,Direct Supplier,8.59,Electrical Components,2024-11-13,6311218.56,"9610 Lamb Ranch Suite 374, Port Dylanland, NC 64868",chad.adams@eatoncorp.com
NVIDIA Corp,NVDA,Entegris Inc,ENTG,Direct Supplier,9.84,Specialty Chemicals,2023-10-21,8992502.54,"34019 Jennifer Prairie Apt. 605, Whitemouth, MA 87465",mark.scott@entegrisinc.com
Apple Inc,AAPL,Corning Inc,GLW,Direct Supplier,17.27,Optical Components,2025-09-12,9941166.29,"2752 Tammy Creek Suite 173, Kevinshire, TN 37799",tina.walton@corninginc.com
Broadcom Inc,AVGO,ASE Technology,ASX,Contract Manufacturer,12.21,Testing,2023-04-30,6178315.6,,
Netflix Inc,NFLX,Workday Inc,WDAY,Service Provider,1.92,Finance,2024-10-15,1980255.77,"131 Teresa Knolls Apt. 089, North Wendy, UT 20425",terri.marsh@workdayinc.com
Microsoft Corp,MSFT,UPS Inc,UPS,Logistics Partner,1.37,Supply Chain,2022-08-08,7437046.01,"842 Sloan Orchard Suite 517, East Karenbury, VI 89148",robert.gonzalez@upsinc.com
Apple Inc,AAPL,Broadcom Inc,AVGO,Direct Supplier,10.29,Bluetooth Modules,2024-07-02,1816957.76,"69026 Stephanie Fork Suite 818, New Thomashaven, NC 58306",anthony.lynch@broadcominc.com
General Motors,GM,Robert Bosch,BOSCH.DE,Direct Supplier,1.27,ABS Systems,not_a_date,7518596.99,,jermaine.thomas@robertbosch.com
AMD Inc,AMD,Workday Inc,WDAY,Service Provider,2.16,Finance,2023-04-12,2477208.93,"02940 Knight Views Suite 252, East Jeremystad, NY 81766",vanessa.guerrero@workdayinc.com
Boeing Co,BA,Accenture plc,ACN,Service Provider,6.99,Consulting,2022-05-23,1708122.27,"674 Philip Overpass Apt. 206, North Stephen, MI 22607",scott.stone@accentureplc.com
PepsiCo Inc,PEP,IBM Corp,IBM,Service Provider,7.83,IT Infrastructure,2023-11-05,64826.42,,christine.hubbard@ibmcorp.com
JPMorgan Chase,JPM,FIS Global,FIS,Service Provider,17.6,Core Banking Platform,2025-12-08,2756173.81,,caroline.foley@fisglobal.com
Microsoft Corp,MSFT,Snowflake Inc,SNOW,Service Provider,3.64,Data Warehousing,2025-04-10,5674007.89,"8867 Kane Square Apt. 963, Williamsfort, VT 50469",tracy.hernandez@snowflakeinc.com
Apple Inc,AAPL,UPS Inc,UPS,Logistics Partner,3.44,Shipping,2024-01-21,3521324.04,"1231 Jennifer Knolls, Murraytown, KY 99848",randy.bailey@upsinc.com
Tesla Inc,TSLA,CATL,300750.SZ,Direct Supplier,15.04,Lithium-Ion Batteries,2023-12-28,9501694.6,"86747 Michelle Dam, East Markshire, CO 75428",lauren.thompson@catl.com
Adobe Inc,ADBE,Google Cloud,GOOGL,Service Provider,5.0,Cloud Infrastructure,2023-12-22,1080825.63,"120 Love Camp Apt. 102, Angelashire, GU 30338",jamie.poole@googlecloud.com
FactSet Research,FDS,Deloitte,DLT,Service Provider,16.39,Audit,2025-10-08,1327804.38,,
Netflix Inc,NFLX,DHL Express,DHL.DE,Logistics Partner,12.24,International Shipping,2023-04-24,1804830.82,,taylor.williams@dhlexpress.com
Netflix Inc,NFLX,FedEx Corp,FDX,Logistics Partner,8.09,Express Delivery,2025-03-24,224573.55,"USCGC Thompson, FPO AA 14231",cynthia.ware@fedexcorp.com
Eli Lilly,LLY,Iron Mountain,IRM,Service Provider,pending,Data Storage,2023-05-16,133251.59,,
Amazon.com Inc,AMZN,IBM Corp,IBM,Service Provider,10.48,Cloud,2023-02-18,1559122.32,"USCGC Montgomery, FPO AA 18786",michelle.reynolds@ibmcorp.com
Walt Disney Co,DIS,Workday Inc,WDAY,Service Provider,9.12,HR Software,2023-12-16,9349815.53,"09981 Mary Wall Suite 192, New Abigail, PR 40596",tonya.raymond@workdayinc.com
Nike Inc,NKE,UPS Inc,UPS,Logistics Partner,8.56,Shipping,2022-08-03,2515929.99,,cameron.garrison@upsinc.com
Starbucks Corp,SBUX,Accenture plc,ACN,Service Provider,8.35,Consulting,2023-07-18,5759716.32,,
Procter & Gamble,PG,Workday Inc,WDAY,Service Provider,13.75,HR Software,2022-10-10,4908363.62,"62733 Walter Ports, East Kevinport, ME 52506",jessica.pope@workdayinc.com
Microsoft Corp,MSFT,Equinix Inc,EQIX,Service Provider,341.4,Data Center Colocation,2025-05-11,9774399.03,,catherine.english@equinixinc.com
Tesla Inc,TSLA,IBM Corp,IBM,Service Provider,15.74,Cloud,2022-03-13,2070795.98,,drew.malone@ibmcorp.com
Home Depot,HD,UPS Inc,UPS,Logistics Partner,17.2,Shipping,2022-05-08,3723767.79,"7287 Roger Road Apt. 141, Port Daniel, MH 99681",jeremy.williams@upsinc.com
Ford Motor Co,F,,,Service Provider,1.81,Audit,2024-04-20,7121323.97,"56735 Leah Fork, Carlyland, NJ 57150",dana.cox@deloitte.com
Chevron Corp,CVX,FedEx Corp,FDX,Logistics Partner,10.74,Express Delivery,2023-01-20,2738081.1,,
Netflix Inc,NFLX,Soylent Corp,SOYL,Logistics Partner,19.87,International Shipping,2022-01-13,7616904.78,"507 Simpson Port, Hudsonshire, IL 88041",kathleen.ferguson@dhlexpress.com
Eli Lilly,LLY,ServiceNow Inc,NOW,Service Provider,,IT Service Management,2024-05-21,7692778.13,,ryan.white@servicenowin.com
Ford Motor Co,F,Workday Inc,WDAY,Service Provider,7.71,HR Software,2023-08-11,2297549.7,"52731 Karen Ferry, South Lance, CA 34399",susan.leblanc@workdayinc.com
Broadcom Inc,AVGO,Samsung Electronics,005930.KS,Contract Manufacturer,6.28,Foundry Services,2022-01-26,5761938.99,"261 Martin Garden, Rhodesside, MA 50812",harry.jefferson@samsungelect.com
Caterpillar Inc,CAT,SAP SE,SAP,Service Provider,3.29,ERP,2024-10-02,8020949.19,"858 Maria Plains Apt. 567, South Kristina, AK 97449",susan.hill@sapse.com
Oracle Corp,ORCL,Equinix Inc,EQIX,Service Provider,low,Data Center Colocation,2024-03-03,244360.54,,
Procter & Gamble,PG,FedEx Corp,FDX,Logistics Partner,14.36,Freight,2022-05-25,6289843.05,,
Boeing Co,BA,DHL Express,DHL.DE,Logistics Partner,,International Shipping,2025-12-20,3212697.1,"4335 Derrick Mill, Port Stacytown, NV 98011",sarah.barrett@dhlexpress.com
General Electric,GE,Workday Inc,WDAY,Service Provider,10.32,HR Software,2025-04-13,7883018.08,,holly.howard@workdayinc.com
Intel Corp,INTC,Tokyo Electron,8035.T,Direct Supplier,9.99,Etch Systems,2022-11-18,9443492.13,"052 Jonathan Club Apt. 395, Scottview, AR 93516",lisa.stewart@tokyoelectro.com
General Electric,GE,IBM Corp,IBM,Service Provider,5.23,Cloud,2024-08-17,5913132.68,,
Lockheed Martin,LMT,IBM Corp,IBM,Service Provider,12.49,Cloud,2022-07-02,1919960.12,"487 Armstrong Port Suite 267, East Rebecca, KY 89970",sarah.goodwin@ibmcorp.com
Meta Platforms Inc,META,UPS Inc,UPS,Logistics Partner,10.6,Supply Chain,2022-10-31,5781316.92,"9924 Fox Shore Apt. 446, Port Ashley, VT 44404",felicia.dunn@upsinc.com
Merck & Co,MRK,SAP SE,SAP,Service Provider,0.88,ERP,2025-02-24,1986820.25,"292 Christopher Walks Suite 397, Ramirezchester, WA 32830",stephen.jackson@sapse.com
Caterpillar Inc,CAT,IBM Corp,IBM,Service Provider,2.71,Cloud,2023-04-28,3009357.88,"786 Kimberly Cove, Hensonberg, WV 47002",john.christensen@ibmcorp.com
Home Depot,HD,Deloitte,DLT,Service Provider,8.48,Audit,2024-11-21,6574997.92,,
Boeing Co,BA,Honeywell Intl,HON,Direct Supplier,4.7,Flight Controls,2024-10-25,3770916.8,"157 Tracy Spurs, New Dawnton, VA 76035",lisa.davis@honeywellint.com
Chevron Corp,CVX,Deloitte,DLT,Service Provider,15.13,Consulting,2024-04-05,4561698.47,,renee.austin@deloitte.com
Netflix Inc,NFLX,FedEx Corp,FDX,Logistics Partner,4.51,Express Delivery,2024-04-02,2046042.58,"748 Leach Well Suite 713, Port Crystalside, KS 34900",paul.diaz@fedexcorp.com
Apple Inc,AAPL,Texas Instruments,TXN,Direct Supplier,,Analog Chips,2024-07-12,9077915.94,"6259 Jeffery Pines Suite 879, South Paulatown, AS 35005",jamie.morgan@texasinstrum.com
Broadcom Inc,AVGO,Deloitte,DLT,Service Provider,8.3,Audit,2022-09-29,123719.69,,
JPMorgan Chase,JPM,Bloomberg LP,BBG,Service Provider,6.61,Market Data,2023-08-18,4914155.2,,
Tesla Inc,TSLA,SAP SE,SAP,Service Provider,,Business Software,2025-11-03,4928569.21,"PSC 1599, Box 5274, APO AA 71724",andrew.barnes@sapse.com
Home Depot,HD,IBM Corp,IBM,Service Provider,17.05,IT Infrastructure,2022-10-17,1306968.92,"PSC 6779, Box 4668, APO AA 27305",steven.mclean@ibmcorp.com
Cisco Systems,CSCO,Workday Inc,WDAY,Service Provider,12.47,Finance,2022-02-17,1445685.86,"69390 Garcia Coves Suite 967, New Jefferyville, ID 02240",jenna.mccoy@workdayinc.com
Tesla Inc,TSLA,CATL,300750.SZ,Direct Supplier,12.99,Battery Systems,2023-10-18,4261284.64,,
Eli Lilly,LLY,Thermo Fisher,TMO,Direct Supplier,34.12,Lab Equipment,2025-08-08,787941.95,"8795 Gomez Union Suite 420, Jessicashire, KS 08551",brian.cooper@thermofisher.com
Goldman Sachs,GS,UPS Inc,UPS,Logistics Partner,5.91,Shipping,2023-09-22,4829983.14,,monica.fletcher@upsinc.com
General Motors,GM,ServiceNow Inc,NOW,Service Provider,14.19,IT Service Management,2024-08-28,3140631.84,"8423 Jasmin Lock, West Michael, KY 54833",danielle.juarez@servicenowin.com
Home Depot,HD,Workday Inc,WDAY,Service Provider,4.07,HR Software,2024-12-29,5652661.7,"65487 Emily Plaza, Lisamouth, OR 42832",tina.henson@workdayinc.com
Lockheed Martin,LMT,IBM Corp,IBM,Service Provider,2.41,IT Infrastructure,2022-12-15,8884916.11,"9143 Thomas Knoll, Port Erika, MS 55887",eric.miller@ibmcorp.com
Home Depot,HD,DHL Express,DHL.DE,Logistics Partner,9.93,International Shipping,2024-12-25,6799167.5,"3656 Jonathan Isle, North Richardstad, MD 92124",brittany.mclean@dhlexpress.com
Oracle Corp,ORCL,Deloitte,DLT,Service Provider,16.86,Consulting,2024-06-03,1581598.3,"512 Newman Well, Brownside, PW 55351",paul.martin@deloitte.com
Goldman Sachs,GS,SAP SE,SAP,Service Provider,10.84,ERP,2025-09-08,6799088.72,"83543 Jenkins Isle Suite 390, Gloverfurt, VA 71070",danielle.boyer@sapse.com
Broadcom Inc,AVGO,UPS Inc,UPS,Logistics Partner,19.58,Shipping,2025-12-31,8000754.12,"085 Timothy Garden Apt. 895, West Michaelborough, KS 05355",charles.sherman@upsinc.com
Adobe Inc,ADBE,Amazon Web Services,AMZN,Service Provider,TBD,Cloud Infrastructure,2022-07-10,4347171.36,"USCGC Barajas, FPO AP 01654",mark.carter@amazonwebser.com
JPMorgan Chase,JPM,SAP SE,SAP,Service Provider,10.6,Business Software,2025-07-25,9234582.01,"59556 Ruiz Hill, East Michealport, FL 77994",robert.may@sapse.com
Qualcomm Inc,QCOM,DHL Express,DHL.DE,Logistics Partner,18.55,International Shipping,2022-01-16,7925879.38,,
Johnson & Johnson,JNJ,Charles River Labs,CRL,Service Provider,16.4,Safety Testing,2024-01-05,9519460.58,"875 Carson Center, Lake Davidfort, MA 87403",adam.clark@charlesriver.com
Salesforce Inc,CRM,Iron Mountain,IRM,Service Provider,7.2,Records Management,2022-07-17,8488626.48,,jesse.snow@ironmountain.com
Microsoft Corp,MSFT,Acme Widget Corp,ACME,Service Provider,6.23,Data Center Colocation,2022-04-19,2403249.71,"45365 James Path, Rodriguezbury, MT 61573",julia.wood@equinixinc.com
General Motors,GM,ZF Friedrichshafen,ZF.DE,Direct Supplier,3.78,Steering Systems,2022-02-14,1888838.14,"528 Donna Loaf, Cooperland, OH 25585",haley.schmitt@zffriedrichs.com
Qualcomm Inc,QCOM,Sumco Corp,3436.T,Direct Supplier,16.68,Silicon Wafers,2024-04-12,2788411.46,"6623 Michaela Stream, Port Nathantown, OR 85530",jon.ellis@sumcocorp.com
AMD Inc,AMD,Workday Inc,WDAY,Service Provider,8.94,HR Software,2022-04-07,4101222.07,"71910 Michael Forges, Briggsstad, RI 19971",kevin.powers@workdayinc.com
JPMorgan Chase,JPM,SS&C Technologies,SSNC,Service Provider,2.27,Risk Analytics,2022-10-27,2596883.81,"895 Richmond Harbor Apt. 937, Andrewsview, HI 53864",jillian.jones@ss&ctechnolo.com
Oracle Corp,ORCL,Equinix Inc,EQIX,Service Provider,,Data Center Colocation,2024-10-17,3692212.26,,
Goldman Sachs,GS,,,Service Provider,18.87,Trading Systems,2022-03-29,8304351.59,"Unit 6841 Box 4344, DPO AA 22765",jessica.lindsey@bloomberglp.com
Adobe Inc,ADBE,UPS Inc,UPS,Logistics Partner,13.44,Shipping,2025-10-31,2554098.31,"PSC 4696, Box 4589, APO AE 33438",cory.hicks@upsinc.com
Salesforce Inc,CRM,Google Cloud,GOOGL,Service Provider,2.76,Cloud Infrastructure,2025-11-25,5550599.01,"6651 Brown Fort, Jamesmouth, MO 68443",james.hensley@googlecloud.com
Nike Inc,NKE,FedEx Corp,FDX,Logistics Partner,10.05,Express Delivery,2022-06-11,3978303.43,"47743 Judy Mews, North Brandi, SC 88143",daniel.cole@fedexcorp.com
AMD Inc,AMD,Samsung Electronics,005930.KS,Contract Manufacturer,1.19,Memory Chips,2023-09-11,2817469.77,"29153 Harris Islands, South Charles, OR 61318",sarah.martin@samsungelect.com
General Motors,GM,Deloitte,DLT,Service Provider,19.16,Audit,2024-10-05,1043935.96,"6118 Andrea Curve Apt. 075, Torresstad, OH 31624",ryan.hoover@deloitte.com
Caterpillar Inc,CAT,Illinois Tool Works,ITW,Direct Supplier,29.49,Fasteners,2023-07-10,9333588.14,"552 William Cliff Apt. 908, Lake James, LA 23015",jack.bell@illinoistool.com
Qualcomm Inc,QCOM,ServiceNow Inc,NOW,Service Provider,TBD,IT Service Management,2023-12-22,3866090.29,,willie.bell@servicenowin.com
Intel Corp,INTC,ASE Technology,ASX,Contract Manufacturer,15.02,Semiconductor Packaging,2023-05-14,6216673.97,"4705 Charles Village Apt. 058, Lake Kimberly, IA 01597",emily.patterson@asetechnolog.com
Lockheed Martin,LMT,UPS Inc,UPS,Logistics Partner,7.9,Shipping,2022-01-28,1421785.56,,
AMD Inc,AMD,ASML Holding,ASML,Direct Supplier,10.77,EUV Lithography Equipment,2025-11-28,7736184.81,"04991 Mitchell Row Suite 287, Jamesville, MA 21799",wendy.sanders@asmlholding.com
Broadcom Inc,AVGO,IBM Corp,IBM,Service Provider,2.77,Cloud,2023-04-02,4211634.27,,
Nike Inc,NKE,Workday Inc,WDAY,Service Provider,6.65,Finance,2022-07-16,543872.66,"62607 Combs Corner Apt. 415, Port Kellyfort, UT 43926",david.daniels@workdayinc.com
Nike Inc,NKE,SAP SE,SAP,Service Provider,13.99,Business Software,2024-03-09,4772166.33,"610 Lisa Field Suite 614, Lake Joeside, LA 42355",danny.kent@sapse.com
Adobe Inc,ADBE,Microsoft Azure,MSFT,Service Provider,5.1,Cloud Platform,2025-04-22,9294284.43,,
FactSet Research,FDS,Deloitte,DLT,Service Provider,6.95,Audit,2023-05-04,3088531.03,"7912 Kelly Lane Apt. 415, New Jimmyfort, TX 13714",brian.white@deloitte.com
Cisco Systems,CSCO,Accenture plc,ACN,Service Provider,17.37,Consulting,2024-02-06,4939964.49,"3729 Nelson Turnpike Suite 038, North Robertmouth, OH 46528",carrie.gonzalez@accentureplc.com
Nike Inc,NKE,ServiceNow Inc,NOW,Service Provider,4.1,IT Service Management,2025-02-19,6114544.4,"4942 Kathryn Extensions Apt. 660, Gregghaven, WY 13911",carrie.thomas@servicenowin.com
Goldman Sachs,GS,Workday Inc,WDAY,Service Provider,2.11,HR Software,2024-07-08,8860083.38,"745 Christopher Shores, Morganland, NE 01053",christine.lane@workdayinc.com
PepsiCo Inc,PEP,Deloitte,DLT,Service Provider,15.48,Consulting,2025-02-10,4178661.75,,vicki.reyes@deloitte.com
Lockheed Martin,LMT,UPS Inc,UPS,Logistics Partner,19.57,Supply Chain,2023-06-17,5312901.73,,
Tesla Inc,TSLA,Mobileye Global,MBLY,Direct Supplier,10.07,ADAS Chips,2024-07-27,3231201.87,,
Cisco Systems,CSCO,Workday Inc,WDAY,Service Provider,1.97,Finance,2022-01-17,1071502.04,"1826 Church Trafficway, Port Linda, NH 12354",christopher.carney@workdayinc.com
Adobe Inc,ADBE,Deloitte,DLT,Service Provider,14.28,Consulting,2024-08-21,2031839.44,"451 Aaron Stravenue, Victoriachester, MI 33234",cristian.larson@deloitte.com
Microsoft Corp,MSFT,Datadog Inc,DDOG,Service Provider,3.47,Monitoring,2025-10-07,6472732.85,"Unit 1745 Box 9615, DPO AP 70443",douglas.pitts@datadoginc.com
Adobe Inc,ADBE,SAP SE,SAP,Service Provider,8.05,ERP,2022-09-22,7322793.65,,
Cisco Systems,CSCO,Deloitte,DLT,Service Provider,4.6,Consulting,2024-09-01,6963076.69,"03073 Anderson Circle Suite 201, Amandachester, GU 63674",phillip.harrington@deloitte.com
Merck & Co,MRK,Iron Mountain,IRM,Service Provider,-4.64,Data Storage,2022-05-29,9188637.36,,
PepsiCo Inc,PEP,Deloitte,DLT,Service Provider,3.71,Audit,2023-09-26,5494003.72,"17394 Benson Drives Suite 872, Port Julie, OH 46244",susan.austin@deloitte.com
Intel Corp,INTC,Iron Mountain,IRM,Service Provider,7.09,Data Storage,2024-04-15,1513419.92,,
Goldman Sachs,GS,,,Service Provider,5.37,Audit,2025-11-10,2510721.95,"095 King Village Apt. 854, East Jefferyborough, NE 51889",cynthia.freeman@deloitte.com
Home Depot,HD,Iron Mountain,IRM,Service Provider,18.86,Records Management,2024-02-15,8315731.36,"72765 Linda Haven, Stacyborough, KY 14030",kylie.bennett@ironmountain.com
Cisco Systems,CSCO,SAP SE,SAP,Service Provider,1.81,ERP,2023-12-24,4126837.35,"9708 Fisher Walks Suite 591, Lake Nicholaschester, VA 28361",barbara.wong@sapse.com
Adobe Inc,ADBE,,,Service Provider,4.83,Edge Computing,2024-07-24,7434537.36,,christine.stokes@akamaitechno.com
FactSet Research,FDS,UPS Inc,UPS,Logistics Partner,15.69,Supply Chain,2023-05-11,7356418.88,"6834 Nicholas Stream, Mooremouth, WY 02522",christina.richardson@upsinc.com
Qualcomm Inc,QCOM,Lam Research,LRCX,Direct Supplier,18.52,Etch Equipment,2022-06-28,2910361.44,,elizabeth.hess@lamresearch.com
Goldman Sachs,GS,Workday Inc,WDAY,Service Provider,4.51,Finance,2023-09-26,9657686.54,"95935 Dominique Plain, Leefort, WI 72782",shawn.parsons@workdayinc.com
Caterpillar Inc,CAT,UPS Inc,UPS,Logistics Partner,11.37,Supply Chain,2025-06-16,6648521.1,"5192 Garcia Curve Suite 348, Adamchester, PR 11921",david.hunter@upsinc.com
Oracle Corp,ORCL,Datadog Inc,DDOG,Service Provider,16.86,Monitoring,2024-13-45,3592472.36,"USS Jensen, FPO AE 04590",laura.estrada@datadoginc.com
Coca-Cola Co,KO,Workday Inc,WDAY,Service Provider,6.04,HR Software,2022-11-04,274147.52,,
PepsiCo Inc,PEP,Iron Mountain,IRM,Service Provider,10.05,Data Storage,2024-03-03,3165762.7,"401 Price Loaf, Port Janetfurt, AZ 61505",anthony.knight@ironmountain.com
Adobe Inc,ADBE,CrowdStrike,CRWD,Service Provider,5.91,Endpoint Security,2025-03-08,5982426.53,"272 Ashley Port, Lake Jessica, MI 05798",melanie.drake@crowdstrike.com
Meta Platforms Inc,META,Iron Mountain,IRM,Service Provider,3.72,Data Storage,2024-08-31,8752410.19,"49867 Danny Brook Apt. 877, East Johnmouth, NH 06662",david.carter@ironmountain.com
NVIDIA Corp,NVDA,SAP SE,SAP,Service Provider,12.14,ERP,2023-12-14,3066797.11,"261 Reese Tunnel Apt. 629, West Manuel, PA 88124",renee.griffith@sapse.com
Tesla Inc,TSLA,Albemarle Corp,ALB,Direct Supplier,17.68,Lithium,2023-04-16,268567.3,"298 Ricky Mountain Suite 190, Edwardsmouth, MO 10799",samantha.caldwell@albemarlecor.com
Salesforce Inc,CRM,CrowdStrike,CRWD,Service Provider,7.96,Endpoint Security,2024-12-22,2984232.57,"84066 Frye Spur Suite 800, Jamesmouth, MP 30064",jodi.hancock@crowdstrike.com
Adobe Inc,ADBE,FedEx Corp,FDX,Logistics Partner,11.26,Express Delivery,2025-02-26,373487.58,,matthew.padilla@fedexcorp.com
Netflix Inc,NFLX,IBM Corp,IBM,Service Provider,2.37,Cloud,2025-12-10,5393740.96,,
PepsiCo Inc,PEP,IBM Corp,IBM,Service Provider,12.98,IT Infrastructure,2022-10-28,8718829.87,"4027 Sandra Burg, East Michellestad, IL 12745",tanya.good@ibmcorp.com
Broadcom Inc,AVGO,DHL Express,DHL.DE,Logistics Partner,18.72,International Shipping,2025-09-23,3935314.02,"4835 Robert Circle Suite 486, Lake Rubenborough, OR 72322",patricia.lewis@dhlexpress.com
Procter & Gamble,PG,Accenture plc,ACN,Service Provider,15.07,Consulting,2025-01-05,1800081.7,"24725 Michael Freeway Apt. 343, Port Hannahland, CO 93091",ashley.james@accentureplc.com
Qualcomm Inc,QCOM,UPS Inc,UPS,Logistics Partner,3.27,Shipping,2022-03-01,2673522.94,"345 Ferguson Ranch, North Theresa, LA 81374",daniel.mitchell@upsinc.com
General Motors,GM,Accenture plc,ACN,Service Provider,,Consulting,2023-03-20,9822415.34,"222 David Passage, South Cindyborough, WY 42476",joseph.edwards@accentureplc.com
Eli Lilly,LLY,Charles River Labs,CRL,Service Provider,8.28,Safety Testing,2024-12-19,9482352.75,"879 Meagan Stream, East Emilyburgh, HI 97017",wesley.ingram@charlesriver.com
Alphabet Inc,GOOGL,FedEx Corp,FDX,Logistics Partner,15.7,Freight,2023-09-29,3306644.17,"843 Huynh Groves Apt. 862, South Christine, IN 51919",stacy.gibson@fedexcorp.com
Lockheed Martin,LMT,ServiceNow Inc,NOW,Service Provider,12.39,IT Service Management,2022-11-21,9241469.46,,
Apple Inc,AAPL,Iron Mountain,IRM,Service Provider,432.4,Data Storage,2023-04-08,7841755.94,,
Salesforce Inc,CRM,Palo Alto Networks,PANW,Service Provider,15.75,Network Security,2024-05-30,4071911.13,"487 Williams Loop, Sampsonmouth, GA 49513",eric.brown@paloaltonetw.com
Goldman Sachs,GS,Bloomberg LP,BBG,Service Provider,3.15,Market Data,2022-12-27,3799997.54,"USCGC Martin, FPO AP 28834",james.wright@bloomberglp.com
AMD Inc,AMD,,,Logistics Partner,16.12,Freight,2023-12-01,3172751.17,"7832 Greene Mews, Allenmouth, NC 12680",jessica.gutierrez@fedexcorp.com
Ford Motor Co,F,Magna International,MGA,Contract Manufacturer,15.13,Body Assemblies,2024-10-28,4917259.31,,
NVIDIA Corp,NVDA,Samsung Electronics,005930.KS,Contract Manufacturer,17.2,Foundry Services,2023-10-04,9319048.33,"Unit 1346 Box 3107, DPO AP 78963",hannah.lewis@samsungelect.com
Caterpillar Inc,CAT,UPS Inc,UPS,Logistics Partner,8.24,Supply Chain,2024-08-29,1428169.56,"0521 Smith Roads Apt. 472, Johnsonfort, VI 84596",jamie.mercado@upsinc.com
Amazon.com Inc,AMZN,Workday Inc,WDAY,Service Provider,109.97,Finance,2023-11-07,7224980.58,,
Broadcom Inc,AVGO,Samsung Electronics,005930.KS,Contract Manufacturer,8.02,Memory Chips,2023-05-12,4037341.72,,
Oracle Corp,ORCL,Stark Industries,STRK,Logistics Partner,2.92,Shipping,2023-04-19,5340027.46,"6186 Gary River Suite 913, Grantmouth, MS 42734",vickie.todd@upsinc.com
Salesforce Inc,CRM,Microsoft Azure,MSFT,Service Provider,5.46,Cloud Platform,2022-02-22,1361442.13,"77971 West Crest, Mcgeetown, CT 53380",jeffrey.schneider@microsoftazu.com
Salesforce Inc,CRM,Datadog Inc,DDOG,Service Provider,12.79,Observability,2023-11-09,1921502.51,,
Nike Inc,NKE,,,Service Provider,5.26,Consulting,2022-02-20,4003618.75,"40033 Nicole Land Apt. 097, West Lauren, AS 18532",tommy.anderson@deloitte.com
Salesforce Inc,CRM,CrowdStrike,CRWD,Service Provider,11.12,Endpoint Security,2024-10-24,2318123.0,"085 Horton Meadow Suite 789, Port Linda, OK 92191",meghan.greer@crowdstrike.com
AMD Inc,AMD,Lam Research,LRCX,Direct Supplier,1.19,Deposition Systems,2024-05-02,1833296.52,"239 Henderson Wall, Andersonland, NM 50016",ashley.anderson@lamresearch.com
Starbucks Corp,SBUX,IBM Corp,IBM,Service Provider,18.93,Cloud,2022-10-01,5567126.45,,
Adobe Inc,ADBE,Palo Alto Networks,PANW,Service Provider,9.54,Network Security,2023-12-15,8628886.27,"2437 Hernandez Haven Apt. 095, Wayneville, KY 93106",carolyn.walker@paloaltonetw.com
Apple Inc,AAPL,UPS Inc,UPS,Logistics Partner,2.33,Shipping,2023-05-18,8158580.87,,
Caterpillar Inc,CAT,DHL Express,DHL.DE,Logistics Partner,10.68,International Shipping,2024-05-06,7050744.12,,robert.howell@dhlexpress.com
Oracle Corp,ORCL,Palo Alto Networks,PANW,Service Provider,16.54,Network Security,2025-09-23,4774061.24,"USNS Arellano, FPO AA 43360",colleen.edwards@paloaltonetw.com
Intel Corp,INTC,Workday Inc,WDAY,Service Provider,9.0,HR Software,2022-05-21,6899389.35,,samantha.gallegos@workdayinc.com
Microsoft Corp,MSFT,SAP SE,SAP,Service Provider,6.46,ERP,2024-13-45,2356691.4,,
Apple Inc,AAPL,Samsung Display,005930.KS,Direct Supplier,18.64,LCD Displays,2022-08-18,9294531.23,"3287 Angela Vista, South Dennismouth, TN 70117",dylan.watts@samsungdispl.com
Cisco Systems,CSCO,IBM Corp,IBM,Service Provider,1.34,Cloud,2023-02-13,954807.53,"7446 Graves Falls Suite 544, North Abigailside, TN 91764",megan.patrick@ibmcorp.com
Oracle Corp,ORCL,Iron Mountain,IRM,Service Provider,19.2,Data Storage,2025-03-07,6296506.98,"3004 Paul Lodge, Jasonfurt, VT 15137",timothy.frazier@ironmountain.com
Apple Inc,AAPL,SAP SE,SAP,Service Provider,2.35,ERP,2023-04-27,7227960.65,"54576 Porter Underpass Suite 694, Staceystad, IA 57725",mary.charles@sapse.com
Apple Inc,AAPL,Luxshare Precision,002475.SZ,Direct Supplier,7.75,Cables,2023-09-12,2400237.42,"504 Victoria Highway, East Sabrina, IL 47039",teresa.owens@luxshareprec.com
Apple Inc,AAPL,Qualcomm Inc,QCOM,Direct Supplier,10.33,Modem Chips,not_a_date,8603372.23,"4529 Kimberly Estates, Danieltown, ME 75971",john.wells@qualcomminc.com
Merck & Co,MRK,IQVIA Holdings,IQV,Service Provider,,Clinical Trials,2024-02-28,6337208.23,"29873 Bush Burgs Apt. 149, Houstonport, NH 43629",helen.sweeney@iqviaholding.com
Amazon.com Inc,AMZN,,,Service Provider,2.39,Business Software,2025-02-28,9048022.46,"5744 Jason Ranch Suite 115, East Lori, FM 36759",michael.garza@sapse.com
Walt Disney Co,DIS,Deloitte,DLT,Service Provider,15.07,Audit,2022-01-06,488177.18,"65576 Steele Loop, Devonbury, MS 55375",susan.ramirez@deloitte.com
Merck & Co,MRK,IBM Corp,IBM,Service Provider,10.03,Cloud,2025-12-11,1793419.06,"359 Wright Trace Suite 016, Ericstad, MP 32144",tracy.monroe@ibmcorp.com
Adobe Inc,ADBE,Snowflake Inc,SNOW,Service Provider,7.15,Data Warehousing,2022-05-03,8999031.89,,
Texas Instruments,TXN,ASE Technology,ASX,Contract Manufacturer,2.53,Testing,2023-04-29,8584733.86,"5521 Cox Heights Suite 829, Ferrellmouth, MN 39702",sarah.horn@asetechnolog.com
Cisco Systems,CSCO,UPS Inc,UPS,Logistics Partner,9.6,Supply Chain,2022-09-10,6017842.72,,
Netflix Inc,NFLX,Deloitte,DLT,Service Provider,17.84,Audit,2024-12-07,3933885.19,,
Intel Corp,INTC,ServiceNow Inc,NOW,Service Provider,3.4,IT Service Management,2023-12-13,3104952.53,"Unit 0797 Box 2968, DPO AP 21646",brent.henderson@servicenowin.com
Nike Inc,NKE,SAP SE,SAP,Service Provider,,Business Software,2025-07-07,3561766.66,"28671 Randy Islands, Smithport, OR 22469",john.white@sapse.com
Caterpillar Inc,CAT,Accenture plc,ACN,Service Provider,4.61,Consulting,2025-07-29,4860060.11,"987 Gilbert Keys, North Chelseabury, IA 47615",kirk.jackson@accentureplc.com
AMD Inc,AMD,TSMC,TSM,Contract Manufacturer,15.54,Advanced Packaging,2023-04-04,5577920.37,,
Alphabet Inc,GOOGL,UPS Inc,UPS,Logistics Partner,14.75,Shipping,2025-07-28,4140192.67,,
Meta Platforms Inc,META,Deloitte,DLT,Service Provider,13.74,Audit,2025-06-08,4955923.34,,robert.cooper@deloitte.com
Broadcom Inc,AVGO,UPS Inc,UPS,Logistics Partner,2.56,Shipping,2024-07-14,1744871.76,,
AMD Inc,AMD,Amkor Technology,AMKR,Contract Manufacturer,19.81,Test Services,2025-02-11,2723825.33,,
Alphabet Inc,GOOGL,DHL Express,DHL.DE,Logistics Partner,7.18,International Shipping,2025-12-05,246859.24,,sharon.garcia@dhlexpress.com
Netflix Inc,NFLX,ServiceNow Inc,NOW,Service Provider,15.13,IT Service Management,2022-08-18,9987996.45,,ruben.lee@servicenowin.com
AMD Inc,AMD,Applied Materials,AMAT,Direct Supplier,16.61,Deposition Equipment,2022-04-11,8918846.06,,
AMD Inc,AMD,Applied Materials,AMAT,Direct Supplier,11.8,Etch Systems,2025-05-19,9141834.34,"70194 Gonzalez Ridges Apt. 177, Costachester, MA 08157",justin.bennett@appliedmater.com
Netflix Inc,NFLX,IBM Corp,IBM,Service Provider,3.78,IT Infrastructure,2024-08-02,8789256.78,"Unit 1013 Box 2823, DPO AE 94466",john.arnold@ibmcorp.com
Starbucks Corp,SBUX,DHL Express,DHL.DE,Logistics Partner,16.78,International Shipping,2023-07-19,3348934.73,"26739 Cynthia Lane Apt. 429, Dylanberg, WV 10510",rachael.romero@dhlexpress.com
FactSet Research,FDS,FedEx Corp,FDX,Logistics Partner,15.84,Express Delivery,2024-13-45,6893619.61,"94849 Lopez Walk, Joymouth, NH 63449",diane.erickson@fedexcorp.com
Caterpillar Inc,CAT,Cummins Inc,CMI,Direct Supplier,5.53,Diesel Engines,2024-06-24,6576921.9,"1401 Contreras Throughway, Port Davidborough, OR 26718",daniel.mcguire@cumminsinc.com
Tesla Inc,TSLA,Livent Corp,LTHM,Direct Supplier,5.79,Lithium Hydroxide,2023-05-16,7589482.36,"82572 Hunter Square Apt. 007, New Robertland, OH 57613",julie.peterson@liventcorp.com
Tesla Inc,TSLA,UPS Inc,UPS,Logistics Partner,19.64,Shipping,2025-12-02,7712242.82,,
Home Depot,HD,,,Service Provider,9.57,IT Service Management,2023-06-02,2113352.35,"56685 Gloria Village, Jamesville, KY 68009",danielle.brown@servicenowin.com
Tesla Inc,TSLA,Panasonic Holdings,6752.T,Direct Supplier,,Battery Cells,2025-01-25,198497.31,,connor.stevens@panasonichol.com
Goldman Sachs,GS,Stark Industries,STRK,Service Provider,17.68,Records Management,2023-06-25,3861282.56,"30102 White Cape, Michaelbury, LA 17503",robert.goodwin@ironmountain.com
Walt Disney Co,DIS,Workday Inc,WDAY,Service Provider,6.24,Finance,2024-11-08,1975735.43,,jeffrey.juarez@workdayinc.com
JPMorgan Chase,JPM,Accenture plc,ACN,Service Provider,12.38,IT Services,2025-07-24,3215685.98,"561 Elizabeth Groves Apt. 883, Port Craig, IA 71863",erica.dean@accentureplc.com
NVIDIA Corp,NVDA,Micron Technology,MU,Direct Supplier,12.56,NAND Storage,2023-09-18,7141767.86,"6764 Graves Street Apt. 981, North Brittney, MN 88831",christina.mcknight@microntechno.com
Salesforce Inc,CRM,Datadog Inc,DDOG,Service Provider,10.01,Monitoring,2024-11-22,5890686.21,"PSC 2966, Box 2991, APO AA 21201",jeremy.ramirez@datadoginc.com
Ford Motor Co,F,Robert Bosch,BOSCH.DE,Direct Supplier,7.23,ABS Systems,2023-11-28,1045863.41,,christopher.fuller@robertbosch.com
Netflix Inc,NFLX,Iron Mountain,IRM,Service Provider,3.41,Data Storage,2024-12-05,5893804.76,"8967 Hale Parkway, Lake Jennifer, VA 18251",katelyn.nunez@ironmountain.com
Intel Corp,INTC,IBM Corp,IBM,Service Provider,13.08,IT Infrastructure,2022-12-25,9942940.72,,wendy.calderon@ibmcorp.com
NVIDIA Corp,NVDA,Stark Industries,STRK,Direct Supplier,10.49,Deposition Systems,2025-07-15,5194219.4,"706 Sydney Trace Apt. 748, North Johnville, NH 50288",kayla.henderson@lamresearch.com
Apple Inc,AAPL,Luxshare Precision,002475.SZ,Direct Supplier,16.51,Connectors,2022-03-31,1858361.13,,brenda.farrell@luxshareprec.com
Johnson & Johnson,JNJ,ServiceNow Inc,NOW,Service Provider,11.51,IT Service Management,2023-05-25,9403137.27,"PSC 4700, Box 6039, APO AP 10592",samantha.solis@servicenowin.com
General Motors,GM,,,Direct Supplier,12.0,Steering Systems,2022-06-25,9746529.51,"87314 Brandi Islands, North Johnchester, NJ 70606",holly.brock@zffriedrichs.com
Eli Lilly,LLY,Avantor Inc,AVTR,Direct Supplier,19.2,Lab Chemicals,2023-09-22,8414751.21,"576 Daniel Union Apt. 041, Cynthiaview, SC 37657",melanie.williams@avantorinc.com
Apple Inc,AAPL,ServiceNow Inc,NOW,Service Provider,1.94,IT Service Management,2025-01-03,4513704.8,"43524 Jean Crossroad, Brandonton, OH 38791",brittany.wolf@servicenowin.com
Meta Platforms Inc,META,Workday Inc,WDAY,Service Provider,8.08,HR Software,2022-07-10,2923200.69,"81235 Perez Common Suite 766, East Shawnfurt, OH 76917",william.dixon@workdayinc.com
Netflix Inc,NFLX,ServiceNow Inc,NOW,Service Provider,7.21,IT Service Management,2023-06-18,3956692.78,"80514 David Station Apt. 740, Jessicastad, CA 43914",tonya.dean@servicenowin.com
Coca-Cola Co,KO,IBM Corp,IBM,Service Provider,12.72,Cloud,2023-03-03,6760309.24,,brian.shields@ibmcorp.com
Adobe Inc,ADBE,IBM Corp,IBM,Service Provider,13.28,IT Infrastructure,2024-03-11,5934593.23,"5552 Rodriguez Crest Apt. 705, Tinatown, MN 21005",nicholas.drake@ibmcorp.com
Apple Inc,AAPL,UPS Inc,UPS,Logistics Partner,11.52,Shipping,2025-12-05,6497629.77,,
Walt Disney Co,DIS,SAP SE,SAP,Service Provider,17.73,ERP,2022-12-15,5909671.51,,james.lambert@sapse.com
General Motors,GM,UPS Inc,UPS,Logistics Partner,18.86,Shipping,2025-07-10,7456644.12,"78859 Bridget Bridge Suite 965, Austinburgh, MN 87572",jeffrey.nelson@upsinc.com
FactSet Research,FDS,ServiceNow Inc,NOW,Service Provider,4.15,IT Service Management,2022-10-13,7859250.63,"6184 Horton Fields Suite 125, Port Sarahport, NH 86305",philip.henderson@servicenowin.com
Broadcom Inc,AVGO,Lam Research,LRCX,Direct Supplier,3.22,Etch Equipment,2023-10-11,5766525.45,"74304 Mckenzie Centers Apt. 385, East Fernandoside, RI 37244",christopher.bates@lamresearch.com
Cisco Systems,CSCO,Stark Industries,STRK,Logistics Partner,5.46,Express Delivery,2023-05-11,8733787.86,"3765 Joyce Rapids, South Timothy, PA 37901",jay.johnson@fedexcorp.com
Starbucks Corp,SBUX,SAP SE,SAP,Service Provider,7.09,ERP,2025-02-06,7361298.32,,randall.thomas@sapse.com
FactSet Research,FDS,Iron Mountain,IRM,Service Provider,1.36,Data Storage,2024-04-02,4272928.13,,
Tesla Inc,TSLA,FedEx Corp,FDX,Logistics Partner,10.64,Express Delivery,2022-12-09,6317764.86,"0001 Evans Shoal, Spearsberg, MP 81364",theresa.greene@fedexcorp.com
JPMorgan Chase,JPM,UPS Inc,UPS,Logistics Partner,7.33,Shipping,2022-03-06,1349966.07,"587 Timothy Extension, East Stephanieville, NE 97573",brenda.bass@upsinc.com
General Electric,GE,Deloitte,DLT,Service Provider,2.43,Consulting,2023-09-24,7399352.55,"7336 Sarah Vista Suite 657, Jessicastad, DC 43998",eric.lee@deloitte.com
PepsiCo Inc,PEP,Workday Inc,WDAY,Service Provider,1.93,Finance,2022-01-07,4361269.24,"3295 Wilson Oval, Whiteview, MH 97037",danielle.huff@workdayinc.com
Apple Inc,AAPL,Sony Semiconductor,6758.T,Direct Supplier,7.56,Image Sensors,2024-10-21,4546417.43,,
Tesla Inc,TSLA,Denso Corp,6902.T,Tier 2 Supplier,12.3,Sensors,2025-06-14,2244696.62,"PSC 1152, Box 3802, APO AE 57051",heather.martinez@densocorp.com
Caterpillar Inc,CAT,Accenture plc,ACN,Service Provider,7.27,IT Services,2022-09-10,5559603.32,,
Costco Wholesale,COST,Iron Mountain,IRM,Service Provider,203.91,Records Management,2023-08-22,2297148.67,"617 Aaron Harbor, Kevinville, VA 97628",luis.manning@ironmountain.com
Texas Instruments,TXN,DHL Express,DHL.DE,Logistics Partner,16.03,International Shipping,2022-10-06,80604.25,"21690 Morrison Track Suite 857, Raymondfort, AK 51479",james.tate@dhlexpress.com
Meta Platforms Inc,META,Iron Mountain,IRM,Service Provider,18.96,Records Management,2023-10-28,6117634.45,"928 Warren Point Suite 358, Thompsonmouth, GA 81686",michelle.chandler@ironmountain.com
Qualcomm Inc,QCOM,Tokyo Electron,8035.T,Direct Supplier,3.54,Coater/Developer,2022-11-10,6254904.41,"5337 Crystal Orchard Suite 630, Floresside, MI 67253",dwayne.perez@tokyoelectro.com
Qualcomm Inc,QCOM,SK Hynix,000660.KS,Direct Supplier,19.53,NAND Flash,2023-11-25,2042621.8,"USNV Ray, FPO AE 97217",mary.miller@skhynix.com
Oracle Corp,ORCL,Palo Alto Networks,PANW,Service Provider,8.95,Network Security,2024-04-16,7935012.17,"88407 Patterson Dale Apt. 763, South Sonya, VI 93091",gina.powell@paloaltonetw.com
Johnson & Johnson,JNJ,IQVIA Holdings,IQV,Service Provider,7.62,Data Analytics,2024-02-01,4467195.93,"409 Fowler Fords, Jamesport, KY 70267",monica.cook@iqviaholding.com
Alphabet Inc,GOOGL,Iron Mountain,IRM,Service Provider,7.82,Data Storage,2022-12-29,8820091.24,"8961 Melissa Run Apt. 673, Morganmouth, MO 55025",brenda.joseph@ironmountain.com
Eli Lilly,LLY,IBM Corp,IBM,Service Provider,4.63,Cloud,2022-07-05,8007922.57,"3163 Allen Plaza, Paulville, NJ 21170",keith.owens@ibmcorp.com
Tesla Inc,TSLA,CATL,300750.SZ,Direct Supplier,7.04,Lithium-Ion Batteries,2024-03-08,1847691.22,"2388 Schmidt Pass Suite 656, North Jamie, TN 07377",clayton.price@catl.com
Alphabet Inc,GOOGL,Iron Mountain,IRM,Service Provider,17.79,Records Management,2024-04-17,8530397.3,,shawn.hurst@ironmountain.com
General Motors,GM,Aptiv PLC,APTV,Direct Supplier,,Electrical Architecture,2022-11-14,2792714.79,"4925 Marilyn Passage Apt. 776, Adamschester, CO 99655",karen.valdez@aptivplc.com
Oracle Corp,ORCL,Amazon Web Services,AMZN,Service Provider,11.61,Compute,2022-10-01,9212995.8,"01461 Jessica Rapid, South Mariah, NC 66146",robin.wagner@amazonwebser.com
Alphabet Inc,GOOGL,IBM Corp,IBM,Service Provider,9.3,Cloud,2025-12-02,9877716.93,,
Texas Instruments,TXN,Applied Materials,AMAT,Direct Supplier,34.92,Etch Systems,2022-07-05,4368016.15,"92185 Nathaniel Shore, Willismouth, ME 42785",samantha.richard@appliedmater.com
Caterpillar Inc,CAT,,,Logistics Partner,8.71,International Shipping,2025-03-05,9551166.12,"02272 Vazquez Village, Ericstad, MP 22525",alicia.taylor@dhlexpress.com
AMD Inc,AMD,Applied Materials,AMAT,Direct Supplier,17.81,Deposition Equipment,2022-07-20,8003675.57,,
Salesforce Inc,CRM,FedEx Corp,FDX,Logistics Partner,4.97,Freight,2024-07-06,3882589.34,,
Tesla Inc,TSLA,Accenture plc,ACN,Service Provider,19.51,Consulting,2024-04-18,6987107.2,"6766 Johnson Points Apt. 612, Kristinshire, NY 49405",lawrence.donovan@accentureplc.com
Nike Inc,NKE,Oscorp Industries,OSCP,Service Provider,2.76,HR Software,TBD,3156911.52,"431 James Walks, Port Peter, CT 13116",blake.shelton@workdayinc.com
PepsiCo Inc,PEP,FedEx Corp,FDX,Logistics Partner,19.81,Express Delivery,2024-05-12,1236627.28,"8287 Rebecca Mall, West Heidiport, MI 82104",david.jones@fedexcorp.com
Amazon.com Inc,AMZN,SAP SE,SAP,Service Provider,18.04,ERP,2022-07-27,2989409.96,"4502 Wall Loaf, Bowmanberg, DE 63335",christine.mayo@sapse.com
Walt Disney Co,DIS,ServiceNow Inc,NOW,Service Provider,13.36,IT Service Management,2025-07-08,4896208.87,,
Procter & Gamble,PG,Iron Mountain,IRM,Service Provider,15.66,Records Management,2025-11-07,6739739.66,,
Intel Corp,INTC,ServiceNow Inc,NOW,Service Provider,6.16,IT Service Management,2025-11-01,7940178.84,"374 Dustin Causeway, South Donnaside, IA 00759",travis.robertson@servicenowin.com
Chevron Corp,CVX,TechnipFMC,FTI,Service Provider,4.08,Subsea Systems,2022-09-06,1703659.89,"703 Jay Views Apt. 281, Brownhaven, GU 82039",donald.green@technipfmc.com
Home Depot,HD,IBM Corp,IBM,Service Provider,2.42,Cloud,2025-03-08,669714.49,"0903 Eric Cove Suite 629, Nashbury, MS 61092",stephanie.brooks@ibmcorp.com
Alphabet Inc,GOOGL,DHL Express,DHL.DE,Logistics Partner,16.78,International Shipping,2025-12-03,8544808.73,"USNS Marsh, FPO AP 94578",deborah.salazar@dhlexpress.com
Boeing Co,BA,FedEx Corp,FDX,Logistics Partner,16.07,Freight,2022-12-21,2673903.35,,
Starbucks Corp,SBUX,ServiceNow Inc,NOW,Service Provider,3.54,IT Service Management,2024-02-12,5549379.32,"61498 Jackson Fields, North Brianna, WA 09027",trevor.padilla@servicenowin.com
General Motors,GM,Lear Corp,LEA,Direct Supplier,15.35,Electrical Systems,2025-01-24,7397577.82,"509 Forbes Parkways, Kristyfort, LA 75843",linda.yates@learcorp.com
Intel Corp,INTC,Lam Research,LRCX,Direct Supplier,16.95,Deposition Systems,2022-10-26,7284441.36,"USNS Garcia, FPO AE 29153",gail.jones@lamresearch.com
AMD Inc,AMD,DHL Express,DHL.DE,Logistics Partner,17.93,International Shipping,2022-10-28,606324.44,"457 Calhoun Drives Suite 853, West Dana, HI 51416",christina.cole@dhlexpress.com
Starbucks Corp,SBUX,Workday Inc,WDAY,Service Provider,,Finance,2023-01-18,5459024.42,"819 Taylor Mountain Suite 281, Obrienport, AZ 52063",madison.henry@workdayinc.com
AMD Inc,AMD,SAP SE,SAP,Service Provider,1.16,ERP,2022-10-20,4891733.68,,christopher.young@sapse.com
Intel Corp,INTC,ASML Holding,ASML,Direct Supplier,11.38,DUV Systems,2024-04-18,7915747.98,,
Salesforce Inc,CRM,CrowdStrike,CRWD,Service Provider,1.06,Endpoint Security,2025-10-06,3119517.65,"719 Pace Junction, North Michelle, MN 76584",nicholas.phillips@crowdstrike.com
Texas Instruments,TXN,UPS Inc,UPS,Logistics Partner,3.89,Shipping,2022-01-16,5955855.2,"81432 Jenna Parkway Suite 663, Port Tracy, OR 91181",courtney.young@upsinc.com
Ford Motor Co,F,Magna International,MGA,Contract Manufacturer,5.07,Body Assemblies,2022-04-15,5179933.91,"25750 Jones Estates, Longbury, UT 49450",jamie.bartlett@magnainterna.com
Tesla Inc,TSLA,IBM Corp,IBM,Service Provider,7.05,IT Infrastructure,2022-10-01,4028841.41,"51436 Mayer Key Suite 835, South Susanside, ID 85719",dennis.roberts@ibmcorp.com
Ford Motor Co,F,UPS Inc,UPS,Logistics Partner,18.31,Supply Chain,2023-01-11,7000294.25,"426 Mejia Ways Apt. 336, Lowefurt, AK 67283",anthony.avery@upsinc.com
Lockheed Martin,LMT,BAE Systems,BA.L,Direct Supplier,15.58,Electronic Systems,2023-12-24,3227192.01,"Unit 0422 Box 4564, DPO AE 10815",brian.matthews@baesystems.com
Salesforce Inc,CRM,Accenture plc,ACN,Service Provider,2.81,Consulting,2022-06-24,5426010.66,,robert.lewis@accentureplc.com
Netflix Inc,NFLX,UPS Inc,UPS,Logistics Partner,16.17,Shipping,2025-07-05,854175.67,,
FactSet Research,FDS,Deloitte,DLT,Service Provider,16.86,Audit,2024-10-09,5596704.77,"346 Deborah Via, South Christophertown, MI 42598",michael.warren@deloitte.com
Microsoft Corp,MSFT,SAP SE,SAP,Service Provider,17.38,Business Software,2022-05-25,7841275.18,"642 Thompson Mill Apt. 539, Brooksshire, AS 16000",joshua.henry@sapse.com
NVIDIA Corp,NVDA,Tokyo Electron,8035.T,Direct Supplier,9.75,Etch Systems,2023-05-21,3112434.09,"87121 Reed Gardens, Ashleyton, DC 31247",andrew.lawson@tokyoelectro.com
Costco Wholesale,COST,Workday Inc,WDAY,Service Provider,3.4,Finance,2023-06-03,7743686.55,,
Walt Disney Co,DIS,IBM Corp,IBM,Service Provider,10.93,IT Infrastructure,2022-12-23,773895.14,"5194 Tony Views, West Stephanie, MT 13941",tracy.jones@ibmcorp.com
Chevron Corp,CVX,Halliburton Co,HAL,Service Provider,2.96,Completion,2025-06-09,3219373.82,"53817 Karen Trace, West Michael, KY 66504",gregory.hansen@halliburtonc.com
Home Depot,HD,Iron Mountain,IRM,Service Provider,,Data Storage,2025-11-05,4809743.44,,andrew.gardner@ironmountain.com
Nike Inc,NKE,UPS Inc,UPS,Logistics Partner,1.79,Supply Chain,2024-08-09,9613088.7,"0586 Martin Manor, Carterhaven, IL 13432",robert.sanchez@upsinc.com
NVIDIA Corp,NVDA,Iron Mountain,IRM,Service Provider,14.98,Data Storage,2022-01-27,1319427.69,"USS Weaver, FPO AE 47443",mike.johnston@ironmountain.com
Ford Motor Co,F,Weyland-Yutani,WLND,Direct Supplier,12.33,ABS Systems,2025-03-25,8782516.72,,
General Motors,GM,Aptiv PLC,APTV,Direct Supplier,7.48,Electrical Architecture,2023-04-30,6137151.66,"611 Martinez Common, Thompsonfort, PR 13112",brett.moore@aptivplc.com
Caterpillar Inc,CAT,UPS Inc,UPS,Logistics Partner,2.04,Shipping,2024-01-31,6484139.6,"824 Lee Cliffs Apt. 737, West Michaelbury, CA 14902",kevin.moore@upsinc.com
Broadcom Inc,AVGO,Accenture plc,ACN,Service Provider,7.85,IT Services,2022-07-07,101692.46,"47355 Shelley Union Suite 112, Port Jake, ND 50071",derrick.pena@accentureplc.com
Costco Wholesale,COST,ServiceNow Inc,NOW,Service Provider,2.14,IT Service Management,2025-11-27,5382339.85,,
Goldman Sachs,GS,Kyndryl Holdings,KD,Service Provider,6.57,Managed Services,2022-12-06,7225770.83,"Unit 5730 Box 6524, DPO AE 64110",david.hall@kyndrylholdi.com
Home Depot,HD,,,Service Provider,6.37,IT Service Management,2023-11-15,6362019.75,"62895 Patricia Tunnel Suite 039, Pierceside, NH 38088",erin.archer@servicenowin.com
Merck & Co,MRK,FedEx Corp,FDX,Logistics Partner,10.67,Freight,2024-07-24,210647.33,"36490 Patton Shores, Campbellland, SC 12337",julie.ponce@fedexcorp.com
Caterpillar Inc,CAT,Eaton Corp,ETN,Direct Supplier,17.9,Electrical Components,TBD,6920611.85,"56974 James Dam, West Judy, IL 16589",john.orozco@eatoncorp.com
Oracle Corp,ORCL,Equinix Inc,EQIX,Service Provider,7.26,Data Center Colocation,2025-07-18,474945.49,,
Intel Corp,INTC,SAP SE,SAP,Service Provider,6.88,Business Software,2022-08-24,4299747.41,,
AMD Inc,AMD,Cyberdyne Systems,CYBD,Service Provider,8.4,Audit,2025-01-15,9245750.02,"1531 Bryce Cliffs Apt. 829, Hansonside, WA 96430",jose.russell@deloitte.com
Cisco Systems,CSCO,Workday Inc,WDAY,Service Provider,17.69,HR Software,2025-03-24,9728600.98,"2560 Holder Plaza Apt. 466, West Scott, AR 11400",paul.conner@workdayinc.com
NVIDIA Corp,NVDA,ASML Holding,ASML,Direct Supplier,11.19,DUV Systems,2024-05-17,8154456.48,,
Caterpillar Inc,CAT,Cummins Inc,CMI,Direct Supplier,4.36,Power Generation,2023-01-06,9003523.8,"12918 James Fields, Stantonmouth, GU 15339",wesley.glenn@cumminsinc.com
Chevron Corp,CVX,SAP SE,SAP,Service Provider,7.99,Business Software,2024-09-06,5278497.66,"Unit 6629 Box 9123, DPO AA 62709",keith.shaffer@sapse.com
Coca-Cola Co,KO,,,Service Provider,11.97,Finance,2023-11-10,6998378.99,"67992 Atkins Shoal, Emmahaven, IA 91068",michael.rush@workdayinc.com
Chevron Corp,CVX,IBM Corp,IBM,Service Provider,10.32,Cloud,2022-09-05,5377964.63,,james.dixon@ibmcorp.com
Tesla Inc,TSLA,SAP SE,SAP,Service Provider,18.61,ERP,2025-10-08,5908670.52,"442 Alvarez Mill Suite 222, Micheleview, SC 30374",keith.walker@sapse.com
Apple Inc,AAPL,Workday Inc,WDAY,Service Provider,3.56,HR Software,2023-12-16,5627224.24,,
Tesla Inc,TSLA,Nvidia Corp,NVDA,Direct Supplier,2.56,AI Compute,2022-03-25,8229267.33,"45424 Collier Viaduct Apt. 155, Port Henry, CA 73556",jaime.blake@nvidiacorp.com
Adobe Inc,ADBE,Cloudflare Inc,NET,Service Provider,2.27,CDN,2024-02-12,1402247.31,"21367 Ricky Run, East William, CA 95655",donna.lopez@cloudflarein.com
JPMorgan Chase,JPM,SAP SE,SAP,Service Provider,17.98,Business Software,2022-06-19,4020778.27,,
Apple Inc,AAPL,Workday Inc,WDAY,Service Provider,3.52,HR Software,2023-11-26,8015895.48,"7444 David Fields Suite 182, East Joanna, KY 95473",alyssa.coleman@workdayinc.com
Nike Inc,NKE,IBM Corp,IBM,Service Provider,10.55,IT Infrastructure,2025-03-21,9603533.14,"0123 Williams Locks, Michelechester, MP 07748",yvette.nelson@ibmcorp.com
Chevron Corp,CVX,NOV Inc,NOV,Direct Supplier,10.21,Tubulars,2025-05-07,5339028.42,"4203 Avila Curve Suite 863, West Susanview, CO 61051",aimee.brewer@novinc.com
Cisco Systems,CSCO,UPS Inc,UPS,Logistics Partner,4.4,Supply Chain,2022-01-22,1998569.05,"23235 Watkins Views Suite 803, Nancyburgh, NY 68379",colleen.brown@upsinc.com
General Electric,GE,ServiceNow Inc,NOW,Service Provider,11.5,IT Service Management,2024-12-30,6645950.35,,
Eli Lilly,LLY,Danaher Corp,DHR,Direct Supplier,1.7,Diagnostics,2022-08-05,1107691.31,,amber.small@danahercorp.com
Alphabet Inc,GOOGL,Accenture plc,ACN,Service Provider,19.67,Consulting,2023-08-13,9576056.6,"03580 Richardson Road, West Julie, RI 13197",elizabeth.morgan@accentureplc.com
Broadcom Inc,AVGO,DHL Express,DHL.DE,Logistics Partner,4.27,International Shipping,2025-06-28,7241062.66,"PSC 8700, Box 9646, APO AE 35486",joshua.oconnor@dhlexpress.com
Apple Inc,AAPL,DHL Express,DHL.DE,Logistics Partner,15.85,International Shipping,2024-04-16,8575877.71,,
Texas Instruments,TXN,Accenture plc,ACN,Service Provider,2.82,IT Services,2024-12-14,4446918.25,"628 Steven Turnpike Apt. 722, Karenborough, CT 05133",jay.scott@accentureplc.com
Netflix Inc,NFLX,ServiceNow Inc,NOW,Service Provider,6.1,IT Service Management,2024-04-12,3588147.48,,
Chevron Corp,CVX,UPS Inc,UPS,Logistics Partner,1.84,Supply Chain,2023-02-26,3824303.43,"37548 Kendra Orchard Apt. 538, East Jessica, MN 53311",leslie.perez@upsinc.com
Meta Platforms Inc,META,Workday Inc,WDAY,Service Provider,11.5,HR Software,2022-12-26,2610052.64,"586 Melissa Village, Lewisfurt, MP 39785",james.phillips@workdayinc.com
Alphabet Inc,GOOGL,Iron Mountain,IRM,Service Provider,14.32,Data Storage,2022-05-29,3609116.38,"62272 Peter Estate, Myersborough, IA 46429",elizabeth.clark@ironmountain.com
Qualcomm Inc,QCOM,UPS Inc,UPS,Logistics Partner,13.62,Supply Chain,2022-07-09,3062767.05,"499 Rebecca Route Apt. 471, Evansmouth, VI 34190",greg.gray@upsinc.com
Home Depot,HD,FedEx Corp,FDX,Logistics Partner,8.56,Freight,2022-09-14,6599110.38,,
Broadcom Inc,AVGO,ASE Technology,ASX,Contract Manufacturer,5.28,Semiconductor Packaging,2025-07-08,1983673.96,"970 Taylor Ridges Apt. 099, Dayburgh, VI 55898",bruce.roberts@asetechnolog.com
Netflix Inc,NFLX,Workday Inc,WDAY,Service Provider,16.52,HR Software,2025-10-30,4151476.19,,anthony.garcia@workdayinc.com
Merck & Co,MRK,,,Logistics Partner,15.38,Shipping,2023-02-25,5716555.58,,
Johnson & Johnson,JNJ,Danaher Corp,DHR,Direct Supplier,1.4,Diagnostics,2024-10-21,8879017.18,"2517 Roberts Place Suite 652, Parkerberg, WV 98654",seth.martinez@danahercorp.com
Boeing Co,BA,Iron Mountain,IRM,Service Provider,7.07,Data Storage,2025-03-02,1538321.19,"50557 Amanda Park, South Susan, AK 90905",annette.kelly@ironmountain.com
General Electric,GE,DHL Express,DHL.DE,Logistics Partner,8.83,International Shipping,2024-11-28,5829911.35,"747 Laura Summit Apt. 712, Kaylastad, MS 55970",megan.davies@dhlexpress.com
Procter & Gamble,PG,UPS Inc,UPS,Logistics Partner,10.49,Supply Chain,2024-07-17,4043697.49,"179 Brittany Hollow, Victoriamouth, SC 48434",james.clay@upsinc.com
Tesla Inc,TSLA,IBM Corp,IBM,Service Provider,4.17,Cloud,2022-04-04,3017112.42,"187 Davis Road, Wheelerland, MI 83907",victoria.smith@ibmcorp.com
General Electric,GE,Workday Inc,WDAY,Service Provider,2.58,Finance,2022-07-27,7145301.41,"125 Randy Estate, South Lorettaview, RI 67249",sydney.gallegos@workdayinc.com
Nike Inc,NKE,Iron Mountain,IRM,Service Provider,6.55,Data Storage,2023-01-03,1114813.47,"28914 Randall Crossing Apt. 846, New William, AS 42221",omar.bell@ironmountain.com
General Motors,GM,SAP SE,SAP,Service Provider,15.73,Business Software,2023-09-10,888595.19,"407 Edward Islands Apt. 951, Campbellchester, VT 79185",john.watson@sapse.com
Procter & Gamble,PG,,,Logistics Partner,9.75,Shipping,2025-09-10,1517535.54,"7657 Cruz Wall Suite 760, Davidhaven, TN 97152",gina.rodgers@upsinc.com
Starbucks Corp,SBUX,DHL Express,DHL.DE,Logistics Partner,14.02,International Shipping,2022-05-30,8982505.54,"26631 Turner Forest Apt. 990, Lake Sylvia, ME 91126",jeremy.roberts@dhlexpress.com
General Electric,GE,UPS Inc,UPS,Logistics Partner,12.87,Supply Chain,2024-07-17,6732024.47,"9235 Joshua Grove, Nelsonton, NY 21173",richard.mclaughlin@upsinc.com
Home Depot,HD,IBM Corp,IBM,Service Provider,5.56,IT Infrastructure,2023-07-18,3385153.11,"526 David Loaf Suite 948, Lake Meganton, AL 10595",eric.christensen@ibmcorp.com
AMD Inc,AMD,SAP SE,SAP,Service Provider,9.48,ERP,2024-01-27,6784383.31,"896 Soto Pines, West Olivia, PR 37593",christopher.grant@sapse.com
Cisco Systems,CSCO,Iron Mountain,IRM,Service Provider,7.32,Data Storage,2025-10-08,8489888.76,"2761 Ortiz Via, Jenniferview, AZ 36960",rachel.martin@ironmountain.com
Boeing Co,BA,Accenture plc,ACN,Service Provider,6.75,IT Services,2023-03-05,5442570.48,"8434 Mcclain Keys, Lake Dylanbury, LA 27315",charles.peterson@accentureplc.com
Broadcom Inc,AVGO,Accenture plc,ACN,Service Provider,1.64,Consulting,2023-12-11,5032931.29,,brittany.shepherd@accentureplc.com
Procter & Gamble,PG,FedEx Corp,FDX,Logistics Partner,17.77,Freight,2024-08-06,1347620.39,"Unit 8374 Box 4892, DPO AE 99930",jesus.jones@fedexcorp.com
General Motors,GM,Denso Corp,6902.T,Tier 2 Supplier,10.54,HVAC Systems,2024-11-28,5016002.7,"2914 Sara Forest, Danielleburgh, RI 06752",bonnie.rodgers@densocorp.com
General Electric,GE,FedEx Corp,FDX,Logistics Partner,,Express Delivery,2022-02-24,9577042.95,"883 Richardson Roads, East Michaelfort, MH 72253",james.eaton@fedexcorp.com
Intel Corp,INTC,Deloitte,DLT,Service Provider,13.32,Consulting,2024-10-16,64453.76,"354 Hernandez Extension, Austinmouth, VA 47712",gavin.williams@deloitte.com
Tesla Inc,TSLA,Accenture plc,ACN,Service Provider,5.93,IT Services,2024-02-10,8548115.19,,kenneth.robinson@accentureplc.com
Tesla Inc,TSLA,FedEx Corp,FDX,Logistics Partner,12.37,Express Delivery,2023-09-07,5714826.23,"0189 Gill Rapid Suite 014, Hayeston, WA 81249",alicia.simpson@fedexcorp.com
Amazon.com Inc,AMZN,FedEx Corp,FDX,Logistics Partner,17.54,Freight,2024-03-11,2849732.92,,nicholas.horton@fedexcorp.com
Meta Platforms Inc,META,Iron Mountain,IRM,Service Provider,1.01,Data Storage,2022-08-19,2227767.15,"7317 Garcia Shore, New Sarah, ND 31487",jessica.pham@ironmountain.com
Starbucks Corp,SBUX,UPS Inc,UPS,Logistics Partner,2.81,Supply Chain,2025-06-18,9430422.47,,julia.cook@upsinc.com
Alphabet Inc,GOOGL,DHL Express,DHL.DE,Logistics Partner,17.96,International Shipping,2025-10-07,4479508.86,"55707 Young Courts, Port Linda, MH 29077",william.gutierrez@dhlexpress.com
Intel Corp,INTC,ASML Holding,ASML,Direct Supplier,17.08,DUV Systems,2023-08-09,2383211.1,"8681 Hampton Squares, Lewisport, UT 64883",joshua.horne@asmlholding.com
Texas Instruments,TXN,ASE Technology,ASX,Contract Manufacturer,9.94,Semiconductor Packaging,2023-06-14,7265607.04,"44836 Anna Islands, Emilychester, MO 58428",mary.shields@asetechnolog.com
JPMorgan Chase,JPM,Refinitiv,LSEG.L,Service Provider,6.74,Trading Platforms,2022-06-07,6464431.37,"562 Bray Square, Stewarttown, AL 88857",brian.lloyd@refinitiv.com
Coca-Cola Co,KO,Iron Mountain,IRM,Service Provider,4.53,Records Management,2022-10-09,7980404.56,"97356 Matthew Fall Suite 655, West Tonyfurt, GA 48962",joshua.berry@ironmountain.com
Boeing Co,BA,IBM Corp,IBM,Service Provider,6.65,IT Infrastructure,2025-07-10,4638486.11,"USNS Taylor, FPO AA 30719",sandra.russell@ibmcorp.com
Alphabet Inc,GOOGL,,,Service Provider,3.17,IT Service Management,2023-04-10,1250845.93,"662 Susan Fort Suite 066, Munozhaven, MT 37686",shannon.jimenez@servicenowin.com
Texas Instruments,TXN,Tokyo Electron,8035.T,Direct Supplier,9.05,Etch Systems,2024-06-29,8270315.45,,jordan.tucker@tokyoelectro.com
Walt Disney Co,DIS,DHL Express,DHL.DE,Logistics Partner,13.18,International Shipping,2022-04-09,5366206.71,"356 Stevenson Walk Apt. 363, South Kelly, DC 22094",benjamin.curtis@dhlexpress.com
Microsoft Corp,MSFT,Equinix Inc,EQIX,Service Provider,6.78,Data Center Colocation,2025-02-09,99342.2,"52201 Douglas Ville Suite 042, Lake Mike, OK 95525",renee.gilbert@equinixinc.com
Merck & Co,MRK,SAP SE,SAP,Service Provider,3.91,ERP,2025-10-19,6895524.27,,
Home Depot,HD,Accenture plc,ACN,Service Provider,12.38,Consulting,2025-11-27,9676495.07,"81560 Bruce Estates, Williamsshire, MH 47671",jaclyn.lucero@accentureplc.com
Intel Corp,INTC,Samsung Electronics,005930.KS,Contract Manufacturer,,Foundry Services,TBD,4700218.27,"576 John Roads Suite 108, Kristinshire, GA 99482",yesenia.walker@samsungelect.com
Intel Corp,INTC,SK Hynix,000660.KS,Direct Supplier,27.51,NAND Flash,2024-12-03,4871740.32,"6909 Erika Land Suite 719, New Michael, MD 85640",kimberly.johnson@skhynix.com
Microsoft Corp,MSFT,ServiceNow Inc,NOW,Service Provider,18.48,IT Service Management,2025-08-01,2269099.63,"112 Park Lights Suite 971, Hayestown, MT 89882",crystal.turner@servicenowin.com
Salesforce Inc,CRM,Datadog Inc,DDOG,Service Provider,2.56,Monitoring,2025-07-20,5874378.65,"4204 Karen Bypass, Lisaville, RI 89043",ellen.gonzalez@datadoginc.com
PepsiCo Inc,PEP,IBM Corp,IBM,Service Provider,19.3,Cloud,2025-11-14,9905107.33,"99428 Tyler Station, West Dennis, SD 00772",beth.mcpherson@ibmcorp.com
Boeing Co,BA,General Electric,GE,Direct Supplier,3.86,Jet Engines,2025-01-17,2483207.62,,
Ford Motor Co,F,DHL Express,DHL.DE,Logistics Partner,18.27,International Shipping,2024-09-13,5419697.82,"37922 Joshua Alley Apt. 469, Griffinbury, CT 11248",lisa.martinez@dhlexpress.com
Ford Motor Co,F,Deloitte,DLT,Service Provider,7.24,Audit,2024-07-01,8096486.23,"421 Jackson Port Apt. 086, Wilcoxfort, DE 29924",jacqueline.jackson@deloitte.com
Ford Motor Co,F,Accenture plc,ACN,Service Provider,7.05,IT Services,2025-09-29,8537818.04,,ashlee.walker@accentureplc.com
Chevron Corp,CVX,Schlumberger,SLB,Service Provider,2.77,Reservoir Characterization,2024-03-14,2571031.78,,
Broadcom Inc,AVGO,ASE Technology,ASX,Contract Manufacturer,5.28,Semiconductor Packaging,2025-07-08,1983673.96,"970 Taylor Ridges Apt. 099, Dayburgh, VI 55898",bruce.roberts@asetechnolog.com
Goldman Sachs,GS,ServiceNow Inc,NOW,Service Provider,3.23,IT Service Management,2023-05-02,9697406.6,"92855 Hill Village Apt. 182, Phillipsview, ND 48619",jasmine.hansen@servicenowin.com
Starbucks Corp,SBUX,Accenture plc,ACN,Service Provider,13.71,Consulting,2024-07-01,2441461.37,"9626 Greg Path Apt. 251, North Tyler, ME 53408",caitlyn.clark@accentureplc.com
Boeing Co,BA,TransDigm Group,TDG,Direct Supplier,15.21,Actuators,2023-08-29,6479389.26,"1454 Dawson Gateway, Pattyburgh, AZ 00571",ronald.brown@transdigmgro.com
AMD Inc,AMD,Micron Technology,MU,Direct Supplier,19.18,NAND Storage,2023-02-19,7221804.68,"30804 Amanda Spurs Suite 112, Wayneport, ME 92525",christopher.solis@microntechno.com
Ford Motor Co,F,FedEx Corp,FDX,Logistics Partner,18.7,Freight,2024-04-05,6348270.96,,
Apple Inc,AAPL,LG Display,034220.KS,Direct Supplier,14.89,Display Panels,2022-11-04,3431959.25,,
Salesforce Inc,CRM,Google Cloud,GOOGL,Service Provider,3.51,Cloud Infrastructure,2025-08-28,3924564.28,"7597 Steven Mountain Apt. 984, Johnsonborough, UT 39980",patrick.boyer@googlecloud.com
Merck & Co,MRK,UPS Inc,UPS,Logistics Partner,8.12,Supply Chain,2023-09-21,2174461.14,"Unit 7313 Box 7174, DPO AE 75653",virginia.eaton@upsinc.com
Nike Inc,NKE,Iron Mountain,IRM,Service Provider,18.76,Records Management,2025-07-07,645822.53,"73798 Singh River, South Alanmouth, ME 71715",patrick.mullins@ironmountain.com
Tesla Inc,TSLA,Denso Corp,6902.T,Tier 2 Supplier,10.2,Thermal Management,2025-03-25,4752931.87,,
Merck & Co,MRK,West Pharmaceutical,WST,Direct Supplier,17.89,Delivery Systems,2022-04-02,3545047.38,"0464 Peterson Freeway, Lake Adamtown, KS 47374",denise.johnson@westpharmace.com
Oracle Corp,ORCL,DHL Express,DHL.DE,Logistics Partner,10.64,International Shipping,2023-02-25,5506348.29,,richard.stephenson@dhlexpress.com
Costco Wholesale,COST,FedEx Corp,FDX,Logistics Partner,13.31,Express Delivery,2023-02-11,4659315.19,"Unit 7963 Box 1324, DPO AP 08413",rebecca.wang@fedexcorp.com
Nike Inc,NKE,FedEx Corp,FDX,Logistics Partner,6.66,Freight,2022-01-18,1084612.89,"USNS Singh, FPO AP 62255",martha.carroll@fedexcorp.com
Ford Motor Co,F,BorgWarner Inc,BWA,Direct Supplier,19.08,Drivetrain,2025-03-28,6501410.48,"276 Miller Park Apt. 421, East Anthonyburgh, RI 11814",jennifer.kennedy@borgwarnerin.com
Caterpillar Inc,CAT,UPS Inc,UPS,Logistics Partner,2.92,Supply Chain,2025-11-17,2719256.15,"585 Kelly Ways, East Christineville, MH 76012",melissa.nguyen@upsinc.com
Eli Lilly,LLY,Iron Mountain,IRM,Service Provider,9.84,Data Storage,2025-03-22,8374303.43,"35373 Diaz Estate, Weeksburgh, WV 78580",melanie.brown@ironmountain.com
Goldman Sachs,GS,Kyndryl Holdings,KD,Service Provider,2.56,IT Infrastructure,2022-11-12,3830999.93,"42583 James Fall, Reneetown, MP 89296",bradley.johnson@kyndrylholdi.com
Qualcomm Inc,QCOM,TSMC,TSM,Contract Manufacturer,11.62,Advanced Packaging,2022-04-28,8963624.23,"132 Hicks Fields, Ochoachester, AK 21027",albert.sandoval@tsmc.com
Lockheed Martin,LMT,General Dynamics,GD,Tier 2 Supplier,7.15,Combat Systems,2025-06-28,4792380.86,,
Home Depot,HD,SAP SE,SAP,Service Provider,3.28,Business Software,2024-04-27,504868.71,"7288 Heather Motorway, Johnsonburgh, OH 48910",jessica.butler@sapse.com
Walt Disney Co,DIS,SAP SE,SAP,Service Provider,482.35,ERP,2023-04-28,5575633.47,"41321 Jon Crest, Duffyfurt, AL 91965",danielle.lynn@sapse.com
Johnson & Johnson,JNJ,SAP SE,SAP,Service Provider,3.16,ERP,2023-04-09,9893640.27,,lisa.wood@sapse.com
General Electric,GE,FedEx Corp,FDX,Logistics Partner,19.88,Express Delivery,2025-05-11,1837340.63,,shirley.kennedy@fedexcorp.com
Johnson & Johnson,JNJ,Catalent Inc,CTLT,Contract Manufacturer,23.4,Drug Delivery,2024-01-15,5155205.89,"576 Mary Hills Suite 880, New Gina, AS 46847",laura.brewer@catalentinc.com
Salesforce Inc,CRM,Amazon Web Services,AMZN,Service Provider,11.53,Compute,2025-04-15,6767219.42,"60294 Thomas Well, Port Jesusland, MI 70027",erica.beasley@amazonwebser.com
Procter & Gamble,PG,Umbrella Corp,UMBR,Logistics Partner,15.3,Supply Chain,2022-10-13,582359.45,"Unit 8965 Box 7549, DPO AP 19999",robert.lamb@upsinc.com
Nike Inc,NKE,Accenture plc,ACN,Service Provider,8.48,IT Services,2025-11-06,7770244.44,"09687 Jennifer Summit Apt. 451, Stephenfort, ND 21983",joseph.wiggins@accentureplc.com
Amazon.com Inc,AMZN,Initech Solutions,INIT,Logistics Partner,5.44,International Shipping,2023-04-21,358253.4,,paul.escobar@dhlexpress.com
Eli Lilly,LLY,DHL Express,DHL.DE,Logistics Partner,15.42,International Shipping,2022-04-10,8920759.02,,
Starbucks Corp,SBUX,ServiceNow Inc,NOW,Service Provider,19.48,IT Service Management,2023-11-17,3465586.88,,
NVIDIA Corp,NVDA,Micron Technology,MU,Direct Supplier,34.53,NAND Storage,2023-04-22,8671512.48,"465 Lam Mission, East Jeffreymouth, AK 77611",monique.henderson@microntechno.com
Home Depot,HD,Workday Inc,WDAY,Service Provider,10.16,Finance,2025-09-10,5865785.58,,shannon.crane@workdayinc.com
Caterpillar Inc,CAT,FedEx Corp,FDX,Logistics Partner,9.57,Freight,2023-01-02,4564123.32,"Unit 5277 Box 8956, DPO AE 25455",robert.bryan@fedexcorp.com
NVIDIA Corp,NVDA,Iron Mountain,IRM,Service Provider,0.59,Data Storage,2022-08-23,6833018.17,"6159 Alvarado Crossing, Williamchester, MD 53244",sara.ryan@ironmountain.com
Starbucks Corp,SBUX,ServiceNow Inc,NOW,Service Provider,16.09,IT Service Management,2025-10-06,5354672.67,,
Eli Lilly,LLY,Lonza Group,LONN.SW,Contract Manufacturer,8.63,Drug Substance,2023-05-21,5698480.48,,
Qualcomm Inc,QCOM,,,Direct Supplier,25.2,EUV Lithography Equipment,2023-08-14,6642706.19,"700 Montoya Wall, Bensonfort, CA 30509",aaron.woods@asmlholding.com
Meta Platforms Inc,META,,,Logistics Partner,16.08,Shipping,2025-03-15,2646708.7,"9483 Noble Viaduct Apt. 943, Wagnerstad, MH 96023",william.collins@upsinc.com
Qualcomm Inc,QCOM,Entegris Inc,ENTG,Direct Supplier,18.0,Filtration,2025-06-27,2719678.52,"70232 Parker Ferry Apt. 361, East Gail, PR 49555",laura.thomas@entegrisinc.com
Costco Wholesale,COST,SAP SE,SAP,Service Provider,14.37,Business Software,2023-08-28,1645717.31,"03571 Kyle Springs, Lake Katelyn, DC 41197",ian.miller@sapse.com
Broadcom Inc,AVGO,Amkor Technology,AMKR,Contract Manufacturer,17.42,Test Services,2025-05-01,4725629.17,"5679 Michael Burg, Garciachester, PW 11754",daniel.garcia@amkortechnol.com
FactSet Research,FDS,DHL Express,DHL.DE,Logistics Partner,,International Shipping,2022-09-14,9148076.37,,
Merck & Co,MRK,Lonza Group,LONN.SW,Contract Manufacturer,15.38,Biologics,2024-12-23,1946238.26,"86604 Ryan Hill Suite 859, Anneburgh, FL 38537",nicole.simpson@lonzagroup.com
Boeing Co,BA,SAP SE,SAP,Service Provider,2.96,Business Software,2023-09-07,9279137.4,"863 Ferrell Run, Port Alexandriastad, IN 51397",peter.dudley@sapse.com
General Motors,GM,ZF Friedrichshafen,ZF.DE,Direct Supplier,8.26,Steering Systems,2025-02-13,7511572.24,"96519 Myers Orchard Apt. 457, South Leslieside, MH 90839",elaine.barber@zffriedrichs.com
Meta Platforms Inc,META,,,Service Provider,17.24,IT Services,2024-02-26,4978807.11,"5024 Kim Garden Suite 729, New Jessicahaven, RI 52715",meagan.lamb@accentureplc.com
Johnson & Johnson,JNJ,Accenture plc,ACN,Service Provider,14.92,IT Services,2024-05-14,9647127.26,"Unit 9509 Box 2918, DPO AA 67181",amber.barker@accentureplc.com
PepsiCo Inc,PEP,DHL Express,DHL.DE,Logistics Partner,19.36,International Shipping,2022-02-03,418574.67,"0378 Benson Crossroad Apt. 394, Biancastad, VI 29995",brian.payne@dhlexpress.com
Ford Motor Co,F,FedEx Corp,FDX,Logistics Partner,13.14,Freight,2024-10-25,233797.42,,
FactSet Research,FDS,ServiceNow Inc,NOW,Service Provider,5.7,IT Service Management,2024-08-27,2421674.17,"6157 Carpenter Flat Apt. 511, Heathershire, NH 69442",john.hall@servicenowin.com
Tesla Inc,TSLA,UPS Inc,UPS,Logistics Partner,4.9,Shipping,2022-03-16,4620715.69,"1397 Charlotte Crescent Apt. 602, North Jared, DE 90519",cheryl.gonzalez@upsinc.com
Caterpillar Inc,CAT,UPS Inc,UPS,Logistics Partner,,Shipping,2023-11-08,8072388.54,"8305 Snyder Mount Apt. 388, Burgesston, GA 96109",richard.taylor@upsinc.com
Cisco Systems,CSCO,Deloitte,DLT,Service Provider,2.17,Consulting,2024-09-06,5676469.0,,
Starbucks Corp,SBUX,Workday Inc,WDAY,Service Provider,19.57,Finance,2025-04-19,4918057.13,,kristin.cook@workdayinc.com
Eli Lilly,LLY,Catalent Inc,CTLT,Contract Manufacturer,6.54,Fill/Finish,2025-08-01,9366354.35,"208 Melissa Via Suite 319, South Catherine, MT 15807",cody.williams@catalentinc.com
Meta Platforms Inc,META,FedEx Corp,FDX,Logistics Partner,15.74,Express Delivery,2023-05-01,2138287.77,"605 Maria Fords Apt. 027, Evansburgh, AK 72320",audrey.welch@fedexcorp.com
Boeing Co,BA,Iron Mountain,IRM,Service Provider,3.84,Data Storage,2023-08-01,1802564.79,"871 Rodriguez Vista, South Jennifer, LA 18068",john.francis@ironmountain.com
Qualcomm Inc,QCOM,Lam Research,LRCX,Direct Supplier,18.52,Etch Equipment,2022-06-28,2910361.44,,elizabeth.hess@lamresearch.com
Walt Disney Co,DIS,Workday Inc,WDAY,Service Provider,,HR Software,2023-09-27,172985.34,"Unit 8798 Box 9763, DPO AE 88815",jesse.delgado@workdayinc.com
Intel Corp,INTC,FedEx Corp,FDX,Logistics Partner,9.15,Express Delivery,2025-08-24,364079.7,"77665 Montgomery Cape Apt. 344, East Patricia, OH 13907",melissa.edwards@fedexcorp.com
Caterpillar Inc,CAT,Accenture plc,ACN,Service Provider,129.66,Consulting,2022-04-28,3477121.77,"51558 Fisher Viaduct Apt. 438, Brownville, CA 45438",danny.mahoney@accentureplc.com
Cisco Systems,CSCO,IBM Corp,IBM,Service Provider,14.62,Cloud,2023-10-25,642581.83,"229 Wilson Island Apt. 967, New Allisonshire, NJ 87174",mark.salazar@ibmcorp.com
General Motors,GM,BorgWarner Inc,BWA,Direct Supplier,7.72,Turbochargers,2024-06-07,107811.68,"741 Ferguson Wells Suite 739, Edwardberg, ND 48567",matthew.scott@borgwarnerin.com
Tesla Inc,TSLA,,,Service Provider,6.64,Business Software,2023-04-27,6744316.92,"9774 Shaw Manor, Port James, PA 18641",john.sheppard@sapse.com
AMD Inc,AMD,TSMC,TSM,Contract Manufacturer,1.27,Advanced Packaging,2023-10-22,2889878.24,,
Procter & Gamble,PG,IBM Corp,IBM,Service Provider,15.33,Cloud,2024-05-30,5945643.34,,
Microsoft Corp,MSFT,Deloitte,DLT,Service Provider,1.11,Audit,2025-01-12,5580069.35,"1173 Davis Orchard Suite 146, Michaelmouth, CO 24525",raymond.edwards@deloitte.com
Apple Inc,AAPL,IBM Corp,IBM,Service Provider,18.4,Cloud,2022-01-08,3732079.9,"03076 Jones Avenue, Warnerville, MS 90321",jonathan.montgomery@ibmcorp.com
Chevron Corp,CVX,IBM Corp,IBM,Service Provider,13.6,Cloud,2025-07-24,1501859.03,"0245 Taylor Green, East Justin, AK 19986",javier.spencer@ibmcorp.com
JPMorgan Chase,JPM,IBM Corp,IBM,Service Provider,0.79,IT Infrastructure,2025-12-20,4405694.83,"0615 Barbara Run Apt. 455, Hamptonmouth, FM 10778",matthew.ward@ibmcorp.com
Salesforce Inc,CRM,Cloudflare Inc,NET,Service Provider,16.56,CDN,2022-06-21,1808963.22,"46545 Stewart Loaf, Lake Paul, WV 27994",justin.powell@cloudflarein.com
Tesla Inc,TSLA,Panasonic Holdings,6752.T,Direct Supplier,16.17,Battery Packs,2022-06-08,5510486.93,,
Alphabet Inc,GOOGL,ServiceNow Inc,NOW,Service Provider,12.13,IT Service Management,2023-11-21,3052563.28,"7281 Jeffery Lakes Suite 798, Port Ricardo, CA 36917",jacob.garcia@servicenowin.com
Intel Corp,INTC,,,Logistics Partner,19.41,Shipping,2022-03-27,542912.95,,
Tesla Inc,TSLA,DHL Express,DHL.DE,Logistics Partner,8.3,International Shipping,2025-08-13,7042233.0,"3856 Sanchez Falls Apt. 266, Lake Francestown, VI 05326",william.allen@dhlexpress.com
Apple Inc,AAPL,TSMC,TSM,Contract Manufacturer,1.05,Chip Fabrication,2023-06-20,8863638.07,"603 Garrison Fords Apt. 614, West Thomas, CO 47200",kimberly.lee@tsmc.com
NVIDIA Corp,NVDA,Amkor Technology,AMKR,Contract Manufacturer,23.34,Test Services,2024-01-18,1668408.27,"10518 Joshua Oval, New David, FM 75348",angela.chapman@amkortechnol.com
Oracle Corp,ORCL,UPS Inc,UPS,Logistics Partner,6.4,Shipping,2023-05-14,9888767.99,"16979 White Light, Cherylberg, NJ 64480",deborah.robles@upsinc.com
AMD Inc,AMD,SAP SE,SAP,Service Provider,1.91,ERP,2023-11-13,7506398.62,,
NVIDIA Corp,NVDA,FedEx Corp,FDX,Logistics Partner,5.52,Freight,2025-04-20,6611732.68,"38676 Gonzalez Trafficway Apt. 097, Omarland, RI 08821",robin.dominguez@fedexcorp.com
Caterpillar Inc,CAT,Iron Mountain,IRM,Service Provider,5.8,Data Storage,2024-02-04,6029372.12,"70600 Nelson Lane Apt. 433, Johnsonton, WY 36909",whitney.wallace@ironmountain.com
Johnson & Johnson,JNJ,Charles River Labs,CRL,Service Provider,1.83,Preclinical Services,TBD,3246114.68,"381 Harrison Landing Apt. 154, Lake Amy, UT 98324",jennifer.solomon@charlesriver.com
Cisco Systems,CSCO,IBM Corp,IBM,Service Provider,,IT Infrastructure,2022-12-03,4523189.14,"7303 Stephanie Spur Suite 442, East Chadfurt, CO 39604",anthony.burke@ibmcorp.com
AMD Inc,AMD,Applied Materials,AMAT,Direct Supplier,10.46,Etch Systems,2022-09-18,6969753.37,"2590 Dustin Rapids, Hunterhaven, UT 27208",kenneth.morse@appliedmater.com
JPMorgan Chase,JPM,Kyndryl Holdings,KD,Service Provider,1.14,Managed Services,2025-05-15,3111120.87,,
Eli Lilly,LLY,Lonza Group,LONN.SW,Contract Manufacturer,14.43,Biologics,2023-01-19,1209921.84,,
FactSet Research,FDS,Iron Mountain,IRM,Service Provider,8.96,Records Management,2025-10-18,8988808.93,"9861 Clark Harbors Apt. 125, Mitchellside, UT 01539",nathan.kennedy@ironmountain.com
Johnson & Johnson,JNJ,UPS Inc,UPS,Logistics Partner,10.9,Shipping,2023-12-15,4787817.19,"26303 Stevenson Isle Apt. 450, Wongport, WV 03606",christine.brown@upsinc.com
JPMorgan Chase,JPM,Fiserv Inc,FI,Service Provider,4.7,Payment Processing,2023-04-20,2758144.95,,
Eli Lilly,LLY,Charles River Labs,CRL,Service Provider,14.56,Preclinical Services,2025-02-01,110886.04,"7119 Jeanette Ports Apt. 283, North Ronaldbury, WV 70232",louis.barajas@charlesriver.com
Costco Wholesale,COST,IBM Corp,IBM,Service Provider,16.06,Cloud,2023-10-17,4542324.5,"PSC 3350, Box 8424, APO AE 92620",paul.smith@ibmcorp.com
Ford Motor Co,F,SAP SE,SAP,Service Provider,6.32,ERP,2025-08-31,272825.6,"2528 Bennett Parkway, South Amyland, TX 59429",bryan.meadows@sapse.com
Oracle Corp,ORCL,CrowdStrike,CRWD,Service Provider,18.28,Endpoint Security,2025-05-09,4584357.35,,
Intel Corp,INTC,Entegris Inc,ENTG,Direct Supplier,16.81,Filtration,2024-03-09,8068124.0,"2670 Boone Squares, Donovanfurt, FL 17543",frank.stewart@entegrisinc.com
Chevron Corp,CVX,ServiceNow Inc,NOW,Service Provider,19.1,IT Service Management,2022-09-24,2796816.35,,charles.gordon@servicenowin.com
Qualcomm Inc,QCOM,Applied Materials,AMAT,Direct Supplier,16.52,Deposition Equipment,2024-12-23,7046830.18,,
Walt Disney Co,DIS,FedEx Corp,FDX,Logistics Partner,6.24,Freight,2022-04-15,2336627.35,,
Caterpillar Inc,CAT,Accenture plc,ACN,Service Provider,7.04,IT Services,2025-05-24,5139980.63,"PSC 0833, Box 4447, APO AE 40442",patrick.rubio@accentureplc.com
AMD Inc,AMD,SAP SE,SAP,Service Provider,3.15,Business Software,2024-04-22,4434844.41,"575 Rodriguez Fall Suite 861, North Matthew, VT 77853",ronald.harmon@sapse.com
Eli Lilly,LLY,IQVIA Holdings,IQV,Service Provider,2.93,Data Analytics,2022-08-25,9776108.72,,maria.houston@iqviaholding.com
General Motors,GM,DHL Express,DHL.DE,Logistics Partner,1.55,International Shipping,2023-08-16,2379907.1,"9956 Miller Dale Apt. 310, Port Anthony, NJ 85517",diana.stevens@dhlexpress.com
Starbucks Corp,SBUX,ServiceNow Inc,NOW,Service Provider,190.91,IT Service Management,2024-10-22,363204.35,,sabrina.leon@servicenowin.com
Meta Platforms Inc,META,IBM Corp,IBM,Service Provider,9.44,IT Infrastructure,not_a_date,7526000.6,,joel.thompson@ibmcorp.com
NVIDIA Corp,NVDA,SAP SE,SAP,Service Provider,N/A,ERP,2025-04-03,5834475.5,,jacob.hill@sapse.com
Chevron Corp,CVX,,,Direct Supplier,4.94,Artificial Lift,2023-10-06,3564991.62,"06464 Copeland Neck, Greenside, GU 47110",rodney.guerrero@championxcor.com
Eli Lilly,LLY,Danaher Corp,DHR,Direct Supplier,15.8,Bioprocessing,2023-02-22,7351696.68,"23315 Joseph Parks, Thompsonfort, LA 09873",marcus.bryant@danahercorp.com
General Electric,GE,UPS Inc,UPS,Logistics Partner,16.32,Supply Chain,2022-04-09,8325160.73,"251 Christopher Prairie Apt. 359, Michelletown, OK 39010",michael.martinez@upsinc.com
FactSet Research,FDS,ServiceNow Inc,NOW,Service Provider,4.15,IT Service Management,2022-10-13,7859250.63,"6184 Horton Fields Suite 125, Port Sarahport, NH 86305",philip.henderson@servicenowin.com
Oracle Corp,ORCL,SAP SE,SAP,Service Provider,18.74,ERP,2024-11-08,8730006.68,,zachary.page@sapse.com
AMD Inc,AMD,SK Hynix,000660.KS,Direct Supplier,32.72,DRAM,2025-03-25,6789605.5,"08330 Robert Stravenue, Garciaberg, AL 72636",heather.taylor@skhynix.com
Caterpillar Inc,CAT,Deloitte,DLT,Service Provider,2.6,Audit,2022-07-13,1304243.55,"75735 Lisa Passage Suite 176, Howardshire, MN 76511",matthew.goodman@deloitte.com
Apple Inc,AAPL,Accenture plc,ACN,Service Provider,N/A,IT Services,2024-05-26,3959547.45,,
Cisco Systems,CSCO,Accenture plc,ACN,Service Provider,18.23,Consulting,2022-04-27,7237699.88,,
General Motors,GM,Accenture plc,ACN,Service Provider,14.48,Consulting,2023-06-26,7332633.08,,
Walt Disney Co,DIS,Iron Mountain,IRM,Service Provider,13.54,Data Storage,2024-12-27,9028738.3,,troy.sandoval@ironmountain.com
Costco Wholesale,COST,FedEx Corp,FDX,Logistics Partner,15.23,Express Delivery,2025-01-25,4210566.07,"10886 Terri Center, Dennismouth, WY 76714",chad.torres@fedexcorp.com
Salesforce Inc,CRM,Akamai Technologies,AKAM,Service Provider,14.31,Edge Computing,2024-10-07,1842814.52,,andrew.ward@akamaitechno.com
Nike Inc,NKE,Iron Mountain,IRM,Service Provider,9.81,Data Storage,2025-04-04,5858133.8,,
Boeing Co,BA,ServiceNow Inc,NOW,Service Provider,3.03,IT Service Management,2022-06-30,3362318.13,,jared.robinson@servicenowin.com
Procter & Gamble,PG,Wayne Enterprises,WAYN,Logistics Partner,3.18,International Shipping,2024-08-19,9507987.38,"184 Tanya Mountain Suite 309, Lake Adambury, NM 77490",nicole.thomas@dhlexpress.com
Goldman Sachs,GS,Deloitte,DLT,Service Provider,15.41,Consulting,2024-01-28,7728433.65,,karen.thompson@deloitte.com
Coca-Cola Co,KO,Accenture plc,ACN,Service Provider,13.03,Consulting,2024-05-21,5577683.21,"753 Williams Spring, Port Russellburgh, IA 78588",robin.williams@accentureplc.com
Alphabet Inc,GOOGL,ServiceNow Inc,NOW,Service Provider,11.54,IT Service Management,2022-10-19,2941233.34,"016 Burke Camp, West Reginaland, CT 52989",margaret.gardner@servicenowin.com
Intel Corp,INTC,,,Service Provider,16.86,IT Services,2022-09-12,8907539.6,"287 Melissa Knoll Apt. 443, East Mackenziemouth, MH 94454",bryan.mathews@accentureplc.com
Apple Inc,AAPL,IBM Corp,IBM,Service Provider,12.28,Cloud,2025-11-23,4377936.35,"USNV Jensen, FPO AP 79414",zachary.hamilton@ibmcorp.com
Salesforce Inc,CRM,Google Cloud,GOOGL,Service Provider,4.77,Data Analytics,2025-12-07,8525717.17,"PSC 7512, Box 3959, APO AA 66913",derrick.townsend@googlecloud.com
NVIDIA Corp,NVDA,DHL Express,DHL.DE,Logistics Partner,11.35,International Shipping,2024-05-31,948958.38,,john.keith@dhlexpress.com
Texas Instruments,TXN,IBM Corp,IBM,Service Provider,16.27,IT Infrastructure,2023-11-10,8727250.32,"143 Pitts Drive Apt. 117, Josephshire, KS 38908",stephen.campbell@ibmcorp.com
NVIDIA Corp,NVDA,Entegris Inc,ENTG,Direct Supplier,7.21,Specialty Chemicals,2023-01-03,2738020.3,"02335 James Unions Apt. 627, Elizabethstad, NJ 07486",frances.jones@entegrisinc.com
Qualcomm Inc,QCOM,SK Hynix,000660.KS,Direct Supplier,18.74,DRAM,2022-07-06,4726603.43,"63745 Morgan Ports Apt. 975, North Corymouth, AK 16785",cynthia.terry@skhynix.com
Coca-Cola Co,KO,Accenture plc,ACN,Service Provider,19.45,IT Services,2022-06-11,9230843.87,"21991 Glass Ramp, Davidborough, FM 44656",michael.kelly@accentureplc.com
Intel Corp,INTC,ASE Technology,ASX,Contract Manufacturer,23.57,Semiconductor Packaging,2022-10-05,8675170.99,"0609 Michael Heights Apt. 687, Marciaville, DC 13173",ryan.khan@asetechnolog.com
Oracle Corp,ORCL,Datadog Inc,DDOG,Service Provider,4.21,Monitoring,2025-08-03,6947588.77,"6678 Wilcox Ford Suite 164, South Carlos, VT 15381",joshua.hamilton@datadoginc.com
General Electric,GE,SAP SE,SAP,Service Provider,18.36,Business Software,2024-11-04,756754.35,,
Lockheed Martin,LMT,DHL Express,DHL.DE,Logistics Partner,9.08,International Shipping,2024-03-16,7638817.72,"112 Steven Underpass, Port Sheilafurt, NE 50955",anna.gonzalez@dhlexpress.com
Oracle Corp,ORCL,DHL Express,DHL.DE,Logistics Partner,16.9,International Shipping,2023-07-26,194313.38,"2862 Carolyn Ferry Suite 352, Tammystad, GU 86913",rebekah.gonzalez@dhlexpress.com
Broadcom Inc,AVGO,ServiceNow Inc,NOW,Service Provider,17.05,IT Service Management,2023-03-25,8813424.25,"49864 Chelsea Lodge Suite 549, Chavezmouth, IN 52162",david.smith@servicenowin.com
Amazon.com Inc,AMZN,DHL Express,DHL.DE,Logistics Partner,2.87,International Shipping,2025-08-20,2884708.68,,jessica.burns@dhlexpress.com
Texas Instruments,TXN,Samsung Electronics,005930.KS,Contract Manufacturer,,Memory Chips,2025-02-09,4915007.02,"1964 Rhonda Ramp, Williamfurt, DE 57207",jerome.white@samsungelect.com
Intel Corp,INTC,Iron Mountain,IRM,Service Provider,15.88,Records Management,2024-01-18,9331506.05,"869 Blackwell Corners, Angelatown, CA 64463",tristan.evans@ironmountain.com
Coca-Cola Co,KO,Accenture plc,ACN,Service Provider,7.21,IT Services,2024-11-28,3510089.17,"100 Jamie Expressway, Rossland, NH 73996",kayla.johnson@accentureplc.com
PepsiCo Inc,PEP,Iron Mountain,IRM,Service Provider,5.21,Data Storage,2025-05-31,1822692.32,"78256 Heather Rapid Apt. 624, Villaport, SC 62173",michael.mcclure@ironmountain.com
Microsoft Corp,MSFT,IBM Corp,IBM,Service Provider,-35.48,IT Infrastructure,2025-11-21,8073770.68,"6783 Anthony Club, Martinezborough, VI 14565",tamara.smith@ibmcorp.com
General Motors,GM,,,Logistics Partner,2.76,Supply Chain,2022-10-21,9857670.83,"47276 Darren Drives, Maynardfort, AK 59419",dustin.allen@upsinc.com
Oracle Corp,ORCL,SAP SE,SAP,Service Provider,16.77,Business Software,2024-11-26,3166238.87,,
Microsoft Corp,MSFT,Datadog Inc,DDOG,Service Provider,7.7,Monitoring,2025-04-18,9717662.94,"5532 Jimenez Field Suite 594, New Jason, NY 85346",danny.robinson@datadoginc.com
PepsiCo Inc,PEP,FedEx Corp,FDX,Logistics Partner,19.39,Express Delivery,2024-11-17,8639552.99,"8501 Friedman Springs, North Scottland, NE 65650",allen.gonzalez@fedexcorp.com
Salesforce Inc,CRM,Akamai Technologies,AKAM,Service Provider,19.51,Edge Computing,2024-06-26,7751607.46,"PSC 5493, Box 0596, APO AA 96082",kathryn.pineda@akamaitechno.com
Oracle Corp,ORCL,Akamai Technologies,AKAM,Service Provider,1.23,Edge Computing,2025-01-05,1399857.28,"03354 Curtis Parkway, Garyton, ME 38620",nathan.smith@akamaitechno.com
Coca-Cola Co,KO,,,Service Provider,13.58,Business Software,2025-01-31,6387913.58,,
Procter & Gamble,PG,Workday Inc,WDAY,Service Provider,7.26,HR Software,2022-03-31,6578918.93,"PSC 0961, Box 7300, APO AP 78238",johnathan.garcia@workdayinc.com
Alphabet Inc,GOOGL,DHL Express,DHL.DE,Logistics Partner,6.46,International Shipping,2022-04-08,3008336.68,"2690 Emily Manor Suite 513, South Robert, SD 61530",jessica.aguilar@dhlexpress.com
PepsiCo Inc,PEP,FedEx Corp,FDX,Logistics Partner,12.43,Express Delivery,2022-10-26,7483246.32,"533 Davis Glen, Port Cameronside, WY 99394",elizabeth.duarte@fedexcorp.com
Coca-Cola Co,KO,,,Service Provider,unknown,IT Infrastructure,2025-02-02,2176826.83,"882 Whitney Prairie, West Gregory, DE 01013",william.smith@ibmcorp.com
Alphabet Inc,GOOGL,Iron Mountain,IRM,Service Provider,16.19,Data Storage,2025-01-04,1910250.36,"3370 Mccoy Springs Apt. 249, Blackburnberg, KS 32930",tracy.barker@ironmountain.com
Johnson & Johnson,JNJ,Charles River Labs,CRL,Service Provider,5.51,Safety Testing,2024-08-22,8107292.3,,
FactSet Research,FDS,Accenture plc,ACN,Service Provider,161.63,Consulting,2024-06-27,5234359.28,,
FactSet Research,FDS,Iron Mountain,IRM,Service Provider,7.66,Data Storage,2023-08-06,6685877.62,"36860 Reilly Center Suite 306, Allentown, MN 06270",david.tucker@ironmountain.com
Johnson & Johnson,JNJ,Catalent Inc,CTLT,Contract Manufacturer,23.4,Drug Delivery,2024-01-15,5155205.89,"576 Mary Hills Suite 880, New Gina, AS 46847",laura.brewer@catalentinc.com
Adobe Inc,ADBE,Workday Inc,WDAY,Service Provider,15.69,Finance,2023-05-19,5719486.01,,
Chevron Corp,CVX,FedEx Corp,FDX,Logistics Partner,3.14,Freight,2025-03-10,5734298.18,,
Goldman Sachs,GS,FedEx Corp,FDX,Logistics Partner,17.41,Express Delivery,2025-10-22,8922539.29,,
Adobe Inc,ADBE,Workday Inc,WDAY,Service Provider,,HR Software,2025-11-29,5444982.25,"541 Daniel Mountain Suite 208, Port Charlesburgh, VI 70105",kenneth.stuart@workdayinc.com
Meta Platforms Inc,META,ServiceNow Inc,NOW,Service Provider,2.07,IT Service Management,2023-07-16,3212070.42,,
Qualcomm Inc,QCOM,Tokyo Electron,8035.T,Direct Supplier,19.62,Coater/Developer,2023-01-03,8365607.16,"3646 Allen Forges Apt. 477, Juliachester, IN 26536",jason.schmidt@tokyoelectro.com
JPMorgan Chase,JPM,UPS Inc,UPS,Logistics Partner,3.78,Supply Chain,2025-05-26,766899.94,"65974 Smith Centers, Lake Jason, DC 09959",jennifer.schwartz@upsinc.com
Merck & Co,MRK,Iron Mountain,IRM,Service Provider,8.41,Data Storage,2022-02-21,5160978.31,,
General Motors,GM,DHL Express,DHL.DE,Logistics Partner,16.01,International Shipping,2023-08-24,4759384.58,,dale.cruz@dhlexpress.com
General Electric,GE,FedEx Corp,FDX,Logistics Partner,8.39,Express Delivery,2023-02-27,1342826.22,"4878 Chapman Estate Apt. 494, Mariatown, ME 53820",emily.edwards@fedexcorp.com
Procter & Gamble,PG,ServiceNow Inc,NOW,Service Provider,14.71,IT Service Management,2023-09-07,53518.45,"Unit 3122 Box 0667, DPO AA 53709",anthony.hanson@servicenowin.com
Oracle Corp,ORCL,Cloudflare Inc,NET,Service Provider,2.89,Security,2024-12-28,8292950.35,,debbie.huerta@cloudflarein.com
Home Depot,HD,Iron Mountain,IRM,Service Provider,10.5,Records Management,2023-11-26,3475405.99,,brooke.king@ironmountain.com
Qualcomm Inc,QCOM,Micron Technology,MU,Direct Supplier,13.64,DRAM Modules,2024-10-19,9345627.39,"14596 Megan Prairie, Schultzshire, WV 53527",beverly.herman@microntechno.com
Caterpillar Inc,CAT,,,Service Provider,3.6,Consulting,2022-07-01,3347695.95,,
General Motors,GM,DHL Express,DHL.DE,Logistics Partner,4.27,International Shipping,not_a_date,336157.4,"3027 Herman Causeway Apt. 305, Wolffurt, CT 78118",martha.paul@dhlexpress.com
Walt Disney Co,DIS,,,Logistics Partner,12.25,Express Delivery,2024-08-06,3287512.04,"801 Shannon Hollow Apt. 217, Alejandrabury, OK 58219",sydney.simon@fedexcorp.com
Alphabet Inc,GOOGL,ServiceNow Inc,NOW,Service Provider,5.14,IT Service Management,2024-08-01,4379737.27,,
Costco Wholesale,COST,,,Service Provider,5.51,Finance,2022-01-14,4153302.61,"60856 Davis Courts Apt. 422, Kaylaberg, ME 53883",brady.atkins@workdayinc.com
Eli Lilly,LLY,West Pharmaceutical,WST,Direct Supplier,21.94,Drug Packaging,2025-04-04,1584232.96,"61817 Robinson Haven, Jamestown, RI 12551",lawrence.smith@westpharmace.com
Microsoft Corp,MSFT,FedEx Corp,FDX,Logistics Partner,,Freight,2022-10-16,5712354.62,"23014 Scott Orchard Suite 038, Port Carriemouth, WA 39185",monica.clark@fedexcorp.com
AMD Inc,AMD,Amkor Technology,AMKR,Contract Manufacturer,17.74,IC Packaging,2023-07-16,1958922.9,"34476 Janet Glens Apt. 774, Lake Wendyshire, AS 94737",richard.arnold@amkortechnol.com
PepsiCo Inc,PEP,FedEx Corp,FDX,Logistics Partner,10.05,Freight,2025-02-27,6023390.46,"47286 Brianna Glen Apt. 012, East Sandra, CO 38180",alan.rodriguez@fedexcorp.com
NVIDIA Corp,NVDA,TSMC,TSM,Contract Manufacturer,18.23,Wafer Fabrication,2025-03-21,6706768.21,"209 Moore Port Apt. 654, West Holly, NY 72801",christopher.kelly@tsmc.com
FactSet Research,FDS,IBM Corp,IBM,Service Provider,7.24,IT Infrastructure,2023-02-14,9397849.75,,victoria.michael@ibmcorp.com
Cisco Systems,CSCO,IBM Corp,IBM,Service Provider,6.1,Cloud,2023-11-25,8052113.76,"7437 Byrd Views Suite 910, Annaport, ME 90208",jennifer.fletcher@ibmcorp.com
Alphabet Inc,GOOGL,FedEx Corp,FDX,Logistics Partner,5.04,Express Delivery,2025-10-05,2200547.91,"8821 Santos Court, New Crystalburgh, CO 39739",melissa.prince@fedexcorp.com
Goldman Sachs,GS,Umbrella Corp,UMBR,Service Provider,4.88,Consulting,2025-11-22,2114497.37,,
NVIDIA Corp,NVDA,Workday Inc,WDAY,Service Provider,6.44,HR Software,2024-05-14,5984269.86,"4330 Raymond Harbors Apt. 458, Frazierside, MA 04118",michele.walker@workdayinc.com
Lockheed Martin,LMT,Iron Mountain,IRM,Service Provider,10.28,Data Storage,2025-11-13,7043336.55,"2442 Hammond Mountains, New Shawnport, SD 29902",kaitlin.warren@ironmountain.com
Coca-Cola Co,KO,ServiceNow Inc,NOW,Service Provider,9.35,IT Service Management,2022-08-08,1849442.95,"338 Ronald Camp, Hunterburgh, AS 73484",david.robinson@servicenowin.com
Qualcomm Inc,QCOM,Sumco Corp,3436.T,Direct Supplier,15.26,Silicon Wafers,2024-10-11,1489213.38,"1710 Mikayla Lodge Suite 626, Pattersonside, MN 38576",ronald.davis@sumcocorp.com
Netflix Inc,NFLX,DHL Express,DHL.DE,Logistics Partner,9.28,International Shipping,2022-12-04,3189652.05,"9985 Holly Forges, East Steven, GA 99868",raymond.spears@dhlexpress.com
Walt Disney Co,DIS,UPS Inc,UPS,Logistics Partner,,Supply Chain,2024-02-23,6847968.52,"523 Kenneth Plain Apt. 640, Christopherberg, SC 03534",ashley.johnson@upsinc.com
Costco Wholesale,COST,Deloitte,DLT,Service Provider,4.88,Audit,2024-08-28,295331.02,"19109 Kevin Path Suite 607, Port Julie, MT 41073",jason.petty@deloitte.com
Amazon.com Inc,AMZN,ServiceNow Inc,NOW,Service Provider,14.4,IT Service Management,2025-06-27,4887766.57,"610 Kathleen Mount, South Kevin, TX 23235",elizabeth.hughes@servicenowin.com
Microsoft Corp,MSFT,Umbrella Corp,UMBR,Service Provider,6.87,Records Management,2025-11-11,1278466.93,"2424 Nicholas Spring, New Julie, KY 54255",james.rhodes@ironmountain.com
Merck & Co,MRK,Catalent Inc,CTLT,Contract Manufacturer,14.65,Drug Delivery,2023-01-12,2655808.06,,
FactSet Research,FDS,Accenture plc,ACN,Service Provider,19.0,IT Services,2025-02-28,1463917.79,"4260 Matthew Brook, South Codychester, VA 39953",barbara.mitchell@accentureplc.com
Adobe Inc,ADBE,,,Logistics Partner,18.3,Supply Chain,2024-10-02,4629035.37,"5797 Nathaniel Way, Helenton, NH 03676",kelly.snyder@upsinc.com
Coca-Cola Co,KO,ServiceNow Inc,NOW,Service Provider,9.17,IT Service Management,2025-11-27,5907984.91,"31494 Jackson Courts Apt. 586, South Dontown, WV 82364",vanessa.dillon@servicenowin.com
Nike Inc,NKE,SAP SE,SAP,Service Provider,N/A,ERP,2023-06-14,5510560.55,"7812 Madison Heights Apt. 567, New Ryantown, AZ 79040",amy.hernandez@sapse.com
Salesforce Inc,CRM,,,Service Provider,19.88,IT Service Management,2023-12-29,7705270.32,"220 Lopez Pine Suite 226, North Patrick, MO 10026",brenda.anderson@servicenowin.com
Lockheed Martin,LMT,Iron Mountain,IRM,Service Provider,,Records Management,2024-03-11,7274824.36,,jennifer.zimmerman@ironmountain.com
FactSet Research,FDS,Iron Mountain,IRM,Service Provider,14.1,Data Storage,2022-08-18,529830.94,,ashley.medina@ironmountain.com
Alphabet Inc,GOOGL,SAP SE,SAP,Service Provider,7.47,Business Software,2023-11-23,5324585.93,,nicholas.hall@sapse.com
JPMorgan Chase,JPM,ServiceNow Inc,NOW,Service Provider,4.26,IT Service Management,2022-05-07,4532704.93,"4489 Raymond Spurs Apt. 034, Combsville, NV 98096",linda.thompson@servicenowin.com
Goldman Sachs,GS,Broadridge Financial,BR,Service Provider,14.56,Trade Processing,2025-03-17,3433454.18,,
Costco Wholesale,COST,ServiceNow Inc,NOW,Service Provider,17.78,IT Service Management,2023-03-15,9555833.23,"6740 Clark Dam, Christopherberg, IL 16684",john.blake@servicenowin.com
Broadcom Inc,AVGO,Entegris Inc,ENTG,Direct Supplier,-69.69,Specialty Chemicals,2024-09-06,8155765.12,"4122 Chang Glen, Lake Ashleystad, ID 94162",rachael.shelton@entegrisinc.com
Microsoft Corp,MSFT,Akamai Technologies,AKAM,Service Provider,-78.38,CDN,2023-07-03,1469224.28,"16397 Justin Expressway Apt. 757, Heatherville, WY 41103",tami.welch@akamaitechno.com
Costco Wholesale,COST,Iron Mountain,IRM,Service Provider,5.13,Records Management,2025-09-27,9342342.02,"6103 Karen Radial Apt. 788, Averyview, AR 42225",peter.flores@ironmountain.com
Lockheed Martin,LMT,Workday Inc,WDAY,Service Provider,4.22,Finance,2024-10-15,3705101.92,"PSC 0162, Box 2499, APO AP 74186",mary.evans@workdayinc.com
Meta Platforms Inc,META,Iron Mountain,IRM,Service Provider,16.36,Records Management,2023-03-29,2380866.54,"640 Ryan Dale Suite 737, Port David, OR 65803",angel.juarez@ironmountain.com
Texas Instruments,TXN,Tokyo Electron,8035.T,Direct Supplier,16.53,Etch Systems,2022-01-26,1263517.48,"94588 Williams Ways Suite 155, West Sandra, GA 01950",steven.hughes@tokyoelectro.com
Qualcomm Inc,QCOM,DHL Express,DHL.DE,Logistics Partner,2.57,International Shipping,2023-01-25,4833759.79,"385 Park Canyon, Jennifermouth, AK 90864",david.wood@dhlexpress.com
Eli Lilly,LLY,ServiceNow Inc,NOW,Service Provider,16.03,IT Service Management,2023-05-23,2805828.19,"363 Mccarthy Valleys Apt. 892, Port Brittany, SC 19994",jacob.campbell@servicenowin.com
Texas Instruments,TXN,UPS Inc,UPS,Logistics Partner,342.1,Supply Chain,2025-03-17,3621643.62,"374 Ralph Walk Apt. 898, North Stacy, NV 23160",bruce.hughes@upsinc.com
Chevron Corp,CVX,Accenture plc,ACN,Service Provider,10.09,Consulting,2022-05-19,8603684.59,,stephanie.bean@accentureplc.com
Goldman Sachs,GS,ServiceNow Inc,NOW,Service Provider,11.82,IT Service Management,2024-10-26,7623641.68,,emily.garza@servicenowin.com
Lockheed Martin,LMT,Northrop Grumman,NOC,Tier 2 Supplier,1.01,Autonomous Systems,2024-12-13,5463615.5,"84046 Sherry Harbors Apt. 256, North Jessica, NC 89367",andrew.sutton@northropgrum.com
PepsiCo Inc,PEP,ServiceNow Inc,NOW,Service Provider,1.77,IT Service Management,2024-05-08,5618599.08,,kimberly.berry@servicenowin.com
Netflix Inc,NFLX,ServiceNow Inc,NOW,Service Provider,8.82,IT Service Management,2023-12-21,8680317.41,"2359 Perez Mills, North Frankberg, WA 79826",lindsay.whitehead@servicenowin.com
Broadcom Inc,AVGO,Samsung Electronics,005930.KS,Contract Manufacturer,2.68,Foundry Services,2023-07-25,4898383.18,"02279 Megan Villages, Armstrongshire, MP 67676",meghan.carpenter@samsungelect.com
Texas Instruments,TXN,ASE Technology,ASX,Contract Manufacturer,31.84,Testing,2025-10-19,5488651.47,"443 Brandon Ports Suite 205, South Christopherfort, ID 13213",craig.harris@asetechnolog.com
AMD Inc,AMD,Micron Technology,MU,Direct Supplier,5.15,DRAM Modules,2022-07-18,414327.86,"0431 Lauren Land, East Christopherhaven, NY 60231",brian.baker@microntechno.com
Alphabet Inc,GOOGL,DHL Express,DHL.DE,Logistics Partner,17.99,International Shipping,2023-09-15,5374284.28,"628 Rachel Mission Suite 777, Nixonbury, UT 79374",ralph.moore@dhlexpress.com
Procter & Gamble,PG,Accenture plc,ACN,Service Provider,3.87,IT Services,2024-03-09,9830487.61,,virginia.brown@accentureplc.com
Walt Disney Co,DIS,IBM Corp,IBM,Service Provider,TBD,IT Infrastructure,2025-12-18,9878920.93,,
Ford Motor Co,F,Workday Inc,WDAY,Service Provider,14.39,HR Software,2023-02-26,2819531.06,"Unit 1692 Box 3645, DPO AP 93447",charles.dyer@workdayinc.com
FactSet Research,FDS,Accenture plc,ACN,Service Provider,8.23,IT Services,2024-05-26,3484173.12,"941 Erik Landing Apt. 810, Kleinport, CT 83638",joshua.smith@accentureplc.com
Ford Motor Co,F,,,Direct Supplier,17.62,Drivetrain,2023-09-09,5165914.31,,
General Motors,GM,Magna International,MGA,Contract Manufacturer,16.59,Seating,2022-11-27,1747361.5,"USNS Lane, FPO AP 67240",amy.wright@magnainterna.com
Broadcom Inc,AVGO,Applied Materials,AMAT,Direct Supplier,,Deposition Equipment,2024-05-02,6082860.63,"7212 Hill Hills Suite 154, Lake Colleen, PA 81329",gavin.james@appliedmater.com
Chevron Corp,CVX,,,Logistics Partner,18.86,International Shipping,2024-02-02,3666391.35,,
Salesforce Inc,CRM,FedEx Corp,FDX,Logistics Partner,1.83,Express Delivery,2025-03-21,5367605.3,"36837 Emily Mission Apt. 718, Morrisside, AK 60283",nathan.gonzales@fedexcorp.com
Meta Platforms Inc,META,DHL Express,DHL.DE,Logistics Partner,13.86,International Shipping,2022-06-28,9759603.09,"54221 Thompson Springs, Ginaview, OR 85179",jonathan.robinson@dhlexpress.com
Microsoft Corp,MSFT,SAP SE,SAP,Service Provider,19.72,ERP,2024-03-20,4821259.82,"PSC 4743, Box 7299, APO AE 92899",tammy.silva@sapse.com
NVIDIA Corp,NVDA,Deloitte,DLT,Service Provider,10.36,Audit,2025-07-18,8017847.4,,
Goldman Sachs,GS,Iron Mountain,IRM,Service Provider,TBD,Data Storage,2023-04-14,1395939.29,"54791 Brandon Estate, Grimesshire, DC 77503",deborah.solis@ironmountain.com
JPMorgan Chase,JPM,FedEx Corp,FDX,Logistics Partner,5.25,Freight,2022-12-13,2920364.27,"367 Douglas Stream, Danieltown, FM 47194",edward.bryant@fedexcorp.com
Ford Motor Co,F,Lear Corp,LEA,Direct Supplier,15.5,Seating,2025-04-17,1931566.53,"2741 Don Lakes, Tommyland, VT 61651",richard.king@learcorp.com
Walt Disney Co,DIS,DHL Express,DHL.DE,Logistics Partner,15.21,International Shipping,2022-11-12,2931879.34,,
Adobe Inc,ADBE,Google Cloud,GOOGL,Service Provider,4.31,Data Analytics,2022-11-13,6584526.21,"5061 Darlene River Apt. 901, Sarahville, LA 90400",rhonda.russell@googlecloud.com
Goldman Sachs,GS,UPS Inc,UPS,Logistics Partner,TBD,Supply Chain,2024-10-26,5298224.9,"91037 Taylor Route Apt. 586, Lauraton, GU 81363",alicia.miles@upsinc.com
Chevron Corp,CVX,Halliburton Co,HAL,Service Provider,11.5,Production,2022-12-22,7923384.42,,
Qualcomm Inc,QCOM,Iron Mountain,IRM,Service Provider,5.86,Records Management,2022-03-08,6623950.02,"51547 Graham Crescent Apt. 708, Smithfort, FL 70367",alyssa.scott@ironmountain.com
Adobe Inc,ADBE,UPS Inc,UPS,Logistics Partner,11.49,Shipping,2023-11-09,5620497.08,"9734 Miller Lake Suite 627, Hendersonchester, WV 20932",james.coleman@upsinc.com
Chevron Corp,CVX,SAP SE,SAP,Service Provider,14.53,ERP,2024-12-01,8768528.37,"8656 Black Court, North Ryanfort, IL 83317",sarah.taylor@sapse.com
Walt Disney Co,DIS,IBM Corp,IBM,Service Provider,4.39,IT Infrastructure,2023-12-26,4080022.38,"99971 William Court Suite 321, Lake Jeremy, WV 91315",wayne.acosta@ibmcorp.com
Coca-Cola Co,KO,Accenture plc,ACN,Service Provider,2.71,IT Services,2025-11-24,2426978.18,,joseph.holland@accentureplc.com
JPMorgan Chase,JPM,FactSet Research,FDS,Service Provider,3.42,Data Feeds,2025-11-18,5708225.04,"2354 Ryan Parkways Suite 447, North Tylerburgh, VI 85449",micheal.dunn@factsetresea.com
Procter & Gamble,PG,Deloitte,DLT,Service Provider,1.21,Consulting,2023-09-13,389131.25,"037 Green Harbor Suite 691, South Christopherburgh, DE 44807",robert.roberts@deloitte.com
Nike Inc,NKE,IBM Corp,IBM,Service Provider,5.11,Cloud,2023-03-06,9526149.97,"50509 Gilbert Squares, Garciaborough, DE 43741",george.smith@ibmcorp.com
FactSet Research,FDS,FedEx Corp,FDX,Logistics Partner,14.56,Express Delivery,2025-12-06,9483009.35,"09462 Lance Oval, Port Robertville, MP 49680",andrew.goodwin@fedexcorp.com
AMD Inc,AMD,Workday Inc,WDAY,Service Provider,4.81,Finance,2022-08-20,720267.94,,
General Electric,GE,FedEx Corp,FDX,Logistics Partner,13.15,Express Delivery,2025-03-01,3347242.42,,
Ford Motor Co,F,FedEx Corp,FDX,Logistics Partner,10.62,Freight,2024-05-26,4561758.9,,
FactSet Research,FDS,Workday Inc,WDAY,Service Provider,2.93,Finance,2022-07-26,1611637.33,,
Microsoft Corp,MSFT,CrowdStrike,CRWD,Service Provider,7.47,Endpoint Security,2022-05-29,142688.8,"091 Crystal Heights Apt. 161, South Garrettport, MH 04295",norman.stewart@crowdstrike.com
PepsiCo Inc,PEP,IBM Corp,IBM,Service Provider,19.82,IT Infrastructure,2022-11-05,7029877.27,,lorraine.kramer@ibmcorp.com
FactSet Research,FDS,Accenture plc,ACN,Service Provider,17.94,Consulting,2022-03-29,4718770.02,"084 Christopher River Suite 521, Hoodton, SC 04131",elizabeth.trujillo@accentureplc.com
NVIDIA Corp,NVDA,Sumco Corp,3436.T,Direct Supplier,19.22,Silicon Wafers,2024-10-21,1989092.88,"74033 Baker River Suite 093, New Daniel, IN 52036",stephen.stanley@sumcocorp.com
Oracle Corp,ORCL,FedEx Corp,FDX,Logistics Partner,12.26,Express Delivery,2022-11-30,5238561.38,"06206 Kyle Springs Suite 991, Thomasburgh, MP 77855",jorge.hicks@fedexcorp.com
Tesla Inc,TSLA,Workday Inc,WDAY,Service Provider,6.85,HR Software,2024-04-11,742595.97,"USNS Brown, FPO AE 34514",teresa.brooks@workdayinc.com
General Motors,GM,Denso Corp,6902.T,Tier 2 Supplier,5.55,Engine Components,2023-09-24,7246636.79,"7626 Carol View Suite 362, Sparkstown, LA 34815",jennifer.lee@densocorp.com
Merck & Co,MRK,Workday Inc,WDAY,Service Provider,6.02,HR Software,2025-04-25,9399588.85,"55740 Rebecca Union Suite 595, Hendersonmouth, MN 74593",michele.lee@workdayinc.com
Netflix Inc,NFLX,ServiceNow Inc,NOW,Service Provider,16.73,IT Service Management,2022-04-01,4305821.03,"5592 Jasmine Radial Suite 688, Leachshire, MH 28972",patrick.reese@servicenowin.com
Apple Inc,AAPL,Deloitte,DLT,Service Provider,6.17,Consulting,2024-11-08,3040661.05,"0139 Mary Rapid Apt. 567, Holtport, WI 89171",nathan.simpson@deloitte.com
Merck & Co,MRK,Workday Inc,WDAY,Service Provider,11.72,Finance,2025-08-03,4542162.51,"76660 Johnston Spring Suite 085, South Christopher, AR 55664",shawn.brown@workdayinc.com
Johnson & Johnson,JNJ,Thermo Fisher,TMO,Direct Supplier,16.45,Lab Equipment,2023-08-13,3643155.27,"656 Norris Forges, Mccormickport, NJ 64982",jared.duran@thermofisher.com
Chevron Corp,CVX,Halliburton Co,HAL,Service Provider,14.32,Production,2025-07-13,3620897.27,"7125 Vance Ferry, East Melissatown, AK 72927",elizabeth.fry@halliburtonc.com
Apple Inc,AAPL,Texas Instruments,TXN,Direct Supplier,11.91,Power Management ICs,2024-09-21,2181656.23,"93149 Laura Port, West Amandastad, CA 66818",erica.rubio@texasinstrum.com
JPMorgan Chase,JPM,SS&C Technologies,SSNC,Service Provider,2.4,Fund Administration,2025-12-11,7635740.62,"114 Ashley Rest, Williamport, DE 37757",joan.torres@ss&ctechnolo.com
Oracle Corp,ORCL,DHL Express,DHL.DE,Logistics Partner,12.57,International Shipping,2023-06-13,9568550.68,,
General Electric,GE,FedEx Corp,FDX,Logistics Partner,13.86,Express Delivery,2022-07-24,9479046.28,,
NVIDIA Corp,NVDA,IBM Corp,IBM,Service Provider,3.7,Cloud,2024-09-06,6116241.51,"12683 Michael Lodge Apt. 420, Williamsland, WI 13152",charles.shaw@ibmcorp.com
Home Depot,HD,DHL Express,DHL.DE,Logistics Partner,15.38,International Shipping,2025-01-07,1820185.63,"61395 Deleon Islands Apt. 118, Kaitlinburgh, IN 83411",shaun.beck@dhlexpress.com
FactSet Research,FDS,UPS Inc,UPS,Logistics Partner,7.94,Shipping,2023-06-02,1960630.31,"PSC 2921, Box 3511, APO AP 83946",robert.becker@upsinc.com
Intel Corp,INTC,TSMC,TSM,Contract Manufacturer,5.37,Wafer Fabrication,2022-01-05,211960.61,"58385 Leah Fort Suite 781, South Justinview, VT 57350",melissa.cook@tsmc.com
Intel Corp,INTC,SAP SE,SAP,Service Provider,,Business Software,2024-10-06,2227716.92,"959 Lee Cliffs, Bellton, MN 27227",rachel.smith@sapse.com
Oracle Corp,ORCL,Datadog Inc,DDOG,Service Provider,4.58,Observability,2025-08-13,3618804.72,"119 Hernandez Course, Lake Jenniferview, SD 30799",haley.castillo@datadoginc.com
NVIDIA Corp,NVDA,Micron Technology,MU,Direct Supplier,-73.95,DRAM Modules,2022-09-17,4413631.03,"8364 Christopher Loop, Bethstad, WA 72916",jimmy.grant@microntechno.com
General Motors,GM,Iron Mountain,IRM,Service Provider,1.69,Records Management,2025-05-30,420157.55,,
FactSet Research,FDS,UPS Inc,UPS,Logistics Partner,15.56,Supply Chain,2023-08-06,3238803.7,"091 Lee Views, Costaburgh, ND 17241",shannon.calderon@upsinc.com
Walt Disney Co,DIS,Workday Inc,WDAY,Service Provider,13.23,HR Software,2022-06-24,1964646.0,"5826 Fisher Landing Apt. 620, East Jasmineborough, AS 67132",david.crawford@workdayinc.com
Amazon.com Inc,AMZN,SAP SE,SAP,Service Provider,,Business Software,2023-09-26,6407543.13,"412 Michelle Crest, Williamshaven, NE 01050",christopher.ochoa@sapse.com
Merck & Co,MRK,SAP SE,SAP,Service Provider,6.31,Business Software,2023-01-04,5735526.7,"Unit 1721 Box 4364, DPO AE 71537",jennifer.barry@sapse.com
Boeing Co,BA,Iron Mountain,IRM,Service Provider,16.48,Data Storage,2023-01-15,7616157.33,"53244 Travis Lodge, Kellyfort, WY 52786",jerry.berry@ironmountain.com
Alphabet Inc,GOOGL,IBM Corp,IBM,Service Provider,11.05,Cloud,2023-01-20,6411012.62,,laura.hernandez@ibmcorp.com
Adobe Inc,ADBE,Cloudflare Inc,NET,Service Provider,2.55,CDN,2023-09-25,9219298.33,"5231 Harvey Fields Suite 775, Heatherberg, OK 74800",emily.king@cloudflarein.com
Adobe Inc,ADBE,,,Service Provider,12.6,Network Security,2022-12-04,3394307.3,"46554 Adkins Crossroad, East Kathleenside, KY 97157",elizabeth.little@paloaltonetw.com
JPMorgan Chase,JPM,ServiceNow Inc,NOW,Service Provider,7.43,IT Service Management,2024-07-07,7528484.2,"03577 Dean Crest Apt. 404, New Patrick, IL 49655",theresa.lynch@servicenowin.com
AMD Inc,AMD,ASML Holding,ASML,Direct Supplier,5.43,DUV Systems,2025-11-15,8314187.76,"3454 Rebecca Corners Apt. 802, Khanburgh, PW 05264",tiffany.moore@asmlholding.com
Home Depot,HD,FedEx Corp,FDX,Logistics Partner,7.25,Freight,2024-10-25,7611278.69,,edward.jones@fedexcorp.com
Tesla Inc,TSLA,IBM Corp,IBM,Service Provider,10.93,Cloud,2025-10-17,895808.81,"70598 Moon Greens Suite 143, Crawfordburgh, NC 51778",kevin.fernandez@ibmcorp.com
Goldman Sachs,GS,Acme Widget Corp,ACME,Logistics Partner,8.51,Supply Chain,2025-09-15,356650.56,"15406 Rodriguez Mountain Suite 927, Jeffreyville, CO 96414",samuel.short@upsinc.com
Salesforce Inc,CRM,Workday Inc,WDAY,Service Provider,10.06,Finance,2022-08-12,6446044.72,"8939 Todd Vista, Goodwinbury, OR 72709",melvin.white@workdayinc.com
Broadcom Inc,AVGO,Stark Industries,STRK,Service Provider,3.89,Audit,2022-06-21,6346555.68,,
Eli Lilly,LLY,Workday Inc,WDAY,Service Provider,16.23,Finance,2024-12-30,5352124.53,,
Broadcom Inc,AVGO,Samsung Electronics,005930.KS,Contract Manufacturer,-40.51,Foundry Services,2022-05-27,5454759.91,"USS Phillips, FPO AE 46448",robert.williams@samsungelect.com
Coca-Cola Co,KO,Acme Widget Corp,ACME,Service Provider,19.7,HR Software,2025-11-02,9033891.01,"64385 Alexis Islands Apt. 723, Rodneymouth, GU 56286",kaitlin.guerra@workdayinc.com
Starbucks Corp,SBUX,UPS Inc,UPS,Logistics Partner,15.56,Shipping,2025-03-26,3611735.49,"90534 Carter Walks Apt. 042, Lisaberg, KY 45057",katie.watkins@upsinc.com
Ford Motor Co,F,IBM Corp,IBM,Service Provider,1.09,IT Infrastructure,2024-09-17,2601435.57,"29758 Sherman Meadow Apt. 713, Brownberg, KS 39672",william.smith@ibmcorp.com
Home Depot,HD,DHL Express,DHL.DE,Logistics Partner,14.46,International Shipping,2023-06-05,6301411.4,,craig.newman@dhlexpress.com
Nike Inc,NKE,ServiceNow Inc,NOW,Service Provider,7.22,IT Service Management,2023-10-08,9288231.75,"782 Lee Plains Apt. 324, South Christopher, DE 87676",matthew.stewart@servicenowin.com
Intel Corp,INTC,FedEx Corp,FDX,Logistics Partner,19.82,Freight,2024-05-13,2111729.01,,
AMD Inc,AMD,SAP SE,SAP,Service Provider,6.16,ERP,2022-09-23,2388348.88,"599 Alexis Tunnel, New Kenneth, DC 36544",daniel.blake@sapse.com
Qualcomm Inc,QCOM,Micron Technology,MU,Direct Supplier,14.72,NAND Storage,2022-05-24,118488.97,"88424 Young Creek, Charlesville, DE 53961",victoria.cook@microntechno.com
Cisco Systems,CSCO,Accenture plc,ACN,Service Provider,10.41,Consulting,2022-05-28,6964627.06,"82658 Horne Mountains, Port Katieport, NC 78113",john.gray@accentureplc.com
PepsiCo Inc,PEP,FedEx Corp,FDX,Logistics Partner,2.22,Freight,2023-06-24,1923820.29,"0960 Jessica Orchard, Gordonhaven, MO 49461",michael.williams@fedexcorp.com
FactSet Research,FDS,Accenture plc,ACN,Service Provider,9.69,IT Services,2022-12-02,5792716.22,"234 Tara Land Suite 985, West Mariotown, SD 44426",gina.cruz@accentureplc.com
Nike Inc,NKE,Wayne Enterprises,WAYN,Service Provider,11.94,Consulting,2024-03-06,3580306.11,"USS Berry, FPO AP 55780",ann.moran@accentureplc.com
Qualcomm Inc,QCOM,SK Hynix,000660.KS,Direct Supplier,13.09,NAND Flash,2023-04-08,3482326.59,"868 Deanna Turnpike Suite 341, South Suzanneshire, TN 53288",joshua.wilson@skhynix.com
Coca-Cola Co,KO,Iron Mountain,IRM,Service Provider,18.7,Data Storage,2023-11-26,8089860.03,,
AMD Inc,AMD,Applied Materials,AMAT,Direct Supplier,11.63,Etch Systems,2024-09-26,3983422.1,"73920 Jessica Stream Apt. 546, Lake Bryan, MH 21350",james.clark@appliedmater.com
Lockheed Martin,LMT,IBM Corp,IBM,Service Provider,16.19,IT Infrastructure,2025-07-06,6613897.94,"4998 Kristen Overpass Apt. 677, East Andrewburgh, LA 98969",micheal.williams@ibmcorp.com
Johnson & Johnson,JNJ,UPS Inc,UPS,Logistics Partner,6.45,Shipping,2024-11-07,2281204.07,"566 Graham Forest Apt. 723, Bridgesstad, MP 55188",michelle.young@upsinc.com
Boeing Co,BA,Workday Inc,WDAY,Service Provider,3.65,Finance,2025-06-29,4598280.49,"9804 Brian Flats, Briantown, CA 51441",timothy.blair@workdayinc.com
PepsiCo Inc,PEP,FedEx Corp,FDX,Logistics Partner,,Freight,2025-01-12,5488869.34,"PSC 4281, Box 6441, APO AP 90017",nicholas.smith@fedexcorp.com
Eli Lilly,LLY,Charles River Labs,CRL,Service Provider,7.61,Safety Testing,2024-11-28,8954512.87,"836 Wells Drive Suite 047, Gregoryhaven, TX 05877",brian.marshall@charlesriver.com
Alphabet Inc,GOOGL,FedEx Corp,FDX,Logistics Partner,14.09,Freight,2022-10-06,4702311.43,,kenneth.tucker@fedexcorp.com
Salesforce Inc,CRM,Akamai Technologies,AKAM,Service Provider,2.71,CDN,2025-12-27,6018559.12,"Unit 4680 Box 1314, DPO AE 31990",michelle.murphy@akamaitechno.com
AMD Inc,AMD,Applied Materials,AMAT,Direct Supplier,8.14,Etch Systems,2022-02-05,8407914.25,"USNS Lopez, FPO AA 45048",stephen.elliott@appliedmater.com
AMD Inc,AMD,SAP SE,SAP,Service Provider,13.27,Business Software,2025-07-25,1614987.0,"PSC 8294, Box 0782, APO AP 50182",jennifer.williams@sapse.com
Broadcom Inc,AVGO,FedEx Corp,FDX,Logistics Partner,10.61,Freight,2022-11-12,8378597.8,"67333 Sean Island, Port Kenneth, TN 07377",christina.mendez@fedexcorp.com
Ford Motor Co,F,SAP SE,SAP,Service Provider,8.64,ERP,2025-02-14,2452277.33,"9657 Pearson Shores Suite 786, North Oliviamouth, CA 96807",walter.williams@sapse.com
Coca-Cola Co,KO,Workday Inc,WDAY,Service Provider,19.14,Finance,2024-03-28,6941271.0,,
JPMorgan Chase,JPM,IBM Corp,IBM,Service Provider,3.8,Cloud,2024-12-06,6117563.79,"56996 Christian Junctions, West Logan, LA 93618",patrick.mitchell@ibmcorp.com
NVIDIA Corp,NVDA,Micron Technology,MU,Direct Supplier,15.79,DRAM Modules,2023-07-08,9653179.56,"77127 Terry Islands, Hollandmouth, ID 79350",ann.woodard@microntechno.com
Texas Instruments,TXN,Samsung Electronics,005930.KS,Contract Manufacturer,8.16,Foundry Services,2023-11-18,6649291.03,"0166 Spencer Trace Suite 778, Jerryberg, ME 81517",nicholas.bishop@samsungelect.com
Alphabet Inc,GOOGL,UPS Inc,UPS,Logistics Partner,12.75,Shipping,2022-12-14,7254589.66,"888 Bryan Extension Suite 381, Sheilaberg, PA 27660",travis.palmer@upsinc.com
Chevron Corp,CVX,SAP SE,SAP,Service Provider,3.42,Business Software,2022-01-04,9490441.64,"634 Richard Ranch Suite 897, Rodriguezton, SD 33130",scott.wood@sapse.com
General Electric,GE,Deloitte,DLT,Service Provider,19.35,Audit,2022-10-28,6965347.44,,deanna.galloway@deloitte.com
PepsiCo Inc,PEP,Accenture plc,ACN,Service Provider,-67.94,Consulting,2023-08-28,8114539.21,,alan.jackson@accentureplc.com
NVIDIA Corp,NVDA,Workday Inc,WDAY,Service Provider,15.09,HR Software,2024-01-15,6659228.65,"30854 Miller Run, Johnchester, AR 87659",christopher.wilkerson@workdayinc.com
PepsiCo Inc,PEP,Workday Inc,WDAY,Service Provider,4.77,HR Software,2022-07-01,9510785.94,"118 Hunt Way Apt. 109, South Mary, OR 85613",kathleen.spence@workdayinc.com
PepsiCo Inc,PEP,SAP SE,SAP,Service Provider,8.81,Business Software,2025-01-23,5784705.91,"6577 Medina Burgs Suite 453, Port William, PA 04287",kristina.baker@sapse.com
Alphabet Inc,GOOGL,SAP SE,SAP,Service Provider,2.66,Business Software,2024-03-11,8984561.31,"28276 Ronald Freeway Apt. 594, Cherylstad, LA 54757",brittney.ball@sapse.com
Ford Motor Co,F,Accenture plc,ACN,Service Provider,2.2,Consulting,2023-12-09,4551485.96,"26876 Parker Shores, Crawfordport, OK 59198",lauren.mitchell@accentureplc.com
Coca-Cola Co,KO,Workday Inc,WDAY,Service Provider,7.76,HR Software,2025-02-15,5323418.55,"0842 Jasmine Mill Suite 119, Port Annahaven, CT 22396",jeremy.hoffman@workdayinc.com
Goldman Sachs,GS,UPS Inc,UPS,Logistics Partner,13.06,Supply Chain,2023-11-05,5437506.35,"00239 Michael Forge Apt. 336, Lake Carl, WI 01139",chase.lewis@upsinc.com
Merck & Co,MRK,Charles River Labs,CRL,Service Provider,1.27,Preclinical Services,2024-12-12,4379829.42,"7205 Scott Burg Suite 308, Martinezfurt, AS 35048",joanna.ewing@charlesriver.com
General Electric,GE,Iron Mountain,IRM,Service Provider,13.54,Data Storage,2025-03-02,7684698.38,"5574 Sims Stream, East Veronica, AR 36182",kevin.kent@ironmountain.com
Nike Inc,NKE,Iron Mountain,IRM,Service Provider,2.84,Data Storage,2024-11-05,7098121.48,"3909 Brown Rapids Suite 663, North Deniseborough, MS 19518",michelle.rangel@ironmountain.com
Meta Platforms Inc,META,DHL Express,DHL.DE,Logistics Partner,14.81,International Shipping,2024-11-13,6140121.72,"98579 Hall Meadow Apt. 831, New Erin, MD 54034",curtis.lee@dhlexpress.com
Microsoft Corp,MSFT,Workday Inc,WDAY,Service Provider,1.07,HR Software,2023-12-29,220357.23,"79891 Murphy Greens, Port Chadville, NJ 82595",taylor.murphy@workdayinc.com
General Electric,GE,ServiceNow Inc,NOW,Service Provider,16.73,IT Service Management,2024-04-12,643746.52,"6941 Berg Cove Apt. 985, Lindabury, GA 27342",alexandra.smith@servicenowin.com
Starbucks Corp,SBUX,SAP SE,SAP,Service Provider,8.08,ERP,2022-10-18,406883.38,"732 Smith Radial Suite 856, Websterton, WV 69149",matthew.byrd@sapse.com
JPMorgan Chase,JPM,DHL Express,DHL.DE,Logistics Partner,12.77,International Shipping,2025-09-10,8655639.19,,
Broadcom Inc,AVGO,TSMC,TSM,Contract Manufacturer,9.74,Wafer Fabrication,2025-12-20,6612416.27,"1317 Hall Locks Apt. 647, Edwardhaven, SC 52751",valerie.davis@tsmc.com
Intel Corp,INTC,ASML Holding,ASML,Direct Supplier,3.32,EUV Lithography Equipment,2025-08-06,6704482.49,"76751 Carlson Keys, West Christopher, MD 99379",robert.alvarez@asmlholding.com
Costco Wholesale,COST,UPS Inc,UPS,Logistics Partner,6.01,Supply Chain,2024-05-18,6713362.01,"63056 Curtis Run, Durhammouth, SC 05031",nathaniel.simpson@upsinc.com
Goldman Sachs,GS,FactSet Research,FDS,Service Provider,9.32,Data Feeds,2024-12-09,7651211.8,"78141 Sandra Trafficway, Tannerchester, NV 08167",christina.gonzalez@factsetresea.com
Walt Disney Co,DIS,Iron Mountain,IRM,Service Provider,19.55,Data Storage,2024-08-07,7729758.33,"3731 Amanda Groves, Suttonfort, KY 14203",victoria.morgan@ironmountain.com
Caterpillar Inc,CAT,Illinois Tool Works,ITW,Direct Supplier,25.28,Welding Equipment,2022-10-09,1136804.49,"Unit 1387 Box 5927, DPO AP 14568",rachel.medina@illinoistool.com
Meta Platforms Inc,META,ServiceNow Inc,NOW,Service Provider,13.53,IT Service Management,2023-02-26,6964902.4,"91714 Hutchinson Villages Suite 183, Sherimouth, DC 97372",patricia.nguyen@servicenowin.com
Walt Disney Co,DIS,FedEx Corp,FDX,Logistics Partner,6.17,Express Delivery,2024-09-12,846158.92,"302 Floyd Lights Suite 249, Coxfort, WY 96809",patrick.tanner@fedexcorp.com
Walt Disney Co,DIS,Accenture plc,ACN,Service Provider,13.26,IT Services,2023-04-15,3018759.6,,
Adobe Inc,ADBE,Google Cloud,GOOGL,Service Provider,4.2,Data Analytics,2025-08-21,9185723.32,"07837 Daniel Pike, West Bonnie, ME 14802",monica.davis@googlecloud.com
PepsiCo Inc,PEP,IBM Corp,IBM,Service Provider,6.12,Cloud,2023-12-09,6686195.34,,
PepsiCo Inc,PEP,Workday Inc,WDAY,Service Provider,14.01,Finance,2022-11-04,9393017.19,,
Alphabet Inc,GOOGL,SAP SE,SAP,Service Provider,7.44,ERP,2025-01-05,980688.45,"94616 David Extension Suite 726, North Matthewton, GA 95419",jose.adams@sapse.com
Home Depot,HD,ServiceNow Inc,NOW,Service Provider,11.17,IT Service Management,2023-09-03,6831008.13,,
Walt Disney Co,DIS,Deloitte,DLT,Service Provider,14.91,Audit,2023-02-06,9607147.49,,
Salesforce Inc,CRM,Umbrella Corp,UMBR,Service Provider,3.45,Audit,2024-05-16,4296873.71,"4815 Carroll Court Suite 238, East Joanneburgh, KS 42721",david.drake@deloitte.com
FactSet Research,FDS,Deloitte,DLT,Service Provider,17.64,Audit,2022-12-06,8306008.17,"42755 Gray Ferry, North Jenniferport, OR 03683",duane.thompson@deloitte.com
Cisco Systems,CSCO,,,Logistics Partner,13.96,International Shipping,2022-02-07,5547334.8,"66656 Adam Mission, Riversberg, GA 72541",jennifer.crawford@dhlexpress.com
Intel Corp,INTC,IBM Corp,IBM,Service Provider,7.64,IT Infrastructure,2023-04-05,6518933.73,"91307 Barnes Loop, South Warren, RI 62315",christine.randall@ibmcorp.com
Qualcomm Inc,QCOM,Tokyo Electron,8035.T,Direct Supplier,15.07,Etch Systems,2023-12-15,7820633.84,"260 Dawn Mission Suite 795, East Michelle, WA 37529",andrea.hicks@tokyoelectro.com
Amazon.com Inc,AMZN,ServiceNow Inc,NOW,Service Provider,18.28,IT Service Management,2025-08-31,8727523.16,"1037 Clark Estates, Aaronhaven, GU 95690",lisa.thompson@servicenowin.com
Walt Disney Co,DIS,Iron Mountain,IRM,Service Provider,8.44,Records Management,2025-10-23,3279444.56,,
Starbucks Corp,SBUX,Workday Inc,WDAY,Service Provider,8.25,Finance,2022-12-01,4030590.79,"91218 Moore Fields, Christopherland, LA 95361",charlene.wood@workdayinc.com
Johnson & Johnson,JNJ,SAP SE,SAP,Service Provider,19.99,Business Software,2023-05-06,9412860.92,"92767 Joel Mission Apt. 886, Port Ronald, OR 46949",thomas.jensen@sapse.com
Tesla Inc,TSLA,LG Energy Solution,373220.KS,Direct Supplier,16.06,EV Batteries,2023-02-18,2970951.17,"283 Tucker Motorway, Port Ericchester, WI 85718",craig.roberts@lgenergysolu.com
Tesla Inc,TSLA,,,Logistics Partner,1.99,Express Delivery,2023-04-26,4735777.61,"4053 Jenkins Centers Suite 897, Pagestad, KS 21313",judy.krueger@fedexcorp.com
Walt Disney Co,DIS,UPS Inc,UPS,Logistics Partner,1.58,Shipping,2023-02-01,6332700.57,,
Nike Inc,NKE,FedEx Corp,FDX,Logistics Partner,4.29,Express Delivery,2024-01-19,4709569.28,,
General Electric,GE,Accenture plc,ACN,Service Provider,1.5,Consulting,2024-02-06,8415657.77,"71776 Nicole Spur, West Diane, SD 82606",vickie.byrd@accentureplc.com
Coca-Cola Co,KO,DHL Express,DHL.DE,Logistics Partner,8.73,International Shipping,2022-06-01,7981678.07,,
Nike Inc,NKE,Deloitte,DLT,Service Provider,18.64,Audit,2025-08-18,7901660.68,,
Amazon.com Inc,AMZN,ServiceNow Inc,NOW,Service Provider,8.47,IT Service Management,2022-03-27,3992454.92,,
NVIDIA Corp,NVDA,Iron Mountain,IRM,Service Provider,4.47,Records Management,2025-02-07,8614758.04,"19655 Obrien Pass Apt. 693, Bradleychester, AL 68647",darrell.waller@ironmountain.com
Oracle Corp,ORCL,Google Cloud,GOOGL,Service Provider,5.27,Cloud Infrastructure,2024-08-08,9098407.0,"22356 Thomas Wall Apt. 175, West Cynthia, AL 59752",david.becker@googlecloud.com
Alphabet Inc,GOOGL,Workday Inc,WDAY,Service Provider,11.42,HR Software,2023-07-04,1317850.05,"461 Sanchez Wells Suite 151, East Diane, AK 78053",robert.nguyen@workdayinc.com
AMD Inc,AMD,Workday Inc,WDAY,Service Provider,3.03,HR Software,2022-01-19,5406014.79,"47539 Phyllis Mountain Apt. 542, Maryland, TX 83526",tina.butler@workdayinc.com
Cisco Systems,CSCO,Deloitte,DLT,Service Provider,13.75,Audit,2025-03-07,8529898.72,"755 Huang Throughway Apt. 250, East Bonniehaven, UT 84689",tyler.lopez@deloitte.com
Caterpillar Inc,CAT,IBM Corp,IBM,Service Provider,1.8,Cloud,2025-06-13,199691.72,"1571 Lynn Dam Apt. 701, Lake Matthewhaven, WI 74781",craig.patterson@ibmcorp.com
Starbucks Corp,SBUX,ServiceNow Inc,NOW,Service Provider,14.28,IT Service Management,2023-03-25,7394693.0,,dylan.khan@servicenowin.com
Amazon.com Inc,AMZN,Workday Inc,WDAY,Service Provider,2.13,Finance,2024-05-31,7199336.68,,anthony.king@workdayinc.com
Procter & Gamble,PG,Iron Mountain,IRM,Service Provider,5.37,Data Storage,2024-02-29,1365521.32,"926 Edward Island Suite 327, Cherylhaven, WA 82825",heather.cruz@ironmountain.com
General Motors,GM,SAP SE,SAP,Service Provider,14.91,ERP,2023-03-16,4076794.64,,jennifer.montes@sapse.com
Starbucks Corp,SBUX,IBM Corp,IBM,Service Provider,5.77,IT Infrastructure,2022-06-19,5023591.01,"08948 Smith Meadow Apt. 566, Davidhaven, NH 65456",david.mahoney@ibmcorp.com
Texas Instruments,TXN,SAP SE,SAP,Service Provider,15.21,ERP,2025-12-01,9490219.36,"773 Erica Courts Suite 787, New Kirstenchester, CT 49151",roy.chang@sapse.com
Coca-Cola Co,KO,,,Service Provider,6.42,Consulting,2025-04-18,2496008.04,,
Meta Platforms Inc,META,ServiceNow Inc,NOW,Service Provider,9.15,IT Service Management,2023-06-12,7776291.03,,mark.thomas@servicenowin.com
Oracle Corp,ORCL,Equinix Inc,EQIX,Service Provider,17.73,Data Center Colocation,2024-09-02,1787083.83,"334 Mccullough Island Suite 726, East Craigland, TN 66607",valerie.pierce@equinixinc.com
Costco Wholesale,COST,Iron Mountain,IRM,Service Provider,7.37,Records Management,2025-03-17,9928649.79,"33854 Joel Field, Perkinsmouth, DC 73157",aaron.romero@ironmountain.com
Tesla Inc,TSLA,Albemarle Corp,ALB,Direct Supplier,1.31,Lithium,2023-08-29,1254701.57,"080 Castaneda Forge Apt. 395, Johnmouth, ND 98741",samantha.hill@albemarlecor.com
Texas Instruments,TXN,IBM Corp,IBM,Service Provider,9.66,IT Infrastructure,2024-03-09,4071862.98,,
Ford Motor Co,F,Continental AG,CON.DE,Direct Supplier,18.09,Brake Systems,2023-04-12,7073584.54,,linda.whitaker@continentala.com
AMD Inc,AMD,Weyland-Yutani,WLND,Contract Manufacturer,11.39,IC Packaging,2022-01-06,8669672.59,"239 Timothy Light, New Hollychester, OH 21535",tiffany.lane@amkortechnol.com
Amazon.com Inc,AMZN,SAP SE,SAP,Service Provider,4.76,ERP,2024-03-31,3753785.45,"3378 Wilson Walks Suite 157, Odonnellfurt, AL 49606",sean.perkins@sapse.com
Broadcom Inc,AVGO,Entegris Inc,ENTG,Direct Supplier,-7.98,Filtration,2023-02-10,4280132.71,"9660 Jamie Terrace, New Cristianside, HI 48446",danielle.reynolds@entegrisinc.com
Procter & Gamble,PG,ServiceNow Inc,NOW,Service Provider,17.42,IT Service Management,2024-12-18,7084438.94,"Unit 3751 Box 4164, DPO AP 96554",danielle.franco@servicenowin.com
NVIDIA Corp,NVDA,Samsung Electronics,005930.KS,Contract Manufacturer,12.32,Foundry Services,2024-11-26,1394102.81,"306 Christina Loaf Apt. 845, South Terri, MT 76304",barbara.blair@samsungelect.com
Merck & Co,MRK,Lonza Group,LONN.SW,Contract Manufacturer,8.66,Biologics,2025-06-09,4629895.16,"9791 Kelly Forks Suite 975, Cookstad, KS 52038",linda.martin@lonzagroup.com
Starbucks Corp,SBUX,ServiceNow Inc,NOW,Service Provider,12.63,IT Service Management,2024-03-16,3019515.95,"PSC 7834, Box 7106, APO AE 87773",edward.wagner@servicenowin.com
Starbucks Corp,SBUX,DHL Express,DHL.DE,Logistics Partner,8.81,International Shipping,2024-12-11,277398.7,,
Apple Inc,AAPL,Sony Semiconductor,6758.T,Direct Supplier,16.29,Camera Modules,2025-09-23,169781.0,,robert.woods@sonysemicond.com
Microsoft Corp,MSFT,Deloitte,DLT,Service Provider,8.47,Consulting,2024-08-09,6519160.26,"034 Maria Well Suite 775, Rosalesside, NY 91805",bryan.wood@deloitte.com
Apple Inc,AAPL,Corning Inc,GLW,Direct Supplier,5.33,Gorilla Glass,2025-10-23,8283869.02,,
General Motors,GM,ZF Friedrichshafen,ZF.DE,Direct Supplier,4.34,Steering Systems,2024-07-25,6890454.29,"5522 Ramsey Extension, West Carlachester, KS 19810",peter.snyder@zffriedrichs.com
Ford Motor Co,F,Denso Corp,6902.T,Tier 2 Supplier,15.03,HVAC Systems,2022-10-07,5814349.18,,jessica.rowe@densocorp.com
NVIDIA Corp,NVDA,Micron Technology,MU,Direct Supplier,16.33,NAND Storage,2025-05-24,8742563.88,,
Microsoft Corp,MSFT,Workday Inc,WDAY,Service Provider,9.14,Finance,2022-10-06,152341.69,,mary.bradley@workdayinc.com
PepsiCo Inc,PEP,Accenture plc,ACN,Service Provider,,IT Services,2024-09-08,2128446.43,"6260 Malone Shore Apt. 908, Robertside, VI 40389",jennifer.holmes@accentureplc.com
Caterpillar Inc,CAT,Eaton Corp,ETN,Direct Supplier,14.23,Power Management,2024-03-20,2371046.15,,
Goldman Sachs,GS,Accenture plc,ACN,Service Provider,4.08,IT Services,2024-05-23,2080728.61,"59482 Samantha Lake, West Margaret, AS 99716",stephen.williams@accentureplc.com
Broadcom Inc,AVGO,Accenture plc,ACN,Service Provider,2.54,IT Services,2025-01-10,4963262.43,"40438 Jackson Mount, Dunnville, OK 15470",mary.burns@accentureplc.com
Adobe Inc,ADBE,IBM Corp,IBM,Service Provider,11.44,Cloud,2025-01-08,5361017.94,"419 Rodriguez Square Suite 557, South Ryanbury, HI 67994",rebecca.bailey@ibmcorp.com
General Motors,GM,FedEx Corp,FDX,Logistics Partner,9.07,Freight,2024-11-18,1983475.78,,
Meta Platforms Inc,META,DHL Express,DHL.DE,Logistics Partner,8.15,International Shipping,2023-09-24,4871307.14,,
Tesla Inc,TSLA,Workday Inc,WDAY,Service Provider,,Finance,2025-07-15,7497293.85,"466 Alexandra Glens, Catherinefurt, AZ 18516",jesse.andrews@workdayinc.com
Johnson & Johnson,JNJ,,,Service Provider,,Clinical Trials,2022-12-13,2116434.1,"289 Rebecca Rue, Lake Courtney, WI 60718",luis.lopez@iqviaholding.com
Boeing Co,BA,UPS Inc,UPS,Logistics Partner,7.45,Shipping,2025-09-01,1839762.67,"190 Nolan Street Suite 244, Barkerberg, AZ 12802",shawn.garcia@upsinc.com
Netflix Inc,NFLX,Accenture plc,ACN,Service Provider,6.23,Consulting,2023-08-16,3314817.44,"292 Jackson Spur Suite 799, East Nicholasberg, CT 02671",victoria.dillon@accentureplc.com
Merck & Co,MRK,Lonza Group,LONN.SW,Contract Manufacturer,2.25,Biologics,2023-12-21,9432562.89,"466 Krista Cove, Smithstad, OK 31555",russell.hicks@lonzagroup.com
FactSet Research,FDS,DHL Express,DHL.DE,Logistics Partner,19.8,International Shipping,2023-05-30,8915407.72,"58587 Nicholas Springs, Lake Leah, MI 05018",jeanne.aguirre@dhlexpress.com
Amazon.com Inc,AMZN,Iron Mountain,IRM,Service Provider,348.07,Data Storage,2024-08-21,5998267.28,,
Lockheed Martin,LMT,FedEx Corp,FDX,Logistics Partner,7.43,Express Delivery,2025-03-18,7515198.71,"8599 Monica Mountain, Ortizhaven, MN 67585",william.shannon@fedexcorp.com
Alphabet Inc,GOOGL,IBM Corp,IBM,Service Provider,7.57,Cloud,2022-02-06,2904303.72,,jessica.hughes@ibmcorp.com
Meta Platforms Inc,META,IBM Corp,IBM,Service Provider,14.65,IT Infrastructure,2022-07-07,88219.29,"7912 Lisa Estate, New Michaelside, GU 87196",barbara.obrien@ibmcorp.com
General Motors,GM,Continental AG,CON.DE,Direct Supplier,19.29,Brake Systems,2024-08-16,8830120.68,"558 Mckinney Station Apt. 900, Davidhaven, PA 29547",bradley.webster@continentala.com
Nike Inc,NKE,ServiceNow Inc,NOW,Service Provider,16.34,IT Service Management,2025-05-22,2316853.03,"Unit 5164 Box 0787, DPO AP 93864",jennifer.wilson@servicenowin.com
General Electric,GE,IBM Corp,IBM,Service Provider,14.72,Cloud,2024-12-18,4337345.97,"48957 Matthew Plain Suite 235, New Wesley, AK 81795",bobby.mcdaniel@ibmcorp.com
Oracle Corp,ORCL,FedEx Corp,FDX,Logistics Partner,12.26,Express Delivery,2022-11-30,5238561.38,"06206 Kyle Springs Suite 991, Thomasburgh, MP 77855",jorge.hicks@fedexcorp.com
Meta Platforms Inc,META,Workday Inc,WDAY,Service Provider,8.96,Finance,2025-02-16,2394608.12,"7080 Sullivan Land, Skinnerfurt, NH 99216",edward.miller@workdayinc.com
Qualcomm Inc,QCOM,Workday Inc,WDAY,Service Provider,3.11,HR Software,2025-01-30,248028.82,"14100 Maurice Ramp, East Brandon, MI 13173",kayla.vasquez@workdayinc.com
PepsiCo Inc,PEP,DHL Express,DHL.DE,Logistics Partner,19.04,International Shipping,2023-07-06,653288.18,"619 Carlson Ways, Taylorview, MA 20536",julie.lewis@dhlexpress.com
Nike Inc,NKE,SAP SE,SAP,Service Provider,12.16,ERP,2023-09-30,5348310.1,,
Cisco Systems,CSCO,SAP SE,SAP,Service Provider,7.53,Business Software,2023-09-12,6489871.15,"42597 Stewart Course, West Jonathan, VI 46384",larry.baker@sapse.com
Starbucks Corp,SBUX,IBM Corp,IBM,Service Provider,3.04,Cloud,2022-08-26,6881855.44,,jeffrey.haley@ibmcorp.com
Merck & Co,MRK,Thermo Fisher,TMO,Direct Supplier,13.21,Lab Equipment,2024-08-13,1269093.0,"0790 Jacqueline Curve, East Cynthiaport, GU 13253",beth.buckley@thermofisher.com
Microsoft Corp,MSFT,,,Service Provider,10.22,Data Warehousing,2022-07-22,366580.64,"60601 Nichols Plains Suite 084, South Vanessaborough, ND 87177",joseph.schmidt@snowflakeinc.com
Salesforce Inc,CRM,,,Logistics Partner,16.3,Shipping,2022-10-20,2294240.82,"1208 Amy Fields Suite 893, West Mary, DC 70425",jessica.saunders@upsinc.com
Chevron Corp,CVX,Oscorp Industries,OSCP,Service Provider,6.77,IT Service Management,2025-06-22,5917423.42,"63276 Sarah Station Apt. 265, Hernandezfort, PA 69349",nathan.brewer@servicenowin.com
Coca-Cola Co,KO,ServiceNow Inc,NOW,Service Provider,10.51,IT Service Management,2022-08-29,2445690.28,"81779 Jose Ville Apt. 470, Melissaville, CT 89641",brian.lewis@servicenowin.com
Home Depot,HD,FedEx Corp,FDX,Logistics Partner,8.72,Express Delivery,2025-10-07,6956122.05,,lisa.morris@fedexcorp.com
Broadcom Inc,AVGO,ASE Technology,ASX,Contract Manufacturer,,Semiconductor Packaging,2024-03-11,161376.53,"47904 Gross Haven, Brianstad, TX 72109",jenna.james@asetechnolog.com
Alphabet Inc,GOOGL,Deloitte,DLT,Service Provider,9.82,Consulting,2024-04-30,8568597.24,"505 Karen Groves, Guerreromouth, OR 04135",robert.sanchez@deloitte.com
AMD Inc,AMD,ASML Holding,ASML,Direct Supplier,2.41,EUV Lithography Equipment,2024-02-04,696343.74,"6706 Kathy Fort Apt. 191, Terryville, OR 44067",javier.johnson@asmlholding.com
Meta Platforms Inc,META,SAP SE,SAP,Service Provider,2.59,ERP,2025-08-06,3595766.71,,
Eli Lilly,LLY,Thermo Fisher,TMO,Direct Supplier,7.11,Lab Equipment,2025-12-09,2506608.8,"61499 Diana Skyway, North Kelli, MO 23576",joseph.barber@thermofisher.com
General Electric,GE,ServiceNow Inc,NOW,Service Provider,14.09,IT Service Management,2022-11-02,5950361.8,,
Procter & Gamble,PG,UPS Inc,UPS,Logistics Partner,5.91,Shipping,2024-06-18,4760307.72,,
Alphabet Inc,GOOGL,Workday Inc,WDAY,Service Provider,10.4,HR Software,2024-01-02,8981519.75,"33990 Atkinson Crescent Suite 001, North Jeffreyville, MA 40864",denise.lloyd@workdayinc.com
Lockheed Martin,LMT,General Dynamics,GD,Tier 2 Supplier,14.98,Combat Systems,2022-01-16,3059985.61,,steven.boone@generaldynam.com
Apple Inc,AAPL,Broadcom Inc,AVGO,Direct Supplier,20.73,Bluetooth Modules,2025-04-20,2241162.98,"6417 Kaitlyn Center Suite 310, East Jamestown, RI 20474",nicholas.lewis@broadcominc.com
Meta Platforms Inc,META,IBM Corp,IBM,Service Provider,7.04,Cloud,2024-08-21,2263215.49,"PSC 0494, Box 5198, APO AE 20781",shelley.henderson@ibmcorp.com
Microsoft Corp,MSFT,FedEx Corp,FDX,Logistics Partner,14.35,Express Delivery,2024-08-01,4860378.88,,
General Motors,GM,Denso Corp,6902.T,Tier 2 Supplier,3.47,HVAC Systems,2022-01-07,7470754.6,"07256 Jennifer Station Suite 941, New Brianmouth, IA 62227",joe.hayes@densocorp.com
Starbucks Corp,SBUX,FedEx Corp,FDX,Logistics Partner,3.4,Express Delivery,2022-03-11,8346892.67,"822 John Trail, West Patrick, NM 18506",robert.ferrell@fedexcorp.com
Tesla Inc,TSLA,Livent Corp,LTHM,Direct Supplier,17.73,Lithium Hydroxide,2025-06-16,8924473.54,"4179 Wayne Route Apt. 000, Port Christopherbury, AR 90580",monica.kim@liventcorp.com
Goldman Sachs,GS,IBM Corp,IBM,Service Provider,5.29,IT Infrastructure,2024-04-09,5829907.87,,teresa.hernandez@ibmcorp.com
Home Depot,HD,ServiceNow Inc,NOW,Service Provider,18.22,IT Service Management,2025-12-21,4922769.21,,
Intel Corp,INTC,SAP SE,SAP,Service Provider,1.98,ERP,2025-01-12,3342651.96,"100 Hernandez Inlet, South Maurice, NH 68569",dylan.davis@sapse.com
Merck & Co,MRK,Lonza Group,LONN.SW,Contract Manufacturer,4.03,Biologics,2022-07-24,4734466.91,"2466 Breanna Gardens Apt. 143, East Christopherborough, OK 31835",ryan.jennings@lonzagroup.com
Goldman Sachs,GS,Workday Inc,WDAY,Service Provider,11.83,Finance,2023-06-01,3874818.82,,
General Motors,GM,SAP SE,SAP,Service Provider,8.87,Business Software,2023-01-12,8549407.85,"46060 Norman Burgs Apt. 567, Lake Rebecca, NJ 81096",john.molina@sapse.com
Adobe Inc,ADBE,Snowflake Inc,SNOW,Service Provider,16.43,Data Warehousing,2024-05-19,9619344.81,,
Nike Inc,NKE,UPS Inc,UPS,Logistics Partner,10.07,Supply Chain,2022-04-01,7794024.43,"Unit 7086 Box 6574, DPO AP 96620",monica.chandler@upsinc.com
Boeing Co,BA,Deloitte,DLT,Service Provider,8.35,Consulting,2022-04-30,7067072.33,,
Broadcom Inc,AVGO,TSMC,TSM,Contract Manufacturer,5.47,Wafer Fabrication,2025-09-08,5491703.83,,
Tesla Inc,TSLA,Aptiv PLC,APTV,Direct Supplier,8.55,Connectors,2022-04-22,5502395.78,"910 Moon Mews Suite 101, Christinaland, CO 56278",regina.gross@aptivplc.com
General Electric,GE,,,Logistics Partner,12.73,Freight,2022-02-03,983184.09,,
Boeing Co,BA,Safran SA,SAF.PA,Direct Supplier,3.47,Landing Gear,2022-06-10,4276810.47,"187 Robert Row, North Danielborough, NE 49307",ashley.shaw@safransa.com
Procter & Gamble,PG,SAP SE,SAP,Service Provider,18.81,ERP,2023-10-06,3610895.42,"Unit 6976 Box 0223, DPO AA 36511",shelly.harper@sapse.com
Tesla Inc,TSLA,Mobileye Global,MBLY,Direct Supplier,15.87,Computer Vision,2024-01-27,2230796.2,,
Caterpillar Inc,CAT,Workday Inc,WDAY,Service Provider,6.35,Finance,2022-08-14,4896229.74,,
AMD Inc,AMD,ASE Technology,ASX,Contract Manufacturer,7.26,Semiconductor Packaging,2025-12-23,6507196.95,,jeffrey.harris@asetechnolog.com
Coca-Cola Co,KO,IBM Corp,IBM,Service Provider,2.12,Cloud,2025-11-16,1702159.4,,
AMD Inc,AMD,Tokyo Electron,8035.T,Direct Supplier,12.76,Etch Systems,2023-03-25,3953295.04,"1828 Matthew Loop, Reynoldsside, AS 15542",jack.miller@tokyoelectro.com
Cisco Systems,CSCO,Iron Mountain,IRM,Service Provider,11.18,Data Storage,2024-11-26,5141859.97,"86715 Benjamin Mountain Apt. 074, West Jeremychester, OH 76389",alexa.smith@ironmountain.com
General Electric,GE,IBM Corp,IBM,Service Provider,2.74,IT Infrastructure,2025-05-19,1117641.87,"1978 Alvarez Walk Apt. 806, Troyfurt, RI 89169",frank.jordan@ibmcorp.com
Apple Inc,AAPL,Iron Mountain,IRM,Service Provider,17.9,Data Storage,2022-07-24,9512867.8,"9142 Smith Avenue Apt. 137, Jameshaven, KY 64608",nicholas.sanders@ironmountain.com
Alphabet Inc,GOOGL,,,Logistics Partner,18.65,Freight,2025-05-31,5740381.62,"7259 Jones Course Suite 953, Port Kimberly, WI 38670",crystal.walker@fedexcorp.com
Oracle Corp,ORCL,Cloudflare Inc,NET,Service Provider,2.96,Security,2022-05-11,9371096.93,"8954 Dixon Lights Apt. 751, Hesterside, NC 81289",bill.ramirez@cloudflarein.com
Nike Inc,NKE,UPS Inc,UPS,Logistics Partner,16.51,Supply Chain,2024-05-07,7494427.68,,lawrence.wallace@upsinc.com
Boeing Co,BA,UPS Inc,UPS,Logistics Partner,19.82,Supply Chain,2025-04-08,130786.56,"25936 Daniels Crossroad Apt. 893, Amandaside, UT 66274",scott.hernandez@upsinc.com
Costco Wholesale,COST,Workday Inc,WDAY,Service Provider,15.76,HR Software,2024-04-20,1718060.5,,
Eli Lilly,LLY,Avantor Inc,AVTR,Direct Supplier,2.68,Biopharma Materials,2023-10-12,7556092.03,,
Oracle Corp,ORCL,DHL Express,DHL.DE,Logistics Partner,TBD,International Shipping,2022-06-28,6761989.51,,amy.porter@dhlexpress.com
Procter & Gamble,PG,Stark Industries,STRK,Service Provider,3.88,Cloud,2024-03-04,6847078.64,,
Costco Wholesale,COST,Iron Mountain,IRM,Service Provider,12.57,Records Management,2024-09-09,8443103.6,,
Goldman Sachs,GS,ServiceNow Inc,NOW,Service Provider,7.18,IT Service Management,2025-09-18,4277409.58,"93064 Bowman Crossing, South Lisa, DE 76172",terry.martinez@servicenowin.com
JPMorgan Chase,JPM,Kyndryl Holdings,KD,Service Provider,5.39,IT Infrastructure,2022-02-23,3624650.28,"0908 Kaiser Prairie Apt. 449, North Jennifer, NV 33956",nicholas.ramsey@kyndrylholdi.com
Lockheed Martin,LMT,Iron Mountain,IRM,Service Provider,19.52,Records Management,2025-01-12,9351832.84,"14188 Anderson Court, Harrisshire, AR 01792",herbert.ward@ironmountain.com
General Electric,GE,Workday Inc,WDAY,Service Provider,9.73,HR Software,2023-03-09,8281444.02,"65228 Hester Fords Suite 118, Castillofurt, IA 34525",paul.maldonado@workdayinc.com
Microsoft Corp,MSFT,IBM Corp,IBM,Service Provider,3.14,Cloud,2024-08-13,4287810.21,"126 Tony Rapid Apt. 008, West Zacharyshire, PA 02063",john.west@ibmcorp.com
Adobe Inc,ADBE,Amazon Web Services,AMZN,Service Provider,11.71,Cloud Infrastructure,2022-12-02,304057.68,,
Coca-Cola Co,KO,DHL Express,DHL.DE,Logistics Partner,9.09,International Shipping,2024-03-18,4818729.93,"236 Corey Overpass, East Randystad, SD 73065",brandon.lopez@dhlexpress.com
Johnson & Johnson,JNJ,UPS Inc,UPS,Logistics Partner,14.96,Supply Chain,2025-01-22,2610528.15,"570 Jonathan Tunnel, South Feliciastad, AZ 71751",jesse.richardson@upsinc.com
Netflix Inc,NFLX,FedEx Corp,FDX,Logistics Partner,19.18,Express Delivery,2023-04-23,3110873.56,,
AMD Inc,AMD,Entegris Inc,ENTG,Direct Supplier,16.94,Filtration,2024-04-12,6441032.44,,
Johnson & Johnson,JNJ,West Pharmaceutical,WST,Direct Supplier,13.44,Delivery Systems,2024-05-15,3686297.08,,
Caterpillar Inc,CAT,Illinois Tool Works,ITW,Direct Supplier,3.18,Fasteners,2025-07-17,7874195.12,,
Intel Corp,INTC,Samsung Electronics,005930.KS,Contract Manufacturer,9.82,Memory Chips,2024-09-02,3048602.94,"01023 Pamela Brook, Lake Alexamouth, NE 50230",jennifer.hawkins@samsungelect.com
Nike Inc,NKE,ServiceNow Inc,NOW,Service Provider,19.07,IT Service Management,2022-01-03,7601345.07,"9042 Faith Common Apt. 332, New Zachary, VA 80289",lindsey.hernandez@servicenowin.com
Texas Instruments,TXN,Lam Research,LRCX,Direct Supplier,12.57,Etch Equipment,2023-11-11,2397322.81,,cynthia.richards@lamresearch.com
Intel Corp,INTC,Accenture plc,ACN,Service Provider,16.0,Consulting,2024-02-27,6044524.98,,carla.galloway@accentureplc.com
Alphabet Inc,GOOGL,ServiceNow Inc,NOW,Service Provider,18.2,IT Service Management,2024-07-02,7485368.32,"92662 Nelson Park, Lake Antoniomouth, NC 07283",david.horn@servicenowin.com
Home Depot,HD,SAP SE,SAP,Service Provider,12.15,ERP,2025-03-18,4821008.74,"900 Ashley Harbors, Port Robertfurt, MI 95655",thomas.clark@sapse.com
Intel Corp,INTC,ServiceNow Inc,NOW,Service Provider,5.68,IT Service Management,2022-09-20,3827119.98,,
Alphabet Inc,GOOGL,Workday Inc,WDAY,Service Provider,1.06,HR Software,2025-11-16,9044089.29,"506 Lopez Crossing Suite 139, North Kristinbury, DC 74501",sean.young@workdayinc.com
Eli Lilly,LLY,Charles River Labs,CRL,Service Provider,11.7,Preclinical Services,2025-08-14,6790845.36,"Unit 5313 Box 1220, DPO AA 67675",christopher.fisher@charlesriver.com
Ford Motor Co,F,Continental AG,CON.DE,Direct Supplier,18.09,Brake Systems,2025-08-08,2518709.6,"21489 Ramirez Corner, New Laurie, OK 75814",luis.acevedo@continentala.com
Caterpillar Inc,CAT,,,Direct Supplier,9.77,Power Management,2023-01-27,6104407.04,,
FactSet Research,FDS,,,Service Provider,1.22,Records Management,2024-03-20,8215561.14,,
Home Depot,HD,UPS Inc,UPS,Logistics Partner,TBD,Supply Chain,2022-07-04,3306899.88,"57337 Huang Path Suite 091, West Charles, NM 66932",shelley.rodriguez@upsinc.com
Johnson & Johnson,JNJ,Catalent Inc,CTLT,Contract Manufacturer,13.66,Drug Delivery,2024-09-08,9599003.59,"USNV Wallace, FPO AA 02892",judith.rios@catalentinc.com
Oracle Corp,ORCL,DHL Express,DHL.DE,Logistics Partner,17.7,International Shipping,2024-11-16,4581637.82,"9570 Ashley Views Suite 263, Mcdonaldburgh, FM 98205",colleen.atkins@dhlexpress.com
Cisco Systems,CSCO,IBM Corp,IBM,Service Provider,14.08,Cloud,2024-12-08,9100149.02,"14042 Shepard Canyon Suite 053, Wallschester, NE 97986",charles.hayes@ibmcorp.com
Alphabet Inc,GOOGL,SAP SE,SAP,Service Provider,19.47,Business Software,2025-02-08,2246036.71,,
Boeing Co,BA,IBM Corp,IBM,Service Provider,1.53,Cloud,2022-10-20,1464291.07,"37718 Sanchez Avenue, New Jacobtown, PA 47671",amy.smith@ibmcorp.com
Alphabet Inc,GOOGL,Workday Inc,WDAY,Service Provider,11.91,Finance,2022-02-02,7160795.05,"440 Eric Oval Suite 894, West Kurt, IN 58377",carlos.proctor@workdayinc.com
Starbucks Corp,SBUX,ServiceNow Inc,NOW,Service Provider,14.93,IT Service Management,2022-02-13,6908037.3,"671 Victoria Alley, Thompsonberg, LA 48573",craig.miller@servicenowin.com
Lockheed Martin,LMT,Iron Mountain,IRM,Service Provider,2.91,Records Management,,3312803.06,"PSC 9978, Box 7729, APO AE 93376",barbara.hanson@ironmountain.com
Apple Inc,AAPL,Samsung Display,005930.KS,Direct Supplier,9.83,LCD Displays,2022-02-09,9219831.94,,kyle.anderson@samsungdispl.com
Texas Instruments,TXN,UPS Inc,UPS,Logistics Partner,1.67,Shipping,2022-12-24,2456526.18,,
Eli Lilly,LLY,West Pharmaceutical,WST,Direct Supplier,10.73,Drug Packaging,2023-02-03,4815160.77,,
Caterpillar Inc,CAT,DHL Express,DHL.DE,Logistics Partner,10.07,International Shipping,2025-01-09,7702617.68,"9535 Collins Shoals Apt. 193, Kellymouth, UT 24725",renee.townsend@dhlexpress.com
Nike Inc,NKE,Iron Mountain,IRM,Service Provider,,Data Storage,2024-08-15,437367.45,,
Eli Lilly,LLY,Lonza Group,LONN.SW,Contract Manufacturer,14.85,Drug Substance,2024-03-23,8797023.43,,
NVIDIA Corp,NVDA,Applied Materials,AMAT,Direct Supplier,13.89,Etch Systems,2022-11-15,2192371.93,"39537 Wilkerson Row Suite 242, Lake Anna, KS 98413",jeremy.johnson@appliedmater.com
Merck & Co,MRK,IBM Corp,IBM,Service Provider,19.46,Cloud,2022-08-30,4632677.91,"281 Smith Loaf, West Thomas, NE 90590",lisa.clarke@ibmcorp.com
Procter & Gamble,PG,ServiceNow Inc,NOW,Service Provider,16.68,IT Service Management,2023-04-02,8450958.52,"169 Mccann Loop, Lake Anthony, IN 18663",amanda.cook@servicenowin.com
Tesla Inc,TSLA,Workday Inc,WDAY,Service Provider,5.94,Finance,2024-01-08,5625482.85,"74204 Simmons Spur Apt. 137, Wrightfurt, WI 98088",brandon.richards@workdayinc.com
NVIDIA Corp,NVDA,Applied Materials,AMAT,Direct Supplier,10.36,Etch Systems,2022-07-09,9347023.79,"86078 Mary Gateway Suite 751, Lake Kathy, WI 06185",margaret.cooper@appliedmater.com
Nike Inc,NKE,FedEx Corp,FDX,Logistics Partner,19.23,Freight,2023-04-28,3252287.68,"30591 Phillips Prairie, Clarkstad, DE 98498",frank.wood@fedexcorp.com
Eli Lilly,LLY,Danaher Corp,DHR,Direct Supplier,16.79,Bioprocessing,2023-11-05,5399493.87,,shirley.davidson@danahercorp.com
AMD Inc,AMD,Cyberdyne Systems,CYBD,Service Provider,8.4,Audit,2025-01-15,9245750.02,"1531 Bryce Cliffs Apt. 829, Hansonside, WA 96430",jose.russell@deloitte.com
NVIDIA Corp,NVDA,Applied Materials,AMAT,Direct Supplier,unknown,Deposition Equipment,2024-06-09,9765124.29,"38169 Robin Throughway, Amyfort, AZ 61802",stephanie.rivas@appliedmater.com
Adobe Inc,ADBE,,,Service Provider,6.6,Data Warehousing,2023-05-20,3971436.77,,james.lam@snowflakeinc.com
Adobe Inc,ADBE,Datadog Inc,DDOG,Service Provider,3.32,Monitoring,2024-07-18,3441915.02,"256 Patricia Radial Suite 278, South Michaeltown, TN 31811",jason.johnson@datadoginc.com
FactSet Research,FDS,Workday Inc,WDAY,Service Provider,9.81,Finance,2025-08-19,6279870.45,"945 Arnold Crest Suite 089, Victoriaport, MS 92413",erica.lee@workdayinc.com
Broadcom Inc,AVGO,Entegris Inc,ENTG,Direct Supplier,-7.98,Filtration,2023-02-10,4280132.71,"9660 Jamie Terrace, New Cristianside, HI 48446",danielle.reynolds@entegrisinc.com
Nike Inc,NKE,Accenture plc,ACN,Service Provider,-75.66,Consulting,2022-03-30,1152495.79,"9646 Hall Lock, Normantown, ME 37009",kelly.garcia@accentureplc.com
Meta Platforms Inc,META,Workday Inc,WDAY,Service Provider,18.86,Finance,2022-10-21,5382247.98,"3015 Benjamin Circle Suite 407, Patelville, MH 06720",richard.gonzalez@workdayinc.com
General Motors,GM,ServiceNow Inc,NOW,Service Provider,8.21,IT Service Management,2023-10-16,5844371.75,,
FactSet Research,FDS,Deloitte,DLT,Service Provider,1.06,Audit,2024-12-03,5738786.01,,nancy.myers@deloitte.com
Walt Disney Co,DIS,IBM Corp,IBM,Service Provider,15.5,IT Infrastructure,2023-06-07,7724140.27,"86625 Heather Pine Suite 738, New Jennifer, MI 46187",richard.lopez@ibmcorp.com
General Electric,GE,SAP SE,SAP,Service Provider,4.47,ERP,2023-08-17,1148045.69,"91114 Amanda Tunnel, Transtad, VA 23952",thomas.henderson@sapse.com
Intel Corp,INTC,Accenture plc,ACN,Service Provider,9.68,Consulting,2023-01-26,7182039.75,"51773 Peterson Spurs Suite 574, Brookeberg, FL 68891",donald.sanchez@accentureplc.com
Microsoft Corp,MSFT,Datadog Inc,DDOG,Service Provider,4.21,Monitoring,2023-05-26,8882752.07,,
Chevron Corp,CVX,,,Service Provider,1.05,Engineering,2024-05-12,6559346.62,,
Merck & Co,MRK,ServiceNow Inc,NOW,Service Provider,5.6,IT Service Management,2023-01-24,8510573.2,,
General Motors,GM,Oscorp Industries,OSCP,Direct Supplier,18.75,Turbochargers,2022-11-07,7801408.5,,cynthia.park@borgwarnerin.com
Broadcom Inc,AVGO,TSMC,TSM,Contract Manufacturer,-61.1,Wafer Fabrication,2023-06-02,4893419.54,"1845 Matthew Mission Suite 785, Lake Chelsea, MA 66705",john.wright@tsmc.com
Coca-Cola Co,KO,,,Logistics Partner,16.76,Express Delivery,2022-07-13,2363854.34,,cody.robinson@fedexcorp.com
Qualcomm Inc,QCOM,DHL Express,DHL.DE,Logistics Partner,14.14,International Shipping,2024-04-21,7976494.72,"417 Russell Tunnel, Williamsfurt, VI 70034",desiree.lopez@dhlexpress.com
Texas Instruments,TXN,DHL Express,DHL.DE,Logistics Partner,-92.76,International Shipping,2023-08-29,5138019.01,,
Costco Wholesale,COST,DHL Express,DHL.DE,Logistics Partner,2.28,International Shipping,2023-02-04,2024470.53,"Unit 1676 Box 5599, DPO AP 10361",elizabeth.romero@dhlexpress.com
PepsiCo Inc,PEP,Iron Mountain,IRM,Service Provider,14.09,Data Storage,2022-03-07,3964265.11,"9846 Marissa Terrace Suite 562, Erikafurt, SC 61810",evelyn.jones@ironmountain.com
Chevron Corp,CVX,Stark Industries,STRK,Service Provider,3.45,Production,2025-06-16,7406227.64,"7881 Mckinney Springs Suite 795, East Patriciamouth, CO 11009",erin.ramirez@halliburtonc.com
Walt Disney Co,DIS,UPS Inc,UPS,Logistics Partner,4.88,Supply Chain,2024-03-11,683907.02,"20928 Lori Rue Suite 780, Bateston, FL 17808",melvin.hopkins@upsinc.com
AMD Inc,AMD,ServiceNow Inc,NOW,Service Provider,6.13,IT Service Management,2022-06-24,9672034.62,,
Broadcom Inc,AVGO,Micron Technology,MU,Direct Supplier,7.18,DRAM Modules,2024-01-15,7039578.99,"78672 Hall Trace Apt. 580, Richmondhaven, TX 78536",jonathan.petty@microntechno.com
Boeing Co,BA,Spirit AeroSystems,SPR,Direct Supplier,18.12,Fuselages,2022-11-08,1674404.61,"40937 Christopher Summit Apt. 859, Hawkinsmouth, KY 84945",charles.stokes@spiritaerosy.com
Lockheed Martin,LMT,Deloitte,DLT,Service Provider,6.03,Consulting,2025-08-28,8529039.0,"2881 Cortez Stream, Sandersborough, AK 75957",christopher.martinez@deloitte.com
Costco Wholesale,COST,IBM Corp,IBM,Service Provider,17.34,Cloud,2025-03-26,6665988.67,"743 Freeman Junction Apt. 897, Lake Kevin, GU 80077",rebekah.wiggins@ibmcorp.com
Nike Inc,NKE,Accenture plc,ACN,Service Provider,10.91,Consulting,2023-06-06,9269502.63,"85354 Mary Turnpike Apt. 199, New Angelaview, OH 03085",alexandra.merritt@accentureplc.com
Nike Inc,NKE,SAP SE,SAP,Service Provider,1.25,ERP,2024-02-02,5101501.68,,
Nike Inc,NKE,Workday Inc,WDAY,Service Provider,7.23,HR Software,2022-04-20,6313118.45,"6948 Tina Burgs Suite 195, Hayesfurt, IL 48423",brandy.harper@workdayinc.com
AMD Inc,AMD,Accenture plc,ACN,Service Provider,18.02,Consulting,2025-11-25,1883416.78,"0568 Aaron Ports Apt. 257, Lake Autumnton, CA 83354",daniel.spencer@accentureplc.com
Texas Instruments,TXN,Iron Mountain,IRM,Service Provider,2.27,Data Storage,2024-07-15,9512575.94,"731 Alexandra Cliffs, Port Charlesfurt, ME 84044",krista.hendricks@ironmountain.com
Adobe Inc,ADBE,ServiceNow Inc,NOW,Service Provider,3.14,IT Service Management,2024-10-20,6398919.18,"9162 Vaughan Lakes Suite 411, Lake Andreaberg, MA 47761",brett.garner@servicenowin.com
Apple Inc,AAPL,DHL Express,DHL.DE,Logistics Partner,11.09,International Shipping,2022-11-28,4173731.65,,nathan.newman@dhlexpress.com
Qualcomm Inc,QCOM,SAP SE,SAP,Service Provider,9.91,Business Software,2022-08-26,1252662.29,,
Walt Disney Co,DIS,Iron Mountain,IRM,Service Provider,10.89,Data Storage,2024-07-13,4596159.22,"27300 Burke Loaf, North Darrylfurt, NY 26985",laura.collins@ironmountain.com
Ford Motor Co,F,,,Service Provider,17.78,Consulting,2023-11-15,6383571.14,,marilyn.peterson@accentureplc.com
Broadcom Inc,AVGO,TSMC,TSM,Contract Manufacturer,15.59,Advanced Packaging,2022-04-21,4894425.01,,
Microsoft Corp,MSFT,FedEx Corp,FDX,Logistics Partner,4.57,Freight,2023-09-12,6136193.77,"406 Smith Way Apt. 974, New Laurie, IN 83943",daniel.james@fedexcorp.com
Broadcom Inc,AVGO,TSMC,TSM,Contract Manufacturer,8.57,Advanced Packaging,2022-11-06,2416063.51,,
Broadcom Inc,AVGO,Micron Technology,MU,Direct Supplier,6.43,DRAM Modules,2023-12-06,7283215.32,,
Lockheed Martin,LMT,FedEx Corp,FDX,Logistics Partner,-60.99,Express Delivery,2024-07-28,2066533.6,"164 Benson Ports Apt. 532, New Diamondville, CT 25494",david.bates@fedexcorp.com
Amazon.com Inc,AMZN,Deloitte,DLT,Service Provider,16.68,Audit,2024-10-24,1517763.77,"595 Laura Pine Apt. 767, Nortonburgh, IL 82414",amanda.morrison@deloitte.com
Qualcomm Inc,QCOM,,,Direct Supplier,5.82,Deposition Equipment,2023-06-01,3266574.17,"4262 Casey Port Apt. 927, Jenniferberg, PW 54464",patrick.cross@appliedmater.com
Adobe Inc,ADBE,Workday Inc,WDAY,Service Provider,19.11,Finance,2022-02-13,5014129.53,"679 Calderon Square Apt. 644, Williamsfurt, ID 20211",matthew.jacobs@workdayinc.com
Broadcom Inc,AVGO,,,Service Provider,5.67,Consulting,2025-12-04,4054959.77,"25790 Crane Oval Apt. 368, Ortizfort, MT 93580",sarah.thompson@accentureplc.com
Qualcomm Inc,QCOM,ServiceNow Inc,NOW,Service Provider,15.44,IT Service Management,2022-08-15,5293076.18,,
JPMorgan Chase,JPM,Refinitiv,LSEG.L,Service Provider,9.59,Trading Platforms,2023-05-05,9967656.38,,
Apple Inc,AAPL,Foxconn,2317.TW,Contract Manufacturer,1.54,PCB Assembly,2024-08-21,390516.58,"0274 Cervantes Turnpike, New Jerry, LA 39257",kenneth.brown@foxconn.com
General Electric,GE,IBM Corp,IBM,Service Provider,11.85,IT Infrastructure,2023-02-07,4122238.09,,aaron.todd@ibmcorp.com
Boeing Co,BA,,,Logistics Partner,17.55,Shipping,2022-11-05,1416784.33,"PSC 1963, Box 9456, APO AP 97950",julia.weaver@upsinc.com
Tesla Inc,TSLA,DHL Express,DHL.DE,Logistics Partner,4.15,International Shipping,2023-02-26,9539932.64,"688 Joshua Radial Apt. 803, Wesleyburgh, LA 96769",kevin.sandoval@dhlexpress.com
Johnson & Johnson,JNJ,West Pharmaceutical,WST,Direct Supplier,34.88,Delivery Systems,2023-08-08,6955107.38,"7017 Michael Mountain Apt. 459, New Dakota, GU 94122",philip.lyons@westpharmace.com
Alphabet Inc,GOOGL,FedEx Corp,FDX,Logistics Partner,8.18,Freight,2025-05-30,456722.5,"898 Darlene Oval, Micheleland, NV 78897",tammy.carroll@fedexcorp.com
Goldman Sachs,GS,Refinitiv,LSEG.L,Service Provider,17.82,Financial Data,2022-12-23,3431184.06,"34854 Beasley Circle, West James, NE 08546",nancy.guzman@refinitiv.com
Amazon.com Inc,AMZN,FedEx Corp,FDX,Logistics Partner,4.87,Express Delivery,2025-08-23,6129093.1,,
PepsiCo Inc,PEP,Stark Industries,STRK,Service Provider,18.87,ERP,2023-06-20,7865688.81,,
Procter & Gamble,PG,SAP SE,SAP,Service Provider,11.17,ERP,2025-03-01,9242384.11,,
Lockheed Martin,LMT,Raytheon Technologies,RTX,Direct Supplier,,Missiles,2023-05-14,1408786.86,,seth.stewart@raytheontech.com
Costco Wholesale,COST,Iron Mountain,IRM,Service Provider,10.01,Data Storage,2025-03-29,4210294.47,,melanie.price@ironmountain.com
Salesforce Inc,CRM,Palo Alto Networks,PANW,Service Provider,9.64,Network Security,2024-01-25,5209390.22,"5915 Samantha Dam Apt. 114, Port Paulstad, GA 92294",jonathan.henry@paloaltonetw.com
Texas Instruments,TXN,SAP SE,SAP,Service Provider,4.73,Business Software,2023-08-08,8280738.74,,emily.knox@sapse.com
Nike Inc,NKE,FedEx Corp,FDX,Logistics Partner,13.75,Express Delivery,2025-02-04,2841651.33,,
Texas Instruments,TXN,ASE Technology,ASX,Contract Manufacturer,18.9,Testing,2022-12-10,2400639.96,"6207 Jonathan Plain Suite 354, West Mallorymouth, MI 55231",douglas.martinez@asetechnolog.com
Coca-Cola Co,KO,Accenture plc,ACN,Service Provider,18.81,IT Services,2022-08-31,3114673.76,"18445 Long Lane, South Mistyburgh, FM 75904",ryan.skinner@accentureplc.com
Chevron Corp,CVX,Baker Hughes,BKR,Direct Supplier,5.85,Oilfield Equipment,2023-05-07,9652240.63,"834 Graves Plains, New Henrytown, ME 71637",joyce.heath@bakerhughes.com
Nike Inc,NKE,DHL Express,DHL.DE,Logistics Partner,2.45,International Shipping,2022-11-15,8738550.54,"7391 Maria Parkways, Port Lawrence, KS 37428",deanna.lane@dhlexpress.com
Apple Inc,AAPL,Stark Industries,STRK,Service Provider,5.29,IT Service Management,2023-12-01,8976894.38,"3265 Benjamin Lodge, Lake Chaseland, PW 98810",catherine.gonzalez@servicenowin.com
Coca-Cola Co,KO,FedEx Corp,FDX,Logistics Partner,2.42,Express Delivery,2024-10-03,3240306.46,"624 Smith Fords, Port Robertberg, KY 35504",haley.lopez@fedexcorp.com
PepsiCo Inc,PEP,FedEx Corp,FDX,Logistics Partner,1.17,Freight,2024-05-31,7989749.52,"USNS Brewer, FPO AE 59777",nicolas.rich@fedexcorp.com
Chevron Corp,CVX,UPS Inc,UPS,Logistics Partner,5.57,Supply Chain,2025-10-26,6450925.54,"00244 Martinez Shores Suite 627, North David, KY 65126",mary.torres@upsinc.com
Texas Instruments,TXN,TSMC,TSM,Contract Manufacturer,4.45,Advanced Packaging,2022-11-14,5787648.31,"99521 Kelsey Route Suite 424, North Michaelview, IL 84298",ronnie.martinez@tsmc.com
Broadcom Inc,AVGO,ASML Holding,ASML,Direct Supplier,11.99,DUV Systems,2023-04-30,6662595.6,,
PepsiCo Inc,PEP,Deloitte,DLT,Service Provider,14.31,Consulting,2023-08-01,5537845.21,"4769 Williams Prairie Apt. 418, Ryanview, IL 05124",jose.barnes@deloitte.com
AMD Inc,AMD,Micron Technology,MU,Direct Supplier,10.66,DRAM Modules,2025-05-27,5459521.59,"757 Wilson Locks, Millertown, NM 52437",lisa.sullivan@microntechno.com
Johnson & Johnson,JNJ,Catalent Inc,CTLT,Contract Manufacturer,10.87,Fill/Finish,2023-04-30,9438298.39,"04095 Sanchez Park, Colemanhaven, ID 07286",zachary.lawrence@catalentinc.com
JPMorgan Chase,JPM,IBM Corp,IBM,Service Provider,7.85,IT Infrastructure,2023-05-07,4394032.06,"53671 Todd Summit Apt. 034, Hannahfort, UT 35679",nicole.woodard@ibmcorp.com
Texas Instruments,TXN,Workday Inc,WDAY,Service Provider,6.57,Finance,2023-03-12,9617197.2,,
Amazon.com Inc,AMZN,Accenture plc,ACN,Service Provider,,IT Services,2023-09-14,4478353.11,"7707 Garcia Square, Taylortown, OK 66955",anne.johnson@accentureplc.com
Walt Disney Co,DIS,Accenture plc,ACN,Service Provider,0.62,IT Services,2023-03-01,5891009.24,"10804 Morales River Suite 399, South Patrickchester, FM 81793",bryan.lang@accentureplc.com
Netflix Inc,NFLX,Workday Inc,WDAY,Service Provider,1.45,Finance,2024-05-25,7919653.7,"30568 Peters Motorway Apt. 265, West Melinda, RI 38788",robert.rivas@workdayinc.com
Apple Inc,AAPL,DHL Express,DHL.DE,Logistics Partner,4.3,International Shipping,2023-03-19,3129542.48,"6040 Thomas Ferry Apt. 517, Davidfurt, NJ 77865",laura.byrd@dhlexpress.com
Qualcomm Inc,QCOM,ASE Technology,ASX,Contract Manufacturer,11.15,Semiconductor Packaging,2023-05-10,8539292.41,"725 Phillips Ferry, Lake Marc, MD 15804",kevin.mills@asetechnolog.com
Amazon.com Inc,AMZN,SAP SE,SAP,Service Provider,1.81,Business Software,2023-03-25,7597351.04,"9409 Hansen Mountain, Port Susan, SD 73750",gregory.marks@sapse.com
Microsoft Corp,MSFT,Iron Mountain,IRM,Service Provider,15.81,Records Management,2023-04-30,3939691.12,,danielle.rodriguez@ironmountain.com
Costco Wholesale,COST,UPS Inc,UPS,Logistics Partner,16.65,Shipping,2023-05-06,4991879.04,,melissa.lin@upsinc.com
Walt Disney Co,DIS,Accenture plc,ACN,Service Provider,2.18,IT Services,2025-01-01,1939083.87,"63236 Parker Bridge, New Coryport, LA 35687",melissa.nelson@accentureplc.com
Meta Platforms Inc,META,IBM Corp,IBM,Service Provider,13.81,IT Infrastructure,2024-05-28,5223132.46,,
JPMorgan Chase,JPM,,,Service Provider,6.11,Fund Administration,2025-03-30,170554.1,,
Adobe Inc,ADBE,,,Service Provider,19.02,Security,2025-09-19,709889.93,"690 Sara Rapid Apt. 331, Deanport, AL 36202",manuel.roberts@cloudflarein.com
Caterpillar Inc,CAT,Workday Inc,WDAY,Service Provider,0.54,HR Software,2025-02-01,9780211.58,"USNV White, FPO AP 64942",patricia.lang@workdayinc.com
Merck & Co,MRK,ServiceNow Inc,NOW,Service Provider,5.86,IT Service Management,2024-02-19,5450364.06,,
Boeing Co,BA,ServiceNow Inc,NOW,Service Provider,12.98,IT Service Management,2024-01-06,4890710.24,"06493 Mejia Bridge, Lake Phyllis, DE 00894",dawn.mcintyre@servicenowin.com
Goldman Sachs,GS,FactSet Research,FDS,Service Provider,7.53,Data Feeds,2023-04-21,5100977.66,"70308 Zachary Way Apt. 726, New Gabriel, MT 72625",sharon.madden@factsetresea.com
Nike Inc,NKE,DHL Express,DHL.DE,Logistics Partner,1.13,International Shipping,2022-02-22,3726928.56,"495 Monica Manor Suite 707, Jacobville, VT 69708",samantha.smith@dhlexpress.com
Meta Platforms Inc,META,Accenture plc,ACN,Service Provider,19.49,IT Services,2025-10-17,2281090.61,"4003 Brendan Trace, New Jeffreystad, WV 26819",sydney.ward@accentureplc.com
Nike Inc,NKE,DHL Express,DHL.DE,Logistics Partner,16.59,International Shipping,2025-02-26,7585007.96,"3153 Gabriella Hollow, Johnland, HI 07123",matthew.welch@dhlexpress.com
Intel Corp,INTC,UPS Inc,UPS,Logistics Partner,10.0,Shipping,2025-02-07,9961550.0,"5680 Coleman Rapid Apt. 015, East Kimberlyfurt, PR 20469",gina.sandoval@upsinc.com
Starbucks Corp,SBUX,Deloitte,DLT,Service Provider,17.96,Consulting,2024-05-04,8896948.92,"8167 Paul Lane, Elizabethville, MA 85068",dwayne.savage@deloitte.com
Intel Corp,INTC,IBM Corp,IBM,Service Provider,3.31,Cloud,2024-12-30,4679707.4,"7940 Diane Burgs Apt. 290, Greenville, PA 81466",adam.garza@ibmcorp.com
Procter & Gamble,PG,UPS Inc,UPS,Logistics Partner,16.87,Shipping,2023-09-06,5671179.28,"337 Sara Shoal Apt. 052, East Barbara, OK 81085",susan.brewer@upsinc.com
Home Depot,HD,ServiceNow Inc,NOW,Service Provider,19.42,IT Service Management,2025-07-08,7239376.65,"634 Frazier Forest, Richardfurt, WA 97330",paul.perry@servicenowin.com
Salesforce Inc,CRM,Google Cloud,GOOGL,Service Provider,12.37,Data Analytics,2025-01-18,4116034.71,"6376 Johnson Spring, Heidimouth, MN 67686",david.good@googlecloud.com
Nike Inc,NKE,DHL Express,DHL.DE,Logistics Partner,126.19,International Shipping,2022-11-19,1080932.86,"66493 John Isle Suite 838, Lake Laurie, IN 86212",robert.gill@dhlexpress.com
Procter & Gamble,PG,Accenture plc,ACN,Service Provider,12.1,IT Services,2022-06-24,8470479.36,,
FactSet Research,FDS,IBM Corp,IBM,Service Provider,5.75,IT Infrastructure,2024-05-02,5565123.51,"58379 Bryan Union, Maryborough, MO 95309",joseph.ross@ibmcorp.com
Meta Platforms Inc,META,FedEx Corp,FDX,Logistics Partner,18.26,Express Delivery,2023-02-11,1260150.14,"591 Barton Burg Suite 424, Millston, ME 14230",ann.kirk@fedexcorp.com
Merck & Co,MRK,Catalent Inc,CTLT,Contract Manufacturer,11.74,Drug Delivery,2024-10-13,6112578.84,,
Broadcom Inc,AVGO,ASE Technology,ASX,Contract Manufacturer,12.22,Semiconductor Packaging,2023-08-03,7044726.2,"7387 Alvarez Mill Suite 514, Port Jennifertown, PR 45468",darren.shepard@asetechnolog.com
Costco Wholesale,COST,ServiceNow Inc,NOW,Service Provider,1.39,IT Service Management,2024-11-05,6175596.45,"PSC 5417, Box 5401, APO AA 32918",victoria.payne@servicenowin.com
Microsoft Corp,MSFT,Akamai Technologies,AKAM,Service Provider,1.01,Edge Computing,2022-05-20,6768364.91,"09324 Andrea Course Apt. 171, South Sarah, LA 67199",andrea.pennington@akamaitechno.com
Merck & Co,MRK,Danaher Corp,DHR,Direct Supplier,17.35,Bioprocessing,2024-10-30,1106795.7,"627 Sanchez Stravenue Apt. 487, Brittanyfort, SC 12508",greg.montoya@danahercorp.com
Qualcomm Inc,QCOM,Accenture plc,ACN,Service Provider,1.83,IT Services,2022-12-16,9126915.15,"9866 Shawn Squares, South Michellefort, IA 53596",anthony.perez@accentureplc.com
Netflix Inc,NFLX,ServiceNow Inc,NOW,Service Provider,,IT Service Management,2023-02-28,5202958.04,"7408 Jacob Corners Suite 998, Lake Lee, AR 70531",travis.morris@servicenowin.com
Johnson & Johnson,JNJ,Thermo Fisher,TMO,Direct Supplier,2.31,Reagents,2022-10-04,6259109.43,"2142 Chelsea Ferry Apt. 793, Greenstad, SD 67109",douglas.stewart@thermofisher.com
Costco Wholesale,COST,Accenture plc,ACN,Service Provider,19.7,IT Services,2022-10-25,5975663.71,"904 Olson Squares, Port Timothy, KY 59406",ashley.coleman@accentureplc.com
NVIDIA Corp,NVDA,Tokyo Electron,8035.T,Direct Supplier,,Coater/Developer,2022-09-06,7611283.46,,
Apple Inc,AAPL,Murata Manufacturing,6981.T,Direct Supplier,33.3,RF Modules,2022-12-05,2687313.46,"23623 Robert Isle, Perryborough, MP 55570",jennifer.young@muratamanufa.com
Adobe Inc,ADBE,Wayne Enterprises,WAYN,Service Provider,4.92,Data Analytics,2022-06-22,3279496.12,,
Amazon.com Inc,AMZN,Iron Mountain,IRM,Service Provider,4.45,Records Management,2025-12-31,632092.73,"8682 Vega Knolls Apt. 665, Markberg, HI 34145",ryan.smith@ironmountain.com
FactSet Research,FDS,ServiceNow Inc,NOW,Service Provider,5.43,IT Service Management,2022-10-24,504522.85,"924 Robles Viaduct Suite 174, South Saraside, MS 59398",rhonda.valentine@servicenowin.com
AMD Inc,AMD,Oscorp Industries,OSCP,Contract Manufacturer,7.22,Wafer Fabrication,2023-06-22,2856158.56,,
General Electric,GE,FedEx Corp,FDX,Logistics Partner,4.11,Freight,2024-05-18,7299624.88,"63726 Margaret Stream Suite 206, Jonesview, RI 67920",edward.stewart@fedexcorp.com
Coca-Cola Co,KO,ServiceNow Inc,NOW,Service Provider,6.7,IT Service Management,2024-09-28,3169073.01,"919 Carolyn Lakes, South Mary, DC 45394",ryan.benson@servicenowin.com
JPMorgan Chase,JPM,Fiserv Inc,FI,Service Provider,18.58,Payment Processing,2025-07-12,7017646.32,"7564 Johnson Roads, West Zacharyburgh, DE 10205",jonathan.jordan@fiservinc.com
AMD Inc,AMD,Tokyo Electron,8035.T,Direct Supplier,18.72,Coater/Developer,2025-05-23,9855263.63,,
Cisco Systems,CSCO,Workday Inc,WDAY,Service Provider,14.82,HR Software,2022-02-08,8503393.37,"666 Taylor Junctions Apt. 145, Lake Russell, KS 65995",jessica.rivera@workdayinc.com
Cisco Systems,CSCO,Accenture plc,ACN,Service Provider,2.51,IT Services,2025-08-17,2493683.3,"69217 Jones Cove Apt. 528, Markmouth, AK 93783",kevin.kirk@accentureplc.com
Broadcom Inc,AVGO,SAP SE,SAP,Service Provider,2.67,Business Software,2024-13-45,2256613.93,"56265 Ryan Viaduct, East Brittany, HI 28942",douglas.christensen@sapse.com
Salesforce Inc,CRM,Equinix Inc,EQIX,Service Provider,143.51,Data Center Colocation,2024-01-12,5156717.68,"49331 Lewis Views Apt. 516, Lake Maryshire, DE 59549",travis.underwood@equinixinc.com
Chevron Corp,CVX,FedEx Corp,FDX,Logistics Partner,5.93,Express Delivery,2025-03-21,4539761.48,,
